-265.337435222121,-283.999240367886,6.49556383674371,12.1481675193917,18.7043726501465,2.50750929421095,0.123269575010532,1.0123307106229,0.0501833603105719
-265.368504190963,-284.060561176435,6.52663280558596,12.5858636882589,18.7043726501465,2.50750929421095,0.123269575010532,1.0123307106229,0.0501833603105719
-265.401779631177,-284.11708075987,6.55990824579994,11.7806189444694,18.7043726501465,2.50750929421095,0.123269575010532,1.0123307106229,0.0501833603105719
-265.419410022168,-284.169640779313,6.5775386367915,11.3755131226718,18.9367525634766,2.50750929421095,0.123269575010532,1.0123307106229,0.0501833603105719
-265.42610326807,-284.217710676722,6.5842318826933,11.1119548544483,18.9367525634766,2.50750929421095,0.123269575010532,1.0123307106229,0.0501833603105719
-265.447721006842,-284.261498213472,6.60584962146499,10.2579491696922,18.9367525634766,2.50750929421095,0.123269575010532,1.0123307106229,0.0501833603105719
-265.469605454226,-284.300682678539,6.62773406884903,10.3428241412877,19.1006357727051,2.50750929421095,0.123269575010532,1.0123307106229,0.0501833603105719
-265.486496269131,-284.335498202051,6.64462488375445,10.8341419418562,19.1006357727051,2.50750929421095,0.123269575010532,1.0123307106229,0.0501833603105719
-265.527269723652,-284.365688849857,6.68539833827464,10.8521077297603,19.1006357727051,2.50750929421095,0.123269575010532,1.0123307106229,0.0501833603105719
-265.543149310235,-284.39141063962,6.70127792485858,9.59549066096936,19.266750579834,2.50750929421095,0.123269575010532,1.0123307106229,0.0501833603105719
-265.549291314685,-284.413051422546,6.70741992930762,9.22046342863679,19.266750579834,2.50750929421095,0.123269575010532,1.0123307106229,0.0501833603105719
-265.564348019915,-284.430265360427,6.72247663453807,9.09765916750031,19.266750579834,2.50750929421095,0.123269575010532,1.0123307106229,0.0501833603105719
-265.594111894304,-284.44317153312,6.75224050892703,8.59373097619909,19.266750579834,2.50750929421095,0.123269575010532,1.0123307106229,0.0501833603105719
-265.601334098681,-284.451780825794,6.75946271330424,8.14763550527702,19.3370821533203,2.50750929421095,0.123269575010532,1.0123307106229,0.0501833603105719
-265.615824839034,-284.456340064624,6.77395345365667,8.24174805564473,19.3370821533203,2.50750929421095,0.123269575010532,1.0123307106229,0.0501833603105719
-265.633122947261,-284.456710873395,6.79125156188448,7.83879404828888,19.3370821533203,2.50750929421095,0.123269575010532,1.0123307106229,0.0501833603105719
-265.645425012556,-284.453011341732,6.80355362717861,7.66650026024267,19.3611376342773,2.50750929421095,0.123269575010532,1.0123307106229,0.0501833603105719
-265.664563149692,-284.44538467252,6.82269176431516,7.09839393034576,19.3611376342773,2.50750929421095,0.123269575010532,1.0123307106229,0.0501833603105719
-265.686015593898,-284.433896534642,6.84414420852064,6.52557300531648,19.3611376342773,2.50750929421095,0.123269575010532,1.0123307106229,0.0501833603105719
-265.682372685023,-284.418495722434,6.84050129964631,5.73978147223376,19.289642578125,2.50750929421095,0.123269575010532,1.0123307106229,0.0501833603105719
-265.693531288692,-284.399539895741,6.85165990331504,5.46064112866609,19.289642578125,2.50750929421095,0.123269575010532,1.0123307106229,0.0501833603105719
-265.705937373737,-284.376922723956,6.86406598836009,5.20145869671949,19.289642578125,2.50750929421095,0.123269575010532,1.0123307106229,0.0501833603105719
-265.720802025563,-284.350829021266,6.87893064018602,4.48754110425525,19.289642578125,2.50750929421095,0.123269575010532,1.0123307106229,0.0501833603105719
-265.730125080024,-284.321429105872,6.8882536946468,4.01444605390509,19.0565226135254,2.50750929421095,0.123269575010532,1.0123307106229,0.0501833603105719
-265.73643783928,-284.28853346733,6.89456645390302,3.63245150360786,19.0565226135254,2.50750929421095,0.123269575010532,1.0123307106229,0.0501833603105719
-265.732061333733,-284.252315805494,6.890189948356,3.06912621194392,19.0565226135254,2.50750929421095,0.123269575010532,1.0123307106229,0.0501833603105719
-265.738002376484,-284.213361322951,6.89613099110681,2.66336916745015,18.7319414672852,2.50750929421095,0.123269575010532,1.0123307106229,0.0501833603105719
-265.757460130595,-284.171089985343,6.91558874521819,2.00937340330087,18.7319414672852,2.50750929421095,0.123269575010532,1.0123307106229,0.0501833603105719
-265.751633289035,-284.124513038226,6.90976190365777,0.876963878342516,18.7319414672852,2.50750929421095,0.123269575010532,1.0123307106229,0.0501833603105719
-265.751861009433,-284.075656554412,6.90998962405609,-0.206058086839298,18.3829195556641,2.50750929421095,0.123269575010532,1.0123307106229,0.0501833603105719
-265.751855192222,-284.027722635334,6.90998380684471,-2.53342832166635,18.3829195556641,2.50750929421095,0.123269575010532,1.0123307106229,0.0501833603105719
-265.748540207662,-283.975616694761,6.9066688222853,-1.53630530677784,18.3829195556641,2.50750929421095,0.123269575010532,1.0123307106229,0.0501833603105719
-265.730166901807,-283.920734102413,6.88829551643039,-2.40329480793774,18.3829195556641,2.50750929421095,0.123269575010532,1.0123307106229,0.0501833603105719
-265.75069229981,-283.86344224728,6.90882091443351,-5.59985942126798,18.1015131530762,2.50750929421095,0.123269575010532,1.0123307106229,0.0501833603105719
-265.732328836031,-283.804042161745,6.89045745065448,-6.21411265294375,18.1015131530762,2.50750929421095,0.123269575010532,1.0123307106229,0.0501833603105719
-265.723561609977,-283.742951421842,6.88169022460045,-7.17277425262406,18.1015131530762,2.50750929421095,0.123269575010532,1.0123307106229,0.0501833603105719
-265.707048416883,-283.67955351394,6.86517703150635,-7.81713887265644,17.9142153320313,2.50750929421095,0.123269575010532,1.0123307106229,0.0501833603105719
-265.692639138414,-283.614744898206,6.850767753037,-7.8833507927534,17.9142153320313,2.50750929421095,0.123269575010532,1.0123307106229,0.0501833603105719
-265.678346239671,-283.549061176364,6.83647485429462,-6.98333435825006,17.9142153320313,2.50750929421095,0.123269575010532,1.0123307106229,0.0501833603105719
-265.663547852554,-283.480789734197,6.82167646717707,-6.61877562719644,17.7722971496582,2.50750929421095,0.123269575010532,1.0123307106229,0.0501833603105719
-265.652385445726,-283.4119418811,6.81051406034872,-6.68504727565877,17.7722971496582,2.50750929421095,0.123269575010532,1.0123307106229,0.0501833603105719
-265.635278678633,-283.341687751663,6.79340729325645,-6.62710258614034,17.7722971496582,2.50750929421095,0.123269575010532,1.0123307106229,0.0501833603105719
-265.624584502504,-283.270235606854,6.78271311712747,-6.74654278739914,17.7722971496582,2.50750929421095,0.123269575010532,1.0123307106229,0.0501833603105719
-265.599524365169,-283.198248753392,6.75765297979214,-6.92976906562248,17.6992113647461,2.50750929421095,0.123269575010532,1.0123307106229,0.0501833603105719
-265.575902394673,-283.125205780047,6.7340310092962,-7.35608695034035,17.6992113647461,2.50750929421095,0.123269575010532,1.0123307106229,0.0501833603105719
-265.563860556436,-283.051764359109,6.72198917105948,-7.37883760883088,17.6992113647461,2.50750929421095,0.123269575010532,1.0123307106229,0.0501833603105719
-265.562651440073,-282.977389885485,6.72078005469567,-6.89165797447822,17.6042749938965,2.50750929421095,0.123269575010532,1.0123307106229,0.0501833603105719
-265.542899523089,-282.902554260041,6.70102813771217,-7.06671458346421,17.6042749938965,2.50750929421095,0.123269575010532,1.0123307106229,0.0501833603105719
-265.527154265983,-282.827752948085,6.6852828806056,-7.2233690406568,17.6042749938965,2.50750929421095,0.123269575010532,1.0123307106229,0.0501833603105719
-265.51786674181,-282.752530073224,6.67599535643293,-6.52586601432987,17.3945200500488,2.50750929421095,0.123269575010532,1.0123307106229,0.0501833603105719
-265.517290773488,-282.677544000065,6.67541938811139,-5.83586900377676,17.3945200500488,2.50750929421095,0.123269575010532,1.0123307106229,0.0501833603105719
-265.49952154155,-282.601751951596,6.65765015617303,-4.94431700667924,17.3945200500488,2.50750929421095,0.123269575010532,1.0123307106229,0.0501833603105719
-265.493995121379,-282.526730954416,6.65212373600238,-4.86966889941308,17.3945200500488,2.50750929421095,0.123269575010532,1.0123307106229,0.0501833603105719
-265.492880047282,-282.451690150706,6.65100866190504,-5.03068083180298,17.0913355407715,2.50750929421095,0.123269575010532,1.0123307106229,0.0501833603105719
-265.480435895489,-282.376502282943,6.63856451011247,-5.08249477035992,17.0913355407715,2.50750929421095,0.123269575010532,1.0123307106229,0.0501833603105719
-265.48643249489,-282.301866030755,6.64456110951322,-4.24210600688098,17.0913355407715,2.50750929421095,0.123269575010532,1.0123307106229,0.0501833603105719
-265.467823851115,-282.22758123068,6.62595246573849,-3.95179358272186,16.857197052002,2.50750929421095,0.123269575010532,1.0123307106229,0.0501833603105719
-265.456033043027,-282.153650483069,6.6141616576505,-4.37569516094467,16.857197052002,2.50750929421095,0.123269575010532,1.0123307106229,0.0501833603105719
-265.452113207449,-282.080482487313,6.61024182207243,-4.74680918532102,16.857197052002,2.50750929421095,0.123269575010532,1.0123307106229,0.0501833603105719
-265.442557938609,-282.00784052998,6.60068655323204,-4.42880932654712,16.6003534851074,2.50750929421095,0.123269575010532,1.0123307106229,0.0501833603105719
-265.450863729308,-281.935868472287,6.60899234393075,-4.49732949971962,16.6003534851074,2.50750929421095,0.123269575010532,1.0123307106229,0.0501833603105719
-265.429046859034,-281.864152418064,6.58717547365667,-5.67709316109824,16.6003534851074,2.50750929421095,0.123269575010532,1.0123307106229,0.0501833603105719
-265.410034252153,-281.794032359273,6.56816286677647,-6.04634186783846,16.6003534851074,2.50750929421095,0.123269575010532,1.0123307106229,0.0501833603105719
-265.392131065068,-281.724521136106,6.55025967969108,-6.16783417180476,16.4140169677734,2.50750929421095,0.123269575010532,1.0123307106229,0.0501833603105719
-265.387476548299,-281.655268330853,6.54560516292252,-5.73175074451595,16.4140169677734,2.50750929421095,0.123269575010532,1.0123307106229,0.0501833603105719
-265.385367524597,-281.587534559258,6.54349613922056,-5.83822940606971,16.4140169677734,2.50750929421095,0.123269575010532,1.0123307106229,0.0501833603105719
-265.366425146557,-281.51998333999,6.52455376117972,-6.11236307092725,16.2042086181641,2.50750929421095,0.123269575010532,1.0123307106229,0.0501833603105719
-265.349758864604,-281.453376578534,6.50788747922709,-6.60027766172192,16.2042086181641,2.50750929421095,0.123269575010532,1.0123307106229,0.0501833603105719
-265.337778792909,-281.388710121414,6.49590740753242,-7.013202675981,16.2042086181641,2.50750929421095,0.123269575010532,1.0123307106229,0.0501833603105719
-265.321969382946,-281.324059533883,6.48009799756877,-6.96447713922111,16.0633089599609,2.50750929421095,0.123269575010532,1.0123307106229,0.0501833603105719
-265.305060726437,-281.260527505785,6.46318934105961,-6.92492119982112,16.0633089599609,2.50750929421095,0.123269575010532,1.0123307106229,0.0501833603105719
-265.298462080281,-281.198172237212,6.45659069490395,-6.76977737177723,16.0633089599609,2.50750929421095,0.123269575010532,1.0123307106229,0.0501833603105719
-265.287152790297,-281.136868192497,6.44528140491979,-7.0572220615783,16.0633089599609,2.50750929421095,0.123269575010532,1.0123307106229,0.0501833603105719
-265.269470545959,-281.075953033353,6.42759916058189,-6.92192569636521,15.9005444107056,2.50750929421095,0.123269575010532,1.0123307106229,0.0501833603105719
-265.25242058353,-281.016475768311,6.41054919815337,-6.96245243199925,15.9005444107056,2.50750929421095,0.123269575010532,1.0123307106229,0.0501833603105719
-265.239058715204,-280.957389488483,6.3971873298273,-6.91796725550798,15.9005444107056,2.50750929421095,0.123269575010532,1.0123307106229,0.0501833603105719
-265.218204846218,-280.898980748303,6.37633346084082,-6.43441905281528,15.7583859024048,2.50750929421095,0.123269575010532,1.0123307106229,0.0501833603105719
-265.216771752732,-280.841609063204,6.37490036735555,-6.44020893616734,15.7583859024048,2.50750929421095,0.123269575010532,1.0123307106229,0.0501833603105719
-265.196286072457,-280.783837891469,6.35441468707987,-6.48678328626042,15.7583859024048,2.50750929421095,0.123269575010532,1.0123307106229,0.0501833603105719
-265.182593107635,-280.726978499716,6.3407217222578,-6.14957637849449,15.6205151138306,2.50750929421095,0.123269575010532,1.0123307106229,0.0501833603105719
-265.169907943414,-280.67349575876,6.32803655803732,-5.92372577199459,15.6205151138306,2.50750929421095,0.123269575010532,1.0123307106229,0.0501833603105719
-265.165004435874,-280.62026080966,6.32313305049725,-5.9183149400556,15.6205151138306,2.50750929421095,0.123269575010532,1.0123307106229,0.0501833603105719
-265.149823495664,-280.566698280325,6.3079521102869,-5.57896672472347,15.6205151138306,2.50750929421095,0.123269575010532,1.0123307106229,0.0501833603105719
-265.138467702369,-280.513823829334,6.29659631699192,-5.39260710878895,15.4810726699829,2.50750929421095,0.123269575010532,1.0123307106229,0.0501833603105719
-265.141461654147,-280.461153865251,6.29959026877003,-5.47307615218903,15.4810726699829,2.50750929421095,0.123269575010532,1.0123307106229,0.0501833603105719
-265.120525015903,-280.408928125174,6.2786536305256,-5.23816868224911,15.4810726699829,2.50750929421095,0.123269575010532,1.0123307106229,0.0501833603105719
-265.11913897349,-280.357501904069,6.27726758811281,-5.18879802332956,15.3181297836304,2.50750929421095,0.123269575010532,1.0123307106229,0.0501833603105719
-265.101583308864,-280.306109699062,6.25971192348673,-5.35646874243993,15.3181297836304,2.50750929421095,0.123269575010532,1.0123307106229,0.0501833603105719
-265.103802757495,-280.255212828163,6.26193137211856,-5.23854103065416,15.3181297836304,2.50750929421095,0.123269575010532,1.0123307106229,0.0501833603105719
-265.08607559382,-280.204753700353,6.24420420844296,-4.9040718109716,15.1993572769165,2.50750929421095,0.123269575010532,1.0123307106229,0.0501833603105719
-265.077855046499,-280.154494637956,6.23598366112244,-5.12030052954922,15.1993572769165,2.50750929421095,0.123269575010532,1.0123307106229,0.0501833603105719
-265.070278436115,-280.103234490546,6.22840705073802,-5.28061416428519,15.1993572769165,2.50750929421095,0.123269575010532,1.0123307106229,0.0501833603105719
-265.045010599861,-280.053627463267,6.20313921448362,-4.84740727985163,15.1993572769165,2.50750929421095,0.123269575010532,1.0123307106229,0.0501833603105719
-265.041602095433,-280.003211294891,6.19973071005581,-4.48626265664645,15.0593922195435,2.50750929421095,0.123269575010532,1.0123307106229,0.0501833603105719
-265.032492153168,-279.953049849118,6.19062076779137,-4.57982712789293,15.0593922195435,2.50750929421095,0.123269575010532,1.0123307106229,0.0501833603105719
-265.023311134884,-279.90289562662,6.18143974950719,-4.33075014740469,15.0593922195435,2.50750929421095,0.123269575010532,1.0123307106229,0.0501833603105719
-265.019302307645,-279.851792716746,6.1774309222683,-4.62216555452126,14.9193050918579,2.50750929421095,0.123269575010532,1.0123307106229,0.0501833603105719
-265.000678910891,-279.801037091593,6.15880752551368,-5.01035597687195,14.9193050918579,2.50750929421095,0.123269575010532,1.0123307106229,0.0501833603105719
-265.003688555182,-279.749628998254,6.16181716980546,-5.50592110654215,14.9193050918579,2.50750929421095,0.123269575010532,1.0123307106229,0.0501833603105719
-264.987950286072,-279.69816848936,6.14607890069474,-5.07183268013975,14.8018086013794,2.50750929421095,0.123269575010532,1.0123307106229,0.0501833603105719
-264.982584705577,-279.646531053228,6.14071332019978,-4.59776498154238,14.8018086013794,2.50750929421095,0.123269575010532,1.0123307106229,0.0501833603105719
-264.958489715743,-279.593675048533,6.11661833036625,-4.70751069038282,14.8018086013794,2.50750929421095,0.123269575010532,1.0123307106229,0.0501833603105719
-264.96280702684,-279.540611251757,6.12093564146349,-4.65473254743603,14.8018086013794,2.50750929421095,0.123269575010532,1.0123307106229,0.0501833603105719
-264.946695150196,-279.487202731639,6.10482376481874,-4.606261593974,14.7081215438843,2.50750929421095,0.123269575010532,1.0123307106229,0.0501833603105719
-264.948971297658,-279.432850286938,6.10709991228098,-4.85970095786919,14.7081215438843,2.50750929421095,0.123269575010532,1.0123307106229,0.0501833603105719
-264.919758885314,-279.377958315202,6.07788749993704,-4.66358930314434,14.7081215438843,2.50750929421095,0.123269575010532,1.0123307106229,0.0501833603105719
-264.916045608034,-279.322416622296,6.07417422265755,-4.79453959578518,14.5209667739868,2.50750929421095,0.123269575010532,1.0123307106229,0.0501833603105719
-264.913481415746,-279.26585071559,6.07161003036949,-4.61540552758599,14.5209667739868,2.50750929421095,0.123269575010532,1.0123307106229,0.0501833603105719
-264.903711609678,-279.208784329214,6.06184022430101,-4.58719622721144,14.5209667739868,2.50750929421095,0.123269575010532,1.0123307106229,0.0501833603105719
-264.898126914086,-279.150139178317,6.05625552870881,-4.46862366204372,14.357438331604,2.50750929421095,0.123269575010532,1.0123307106229,0.0501833603105719
-264.895117617472,-279.091991075217,6.0532462320953,-4.70674630262323,14.357438331604,2.50750929421095,0.123269575010532,1.0123307106229,0.0501833603105719
-264.885758404554,-279.031849675139,6.04388701917674,-4.84668905396534,14.357438331604,2.50750929421095,0.123269575010532,1.0123307106229,0.0501833603105719
-264.866386359006,-278.971052133198,6.02451497362905,-4.77568059069444,14.357438331604,2.50750929421095,0.123269575010532,1.0123307106229,0.0501833603105719
-264.853619960845,-278.909913236349,6.01174857546854,-4.35249682999117,14.1711285171509,2.50750929421095,0.123269575010532,1.0123307106229,0.0501833603105719
-264.851738004505,-278.847104361625,6.00986661912778,-4.55944053561286,14.1711285171509,2.50750929421095,0.123269575010532,1.0123307106229,0.0501833603105719
-264.844123939016,-278.783493546318,6.00225255363918,-4.70503873033932,14.1711285171509,2.50750929421095,0.123269575010532,1.0123307106229,0.0501833603105719
-264.838898240355,-278.718838842271,5.99702685497772,-4.71702718279565,14.0078747329712,2.50750929421095,0.123269575010532,1.0123307106229,0.0501833603105719
-264.83107182394,-278.653085223851,5.98920043856288,-5.24126591252305,14.0078747329712,2.50750929421095,0.123269575010532,1.0123307106229,0.0501833603105719
-264.819970805288,-278.587452254163,5.97809941991062,-5.43273001407261,14.0078747329712,2.50750929421095,0.123269575010532,1.0123307106229,0.0501833603105719
-264.809789648376,-278.520369262432,5.96791826299897,-5.12340237854771,13.8905346450806,2.50750929421095,0.123269575010532,1.0123307106229,0.0501833603105719
-264.802263612007,-278.452535699909,5.96039222662997,-5.11967641282768,13.8905346450806,2.50750929421095,0.123269575010532,1.0123307106229,0.0501833603105719
-264.787868484327,-278.383683964226,5.94599709895055,-4.75495732237758,13.8905346450806,2.50750929421095,0.123269575010532,1.0123307106229,0.0501833603105719
-264.780593071134,-278.314197759424,5.9387216857576,-4.83263225956226,13.8905346450806,2.50750929421095,0.123269575010532,1.0123307106229,0.0501833603105719
-264.779726518621,-278.243375326512,5.93785513324374,-5.30573959805448,13.7252667007446,2.50750929421095,0.123269575010532,1.0123307106229,0.0501833603105719
-264.762127694229,-278.171760971914,5.92025630885218,-5.68115206466297,13.7252667007446,2.50750929421095,0.123269575010532,1.0123307106229,0.0501833603105719
-264.748221508647,-278.100072830161,5.90635012327023,-5.50223134928692,13.7252667007446,2.50750929421095,0.123269575010532,1.0123307106229,0.0501833603105719
-264.726473815182,-278.027405943249,5.88460242980515,-5.54765160174107,13.5594837722778,2.50750929421095,0.123269575010532,1.0123307106229,0.0501833603105719
-264.72387942339,-277.954693399597,5.88200803801348,-5.53770152800169,13.5594837722778,2.50750929421095,0.123269575010532,1.0123307106229,0.0501833603105719
-264.714334603958,-277.879944190117,5.87246321858115,-4.87281797937856,13.5594837722778,2.50750929421095,0.123269575010532,1.0123307106229,0.0501833603105719
-264.69799644893,-277.803880132832,5.8561250635531,-5.51193208933613,13.3955662307739,2.50750929421095,0.123269575010532,1.0123307106229,0.0501833603105719
-264.699873549097,-277.731557194042,5.85800216372051,-6.1255284533924,13.3955662307739,2.50750929421095,0.123269575010532,1.0123307106229,0.0501833603105719
-264.690398019675,-277.657170613227,5.8485266342983,-6.03702515291612,13.3955662307739,2.50750929421095,0.123269575010532,1.0123307106229,0.0501833603105719
-264.67316637531,-277.581471281688,5.83129498993296,-5.71141263297687,13.3955662307739,2.50750929421095,0.123269575010532,1.0123307106229,0.0501833603105719
-264.672625077195,-277.505733475376,5.83075369181785,-5.78050352651845,13.2558109817505,2.50750929421095,0.123269575010532,1.0123307106229,0.0501833603105719
-264.656495278605,-277.431271728622,5.8146238932279,-5.99049122421268,13.2558109817505,2.50750929421095,0.123269575010532,1.0123307106229,0.0501833603105719
-264.643398763604,-277.35577173107,5.80152737822687,-5.41134254460186,13.2558109817505,2.50750929421095,0.123269575010532,1.0123307106229,0.0501833603105719
-264.632473257565,-277.279954054443,5.79060187218805,-5.37377333229143,13.0462143478394,2.50750929421095,0.123269575010532,1.0123307106229,0.0501833603105719
-264.62277054733,-277.204604945809,5.78089916195329,-5.56357468912927,13.0462143478394,2.50750929421095,0.123269575010532,1.0123307106229,0.0501833603105719
-264.599486868633,-277.130796845182,5.75761548325621,-6.14148627493136,13.0462143478394,2.50750929421095,0.123269575010532,1.0123307106229,0.0501833603105719
-264.589888019072,-277.056747772323,5.74801663369529,-6.10754571871444,12.8120510635376,2.50750929421095,0.123269575010532,1.0123307106229,0.0501833603105719
-264.582424758867,-276.982671159051,5.74055337349039,-5.97629014616231,12.8120510635376,2.50750929421095,0.123269575010532,1.0123307106229,0.0501833603105719
-264.55900027774,-276.909599794435,5.71712889236359,-6.11559355575402,12.8120510635376,2.50750929421095,0.123269575010532,1.0123307106229,0.0501833603105719
-264.563042798396,-276.837660168789,5.72117141301914,-6.20355609747799,12.8120510635376,2.50750929421095,0.123269575010532,1.0123307106229,0.0501833603105719
-264.548930653896,-276.766192686193,5.70705926851878,-6.65421463275783,12.6501572189331,2.50750929421095,0.123269575010532,1.0123307106229,0.0501833603105719
-264.533562892909,-276.695971125168,5.69169150753179,-6.95516116895819,12.6501572189331,2.50750929421095,0.123269575010532,1.0123307106229,0.0501833603105719
-264.520257198281,-276.62696456112,5.67838581290397,-6.72918306390576,12.6501572189331,2.50750929421095,0.123269575010532,1.0123307106229,0.0501833603105719
-264.512562628856,-276.559145224393,5.6706912434793,-6.73095165106625,12.4637730178833,2.50750929421095,0.123269575010532,1.0123307106229,0.0501833603105719
-264.502095731512,-276.492702917435,5.66022434613556,-7.0120628755992,12.4637730178833,2.50750929421095,0.123269575010532,1.0123307106229,0.0501833603105719
-264.47512225989,-276.427748091198,5.63325087451327,-7.36957589871213,12.4637730178833,2.50750929421095,0.123269575010532,1.0123307106229,0.0501833603105719
-264.469622716835,-276.364558204389,5.62775133145838,-7.01606919540248,12.2287361679077,2.50750929421095,0.123269575010532,1.0123307106229,0.0501833603105719
-264.445934882062,-276.303445353763,5.6040634966848,-6.99994385445238,12.2287361679077,2.50750929421095,0.123269575010532,1.0123307106229,0.0501833603105719
-264.43635402709,-276.244111911424,5.59448264171342,-7.19982259730745,12.2287361679077,2.50750929421095,0.123269575010532,1.0123307106229,0.0501833603105719
-264.430477555366,-276.187092905846,5.58860616998907,-7.52883024899485,12.2287361679077,2.50750929421095,0.123269575010532,1.0123307106229,0.0501833603105719
-264.402950774388,-276.131981498936,5.5610793890109,-7.67886063087772,12.0416386184692,2.50750929421095,0.123269575010532,1.0123307106229,0.0501833603105719
-264.40380903861,-276.079151199697,5.56193765323321,-7.45445918320843,12.0416386184692,2.50750929421095,0.123269575010532,1.0123307106229,0.0501833603105719
-264.377460049524,-276.028803055589,5.53558866414694,-7.23635377822418,12.0416386184692,2.50750929421095,0.123269575010532,1.0123307106229,0.0501833603105719
-264.380219069353,-275.981151188558,5.53834768397582,-7.2037174747677,11.9010860977173,2.50750929421095,0.123269575010532,1.0123307106229,0.0501833603105719
-264.343701884051,-275.936210001347,5.50183049867442,-7.4930963876779,11.9010860977173,2.50750929421095,0.123269575010532,1.0123307106229,0.0501833603105719
-264.336473758872,-275.893821210099,5.49460237349481,-7.91453100194307,11.9010860977173,2.50750929421095,0.123269575010532,1.0123307106229,0.0501833603105719
-264.315649992066,-275.854886015954,5.47377860668946,-7.53842197216678,11.7832691726685,2.50750929421095,0.123269575010532,1.0123307106229,0.0501833603105719
-264.305818835641,-275.818764353357,5.46394745026429,-7.15902557980519,11.7832691726685,2.50750929421095,0.123269575010532,1.0123307106229,0.0501833603105719
-264.288547481246,-275.785875388869,5.44667609586935,-7.30085403822175,11.7832691726685,2.50750929421095,0.123269575010532,1.0123307106229,0.0501833603105719
-264.285224623635,-275.756149345321,5.44335323825829,-6.74961782590018,11.7832691726685,2.50750929421095,0.123269575010532,1.0123307106229,0.0501833603105719
-264.266789489553,-275.730182121096,5.42491810417617,-7.51754677153541,11.5955288467407,2.50750929421095,0.123269575010532,1.0123307106229,0.0501833603105719
-264.246758587936,-275.707350100674,5.40488720255911,-7.56715622120449,11.5955288467407,2.50750929421095,0.123269575010532,1.0123307106229,0.0501833603105719
-264.237163986007,-275.68845031766,5.39529260062976,-6.69281471517924,11.5955288467407,2.50750929421095,0.123269575010532,1.0123307106229,0.0501833603105719
-264.219423325662,-275.672975234648,5.37755194028477,-6.8116684716719,11.5256855545044,2.50750929421095,0.123269575010532,1.0123307106229,0.0501833603105719
-264.205504018453,-275.661392030131,5.36363263307571,-6.64970237717437,11.5256855545044,2.50750929421095,0.123269575010532,1.0123307106229,0.0501833603105719
-264.199087330552,-275.653769645947,5.35721594517463,-6.50052650440609,11.5256855545044,2.50750929421095,0.123269575010532,1.0123307106229,0.0501833603105719
-264.188636885194,-275.650059311724,5.34676549981705,-6.67340776105837,11.4335272369385,2.50750929421095,0.123269575010532,1.0123307106229,0.0501833603105719
-264.177242344394,-275.650409712788,5.33537095901754,-6.62177810405488,11.4335272369385,2.50750929421095,0.123269575010532,1.0123307106229,0.0501833603105719
-264.16115749198,-275.654894320789,5.31928610660326,-6.58683371800882,11.4335272369385,2.50750929421095,0.123269575010532,1.0123307106229,0.0501833603105719
-264.143433620678,-275.663478394571,5.30156223530159,-6.23570530371716,11.4335272369385,2.50750929421095,0.123269575010532,1.0123307106229,0.0501833603105719
-264.136296686753,-275.676291942748,5.29442530137653,-5.85004900902378,11.3642246780395,2.50750929421095,0.123269575010532,1.0123307106229,0.0501833603105719
-264.121345467969,-275.693463864621,5.27947408259194,-5.50936650516059,11.3642246780395,2.50750929421095,0.123269575010532,1.0123307106229,0.0501833603105719
-264.10762679908,-275.714896387715,5.26575541370328,-5.17709300326518,11.3642246780395,2.50750929421095,0.123269575010532,1.0123307106229,0.0501833603105719
-264.113998003894,-275.740749034315,5.27212661851706,-5.20302171246433,11.3640701828003,2.50750929421095,0.123269575010532,1.0123307106229,0.0501833603105719
-264.094015218607,-275.770971773182,5.25214383323053,-5.11305870490258,11.3640701828003,2.50750929421095,0.123269575010532,1.0123307106229,0.0501833603105719
-264.078247252398,-275.805925708516,5.23637586702153,-4.79646521865607,11.3640701828003,2.50750929421095,0.123269575010532,1.0123307106229,0.0501833603105719
-264.08477224343,-275.84613126722,5.24290085805357,-4.23271041320253,11.4118778762817,2.50750929421095,0.123269575010532,1.0123307106229,0.0501833603105719
-264.075128487118,-275.88842069111,5.23325710174088,-4.03350689884004,11.4118778762817,2.50750929421095,0.123269575010532,1.0123307106229,0.0501833603105719
-264.06120473723,-275.936224563701,5.21933335185309,-3.99392745615241,11.4118778762817,2.50750929421095,0.123269575010532,1.0123307106229,0.0501833603105719
-264.044754823614,-275.988365523198,5.20288343823672,-3.48198588228122,11.4118778762817,2.50750929421095,0.123269575010532,1.0123307106229,0.0501833603105719
-264.044574007555,-276.045439741136,5.2027026221782,-3.23756973318338,11.6209337768555,2.50750929421095,0.123269575010532,1.0123307106229,0.0501833603105719
-264.039261780671,-276.106680214488,5.19739039529404,-2.83623302542198,11.6209337768555,2.50750929421095,0.123269575010532,1.0123307106229,0.0501833603105719
-264.038852036043,-276.172599054206,5.19698065066637,-2.75910188547843,11.6209337768555,2.50750929421095,0.123269575010532,1.0123307106229,0.0501833603105719
-264.033028426443,-276.241868070098,5.19115704106576,-1.93813359402677,11.8040478286743,2.50750929421095,0.123269575010532,1.0123307106229,0.0501833603105719
-264.024586236234,-276.316455123603,5.18271485085736,-1.19990274416491,11.8040478286743,2.50750929421095,0.123269575010532,1.0123307106229,0.0501833603105719
-264.018250881031,-276.394610433545,5.17637949565425,-0.688859647176606,11.8040478286743,2.50750929421095,0.123269575010532,1.0123307106229,0.0501833603105719
-264.023735428287,-276.478296227635,5.18186404290993,1.56151412708318,12.01316381073,2.50750929421095,0.123269575010532,1.0123307106229,0.0501833603105719
-264.030799248016,-276.564256566342,5.18892786263958,1.682269150291,12.01316381073,2.50750929421095,0.123269575010532,1.0123307106229,0.0501833603105719
-264.011736176547,-276.655928344148,5.16986479116971,1.1420752555831,12.01316381073,2.50750929421095,0.123269575010532,1.0123307106229,0.0501833603105719
-264.037600398257,-276.750580643118,5.1957290128799,2.90626463670809,12.01316381073,2.50750929421095,0.123269575010532,1.0123307106229,0.0501833603105719
-264.032917259233,-276.849269938352,5.19104587385621,4.69761876987212,12.202918296814,2.50750929421095,0.123269575010532,1.0123307106229,0.0501833603105719
-264.044686400073,-276.951685103996,5.20281501469616,5.48386022671765,12.202918296814,2.50750929421095,0.123269575010532,1.0123307106229,0.0501833603105719
-264.04858275961,-277.057989479503,5.20671137423284,5.89857462486214,12.202918296814,2.50750929421095,0.123269575010532,1.0123307106229,0.0501833603105719
-264.045185386509,-277.168654907301,5.20331400113222,6.40358696672703,12.505688911438,2.50750929421095,0.123269575010532,1.0123307106229,0.0501833603105719
-264.082494029228,-277.281073876412,5.24062264385083,7.67193288818591,12.505688911438,2.50750929421095,0.123269575010532,1.0123307106229,0.0501833603105719
-264.083757836129,-277.398468893406,5.24188645075213,7.41807499636907,12.505688911438,2.50750929421095,0.123269575010532,1.0123307106229,0.0501833603105719
-264.100444248881,-277.518230019528,5.25857286350412,6.68750023864908,12.6717827377319,2.50750929421095,0.123269575010532,1.0123307106229,0.0501833603105719
-264.1170209673,-277.640511245823,5.27514958192293,5.92882809627288,12.6717827377319,2.50750929421095,0.123269575010532,1.0123307106229,0.0501833603105719
-264.133266554349,-277.766896685066,5.2913951689722,6.03140322297331,12.6717827377319,2.50750929421095,0.123269575010532,1.0123307106229,0.0501833603105719
-264.145070390321,-277.894964019293,5.30319900494369,6.91455553109646,12.6717827377319,2.50750929421095,0.123269575010532,1.0123307106229,0.0501833603105719
-264.155223306344,-278.027088054312,5.31335192096749,7.68226755308445,12.929366355896,2.50750929421095,0.123269575010532,1.0123307106229,0.0501833603105719
-264.172241293258,-278.160328548261,5.33036990788077,8.05745658567855,12.929366355896,2.50750929421095,0.123269575010532,1.0123307106229,0.0501833603105719
-264.194632681247,-278.296794590001,5.35276129586959,8.20385283965383,12.929366355896,2.50750929421095,0.123269575010532,1.0123307106229,0.0501833603105719
-264.209106588976,-278.435169795433,5.36723520359927,8.38201772963522,13.2821743545532,2.50750929421095,0.123269575010532,1.0123307106229,0.0501833603105719
-264.225561139199,-278.57566214999,5.3836897538217,8.93996950350637,13.2821743545532,2.50750929421095,0.123269575010532,1.0123307106229,0.0501833603105719
-264.236422241902,-278.717848703152,5.39455085652557,9.10725744987587,13.2821743545532,2.50750929421095,0.123269575010532,1.0123307106229,0.0501833603105719
-264.251873375904,-278.861877632655,5.41000199052744,8.54521579295074,13.6787693557739,2.50750929421095,0.123269575010532,1.0123307106229,0.0501833603105719
-264.269417230732,-279.007210932343,5.42754584535521,8.42856868683283,13.6787693557739,2.50750929421095,0.123269575010532,1.0123307106229,0.0501833603105719
-264.282166688787,-279.153715885533,5.44029530340973,8.91345157959084,13.6787693557739,2.50750929421095,0.123269575010532,1.0123307106229,0.0501833603105719
-264.299101833049,-279.302728704717,5.45723044767232,8.95587878664364,13.6787693557739,2.50750929421095,0.123269575010532,1.0123307106229,0.0501833603105719
-264.306302139627,-279.45053034422,5.46443075424991,9.3172472617739,14.0744469223022,2.50750929421095,0.123269575010532,1.0123307106229,0.0501833603105719
-264.345539244829,-279.600457651894,5.50366785945217,9.57883253338392,14.0744469223022,2.50750929421095,0.123269575010532,1.0123307106229,0.0501833603105719
-264.350121022451,-279.751209915711,5.50824963707441,9.58422413473533,14.0744469223022,2.50750929421095,0.123269575010532,1.0123307106229,0.0501833603105719
-264.370792044072,-279.901610001732,5.52892065869504,9.82453635848394,14.5883801040649,2.50750929421095,0.123269575010532,1.0123307106229,0.0501833603105719
-264.388422051693,-280.053279920744,5.54655066631588,10.5940929719944,14.5883801040649,2.50750929421095,0.123269575010532,1.0123307106229,0.0501833603105719
-264.407077958133,-280.203063651993,5.56520657275594,11.7219879023039,14.5883801040649,2.50750929421095,0.123269575010532,1.0123307106229,0.0501833603105719
-264.412953975371,-280.354687031347,5.57108258999389,12.0118320019913,15.0784370956421,2.50750929421095,0.123269575010532,1.0123307106229,0.0501833603105719
-264.450510627956,-280.504691369453,5.60863924257871,12.3901054175094,15.0784370956421,2.50750929421095,0.123269575010532,1.0123307106229,0.0501833603105719
-264.474668506988,-280.653736139753,5.63279712161097,12.7165868536975,15.0784370956421,2.50750929421095,0.123269575010532,1.0123307106229,0.0501833603105719
-264.502756609093,-280.803179874701,5.66088522371561,13.1669396507676,15.0784370956421,2.50750929421095,0.123269575010532,1.0123307106229,0.0501833603105719
-264.530717807054,-280.950283680033,5.68884642167738,13.4183643533845,15.6393616256714,2.50750929421095,0.123269575010532,1.0123307106229,0.0501833603105719
-264.556705191276,-281.097038138258,5.7148338058991,13.5438746505107,15.6393616256714,2.50750929421095,0.123269575010532,1.0123307106229,0.0501833603105719
-264.583754783498,-281.242481969131,5.74188339812159,14.167066877572,15.6393616256714,2.50750929421095,0.123269575010532,1.0123307106229,0.0501833603105719
-264.621076909281,-281.387083542361,5.7792055239046,14.7735805613354,16.1305964050293,2.50750929421095,0.123269575010532,1.0123307106229,0.0501833603105719
-264.642363403148,-281.529461319107,5.80049201777127,16.4042122587428,16.1305964050293,2.50750929421095,0.123269575010532,1.0123307106229,0.0501833603105719
-264.676253149964,-281.669543882962,5.83438176458706,15.8893815922248,16.1305964050293,2.50750929421095,0.123269575010532,1.0123307106229,0.0501833603105719
-264.703526239805,-281.813026331946,5.86165485442852,15.818204424038,16.6214983520508,2.50750929421095,0.123269575010532,1.0123307106229,0.0501833603105719
-264.736679546339,-281.948218369744,5.89480816096255,17.3447495113287,16.6214983520508,2.50750929421095,0.123269575010532,1.0123307106229,0.0501833603105719
-264.768813918427,-282.078311278508,5.92694253305015,16.6504192190239,16.6214983520508,2.50750929421095,0.123269575010532,1.0123307106229,0.0501833603105719
-264.798294128758,-282.209422957708,5.95642274338087,16.1275430290444,16.6214983520508,2.50750929421095,0.123269575010532,1.0123307106229,0.0501833603105719
-264.849764773618,-282.337357960033,6.00789338824098,16.7439596724672,17.0660021362305,2.50750929421095,0.123269575010532,1.0123307106229,0.0501833603105719
-264.869819341921,-282.463414627897,6.0279479565446,16.8271702414903,17.0660021362305,2.50750929421095,0.123269575010532,1.0123307106229,0.0501833603105719
-264.909045508289,-282.587444951924,6.06717412291252,16.3492899121685,17.0660021362305,2.50750929421095,0.123269575010532,1.0123307106229,0.0501833603105719
-264.933025142034,-282.707107687341,6.09115375665675,16.8112734818471,17.4406626281738,2.50750929421095,0.123269575010532,1.0123307106229,0.0501833603105719
-264.964006327722,-282.824275664991,6.12213494234559,17.3067919732464,17.4406626281738,2.50750929421095,0.123269575010532,1.0123307106229,0.0501833603105719
-265.003114171167,-282.9369761758,6.16124278578978,16.9208855808699,17.4406626281738,2.50750929421095,0.123269575010532,1.0123307106229,0.0501833603105719
-265.033131363671,-283.046711435465,6.19125997829384,16.4885626884156,17.7908823547363,2.50750929421095,0.123269575010532,1.0123307106229,0.0501833603105719
-265.068414568538,-283.15374580041,6.22654318316101,17.7320587143556,17.7908823547363,2.50750929421095,0.123269575010532,1.0123307106229,0.0501833603105719
-265.10806815504,-283.255860858835,6.26619676966317,15.2988186847786,17.7908823547363,2.50750929421095,0.123269575010532,1.0123307106229,0.0501833603105719
-265.134399482144,-283.355455973178,6.29252809676684,15.0950571949839,17.7908823547363,2.50750929421095,0.123269575010532,1.0123307106229,0.0501833603105719
-265.162015879231,-283.449151842749,6.32014449385426,15.1075039325286,18.1436274108887,2.50750929421095,0.123269575010532,1.0123307106229,0.0501833603105719
-265.191794621796,-283.540483944697,6.34992323641942,15.1072790826404,18.1436274108887,2.50750929421095,0.123269575010532,1.0123307106229,0.0501833603105719
-265.216590697867,-283.627285850876,6.37471931248973,14.1071162088649,18.1436274108887,2.50750929421095,0.123269575010532,1.0123307106229,0.0501833603105719
-265.246041951171,-283.709972759606,6.40417056579451,14.1520535065085,18.493858581543,2.50750929421095,0.123269575010532,1.0123307106229,0.0501833603105719
-265.278516936186,-283.789181510253,6.43664555080864,14.4712291292212,18.493858581543,2.50750929421095,0.123269575010532,1.0123307106229,0.0501833603105719
-265.302206122485,-283.863497019736,6.46033473710822,14.2694650427124,18.493858581543,2.50750929421095,0.123269575010532,1.0123307106229,0.0501833603105719
-265.32828383967,-283.933586130601,6.48641245429282,13.1138732024293,18.7046854553223,2.50750929421095,0.123269575010532,1.0123307106229,0.0501833603105719
-265.360849370336,-283.999028392759,6.51897798495887,12.2772293131046,18.7046854553223,2.50750929421095,0.123269575010532,1.0123307106229,0.0501833603105719
-265.376809954638,-284.060427298216,6.53493856926141,12.535379139532,18.7046854553223,2.50750929421095,0.123269575010532,1.0123307106229,0.0501833603105719
-265.391442050081,-284.117504587513,6.54957066470457,12.1591809111029,18.7046854553223,2.50750929421095,0.123269575010532,1.0123307106229,0.0501833603105719
-265.419501981824,-284.169640779313,6.57763059644706,11.5398407149179,18.9159472045898,2.50750929421095,0.123269575010532,1.0123307106229,0.0501833603105719
-265.44231447348,-284.217901841732,6.6004430881027,11.3653053168399,18.9159472045898,2.50750929421095,0.123269575010532,1.0123307106229,0.0501833603105719
-265.461042577501,-284.261369998919,6.61917119212435,10.9324812981968,18.9159472045898,2.50750929421095,0.123269575010532,1.0123307106229,0.0501833603105719
-265.489114204569,-284.300753077205,6.64724281919182,10.8825056204438,19.1486742553711,2.50750929421095,0.123269575010532,1.0123307106229,0.0501833603105719
-265.507926763378,-284.335331707708,6.6660553780013,10.6719067205162,19.1486742553711,2.50750929421095,0.123269575010532,1.0123307106229,0.0501833603105719
-265.529841949131,-284.365508050188,6.68797056375386,10.6514126074155,19.1486742553711,2.50750929421095,0.123269575010532,1.0123307106229,0.0501833603105719
-265.548934665406,-284.391557591988,6.7070632800294,10.067391317147,19.3126146850586,2.50750929421095,0.123269575010532,1.0123307106229,0.0501833603105719
-265.56912199201,-284.413007583148,6.72725060663265,9.18490625180538,19.3126146850586,2.50750929421095,0.123269575010532,1.0123307106229,0.0501833603105719
-265.588231922926,-284.430213347008,6.7463605375489,9.12317716046737,19.3126146850586,2.50750929421095,0.123269575010532,1.0123307106229,0.0501833603105719
-265.596629350873,-284.443138105784,6.75475796549657,9.11668819279153,19.3126146850586,2.50750929421095,0.123269575010532,1.0123307106229,0.0501833603105719
-265.606833559671,-284.451803660345,6.76496217429368,8.41305030550244,19.3585550842285,2.50750929421095,0.123269575010532,1.0123307106229,0.0501833603105719
-265.628650593521,-284.456327288712,6.78677920814424,8.3885299322873,19.3585550842285,2.50750929421095,0.123269575010532,1.0123307106229,0.0501833603105719
-265.633084450314,-284.456726474661,6.79121306493696,7.89308163178714,19.3585550842285,2.50750929421095,0.123269575010532,1.0123307106229,0.0501833603105719
-265.65879691473,-284.453092360774,6.81692552935281,7.41406346024921,19.3364946899414,2.50750929421095,0.123269575010532,1.0123307106229,0.0501833603105719
-265.675918428352,-284.445425859878,6.83404704297513,6.61255789039557,19.3364946899414,2.50750929421095,0.123269575010532,1.0123307106229,0.0501833603105719
-265.679527997145,-284.43401332995,6.83765661176794,6.42858435252011,19.3364946899414,2.50750929421095,0.123269575010532,1.0123307106229,0.0501833603105719
-265.696700320901,-284.418755877943,6.85482893552436,5.95904002480089,19.2666552124023,2.50750929421095,0.123269575010532,1.0123307106229,0.0501833603105719
-265.708040542743,-284.399728730414,6.86616915736638,5.47782684201356,19.2666552124023,2.50750929421095,0.123269575010532,1.0123307106229,0.0501833603105719
-265.718362289223,-284.376980938475,6.87649090384657,4.99971925416475,19.2666552124023,2.50750929421095,0.123269575010532,1.0123307106229,0.0501833603105719
-265.720488456903,-284.350922053521,6.87861707152604,4.1474652699342,19.2666552124023,2.50750929421095,0.123269575010532,1.0123307106229,0.0501833603105719
-265.723453439842,-284.321313714456,6.88158205446487,3.81994481092522,19.0344088134766,2.50750929421095,0.123269575010532,1.0123307106229,0.0501833603105719
-265.737899163676,-284.288332050923,6.89602777829923,3.38153505768694,19.0344088134766,2.50750929421095,0.123269575010532,1.0123307106229,0.0501833603105719
-265.75013584015,-284.252365136873,6.90826445477327,3.42249876844917,19.0344088134766,2.50750929421095,0.123269575010532,1.0123307106229,0.0501833603105719
-265.759164026336,-284.213235386053,6.91729264095908,2.48907154806231,18.7328836975098,2.50750929421095,0.123269575010532,1.0123307106229,0.0501833603105719
-265.763054821836,-284.17129237756,6.92118343645926,1.14708090761137,18.7328836975098,2.50750929421095,0.123269575010532,1.0123307106229,0.0501833603105719
-265.755284592801,-284.126281586654,6.91341320742422,0.265211016919866,18.7328836975098,2.50750929421095,0.123269575010532,1.0123307106229,0.0501833603105719
-265.761300433782,-284.07741743407,6.91942904840542,-0.735968497160144,18.3835260925293,2.50750929421095,0.123269575010532,1.0123307106229,0.0501833603105719
-265.761733247912,-284.027562929855,6.91986186253468,-1.75089327397748,18.3835260925293,2.50750929421095,0.123269575010532,1.0123307106229,0.0501833603105719
-265.756448754926,-283.975353253285,6.91457736954942,-1.3473719492803,18.3835260925293,2.50750929421095,0.123269575010532,1.0123307106229,0.0501833603105719
-265.758985048895,-283.920472986128,6.91711366351844,-4.03957969472094,18.3835260925293,2.50750929421095,0.123269575010532,1.0123307106229,0.0501833603105719
-265.732336764714,-283.863372744359,6.89046537933691,-6.07011545294461,18.1270983276367,2.50750929421095,0.123269575010532,1.0123307106229,0.0501833603105719
-265.733307266864,-283.804049351858,6.89143588148722,-6.32827611857535,18.1270983276367,2.50750929421095,0.123269575010532,1.0123307106229,0.0501833603105719
-265.73006977641,-283.742588126483,6.88819839103322,-7.10095084118614,18.1270983276367,2.50750929421095,0.123269575010532,1.0123307106229,0.0501833603105719
-265.703364233736,-283.679309563988,6.8614928483593,-7.64147294599109,17.9384424743652,2.50750929421095,0.123269575010532,1.0123307106229,0.0501833603105719
-265.699587324299,-283.614737082188,6.85771593892209,-7.7744851949018,17.9384424743652,2.50750929421095,0.123269575010532,1.0123307106229,0.0501833603105719
-265.689507606492,-283.548517692119,6.84763622111539,-6.88541992019083,17.9384424743652,2.50750929421095,0.123269575010532,1.0123307106229,0.0501833603105719
-265.658085950461,-283.480659251125,6.81621456508413,-6.60221984679964,17.7971689758301,2.50750929421095,0.123269575010532,1.0123307106229,0.0501833603105719
-265.649182874167,-283.411518487646,6.80731148878966,-6.58044524030612,17.7971689758301,2.50750929421095,0.123269575010532,1.0123307106229,0.0501833603105719
-265.633219831782,-283.341594985223,6.79134844640478,-6.8010564211102,17.7971689758301,2.50750929421095,0.123269575010532,1.0123307106229,0.0501833603105719
-265.611608393253,-283.270047494261,6.76973700787609,-6.68544485659302,17.7971689758301,2.50750929421095,0.123269575010532,1.0123307106229,0.0501833603105719
-265.594537584296,-283.197833422965,6.75266619891879,-6.53961852949459,17.7478067932129,2.50750929421095,0.123269575010532,1.0123307106229,0.0501833603105719
-265.59806181676,-283.124864892576,6.75619043138331,-7.03781688879629,17.7478067932129,2.50750929421095,0.123269575010532,1.0123307106229,0.0501833603105719
-265.57078612531,-283.05155281339,6.72891473993292,-7.05610947060532,17.7478067932129,2.50750929421095,0.123269575010532,1.0123307106229,0.0501833603105719
-265.55837788609,-282.977203513376,6.71650650071298,-7.02794111087918,17.5827143249512,2.50750929421095,0.123269575010532,1.0123307106229,0.0501833603105719
-265.564153206006,-282.902634557396,6.72228182062934,-7.01620958930486,17.5827143249512,2.50750929421095,0.123269575010532,1.0123307106229,0.0501833603105719
-265.545246763298,-282.827394704255,6.70337537792104,-7.0589176996392,17.5827143249512,2.50750929421095,0.123269575010532,1.0123307106229,0.0501833603105719
-265.517768512838,-282.752664739477,6.6758971274607,-6.27936222238396,17.3711779174805,2.50750929421095,0.123269575010532,1.0123307106229,0.0501833603105719
-265.513683958279,-282.677121587706,6.67181257290195,-5.70943891547965,17.3711779174805,2.50750929421095,0.123269575010532,1.0123307106229,0.0501833603105719
-265.511090223048,-282.601671080116,6.6692188376708,-4.99128393385927,17.3711779174805,2.50750929421095,0.123269575010532,1.0123307106229,0.0501833603105719
-265.498798300488,-282.526174632981,6.65692691511061,-4.22554629735275,17.3711779174805,2.50750929421095,0.123269575010532,1.0123307106229,0.0501833603105719
-265.494384489479,-282.451027876364,6.65251310410225,-4.16907730209513,17.114422088623,2.50750929421095,0.123269575010532,1.0123307106229,0.0501833603105719
-265.494242336498,-282.376288289825,6.65237095112092,-5.00448286628343,17.114422088623,2.50750929421095,0.123269575010532,1.0123307106229,0.0501833603105719
-265.482524408577,-282.301315868464,6.64065302319983,-4.99604725153084,17.114422088623,2.50750929421095,0.123269575010532,1.0123307106229,0.0501833603105719
-265.484698222282,-282.227007801509,6.64282683690498,-4.50718292676193,16.8583643493652,2.50750929421095,0.123269575010532,1.0123307106229,0.0501833603105719
-265.476474124255,-282.153606671797,6.63460273887823,-4.20581399861691,16.8583643493652,2.50750929421095,0.123269575010532,1.0123307106229,0.0501833603105719
-265.471980735774,-282.080239034466,6.63010935039721,-4.88917484757778,16.8583643493652,2.50750929421095,0.123269575010532,1.0123307106229,0.0501833603105719
-265.459142812847,-282.007918113321,6.61727142746998,-4.6407073083199,16.5789759216309,2.50750929421095,0.123269575010532,1.0123307106229,0.0501833603105719
-265.454940280539,-281.935646452119,6.61306889516167,-4.92299828441094,16.5789759216309,2.50750929421095,0.123269575010532,1.0123307106229,0.0501833603105719
-265.42941521863,-281.864744085245,6.58754383325322,-5.6564099867396,16.5789759216309,2.50750929421095,0.123269575010532,1.0123307106229,0.0501833603105719
-265.408487840556,-281.793890231954,6.56661645517947,-5.71082242253806,16.5789759216309,2.50750929421095,0.123269575010532,1.0123307106229,0.0501833603105719
-265.410636915864,-281.724331060995,6.56876553048741,-6.0999854228524,16.3679506835938,2.50750929421095,0.123269575010532,1.0123307106229,0.0501833603105719
-265.393072499962,-281.655472416018,6.55120111458546,-6.33312705334153,16.3679506835938,2.50750929421095,0.123269575010532,1.0123307106229,0.0501833603105719
-265.383706784405,-281.587349184688,6.54183539902853,-6.07051883382836,16.3679506835938,2.50750929421095,0.123269575010532,1.0123307106229,0.0501833603105719
-265.365972381758,-281.52017421043,6.52410099638118,-6.57469992391145,16.1802790222168,2.50750929421095,0.123269575010532,1.0123307106229,0.0501833603105719
-265.352070081478,-281.454082556969,6.51019869610142,-7.06244302887176,16.1802790222168,2.50750929421095,0.123269575010532,1.0123307106229,0.0501833603105719
-265.356080361391,-281.388029517044,6.5142089760139,-7.13016038505863,16.1802790222168,2.50750929421095,0.123269575010532,1.0123307106229,0.0501833603105719
-265.328163798225,-281.32373173792,6.48629241284798,-7.12352247867621,16.0858461914063,2.50750929421095,0.123269575010532,1.0123307106229,0.0501833603105719
-265.308094898646,-281.260595116523,6.46622351326875,-7.30255221019715,16.0858461914063,2.50750929421095,0.123269575010532,1.0123307106229,0.0501833603105719
-265.293231358687,-281.197868773642,6.45135997331048,-7.09063108962877,16.0858461914063,2.50750929421095,0.123269575010532,1.0123307106229,0.0501833603105719
-265.270272032785,-281.136481706218,6.42840064740763,-7.04651295918802,15.9454338607788,2.50750929421095,0.123269575010532,1.0123307106229,0.0501833603105719
-265.269074525832,-281.075766259149,6.42720314045553,-6.73020435350295,15.9454338607788,2.50750929421095,0.123269575010532,1.0123307106229,0.0501833603105719
-265.260975672906,-281.016107728807,6.41910428752868,-6.86661592271668,15.9454338607788,2.50750929421095,0.123269575010532,1.0123307106229,0.0501833603105719
-265.228859546995,-280.957215144971,6.38698816161842,-6.98209471331928,15.9454338607788,2.50750929421095,0.123269575010532,1.0123307106229,0.0501833603105719
-265.230931829358,-280.899207547795,6.38906044398108,-6.73598440417489,15.7589695510864,2.50750929421095,0.123269575010532,1.0123307106229,0.0501833603105719
-265.213689973373,-280.841839421189,6.37181858799629,-6.88101864990831,15.7589695510864,2.50750929421095,0.123269575010532,1.0123307106229,0.0501833603105719
-265.200140464164,-280.785548231168,6.35826907878667,-6.59308837237948,15.7589695510864,2.50750929421095,0.123269575010532,1.0123307106229,0.0501833603105719
-265.189458873211,-280.729094111693,6.34758748783398,-6.12945379028503,15.621037727356,2.50750929421095,0.123269575010532,1.0123307106229,0.0501833603105719
-265.178115879008,-280.673515281109,6.33624449363074,-5.92081067311885,15.621037727356,2.50750929421095,0.123269575010532,1.0123307106229,0.0501833603105719
-265.155518032217,-280.620254379425,6.31364664684014,-5.72630747197594,15.621037727356,2.50750929421095,0.123269575010532,1.0123307106229,0.0501833603105719
-265.155847404077,-280.566374074451,6.31397601870032,-5.17618894079428,15.4812271652222,2.50750929421095,0.123269575010532,1.0123307106229,0.0501833603105719
-265.144574385944,-280.513735767541,6.30270300056729,-5.10729695354,15.4812271652222,2.50750929421095,0.123269575010532,1.0123307106229,0.0501833603105719
-265.139728530398,-280.461116491363,6.29785714502074,-5.35017566458827,15.4812271652222,2.50750929421095,0.123269575010532,1.0123307106229,0.0501833603105719
-265.133552474175,-280.409131881428,6.2916810887978,-5.10705993579557,15.4812271652222,2.50750929421095,0.123269575010532,1.0123307106229,0.0501833603105719
-265.120134799882,-280.357655075398,6.27826341450471,-5.50417438863887,15.317284828186,2.50750929421095,0.123269575010532,1.0123307106229,0.0501833603105719
-265.105230387418,-280.306304450896,6.26335900204145,-5.34556967606828,15.317284828186,2.50750929421095,0.123269575010532,1.0123307106229,0.0501833603105719
-265.096928661714,-280.25524914243,6.25505727633668,-5.20477003656361,15.317284828186,2.50750929421095,0.123269575010532,1.0123307106229,0.0501833603105719
-265.090385471199,-280.204482524481,6.24851408582205,-4.55008337248116,15.1776726303101,2.50750929421095,0.123269575010532,1.0123307106229,0.0501833603105719
-265.07786855205,-280.15414020583,6.23599716667283,-4.5238704957925,15.1776726303101,2.50750929421095,0.123269575010532,1.0123307106229,0.0501833603105719
-265.059836448559,-280.103666192753,6.21796506318234,-4.8198153685161,15.1776726303101,2.50750929421095,0.123269575010532,1.0123307106229,0.0501833603105719
-265.063930344658,-280.053741313406,6.22205895928113,-4.97819384315599,15.1776726303101,2.50750929421095,0.123269575010532,1.0123307106229,0.0501833603105719
-265.049320215532,-280.003726937344,6.20744883015506,-4.68704642139301,15.0142414627075,2.50750929421095,0.123269575010532,1.0123307106229,0.0501833603105719
-265.039551269228,-279.952857619499,6.19767988385073,-4.54395321342625,15.0142414627075,2.50750929421095,0.123269575010532,1.0123307106229,0.0501833603105719
-265.039423055727,-279.902377397771,6.19755167035052,-4.65586651760161,15.0142414627075,2.50750929421095,0.123269575010532,1.0123307106229,0.0501833603105719
-265.012725208175,-279.852034803157,6.17085382279808,-4.82933404180661,14.9197571334839,2.50750929421095,0.123269575010532,1.0123307106229,0.0501833603105719
-265.015569352396,-279.801195317097,6.17369796701872,-4.99970605854167,14.9197571334839,2.50750929421095,0.123269575010532,1.0123307106229,0.0501833603105719
-265.00880753392,-279.749769905933,6.16693614854297,-5.0714720775114,14.9197571334839,2.50750929421095,0.123269575010532,1.0123307106229,0.0501833603105719
-264.982996381547,-279.698582134691,6.14112499616964,-5.00074288324978,14.7790825424194,2.50750929421095,0.123269575010532,1.0123307106229,0.0501833603105719
-264.979686921834,-279.646045248503,6.13781553645698,-4.78510455178915,14.7790825424194,2.50750929421095,0.123269575010532,1.0123307106229,0.0501833603105719
-264.966278870042,-279.59370649495,6.12440748466481,-4.88404583239195,14.7790825424194,2.50750929421095,0.123269575010532,1.0123307106229,0.0501833603105719
-264.962612057154,-279.540833723728,6.12074067177676,-4.67053140631347,14.7790825424194,2.50750929421095,0.123269575010532,1.0123307106229,0.0501833603105719
-264.95416736917,-279.486816959119,6.11229598379304,-4.81904203501638,14.662972694397,2.50750929421095,0.123269575010532,1.0123307106229,0.0501833603105719
-264.95286905655,-279.432850286938,6.11099767117262,-4.94839018708484,14.662972694397,2.50750929421095,0.123269575010532,1.0123307106229,0.0501833603105719
-264.937779564859,-279.377938539422,6.09590817948247,-4.7747689063352,14.662972694397,2.50750929421095,0.123269575010532,1.0123307106229,0.0501833603105719
-264.934525658849,-279.322343136453,6.09265427347189,-4.77228072575455,14.5466587600708,2.50750929421095,0.123269575010532,1.0123307106229,0.0501833603105719
-264.91768522799,-279.265999738515,6.07581384261269,-4.53658817541778,14.5466587600708,2.50750929421095,0.123269575010532,1.0123307106229,0.0501833603105719
-264.908121662016,-279.208695007604,6.06625027663954,-4.72645542498349,14.5466587600708,2.50750929421095,0.123269575010532,1.0123307106229,0.0501833603105719
-264.906029177317,-279.150836374793,6.06415779193997,-4.29699179749594,14.3596832809448,2.50750929421095,0.123269575010532,1.0123307106229,0.0501833603105719
-264.886893129144,-279.091474565917,6.04502174376748,-4.49182115956361,14.3596832809448,2.50750929421095,0.123269575010532,1.0123307106229,0.0501833603105719
-264.874337369953,-279.031670122187,6.03246598457585,-4.67598907677885,14.3596832809448,2.50750929421095,0.123269575010532,1.0123307106229,0.0501833603105719
-264.866687571141,-278.971212520938,6.0248161857645,-4.50393371904049,14.1722271499634,2.50750929421095,0.123269575010532,1.0123307106229,0.0501833603105719
-264.853643277647,-278.909713445301,6.01177189227015,-4.99204766475606,14.1722271499634,2.50750929421095,0.123269575010532,1.0123307106229,0.0501833603105719
-264.852262162752,-278.847096850883,6.01039077737559,-4.75921329570905,14.1722271499634,2.50750929421095,0.123269575010532,1.0123307106229,0.0501833603105719
-264.841261845474,-278.783447813505,5.99939046009706,-4.68402500889933,14.1722271499634,2.50750929421095,0.123269575010532,1.0123307106229,0.0501833603105719
-264.835337008252,-278.719094037377,5.99346562287501,-5.22631329991384,14.0543739852905,2.50750929421095,0.123269575010532,1.0123307106229,0.0501833603105719
-264.83417537942,-278.653398979002,5.9923039940431,-5.10154557407182,14.0543739852905,2.50750929421095,0.123269575010532,1.0123307106229,0.0501833603105719
-264.812149653199,-278.58640251587,5.97027826782243,-5.11127509868477,14.0543739852905,2.50750929421095,0.123269575010532,1.0123307106229,0.0501833603105719
-264.810396002893,-278.519942162797,5.96852461751601,-4.91486002663253,13.9133904037476,2.50750929421095,0.123269575010532,1.0123307106229,0.0501833603105719
-264.803294369737,-278.452462243957,5.96142298435992,-4.72478736558605,13.9133904037476,2.50750929421095,0.123269575010532,1.0123307106229,0.0501833603105719
-264.798009250046,-278.383221260585,5.95613786466881,-4.9130052662268,13.9133904037476,2.50750929421095,0.123269575010532,1.0123307106229,0.0501833603105719
-264.789292233076,-278.313520678527,5.94742084769923,-4.9906891273251,13.9133904037476,2.50750929421095,0.123269575010532,1.0123307106229,0.0501833603105719
-264.770414613632,-278.243611952135,5.9285432282547,-5.18428487019719,13.7733261642456,2.50750929421095,0.123269575010532,1.0123307106229,0.0501833603105719
-264.764528298239,-278.172315944519,5.92265691286248,-5.34823519439552,13.7733261642456,2.50750929421095,0.123269575010532,1.0123307106229,0.0501833603105719
-264.753316004034,-278.099917684789,5.91144461865706,-5.46604597537617,13.7733261642456,2.50750929421095,0.123269575010532,1.0123307106229,0.0501833603105719
-264.736926965127,-278.02699732633,5.89505557974973,-5.2369159645621,13.5611431655884,2.50750929421095,0.123269575010532,1.0123307106229,0.0501833603105719
-264.721197340506,-277.954316673351,5.87932595512886,-5.4368067476793,13.5611431655884,2.50750929421095,0.123269575010532,1.0123307106229,0.0501833603105719
-264.718433594172,-277.880244121961,5.87656220879546,-5.51792783110714,13.5611431655884,2.50750929421095,0.123269575010532,1.0123307106229,0.0501833603105719
-264.700776711611,-277.805379828146,5.85890532623451,-4.8811524522915,13.4190857467651,2.50750929421095,0.123269575010532,1.0123307106229,0.0501833603105719
-264.69897565664,-277.727981601534,5.85710427126301,-5.58819297633437,13.4190857467651,2.50750929421095,0.123269575010532,1.0123307106229,0.0501833603105719
-264.690623474266,-277.655219653125,5.84875208888946,-5.80349227829822,13.4190857467651,2.50750929421095,0.123269575010532,1.0123307106229,0.0501833603105719
-264.669162956625,-277.581731487573,5.82729157124806,-5.72912597326792,13.1870663223267,2.50750929421095,0.123269575010532,1.0123307106229,0.0501833603105719
-264.66463326652,-277.506389425731,5.82276188114289,-5.76376744140415,13.1870663223267,2.50750929421095,0.123269575010532,1.0123307106229,0.0501833603105719
-264.660949248628,-277.430795387028,5.81907786325137,-5.85989916649279,13.1870663223267,2.50750929421095,0.123269575010532,1.0123307106229,0.0501833603105719
-264.644782170898,-277.35547545546,5.80291078552148,-5.98231101805058,13.1870663223267,2.50750929421095,0.123269575010532,1.0123307106229,0.0501833603105719
-264.631469037527,-277.279918228973,5.7895976521502,-5.67806581088835,13.0460846481323,2.50750929421095,0.123269575010532,1.0123307106229,0.0501833603105719
-264.625032084145,-277.204961835968,5.78316069876777,-5.79558054712345,13.0460846481323,2.50750929421095,0.123269575010532,1.0123307106229,0.0501833603105719
-264.603402803357,-277.130628205952,5.76153141797992,-5.51375798542562,13.0460846481323,2.50750929421095,0.123269575010532,1.0123307106229,0.0501833603105719
-264.60221747652,-277.056113049501,5.76034609114262,-5.76087915959942,12.8361313400269,2.50750929421095,0.123269575010532,1.0123307106229,0.0501833603105719
-264.594565184659,-276.982470101803,5.75269379928167,-6.0687107139239,12.8361313400269,2.50750929421095,0.123269575010532,1.0123307106229,0.0501833603105719
-264.572179715324,-276.909850760818,5.73030832994714,-6.39367778286607,12.8361313400269,2.50750929421095,0.123269575010532,1.0123307106229,0.0501833603105719
-264.574005475025,-276.837172718144,5.73213408964857,-6.52156958560849,12.6496212539673,2.50750929421095,0.123269575010532,1.0123307106229,0.0501833603105719
-264.552475818728,-276.766150510528,5.71060443335081,-6.66325568256906,12.6496212539673,2.50750929421095,0.123269575010532,1.0123307106229,0.0501833603105719
-264.53281126673,-276.69587978568,5.69093988135316,-7.02379740571185,12.6496212539673,2.50750929421095,0.123269575010532,1.0123307106229,0.0501833603105719
-264.523743029275,-276.627290865854,5.68187164389833,-6.73426944309613,12.6496212539673,2.50750929421095,0.123269575010532,1.0123307106229,0.0501833603105719
-264.517679254496,-276.559584998994,5.67580786911948,-6.83813878501585,12.417325263977,2.50750929421095,0.123269575010532,1.0123307106229,0.0501833603105719
-264.510032293104,-276.492742007225,5.66816090772754,-6.8340686805335,12.417325263977,2.50750929421095,0.123269575010532,1.0123307106229,0.0501833603105719
-264.487417028025,-276.428091227027,5.64554564264813,-7.4669518483551,12.417325263977,2.50750929421095,0.123269575010532,1.0123307106229,0.0501833603105719
-264.477602066348,-276.364491460435,5.63573068097084,-7.44777809540347,12.2531292495728,2.50750929421095,0.123269575010532,1.0123307106229,0.0501833603105719
-264.448622759665,-276.303395004405,5.6067513742879,-7.29676051982031,12.2531292495728,2.50750929421095,0.123269575010532,1.0123307106229,0.0501833603105719
-264.441717036862,-276.244202308729,5.59984565148519,-7.0688552890392,12.2531292495728,2.50750929421095,0.123269575010532,1.0123307106229,0.0501833603105719
-264.428168263491,-276.187133103996,5.58629687811424,-7.13784219938935,12.0423786697388,2.50750929421095,0.123269575010532,1.0123307106229,0.0501833603105719
-264.414334700183,-276.132322280804,5.57246331480571,-7.33017254657641,12.0423786697388,2.50750929421095,0.123269575010532,1.0123307106229,0.0501833603105719
-264.396933292558,-276.079409220738,5.55506190718064,-7.50953885950056,12.0423786697388,2.50750929421095,0.123269575010532,1.0123307106229,0.0501833603105719
-264.388758187789,-276.028861468151,5.54688680241183,-7.37639641588135,12.0423786697388,2.50750929421095,0.123269575010532,1.0123307106229,0.0501833603105719
-264.370451288827,-275.981167764132,5.52857990344963,-7.35140618501752,11.9003212509155,2.50750929421095,0.123269575010532,1.0123307106229,0.0501833603105719
-264.349084345027,-275.935633670902,5.50721295964979,-7.76065682385789,11.9003212509155,2.50750929421095,0.123269575010532,1.0123307106229,0.0501833603105719
-264.351019446064,-275.894097541046,5.50914806068698,-7.51433984916523,11.9003212509155,2.50750929421095,0.123269575010532,1.0123307106229,0.0501833603105719
-264.333655903126,-275.854908461828,5.49178451774951,-7.14744022370303,11.7379429397583,2.50750929421095,0.123269575010532,1.0123307106229,0.0501833603105719
-264.314780373184,-275.818735548146,5.47290898780739,-6.99202265230137,11.7379429397583,2.50750929421095,0.123269575010532,1.0123307106229,0.0501833603105719
-264.30757148879,-275.785968609624,5.46570010341341,-7.14808408781843,11.7379429397583,2.50750929421095,0.123269575010532,1.0123307106229,0.0501833603105719
-264.289411946128,-275.756412267784,5.44754056075064,-7.35580993439306,11.6454727706909,2.50750929421095,0.123269575010532,1.0123307106229,0.0501833603105719
-264.272281923267,-275.730059656553,5.43041053788973,-6.97620062208413,11.6454727706909,2.50750929421095,0.123269575010532,1.0123307106229,0.0501833603105719
-264.253779674214,-275.707482088969,5.41190828883714,-7.33970387248054,11.6454727706909,2.50750929421095,0.123269575010532,1.0123307106229,0.0501833603105719
-264.246812691372,-275.688296251335,5.40494130599511,-6.64651397912267,11.6454727706909,2.50750929421095,0.123269575010532,1.0123307106229,0.0501833603105719
-264.222651793626,-275.672922294111,5.38078040824891,-6.59122249758103,11.5275003967285,2.50750929421095,0.123269575010532,1.0123307106229,0.0501833603105719
-264.218669047784,-275.661464283784,5.3767976624074,-6.59496663455123,11.5275003967285,2.50750929421095,0.123269575010532,1.0123307106229,0.0501833603105719
-264.209069693316,-275.653741854609,5.36719830793925,-6.40991814972297,11.5275003967285,2.50750929421095,0.123269575010532,1.0123307106229,0.0501833603105719
-264.179119458345,-275.650071307312,5.33724807296782,-6.6309585611621,11.4099590835571,2.50750929421095,0.123269575010532,1.0123307106229,0.0501833603105719
-264.195264996617,-275.650421398362,5.35339361124021,-6.5711936849918,11.4099590835571,2.50750929421095,0.123269575010532,1.0123307106229,0.0501833603105719
-264.165892954411,-275.654907600626,5.32402156903411,-6.49618534367872,11.4099590835571,2.50750929421095,0.123269575010532,1.0123307106229,0.0501833603105719
-264.159581103289,-275.663523196055,5.31770971791212,-5.6013211518113,11.3885109481812,2.50750929421095,0.123269575010532,1.0123307106229,0.0501833603105719
-264.142653424255,-275.676354464028,5.30078203887791,-5.40557219232147,11.3885109481812,2.50750929421095,0.123269575010532,1.0123307106229,0.0501833603105719
-264.134573998939,-275.693666485398,5.29270261356174,-5.60822551851043,11.3885109481812,2.50750929421095,0.123269575010532,1.0123307106229,0.0501833603105719
-264.128358909903,-275.714873851121,5.28648752452587,-5.004852256587,11.3885109481812,2.50750929421095,0.123269575010532,1.0123307106229,0.0501833603105719
-264.120669375475,-275.740902747122,5.27879799009806,-4.880906475499,11.3867704925537,2.50750929421095,0.123269575010532,1.0123307106229,0.0501833603105719
-264.116606180444,-275.771126449412,5.27473479506757,-5.14523762064022,11.3867704925537,2.50750929421095,0.123269575010532,1.0123307106229,0.0501833603105719
-264.076987133648,-275.805556496777,5.23511574827129,-5.31187630022356,11.3867704925537,2.50750929421095,0.123269575010532,1.0123307106229,0.0501833603105719
-264.085792578953,-275.844750141349,5.24392119357642,-4.47488493966215,11.4805376586914,2.50750929421095,0.123269575010532,1.0123307106229,0.0501833603105719
-264.070283704271,-275.889627901266,5.22841231889398,-3.82565211212519,11.4805376586914,2.50750929421095,0.123269575010532,1.0123307106229,0.0501833603105719
-264.066250807338,-275.93710481376,5.22437942196113,-3.45343598357848,11.4805376586914,2.50750929421095,0.123269575010532,1.0123307106229,0.0501833603105719
-264.064922568314,-275.988958160286,5.2230511829372,-3.23939776233924,11.619193321228,2.50750929421095,0.123269575010532,1.0123307106229,0.0501833603105719
-264.063050968432,-276.045277866779,5.22117958305512,-2.48560746160236,11.619193321228,2.50750929421095,0.123269575010532,1.0123307106229,0.0501833603105719
-264.047671292317,-276.107315695428,5.20579990694042,-2.95804622041621,11.619193321228,2.50750929421095,0.123269575010532,1.0123307106229,0.0501833603105719
-264.041891502537,-276.172388863932,5.20002011715964,-2.73367674304931,11.619193321228,2.50750929421095,0.123269575010532,1.0123307106229,0.0501833603105719
-264.043253884902,-276.242487097343,5.20138249952529,-1.82602479792682,11.8050129470825,2.50750929421095,0.123269575010532,1.0123307106229,0.0501833603105719
-264.04690950142,-276.316628179163,5.20503811604339,-0.967906924224702,11.8050129470825,2.50750929421095,0.123269575010532,1.0123307106229,0.0501833603105719
-264.036689942803,-276.395052503223,5.19481855742637,0.176169141669621,11.8050129470825,2.50750929421095,0.123269575010532,1.0123307106229,0.0501833603105719
-264.034582726299,-276.477750331684,5.19271134092175,0.152655423841459,12.0375702438354,2.50750929421095,0.123269575010532,1.0123307106229,0.0501833603105719
-264.03617929421,-276.564203598723,5.1943079088333,0.670492584799579,12.0375702438354,2.50750929421095,0.123269575010532,1.0123307106229,0.0501833603105719
-264.041717791534,-276.655418883425,5.19984640615673,1.64112418726442,12.0375702438354,2.50750929421095,0.123269575010532,1.0123307106229,0.0501833603105719
-264.031845043034,-276.750315141396,5.1899736576575,3.39318330208221,12.2488701400757,2.50750929421095,0.123269575010532,1.0123307106229,0.0501833603105719
-264.043798694253,-276.849185926677,5.20192730887603,4.59573637269856,12.2488701400757,2.50750929421095,0.123269575010532,1.0123307106229,0.0501833603105719
-264.063017246115,-276.951834479667,5.2211458607383,5.05007195958057,12.2488701400757,2.50750929421095,0.123269575010532,1.0123307106229,0.0501833603105719
-264.058767238787,-277.057667448505,5.21689585341012,5.76981354322483,12.2488701400757,2.50750929421095,0.123269575010532,1.0123307106229,0.0501833603105719
-264.071789236563,-277.167470893481,5.22991785118582,6.9927964455454,12.4601337966919,2.50750929421095,0.123269575010532,1.0123307106229,0.0501833603105719
-264.094932778648,-277.280854535032,5.25306139327142,7.6095771738435,12.4601337966919,2.50750929421095,0.123269575010532,1.0123307106229,0.0501833603105719
-264.102791033905,-277.397791970397,5.26091964852848,6.87117360872058,12.4601337966919,2.50750929421095,0.123269575010532,1.0123307106229,0.0501833603105719
-264.115664393123,-277.517361315021,5.27379300774561,6.5148786447574,12.6721165237427,2.50750929421095,0.123269575010532,1.0123307106229,0.0501833603105719
-264.122577759461,-277.641683584703,5.28070637408373,6.03427639400427,12.6721165237427,2.50750929421095,0.123269575010532,1.0123307106229,0.0501833603105719
-264.144734125047,-277.76656267078,5.30286273966968,6.39443520302984,12.6721165237427,2.50750929421095,0.123269575010532,1.0123307106229,0.0501833603105719
-264.166626193434,-277.896328812688,5.32475480805672,7.00792992580042,12.9777367172241,2.50750929421095,0.123269575010532,1.0123307106229,0.0501833603105719
-264.181535223366,-278.027499311622,5.33966383798873,7.65090123682505,12.9777367172241,2.50750929421095,0.123269575010532,1.0123307106229,0.0501833603105719
-264.183939504072,-278.160151394036,5.34206811869514,7.94401977744727,12.9777367172241,2.50750929421095,0.123269575010532,1.0123307106229,0.0501833603105719
-264.209178724436,-278.29684371759,5.36730733905932,7.56258178596245,12.9777367172241,2.50750929421095,0.123269575010532,1.0123307106229,0.0501833603105719
-264.211357330617,-278.435718478296,5.36948594524017,8.07660888887945,13.2586052474976,2.50750929421095,0.123269575010532,1.0123307106229,0.0501833603105719
-264.240740011024,-278.57566214999,5.3988686256472,8.78895564471839,13.2586052474976,2.50750929421095,0.123269575010532,1.0123307106229,0.0501833603105719
-264.243356074935,-278.717916969026,5.4014846895582,8.76166126850323,13.2586052474976,2.50750929421095,0.123269575010532,1.0123307106229,0.0501833603105719
-264.255502054685,-278.861860377325,5.41363066930817,8.57157538240241,13.6312248764038,2.50750929421095,0.123269575010532,1.0123307106229,0.0501833603105719
-264.265337538924,-279.007907855059,5.42346615354761,7.94556026989005,13.6312248764038,2.50750929421095,0.123269575010532,1.0123307106229,0.0501833603105719
-264.295423098983,-279.154541613381,5.45355171360612,8.91763300844068,13.6312248764038,2.50750929421095,0.123269575010532,1.0123307106229,0.0501833603105719
-264.301490387261,-279.303524907902,5.45961900188413,8.9870154604789,14.0735046920776,2.50750929421095,0.123269575010532,1.0123307106229,0.0501833603105719
-264.31955505511,-279.450690491443,5.47768366973278,9.37455165843997,14.0735046920776,2.50750929421095,0.123269575010532,1.0123307106229,0.0501833603105719
-264.336587242983,-279.601261974584,5.49471585760641,9.35998210807231,14.0735046920776,2.50750929421095,0.123269575010532,1.0123307106229,0.0501833603105719
-264.362927799856,-279.750187875009,5.52105641447864,9.3361626591855,14.0735046920776,2.50750929421095,0.123269575010532,1.0123307106229,0.0501833603105719
-264.365217095039,-279.901879474506,5.52334570966251,9.68866544824353,14.5402977523804,2.50750929421095,0.123269575010532,1.0123307106229,0.0501833603105719
-264.39230813094,-280.052075506162,5.55043674556299,10.7194560085252,14.5402977523804,2.50750929421095,0.123269575010532,1.0123307106229,0.0501833603105719
-264.409557738057,-280.204949977633,5.56768635268035,11.1770022628426,14.5402977523804,2.50750929421095,0.123269575010532,1.0123307106229,0.0501833603105719
-264.437923142579,-280.354131169032,5.59605175720224,11.6578898785234,15.0785915908813,2.50750929421095,0.123269575010532,1.0123307106229,0.0501833603105719
-264.461039624082,-280.503815514495,5.61916823870556,12.2617452945843,15.0785915908813,2.50750929421095,0.123269575010532,1.0123307106229,0.0501833603105719
-264.478517750855,-280.652846345931,5.63664636547812,12.3330326927504,15.0785915908813,2.50750929421095,0.123269575010532,1.0123307106229,0.0501833603105719
-264.510536727179,-280.802312864348,5.66866534180199,13.0069664884107,15.5703880844116,2.50750929421095,0.123269575010532,1.0123307106229,0.0501833603105719
-264.526225440981,-280.949844404072,5.68435405560414,13.447616110569,15.5703880844116,2.50750929421095,0.123269575010532,1.0123307106229,0.0501833603105719
-264.564064449796,-281.097351792443,5.72219306441929,14.1388063165393,15.5703880844116,2.50750929421095,0.123269575010532,1.0123307106229,0.0501833603105719
-264.586806669186,-281.242015986979,5.74493528380932,14.4357158524148,15.5703880844116,2.50750929421095,0.123269575010532,1.0123307106229,0.0501833603105719
-264.609621235821,-281.386434903742,5.76774985044448,14.6942544384826,16.0850412902832,2.50750929421095,0.123269575010532,1.0123307106229,0.0501833603105719
-264.645518398854,-281.528770064522,5.80364701347663,15.5822202828535,16.0850412902832,2.50750929421095,0.123269575010532,1.0123307106229,0.0501833603105719
-264.681964413487,-281.669560512782,5.84009302811034,14.5343435151179,16.0850412902832,2.50750929421095,0.123269575010532,1.0123307106229,0.0501833603105719
-264.721616354904,-281.807524245868,5.87974496952726,15.2722623556057,16.5755121765137,2.50750929421095,0.123269575010532,1.0123307106229,0.0501833603105719
-264.739500073035,-281.949828346707,5.89762868765853,16.9885876195192,16.5755121765137,2.50750929421095,0.123269575010532,1.0123307106229,0.0501833603105719
-264.765539523482,-282.080478314986,5.92366813810491,16.2576138783828,16.5755121765137,2.50750929421095,0.123269575010532,1.0123307106229,0.0501833603105719
-264.809672225918,-282.209872823846,5.96780084054144,16.0843281480752,16.9972307739258,2.50750929421095,0.123269575010532,1.0123307106229,0.0501833603105719
-264.840110169365,-282.338360382205,5.99823878398825,17.1828418777399,16.9972307739258,2.50750929421095,0.123269575010532,1.0123307106229,0.0501833603105719
-264.885827830236,-282.464780294385,6.04395644485894,17.5028830295439,16.9972307739258,2.50750929421095,0.123269575010532,1.0123307106229,0.0501833603105719
-264.90572380469,-282.58769115768,6.06385241931273,16.7758278707518,16.9972307739258,2.50750929421095,0.123269575010532,1.0123307106229,0.0501833603105719
-264.942291141387,-282.707516787205,6.10041975601,16.6270432207458,17.4183657226563,2.50750929421095,0.123269575010532,1.0123307106229,0.0501833603105719
-264.980470525813,-282.825057295309,6.13859914043563,16.9638244736749,17.4183657226563,2.50750929421095,0.123269575010532,1.0123307106229,0.0501833603105719
-265.008651965988,-282.937255674147,6.16678058061065,15.6914753597724,17.4183657226563,2.50750929421095,0.123269575010532,1.0123307106229,0.0501833603105719
-265.03580848077,-283.047265661797,6.19393709539301,15.9234890050274,17.7910120544434,2.50750929421095,0.123269575010532,1.0123307106229,0.0501833603105719
-265.064991527141,-283.153633718352,6.22312014176418,17.6363982221442,17.7910120544434,2.50750929421095,0.123269575010532,1.0123307106229,0.0501833603105719
-265.111729852228,-283.25653329191,6.26985846685152,15.7204552818406,17.7910120544434,2.50750929421095,0.123269575010532,1.0123307106229,0.0501833603105719
-265.136069824595,-283.354797663102,6.29419843921775,15.6888364904179,18.1178133544922,2.50750929421095,0.123269575010532,1.0123307106229,0.0501833603105719
-265.162999859459,-283.450337633122,6.32112847408184,15.4253335904758,18.1178133544922,2.50750929421095,0.123269575010532,1.0123307106229,0.0501833603105719
-265.194528963011,-283.541872670221,6.35265757763398,15.4122028335348,18.1178133544922,2.50750929421095,0.123269575010532,1.0123307106229,0.0501833603105719
-265.227835752267,-283.627356673266,6.38596436688987,13.9450001282512,18.1178133544922,2.50750929421095,0.123269575010532,1.0123307106229,0.0501833603105719
-265.246891326977,-283.710751980661,6.40501994160031,13.8523947890699,18.3991968688965,2.50750929421095,0.123269575010532,1.0123307106229,0.0501833603105719
-265.275694847405,-283.789135933671,6.4338234620282,14.0254297093519,18.3991968688965,2.50750929421095,0.123269575010532,1.0123307106229,0.0501833603105719
-265.294257912552,-283.863600280443,6.45238652717467,13.1676053733108,18.3991968688965,2.50750929421095,0.123269575010532,1.0123307106229,0.0501833603105719
-265.32434503323,-283.933594220122,6.48247364785331,13.0514581430897,18.7037890014648,2.50750929421095,0.123269575010532,1.0123307106229,0.0501833603105719
-265.33971662442,-283.999406885537,6.49784523904295,12.9562976864599,18.7037890014648,2.50750929421095,0.123269575010532,1.0123307106229,0.0501833603105719
-265.376148432816,-284.060328636637,6.53427704743875,13.0963618082417,18.7037890014648,2.50750929421095,0.123269575010532,1.0123307106229,0.0501833603105719
-265.396158933623,-284.117641459615,6.55428754824611,12.2197020541581,18.9152071533203,2.50750929421095,0.123269575010532,1.0123307106229,0.0501833603105719
-265.422800415895,-284.170131997245,6.58092903051827,11.3594585507627,18.9152071533203,2.50750929421095,0.123269575010532,1.0123307106229,0.0501833603105719
-265.442686167687,-284.217858153698,6.60081478231012,11.5092957874532,18.9152071533203,2.50750929421095,0.123269575010532,1.0123307106229,0.0501833603105719
-265.460372094221,-284.261350269813,6.6185007088444,10.881989608644,18.9152071533203,2.50750929421095,0.123269575010532,1.0123307106229,0.0501833603105719
-265.482017150264,-284.300687078929,6.64014576488664,10.4248462211226,19.1017916259766,2.50750929421095,0.123269575010532,1.0123307106229,0.0501833603105719
-265.500477102582,-284.335285223445,6.65860571720511,10.5301696793046,19.1017916259766,2.50750929421095,0.123269575010532,1.0123307106229,0.0501833603105719
-265.527832803906,-284.365568336985,6.68596141852884,10.0889186508504,19.1017916259766,2.50750929421095,0.123269575010532,1.0123307106229,0.0501833603105719
-265.538270237012,-284.391597127426,6.69639885163476,9.92160648430367,19.241676574707,2.50750929421095,0.123269575010532,1.0123307106229,0.0501833603105719
-265.557550398247,-284.412961412425,6.71567901287046,9.88326602382237,19.241676574707,2.50750929421095,0.123269575010532,1.0123307106229,0.0501833603105719
-265.574864650217,-284.430259982103,6.73299326484006,9.32607094849879,19.241676574707,2.50750929421095,0.123269575010532,1.0123307106229,0.0501833603105719
-265.590458475845,-284.443293325725,6.74858709046855,8.96466818964042,19.3349077758789,2.50750929421095,0.123269575010532,1.0123307106229,0.0501833603105719
-265.605160093134,-284.451842913045,6.76328870775667,8.38521795102388,19.3349077758789,2.50750929421095,0.123269575010532,1.0123307106229,0.0501833603105719
-265.639238914619,-284.456325537775,6.79736752924204,8.32691038073323,19.3349077758789,2.50750929421095,0.123269575010532,1.0123307106229,0.0501833603105719
-265.636220465256,-284.456730173364,6.79434907987914,7.63939588831138,19.3349077758789,2.50750929421095,0.123269575010532,1.0123307106229,0.0501833603105719
-265.653530150385,-284.453080259693,6.811658765008,7.16091013890353,19.3367807922363,2.50750929421095,0.123269575010532,1.0123307106229,0.0501833603105719
-265.66935041946,-284.44552282364,6.82747903408326,6.19402346229371,19.3367807922363,2.50750929421095,0.123269575010532,1.0123307106229,0.0501833603105719
-265.681389899796,-284.433728036429,6.83951851441916,5.96705331507988,19.3367807922363,2.50750929421095,0.123269575010532,1.0123307106229,0.0501833603105719
-265.693682222951,-284.418688360301,6.85181083757447,6.0344563497048,19.2440340576172,2.50750929421095,0.123269575010532,1.0123307106229,0.0501833603105719
-265.701034450587,-284.399756037153,6.85916306521001,5.79003044683518,19.2440340576172,2.50750929421095,0.123269575010532,1.0123307106229,0.0501833603105719
-265.709585154848,-284.376980938475,6.86771376947104,5.13430315236391,19.2440340576172,2.50750929421095,0.123269575010532,1.0123307106229,0.0501833603105719
-265.729037226696,-284.350123400726,6.88716584131921,4.48432764664492,18.9886515197754,2.50750929421095,0.123269575010532,1.0123307106229,0.0501833603105719
-265.736831573364,-284.320732350187,6.89496018798702,3.69234773017823,18.9886515197754,2.50750929421095,0.123269575010532,1.0123307106229,0.0501833603105719
-265.724084672715,-284.287933007404,6.88221328733824,3.97828612124433,18.9886515197754,2.50750929421095,0.123269575010532,1.0123307106229,0.0501833603105719
-265.739660288403,-284.252104966358,6.89778890302622,2.98128606690821,18.9886515197754,2.50750929421095,0.123269575010532,1.0123307106229,0.0501833603105719
-265.751360910035,-284.212537374635,6.90948952465775,2.33437553554238,18.7323725280762,2.50750929421095,0.123269575010532,1.0123307106229,0.0501833603105719
-265.756659086199,-284.170934257265,6.91478770082227,1.23309154903199,18.7323725280762,2.50750929421095,0.123269575010532,1.0123307106229,0.0501833603105719
-265.762141001159,-284.125464123891,6.92026961578213,0.00569765830790631,18.7323725280762,2.50750929421095,0.123269575010532,1.0123307106229,0.0501833603105719
-265.760588680821,-284.078550587743,6.91871729544397,-0.298295171424228,18.3128969726563,2.50750929421095,0.123269575010532,1.0123307106229,0.0501833603105719
-265.75546231969,-284.027022212761,6.91359093431265,-2.5025877242947,18.3128969726563,2.50750929421095,0.123269575010532,1.0123307106229,0.0501833603105719
-265.756680390403,-283.974588314649,6.91480900502645,-1.54242469593905,18.3128969726563,2.50750929421095,0.123269575010532,1.0123307106229,0.0501833603105719
-265.754040438963,-283.920573421111,6.91216905358599,-2.90317125480314,18.1255152282715,2.50750929421095,0.123269575010532,1.0123307106229,0.0501833603105719
-265.738752534237,-283.863407496189,6.89688114885995,-5.71993671134247,18.1255152282715,2.50750929421095,0.123269575010532,1.0123307106229,0.0501833603105719
-265.748198032477,-283.804171579552,6.90632664710028,-6.09910849699593,18.1255152282715,2.50750929421095,0.123269575010532,1.0123307106229,0.0501833603105719
-265.726691895962,-283.742417578749,6.88482051058498,-7.04238172618783,18.1255152282715,2.50750929421095,0.123269575010532,1.0123307106229,0.0501833603105719
-265.709258151652,-283.679622120453,6.8673867662753,-7.45954503115051,17.9374468383789,2.50750929421095,0.123269575010532,1.0123307106229,0.0501833603105719
-265.708079027133,-283.614768346126,6.86620764175622,-7.83010400380814,17.9374468383789,2.50750929421095,0.123269575010532,1.0123307106229,0.0501833603105719
-265.677916169622,-283.547510400673,6.8360447842451,-7.20039907843047,17.9374468383789,2.50750929421095,0.123269575010532,1.0123307106229,0.0501833603105719
-265.6648152755,-283.480854973967,6.82294389012306,-6.49916776487976,17.7722971496582,2.50750929421095,0.123269575010532,1.0123307106229,0.0501833603105719
-265.654848496206,-283.411750944296,6.81297711082918,-6.48657492386667,17.7722971496582,2.50750929421095,0.123269575010532,1.0123307106229,0.0501833603105719
-265.629532738755,-283.341578118405,6.78766135337766,-6.57330165356158,17.7722971496582,2.50750929421095,0.123269575010532,1.0123307106229,0.0501833603105719
-265.610321894801,-283.270346761326,6.76845050942454,-6.56739162105034,17.7240793762207,2.50750929421095,0.123269575010532,1.0123307106229,0.0501833603105719
-265.603761585284,-283.197971869341,6.76189019990758,-6.83499382919123,17.7240793762207,2.50750929421095,0.123269575010532,1.0123307106229,0.0501833603105719
-265.589116937684,-283.124480283984,6.74724555230727,-7.05261473718279,17.7240793762207,2.50750929421095,0.123269575010532,1.0123307106229,0.0501833603105719
-265.569185743128,-283.051138523015,6.72731435775126,-6.92917223271724,17.7240793762207,2.50750929421095,0.123269575010532,1.0123307106229,0.0501833603105719
-265.553178896547,-282.976688756726,6.71130751117033,-6.6998691411226,17.6041185913086,2.50750929421095,0.123269575010532,1.0123307106229,0.0501833603105719
-265.552079663583,-282.902616713573,6.71020827820579,-6.5143557280217,17.6041185913086,2.50750929421095,0.123269575010532,1.0123307106229,0.0501833603105719
-265.535727598697,-282.82636472372,6.69385621332036,-6.32775710032165,17.6041185913086,2.50750929421095,0.123269575010532,1.0123307106229,0.0501833603105719
-265.526631904437,-282.751336014135,6.6847605190597,-6.10634451513286,17.3926012573242,2.50750929421095,0.123269575010532,1.0123307106229,0.0501833603105719
-265.530664038246,-282.675998145638,6.6887926528692,-5.93950148012629,17.3926012573242,2.50750929421095,0.123269575010532,1.0123307106229,0.0501833603105719
-265.505939896427,-282.60173398015,6.66406851104961,-5.58318412079544,17.3926012573242,2.50750929421095,0.123269575010532,1.0123307106229,0.0501833603105719
-265.507402852828,-282.524532636172,6.66553146745136,-4.48567049649462,17.137169128418,2.50750929421095,0.123269575010532,1.0123307106229,0.0501833603105719
-265.494623817252,-282.450687796744,6.65275243187508,-4.44084460041708,17.137169128418,2.50750929421095,0.123269575010532,1.0123307106229,0.0501833603105719
-265.480800455698,-282.375771150589,6.63892907032115,-4.95827075210062,17.137169128418,2.50750929421095,0.123269575010532,1.0123307106229,0.0501833603105719
-265.479012590432,-282.301502211333,6.63714120505482,-4.3342868312193,17.137169128418,2.50750929421095,0.123269575010532,1.0123307106229,0.0501833603105719
-265.476037639904,-282.227316567572,6.63416625452723,-3.85380279373383,16.8801691589355,2.50750929421095,0.123269575010532,1.0123307106229,0.0501833603105719
-265.467162412618,-282.15286190924,6.62529102724113,-3.81093852836002,16.8801691589355,2.50750929421095,0.123269575010532,1.0123307106229,0.0501833603105719
-265.466164333784,-282.080430318286,6.62429294840683,-4.38484999525328,16.8801691589355,2.50750929421095,0.123269575010532,1.0123307106229,0.0501833603105719
-265.461109068138,-282.007564684189,6.61923768276096,-4.95622175739209,16.6478502807617,2.50750929421095,0.123269575010532,1.0123307106229,0.0501833603105719
-265.452361448603,-281.935672069485,6.610490063226,-4.9942085214014,16.6478502807617,2.50750929421095,0.123269575010532,1.0123307106229,0.0501833603105719
-265.436514980239,-281.864482054758,6.59464359486195,-5.79821953326917,16.6478502807617,2.50750929421095,0.123269575010532,1.0123307106229,0.0501833603105719
-265.41185950983,-281.793522388115,6.5699881244527,-6.05926545407668,16.365627532959,2.50750929421095,0.123269575010532,1.0123307106229,0.0501833603105719
-265.402595380838,-281.724033564614,6.56072399546159,-5.85764453808207,16.365627532959,2.50750929421095,0.123269575010532,1.0123307106229,0.0501833603105719
-265.405893656795,-281.654452066406,6.56402227141778,-6.16822590027038,16.365627532959,2.50750929421095,0.123269575010532,1.0123307106229,0.0501833603105719
-265.389345718945,-281.586656103817,6.54747433356773,-5.88089075286293,16.365627532959,2.50750929421095,0.123269575010532,1.0123307106229,0.0501833603105719
-265.380080593338,-281.519991292777,6.53820920796144,-5.95580934056865,16.2490274963379,2.50750929421095,0.123269575010532,1.0123307106229,0.0501833603105719
-265.358578838878,-281.453988420407,6.51670745350147,-6.69613448980417,16.2490274963379,2.50750929421095,0.123269575010532,1.0123307106229,0.0501833603105719
-265.347429996395,-281.388377540619,6.50555861101815,-7.04547824076025,16.2490274963379,2.50750929421095,0.123269575010532,1.0123307106229,0.0501833603105719
-265.321456513908,-281.323769852472,6.47958512853125,-7.12429938361927,16.0394289550781,2.50750929421095,0.123269575010532,1.0123307106229,0.0501833603105719
-265.311805385621,-281.259851457378,6.46993400024365,-7.30608423206304,16.0394289550781,2.50750929421095,0.123269575010532,1.0123307106229,0.0501833603105719
-265.307268104576,-281.198283265997,6.46539671919888,-7.11977364299037,16.0394289550781,2.50750929421095,0.123269575010532,1.0123307106229,0.0501833603105719
-265.298753469303,-281.135891109165,6.45688208392592,-6.87865382761419,15.9003078994751,2.50750929421095,0.123269575010532,1.0123307106229,0.0501833603105719
-265.266996256925,-281.075881196096,6.42512487154817,-7.14245654865517,15.9003078994751,2.50750929421095,0.123269575010532,1.0123307106229,0.0501833603105719
-265.252141785646,-281.015987415555,6.41027040026909,-7.23106000640213,15.9003078994751,2.50750929421095,0.123269575010532,1.0123307106229,0.0501833603105719
-265.251119970365,-280.956754914755,6.40924858498765,-6.98459736468694,15.9003078994751,2.50750929421095,0.123269575010532,1.0123307106229,0.0501833603105719
-265.225040644376,-280.898259199137,6.38316925899868,-6.61817533933737,15.736193901062,2.50750929421095,0.123269575010532,1.0123307106229,0.0501833603105719
-265.217719785679,-280.841426141221,6.37584840030209,-6.12780455178223,15.736193901062,2.50750929421095,0.123269575010532,1.0123307106229,0.0501833603105719
-265.20411847876,-280.784953540198,6.36224709338323,-5.18368215099491,15.736193901062,2.50750929421095,0.123269575010532,1.0123307106229,0.0501833603105719
-265.195641394362,-280.729061150102,6.35377000898479,-6.32128564266989,15.6206696090698,2.50750929421095,0.123269575010532,1.0123307106229,0.0501833603105719
-265.184868433357,-280.673118343821,6.3429970479798,-6.34561610285194,15.6206696090698,2.50750929421095,0.123269575010532,1.0123307106229,0.0501833603105719
-265.165451871217,-280.618312862635,6.32358048584036,-6.25926403378024,15.6206696090698,2.50750929421095,0.123269575010532,1.0123307106229,0.0501833603105719
-265.152715088427,-280.56589098451,6.31084370305052,-5.59438117213366,15.4801514205933,2.50750929421095,0.123269575010532,1.0123307106229,0.0501833603105719
-265.149655836104,-280.513314349707,6.30778445072749,-5.45681406000131,15.4801514205933,2.50750929421095,0.123269575010532,1.0123307106229,0.0501833603105719
-265.142351604706,-280.461278446668,6.300480219329,-5.59332655857629,15.4801514205933,2.50750929421095,0.123269575010532,1.0123307106229,0.0501833603105719
-265.127707071485,-280.408625590248,6.28583568610835,-5.34381500985015,15.4801514205933,2.50750929421095,0.123269575010532,1.0123307106229,0.0501833603105719
-265.120450669678,-280.357410002854,6.27857928430064,-5.34009282490761,15.2945015487671,2.50750929421095,0.123269575010532,1.0123307106229,0.0501833603105719
-265.106803867848,-280.306024496561,6.26493248247084,-5.37932390924641,15.2945015487671,2.50750929421095,0.123269575010532,1.0123307106229,0.0501833603105719
-265.097668432382,-280.255382295841,6.25579704700496,-4.81675586606536,15.2945015487671,2.50750929421095,0.123269575010532,1.0123307106229,0.0501833603105719
-265.095597304724,-280.20466330779,6.25372591934714,-4.50214328778764,15.2006828842163,2.50750929421095,0.123269575010532,1.0123307106229,0.0501833603105719
-265.085832862426,-280.154032075244,6.24396147704898,-4.74168366597502,15.2006828842163,2.50750929421095,0.123269575010532,1.0123307106229,0.0501833603105719
-265.065210505235,-280.103438349341,6.22333911985801,-5.0979807245323,15.2006828842163,2.50750929421095,0.123269575010532,1.0123307106229,0.0501833603105719
-265.060227593707,-280.05377127397,6.2183562083305,-5.56982553546421,15.036034828186,2.50750929421095,0.123269575010532,1.0123307106229,0.0501833603105719
-265.052755632168,-280.00351108782,6.2108842467915,-4.96338972685894,15.036034828186,2.50750929421095,0.123269575010532,1.0123307106229,0.0501833603105719
-265.040759651265,-279.952899669885,6.1988882658886,-4.7672537229371,15.036034828186,2.50750929421095,0.123269575010532,1.0123307106229,0.0501833603105719
-265.035016868441,-279.902552151578,6.19314548306416,-4.61232019677995,15.036034828186,2.50750929421095,0.123269575010532,1.0123307106229,0.0501833603105719
-265.024506596385,-279.852028751066,6.18263521100781,-4.55166100457693,14.8971874771118,2.50750929421095,0.123269575010532,1.0123307106229,0.0501833603105719
-265.014729025485,-279.800903206138,6.17285764010833,-5.13264609881994,14.8971874771118,2.50750929421095,0.123269575010532,1.0123307106229,0.0501833603105719
-265.013887246921,-279.749910810824,6.17201586154381,-5.00750259994197,14.8971874771118,2.50750929421095,0.123269575010532,1.0123307106229,0.0501833603105719
-264.995955831208,-279.69842161885,6.15408444583121,-4.79083393423126,14.8031914291382,2.50750929421095,0.123269575010532,1.0123307106229,0.0501833603105719
-264.985048070519,-279.646232101425,6.14317668514236,-4.9352856326345,14.8031914291382,2.50750929421095,0.123269575010532,1.0123307106229,0.0501833603105719
-264.986448142709,-279.593756808821,6.14457675733193,-4.59293226350795,14.8031914291382,2.50750929421095,0.123269575010532,1.0123307106229,0.0501833603105719
-264.968724071504,-279.540712954501,6.12685268612745,-4.3765610798289,14.6854946670532,2.50750929421095,0.123269575010532,1.0123307106229,0.0501833603105719
-264.95910728845,-279.487228448649,6.11723590307273,-4.57818280747477,14.6854946670532,2.50750929421095,0.123269575010532,1.0123307106229,0.0501833603105719
-264.950032847595,-279.432739648259,6.10816146221815,-4.97221215300078,14.6854946670532,2.50750929421095,0.123269575010532,1.0123307106229,0.0501833603105719
-264.939655838151,-279.377292479615,6.09778445277387,-5.01815286017012,14.6854946670532,2.50750929421095,0.123269575010532,1.0123307106229,0.0501833603105719
-264.933677902968,-279.322115990087,6.09180651759095,-4.37619446207303,14.5443337020874,2.50750929421095,0.123269575010532,1.0123307106229,0.0501833603105719
-264.921471722097,-279.265911680178,6.07960033671967,-4.20540528784451,14.5443337020874,2.50750929421095,0.123269575010532,1.0123307106229,0.0501833603105719
-264.912295400564,-279.208509487116,6.07042401518731,-4.31106768065179,14.5443337020874,2.50750929421095,0.123269575010532,1.0123307106229,0.0501833603105719
-264.90298532029,-279.150508707646,6.06111393491288,-4.4911967531394,14.4037811813354,2.50750929421095,0.123269575010532,1.0123307106229,0.0501833603105719
-264.897526663099,-279.090781064831,6.05565527772189,-4.70430763915672,14.4037811813354,2.50750929421095,0.123269575010532,1.0123307106229,0.0501833603105719
-264.896229182632,-279.031411551873,6.05435779725477,-4.59126832371529,14.4037811813354,2.50750929421095,0.123269575010532,1.0123307106229,0.0501833603105719
-264.880483931571,-278.9707969579,6.03861254619376,-4.3629309499825,14.2406017837524,2.50750929421095,0.123269575010532,1.0123307106229,0.0501833603105719
-264.867217571744,-278.909232427503,6.02534618636691,-4.60610861445661,14.2406017837524,2.50750929421095,0.123269575010532,1.0123307106229,0.0501833603105719
-264.870317351036,-278.846691251145,6.02844596565927,-4.68593582824136,14.2406017837524,2.50750929421095,0.123269575010532,1.0123307106229,0.0501833603105719
-264.857868497966,-278.783592632445,6.01599711258899,-4.61334983988711,14.2406017837524,2.50750929421095,0.123269575010532,1.0123307106229,0.0501833603105719
-264.846037044248,-278.718591366642,6.00416565887063,-4.53331744042262,14.1010048446655,2.50750929421095,0.123269575010532,1.0123307106229,0.0501833603105719
-264.84100308514,-278.653595065374,5.99913169976329,-4.69715234571195,14.1010048446655,2.50750929421095,0.123269575010532,1.0123307106229,0.0501833603105719
-264.82242971749,-278.586927412969,5.98055833211358,-5.00709734048388,14.1010048446655,2.50750929421095,0.123269575010532,1.0123307106229,0.0501833603105719
-264.820303687879,-278.519982456722,5.97843230250178,-4.87994221754976,13.9131882247925,2.50750929421095,0.123269575010532,1.0123307106229,0.0501833603105719
-264.80278855433,-278.452380625074,5.96091716895325,-5.05501005191771,13.9131882247925,2.50750929421095,0.123269575010532,1.0123307106229,0.0501833603105719
-264.799352826824,-278.382700674892,5.95748144144687,-5.23984671670622,13.9131882247925,2.50750929421095,0.123269575010532,1.0123307106229,0.0501833603105719
-264.79496389284,-278.313336767255,5.95309250746318,-4.9043033413087,13.7496254501343,2.50750929421095,0.123269575010532,1.0123307106229,0.0501833603105719
-264.780358320864,-278.242656947446,5.93848693548732,-5.3612832211505,13.7496254501343,2.50750929421095,0.123269575010532,1.0123307106229,0.0501833603105719
-264.768606245972,-278.171556048249,5.92673486059464,-5.68588681978888,13.7496254501343,2.50750929421095,0.123269575010532,1.0123307106229,0.0501833603105719
-264.75236531037,-278.100046972808,5.91049392499271,-5.70732021277858,13.7496254501343,2.50750929421095,0.123269575010532,1.0123307106229,0.0501833603105719
-264.751467419363,-278.027258147804,5.90959603398578,-5.58575182387827,13.5372898635864,2.50750929421095,0.123269575010532,1.0123307106229,0.0501833603105719
-264.739023483122,-277.953764700179,5.89715209774527,-5.70659441653228,13.5372898635864,2.50750929421095,0.123269575010532,1.0123307106229,0.0501833603105719
-264.720747107702,-277.880297050311,5.87887572232532,-5.47986829583361,13.5372898635864,2.50750929421095,0.123269575010532,1.0123307106229,0.0501833603105719
-264.712842682594,-277.805717015615,5.87097129721725,-5.263362086457,13.3737614212036,2.50750929421095,0.123269575010532,1.0123307106229,0.0501833603105719
-264.701782259775,-277.729649113081,5.85991087439858,-5.68079367353777,13.3737614212036,2.50750929421095,0.123269575010532,1.0123307106229,0.0501833603105719
-264.681427474977,-277.654799012195,5.83955608959968,-6.45911847636233,13.3737614212036,2.50750929421095,0.123269575010532,1.0123307106229,0.0501833603105719
-264.674205761605,-277.580807299745,5.83233437622849,-5.80218486408873,13.2094109115601,2.50750929421095,0.123269575010532,1.0123307106229,0.0501833603105719
-264.668717970401,-277.506218699388,5.82684658502358,-5.82180408999268,13.2094109115601,2.50750929421095,0.123269575010532,1.0123307106229,0.0501833603105719
-264.66218597432,-277.430094358274,5.82031458894333,-6.11586425505631,13.2094109115601,2.50750929421095,0.123269575010532,1.0123307106229,0.0501833603105719
-264.646015007894,-277.355358741376,5.80414362251724,-6.12722592110709,13.2094109115601,2.50750929421095,0.123269575010532,1.0123307106229,0.0501833603105719
-264.637896832548,-277.27994509807,5.79602544717134,-6.27691097519658,12.9994595108032,2.50750929421095,0.123269575010532,1.0123307106229,0.0501833603105719
-264.612802893503,-277.204801234443,5.77093150812613,-6.14445990185193,12.9994595108032,2.50750929421095,0.123269575010532,1.0123307106229,0.0501833603105719
-264.609680153247,-277.129687418783,5.76780876786964,-5.66814474161715,12.9994595108032,2.50750929421095,0.123269575010532,1.0123307106229,0.0501833603105719
-264.59543321105,-277.05613949546,5.75356182567349,-6.19924031591406,12.8379471359253,2.50750929421095,0.123269575010532,1.0123307106229,0.0501833603105719
-264.585461707243,-276.982426394379,5.74359032186639,-6.48246786526923,12.8379471359253,2.50750929421095,0.123269575010532,1.0123307106229,0.0501833603105719
-264.572660470847,-276.909530564003,5.73078908547014,-6.36097837144554,12.8379471359253,2.50750929421095,0.123269575010532,1.0123307106229,0.0501833603105719
-264.562799310241,-276.837206923825,5.72092792486389,-6.40367485267576,12.6283505020142,2.50750929421095,0.123269575010532,1.0123307106229,0.0501833603105719
-264.548705558897,-276.766066160308,5.70683417351964,-6.81282219356347,12.6283505020142,2.50750929421095,0.123269575010532,1.0123307106229,0.0501833603105719
-264.534716749981,-276.695281976731,5.69284536460452,-7.03405383441774,12.6283505020142,2.50750929421095,0.123269575010532,1.0123307106229,0.0501833603105719
-264.526683383505,-276.626467002998,5.68481199812787,-6.75177535185564,12.6283505020142,2.50750929421095,0.123269575010532,1.0123307106229,0.0501833603105719
-264.51070842741,-276.55921718333,5.66883704203341,-6.67183858640136,12.4644672927856,2.50750929421095,0.123269575010532,1.0123307106229,0.0501833603105719
-264.498900786384,-276.492835824968,5.65702940100671,-6.79570974040708,12.4644672927856,2.50750929421095,0.123269575010532,1.0123307106229,0.0501833603105719
-264.476897141022,-276.427915840447,5.63502575564495,-6.95899503279486,12.4644672927856,2.50750929421095,0.123269575010532,1.0123307106229,0.0501833603105719
-264.467057063939,-276.365099649103,5.62518567856241,-7.18621428367649,12.2753422317505,2.50750929421095,0.123269575010532,1.0123307106229,0.0501833603105719
-264.458477583105,-276.303150469634,5.6166061977278,-7.34720775327785,12.2753422317505,2.50750929421095,0.123269575010532,1.0123307106229,0.0501833603105719
-264.440334131916,-276.244070191272,5.59846274653908,-7.41630305102845,12.2753422317505,2.50750929421095,0.123269575010532,1.0123307106229,0.0501833603105719
-264.420547125613,-276.186791455659,5.57867574023591,-7.34149017708515,12.088244682312,2.50750929421095,0.123269575010532,1.0123307106229,0.0501833603105719
-264.409067895448,-276.131949354511,5.56719651007081,-7.54513837241975,12.088244682312,2.50750929421095,0.123269575010532,1.0123307106229,0.0501833603105719
-264.404539061863,-276.079034496168,5.56266767648589,-7.37657275300992,12.088244682312,2.50750929421095,0.123269575010532,1.0123307106229,0.0501833603105719
-264.386073343584,-276.028890675812,5.5442019582076,-6.91655588383105,12.088244682312,2.50750929421095,0.123269575010532,1.0123307106229,0.0501833603105719
-264.369251486028,-275.98100754813,5.5273801006514,-6.91561636900349,11.9030315933228,2.50750929421095,0.123269575010532,1.0123307106229,0.0501833603105719
-264.348044797887,-275.936303507162,5.50617341250964,-7.50857475383637,11.9030315933228,2.50750929421095,0.123269575010532,1.0123307106229,0.0501833603105719
-264.343405171818,-275.893976326444,5.50153378644097,-7.61379900090189,11.9030315933228,2.50750929421095,0.123269575010532,1.0123307106229,0.0501833603105719
-264.324568031244,-275.854477692036,5.48269664586665,-7.40527757263752,11.7619679031372,2.50750929421095,0.123269575010532,1.0123307106229,0.0501833603105719
-264.318592436786,-275.818640918102,5.47672105140884,-7.20038090751198,11.7619679031372,2.50750929421095,0.123269575010532,1.0123307106229,0.0501833603105719
-264.301715145852,-275.785629427053,5.45984376047481,-7.33171951079014,11.7619679031372,2.50750929421095,0.123269575010532,1.0123307106229,0.0501833603105719
-264.280537927737,-275.756339018475,5.43866654235997,-7.35010254154555,11.6220829544067,2.50750929421095,0.123269575010532,1.0123307106229,0.0501833603105719
-264.262086038334,-275.73023171513,5.42021465295711,-6.46889457316369,11.6220829544067,2.50750929421095,0.123269575010532,1.0123307106229,0.0501833603105719
-264.248052583146,-275.707422302805,5.4061811977692,-7.24988604159678,11.6220829544067,2.50750929421095,0.123269575010532,1.0123307106229,0.0501833603105719
-264.235447664551,-275.688386600947,5.39357627917397,-6.88584001288232,11.6220829544067,2.50750929421095,0.123269575010532,1.0123307106229,0.0501833603105719
-264.233380944991,-275.672938330485,5.39150955961432,-6.53018160842766,11.5275976715088,2.50750929421095,0.123269575010532,1.0123307106229,0.0501833603105719
-264.216936861104,-275.661451652266,5.37506547572686,-6.69790776977322,11.5275976715088,2.50750929421095,0.123269575010532,1.0123307106229,0.0501833603105719
-264.198371329064,-275.653747947026,5.3564999436872,-6.63629627135551,11.5275976715088,2.50750929421095,0.123269575010532,1.0123307106229,0.0501833603105719
-264.191671385231,-275.650052017558,5.34979999985435,-6.64446241497992,11.4112808761597,2.50750929421095,0.123269575010532,1.0123307106229,0.0501833603105719
-264.196001462939,-275.650440415645,5.35413007756175,-6.57668029861285,11.4112808761597,2.50750929421095,0.123269575010532,1.0123307106229,0.0501833603105719
-264.169021666002,-275.65494675837,5.3271502806248,-6.52734480254565,11.4112808761597,2.50750929421095,0.123269575010532,1.0123307106229,0.0501833603105719
-264.165499504218,-275.663515510568,5.32362811884157,-6.00379255394012,11.3414661941528,2.50750929421095,0.123269575010532,1.0123307106229,0.0501833603105719
-264.142827268031,-275.676366977231,5.30095588265367,-5.88373733074601,11.3414661941528,2.50750929421095,0.123269575010532,1.0123307106229,0.0501833603105719
-264.132156898975,-275.693583537516,5.29028551359834,-5.99904265536381,11.3414661941528,2.50750929421095,0.123269575010532,1.0123307106229,0.0501833603105719
-264.134201042005,-275.714955565162,5.29232965662801,-4.92226995777751,11.3414661941528,2.50750929421095,0.123269575010532,1.0123307106229,0.0501833603105719
-264.114317612495,-275.740909433286,5.27244622711837,-4.79694507089502,11.3886082229614,2.50750929421095,0.123269575010532,1.0123307106229,0.0501833603105719
-264.100389720972,-275.770952445718,5.25851833559526,-5.19433462685694,11.3886082229614,2.50750929421095,0.123269575010532,1.0123307106229,0.0501833603105719
-264.094010625989,-275.805754233465,5.25213924061224,-4.8846108612971,11.3886082229614,2.50750929421095,0.123269575010532,1.0123307106229,0.0501833603105719
-264.08923815896,-275.844676292226,5.2473667735834,-4.43991314262081,11.4586050567627,2.50750929421095,0.123269575010532,1.0123307106229,0.0501833603105719
-264.075266067688,-275.888677169701,5.23339468231154,-4.34014058635951,11.4586050567627,2.50750929421095,0.123269575010532,1.0123307106229,0.0501833603105719
-264.084921593109,-275.938244572632,5.24305020773214,-4.1190299581739,11.4586050567627,2.50750929421095,0.123269575010532,1.0123307106229,0.0501833603105719
-264.060420356095,-275.989492631316,5.21854897071833,-3.73318556680196,11.5736649093628,2.50750929421095,0.123269575010532,1.0123307106229,0.0501833603105719
-264.047295189972,-276.045798798143,5.20542380459493,-3.37882895306715,11.5736649093628,2.50750929421095,0.123269575010532,1.0123307106229,0.0501833603105719
-264.047674073871,-276.106876864034,5.20580268849385,-3.12604482037708,11.5736649093628,2.50750929421095,0.123269575010532,1.0123307106229,0.0501833603105719
-264.046539215626,-276.172833546446,5.20466783024881,-2.31910495703531,11.5736649093628,2.50750929421095,0.123269575010532,1.0123307106229,0.0501833603105719
-264.041124530082,-276.242762322294,5.19925314470543,-1.47561641968886,11.7603523788452,2.50750929421095,0.123269575010532,1.0123307106229,0.0501833603105719
-264.030367617807,-276.316664614692,5.18849623242967,-0.585538619036662,11.7603523788452,2.50750929421095,0.123269575010532,1.0123307106229,0.0501833603105719
-264.036463876384,-276.395023668748,5.19459249100684,-0.112634991309693,11.7603523788452,2.50750929421095,0.123269575010532,1.0123307106229,0.0501833603105719
-264.036471068681,-276.477679579919,5.1945996833041,0.627334278958447,11.9927551803589,2.50750929421095,0.123269575010532,1.0123307106229,0.0501833603105719
-264.02195220812,-276.564637975734,5.18008082274357,1.22451620912533,11.9927551803589,2.50750929421095,0.123269575010532,1.0123307106229,0.0501833603105719
-264.022889026895,-276.655507476702,5.18101764151852,1.23838466442439,11.9927551803589,2.50750929421095,0.123269575010532,1.0123307106229,0.0501833603105719
-264.038231744749,-276.75051137898,5.19636035937165,2.70932592489082,12.2503368911743,2.50750929421095,0.123269575010532,1.0123307106229,0.0501833603105719
-264.043515036464,-276.849473977707,5.20164365108661,4.69691012494284,12.2503368911743,2.50750929421095,0.123269575010532,1.0123307106229,0.0501833603105719
-264.047714461101,-276.951921618966,5.2058430757243,5.30696203321356,12.2503368911743,2.50750929421095,0.123269575010532,1.0123307106229,0.0501833603105719
-264.054003785241,-277.058169830775,5.21213239986451,5.84069223763,12.2503368911743,2.50750929421095,0.123269575010532,1.0123307106229,0.0501833603105719
-264.07665915061,-277.168362193367,5.23478776523273,6.45912361201847,12.4368031082153,2.50750929421095,0.123269575010532,1.0123307106229,0.0501833603105719
-264.079834039814,-277.281183551675,5.23796265443688,7.89247220710556,12.4368031082153,2.50750929421095,0.123269575010532,1.0123307106229,0.0501833603105719
-264.097471913817,-277.397848376615,5.25560052844021,7.75344749994389,12.4368031082153,2.50750929421095,0.123269575010532,1.0123307106229,0.0501833603105719
-264.120318044827,-277.517708777841,5.27844665945038,6.60689807573267,12.696377998352,2.50750929421095,0.123269575010532,1.0123307106229,0.0501833603105719
-264.131319981879,-277.640837693626,5.28944859650221,6.34859096060021,12.696377998352,2.50750929421095,0.123269575010532,1.0123307106229,0.0501833603105719
-264.140831343713,-277.766820771031,5.29895995833601,6.38772541836896,12.696377998352,2.50750929421095,0.123269575010532,1.0123307106229,0.0501833603105719
-264.156106784421,-277.89586350932,5.31423539904385,7.14267773290582,12.9320023117065,2.50750929421095,0.123269575010532,1.0123307106229,0.0501833603105719
-264.162023680713,-278.026787535351,5.32015229533583,7.53598937620869,12.9320023117065,2.50750929421095,0.123269575010532,1.0123307106229,0.0501833603105719
-264.185042193703,-278.161182166126,5.34317080832608,7.97140893124817,12.9320023117065,2.50750929421095,0.123269575010532,1.0123307106229,0.0501833603105719
-264.206427669661,-278.297253125035,5.36455628428389,8.28851781197859,12.9320023117065,2.50750929421095,0.123269575010532,1.0123307106229,0.0501833603105719
-264.225455280973,-278.436516618188,5.38358389559651,8.49902926320362,13.2607986984253,2.50750929421095,0.123269575010532,1.0123307106229,0.0501833603105719
-264.238101137242,-278.580433662941,5.39622975186499,8.66122507284141,13.2607986984253,2.50750929421095,0.123269575010532,1.0123307106229,0.0501833603105719
-264.254495946477,-278.717865769585,5.41262456110053,8.68560717251199,13.2607986984253,2.50750929421095,0.123269575010532,1.0123307106229,0.0501833603105719
-264.255305143394,-278.862309022808,5.41343375801706,8.43413883544353,13.6567642745972,2.50750929421095,0.123269575010532,1.0123307106229,0.0501833603105719
-264.285339608157,-279.008622231847,5.44346822278002,8.68362455598921,13.6567642745972,2.50750929421095,0.123269575010532,1.0123307106229,0.0501833603105719
-264.299307013545,-279.154436199338,5.45743562816775,9.16991059331879,13.6567642745972,2.50750929421095,0.123269575010532,1.0123307106229,0.0501833603105719
-264.29747696688,-279.301950221253,5.45560558150349,9.24936073477576,14.0289986190796,2.50750929421095,0.123269575010532,1.0123307106229,0.0501833603105719
-264.321227364988,-279.451277705412,5.47935597961136,9.45437778783478,14.0289986190796,2.50750929421095,0.123269575010532,1.0123307106229,0.0501833603105719
-264.346446647254,-279.600707883858,5.50457526187681,9.23647910680329,14.0289986190796,2.50750929421095,0.123269575010532,1.0123307106229,0.0501833603105719
-264.356199165443,-279.75174783895,5.51432778006605,9.61635606448416,14.0289986190796,2.50750929421095,0.123269575010532,1.0123307106229,0.0501833603105719
-264.37432047606,-279.9016459314,5.53244909068329,9.64519727378331,14.5192329940796,2.50750929421095,0.123269575010532,1.0123307106229,0.0501833603105719
-264.386615879392,-280.05193169547,5.54474449401493,10.5008169710929,14.5192329940796,2.50750929421095,0.123269575010532,1.0123307106229,0.0501833603105719
-264.416844613235,-280.203189407961,5.57497322785794,11.0206024290636,14.5192329940796,2.50750929421095,0.123269575010532,1.0123307106229,0.0501833603105719
-264.431275226492,-280.354543583505,5.58940384111489,12.0402350746123,15.0781853256226,2.50750929421095,0.123269575010532,1.0123307106229,0.0501833603105719
-264.453263559549,-280.506049799905,5.611392174172,12.4649513194591,15.0781853256226,2.50750929421095,0.123269575010532,1.0123307106229,0.0501833603105719
-264.480984332722,-280.653789526527,5.63911294734526,12.6052641404674,15.0781853256226,2.50750929421095,0.123269575010532,1.0123307106229,0.0501833603105719
-264.513211532149,-280.802702138287,5.67134014677162,12.9485706195181,15.5937073287964,2.50750929421095,0.123269575010532,1.0123307106229,0.0501833603105719
-264.531211378612,-280.950020115659,5.68933999323529,13.4841343335195,15.5937073287964,2.50750929421095,0.123269575010532,1.0123307106229,0.0501833603105719
-264.569285924007,-281.097351792443,5.72741453862979,14.2454310070191,15.5937073287964,2.50750929421095,0.123269575010532,1.0123307106229,0.0501833603105719
-264.594713935244,-281.24305148188,5.75284254986691,14.2442326560024,15.5937073287964,2.50750929421095,0.123269575010532,1.0123307106229,0.0501833603105719
-264.627407443182,-281.38694698971,5.78553605780507,15.39376598536,16.0607798156738,2.50750929421095,0.123269575010532,1.0123307106229,0.0501833603105719
-264.657724739386,-281.529393881575,5.81585335400892,15.43189820225,16.0607798156738,2.50750929421095,0.123269575010532,1.0123307106229,0.0501833603105719
-264.683405809525,-281.669477363396,5.84153442414809,15.2020483312814,16.0607798156738,2.50750929421095,0.123269575010532,1.0123307106229,0.0501833603105719
-264.71933294449,-281.808769072109,5.87746155911356,15.374480061346,16.5284655151367,2.50750929421095,0.123269575010532,1.0123307106229,0.0501833603105719
-264.752290033318,-281.944449718747,5.9104186479414,17.8732497034476,16.5284655151367,2.50750929421095,0.123269575010532,1.0123307106229,0.0501833603105719
-264.778367848591,-282.081759240981,5.9364964632142,16.3494569640972,16.5284655151367,2.50750929421095,0.123269575010532,1.0123307106229,0.0501833603105719
-264.812667349328,-282.213005492222,5.97079596395084,16.4426260125415,16.9974825439453,2.50750929421095,0.123269575010532,1.0123307106229,0.0501833603105719
-264.858053623461,-282.339104492308,6.01618223808403,17.0402227390271,16.9974825439453,2.50750929421095,0.123269575010532,1.0123307106229,0.0501833603105719
-264.872898222984,-282.464587341311,6.03102683760731,16.9380988571757,16.9974825439453,2.50750929421095,0.123269575010532,1.0123307106229,0.0501833603105719
-264.909079626024,-282.587271151984,6.06720824064672,16.1188855452635,16.9974825439453,2.50750929421095,0.123269575010532,1.0123307106229,0.0501833603105719
-264.951759752257,-282.707474468315,6.10988836688003,17.0921270250676,17.3946421203613,2.50750929421095,0.123269575010532,1.0123307106229,0.0501833603105719
-264.983834553769,-282.824426517975,6.14196316839244,16.397329223173,17.3946421203613,2.50750929421095,0.123269575010532,1.0123307106229,0.0501833603105719
-265.009610900104,-282.937481918785,6.16773951472716,16.3434089326514,17.3946421203613,2.50750929421095,0.123269575010532,1.0123307106229,0.0501833603105719
-265.046685392525,-283.047394538143,6.20481400714762,16.5150058957161,17.7451441345215,2.50750929421095,0.123269575010532,1.0123307106229,0.0501833603105719
-265.089982239468,-283.154094472965,6.24811085409099,17.2131204356635,17.7451441345215,2.50750929421095,0.123269575010532,1.0123307106229,0.0501833603105719
-265.109732328331,-283.256293156647,6.26786094295434,15.8168075346246,17.7451441345215,2.50750929421095,0.123269575010532,1.0123307106229,0.0501833603105719
-265.151602987051,-283.354866967352,6.3097316016737,15.5558918951007,18.1660540161133,2.50750929421095,0.123269575010532,1.0123307106229,0.0501833603105719
-265.170573896796,-283.450060637191,6.32870251141876,15.142636837131,18.1660540161133,2.50750929421095,0.123269575010532,1.0123307106229,0.0501833603105719
-265.205112391383,-283.541088320842,6.36324100600621,15.2313677860049,18.1660540161133,2.50750929421095,0.123269575010532,1.0123307106229,0.0501833603105719
-265.226533987551,-283.627761317506,6.38466260217413,13.6951694164026,18.4252474365234,2.50750929421095,0.123269575010532,1.0123307106229,0.0501833603105719
-265.263468071086,-283.710347988911,6.42159668570885,13.816259454678,18.4252474365234,2.50750929421095,0.123269575010532,1.0123307106229,0.0501833603105719
-265.282094131621,-283.788971845474,6.44022274624401,13.5818159380149,18.4252474365234,2.50750929421095,0.123269575010532,1.0123307106229,0.0501833603105719
-265.307212389339,-283.863436780259,6.46534100396251,12.7858925993023,18.4252474365234,2.50750929421095,0.123269575010532,1.0123307106229,0.0501833603105719
-265.330839394774,-283.933456689879,6.48896800939663,12.5140460167232,18.6826975402832,2.50750929421095,0.123269575010532,1.0123307106229,0.0501833603105719
-265.370139985966,-283.999270646063,6.52826860058953,12.5237471213623,18.6826975402832,2.50750929421095,0.123269575010532,1.0123307106229,0.0501833603105719
-265.379391063955,-284.060723209286,6.53751967857846,12.8646404961018,18.6826975402832,2.50750929421095,0.123269575010532,1.0123307106229,0.0501833603105719
-265.388423697287,-284.117432881526,6.54655231191031,12.2555375722766,18.9379313049316,2.50750929421095,0.123269575010532,1.0123307106229,0.0501833603105719
-265.425233911183,-284.170108045241,6.58336252580594,12.0622947186901,18.9379313049316,2.50750929421095,0.123269575010532,1.0123307106229,0.0501833603105719
-265.453280863655,-284.217885459193,6.61140947827821,12.1081382011449,18.9379313049316,2.50750929421095,0.123269575010532,1.0123307106229,0.0501833603105719
-265.464727513548,-284.261429180173,6.62285612817071,11.2993741798291,19.1028864440918,2.50750929421095,0.123269575010532,1.0123307106229,0.0501833603105719
-265.486789591425,-284.300854247013,6.64491820604801,10.5472969780198,19.1028864440918,2.50750929421095,0.123269575010532,1.0123307106229,0.0501833603105719
-265.504722912856,-284.335339454206,6.66285152747936,10.0511829053428,19.1028864440918,2.50750929421095,0.123269575010532,1.0123307106229,0.0501833603105719
-265.525460710922,-284.365648687895,6.68358932554508,10.096948088436,19.1028864440918,2.50750929421095,0.123269575010532,1.0123307106229,0.0501833603105719
-265.541533709185,-284.39153499485,6.69966232380831,10.0607529199012,19.2413446960449,2.50750929421095,0.123269575010532,1.0123307106229,0.0501833603105719
-265.567232546138,-284.413139034734,6.725361160761,9.46585808456719,19.2413446960449,2.50750929421095,0.123269575010532,1.0123307106229,0.0501833603105719
-265.578352417319,-284.430263567713,6.7364810319418,8.70534606484112,19.2413446960449,2.50750929421095,0.123269575010532,1.0123307106229,0.0501833603105719
-265.596769718302,-284.443135532766,6.75489833292525,8.79172287337776,19.3115999755859,2.50750929421095,0.123269575010532,1.0123307106229,0.0501833603105719
-265.617336643037,-284.451813880321,6.77546525765987,8.8282234615036,19.3115999755859,2.50750929421095,0.123269575010532,1.0123307106229,0.0501833603105719
-265.637890929821,-284.456333690813,6.79601954444359,8.82062768406631,19.3115999755859,2.50750929421095,0.123269575010532,1.0123307106229,0.0501833603105719
-265.644068850264,-284.456727060046,6.80219746488719,8.07690823279537,19.3115999755859,2.50750929421095,0.123269575010532,1.0123307106229,0.0501833603105719
-265.654992504808,-284.453090345196,6.81312111943067,6.96292719807275,19.3131144104004,2.50750929421095,0.123269575010532,1.0123307106229,0.0501833603105719
-265.678793500738,-284.445454420078,6.83692211536108,6.50070976791598,19.3131144104004,2.50750929421095,0.123269575010532,1.0123307106229,0.0501833603105719
-265.685961138926,-284.433938165991,6.84408975354867,5.6380462799752,19.3131144104004,2.50750929421095,0.123269575010532,1.0123307106229,0.0501833603105719
-265.691858942382,-284.418637172323,6.84998755700483,5.52315080745599,19.1973841247559,2.50750929421095,0.123269575010532,1.0123307106229,0.0501833603105719
-265.709915648954,-284.399345783079,6.86804426357729,5.12667470532651,19.1973841247559,2.50750929421095,0.123269575010532,1.0123307106229,0.0501833603105719
-265.716350656109,-284.376951833714,6.87447927073181,4.37740601687548,19.1973841247559,2.50750929421095,0.123269575010532,1.0123307106229,0.0501833603105719
-265.727121264418,-284.350918731595,6.8852498790416,4.02643913105082,18.9406168518066,2.50750929421095,0.123269575010532,1.0123307106229,0.0501833603105719
-265.732651839561,-284.321306268299,6.89078045418379,4.28072030052268,18.9406168518066,2.50750929421095,0.123269575010532,1.0123307106229,0.0501833603105719
-265.730430085998,-284.288315603958,6.88855870062116,3.82464000282974,18.9406168518066,2.50750929421095,0.123269575010532,1.0123307106229,0.0501833603105719
-265.745997718181,-284.252387558477,6.90412633280374,3.3043556575841,18.6162378845215,2.50750929421095,0.123269575010532,1.0123307106229,0.0501833603105719
-265.757676619198,-284.213249918685,6.91580523382101,2.21563923913881,18.6162378845215,2.50750929421095,0.123269575010532,1.0123307106229,0.0501833603105719
-265.747166895693,-284.171183404762,6.90529551031582,0.797374391038863,18.6162378845215,2.50750929421095,0.123269575010532,1.0123307106229,0.0501833603105719
-265.75188938743,-284.126115953043,6.91001800205349,-0.164381658281211,18.6162378845215,2.50750929421095,0.123269575010532,1.0123307106229,0.0501833603105719
-265.756208622137,-284.078661492236,6.9143372367606,-2.40131955829255,18.3379213867188,2.50750929421095,0.123269575010532,1.0123307106229,0.0501833603105719
-265.741148190691,-284.028293695891,6.89927680531438,-2.33067921570794,18.3379213867188,2.50750929421095,0.123269575010532,1.0123307106229,0.0501833603105719
-265.75024563123,-283.974916203004,6.90837424585344,-2.46001246006477,18.3379213867188,2.50750929421095,0.123269575010532,1.0123307106229,0.0501833603105719
-265.741475790004,-283.919220304901,6.89960440462739,-4.98792405082848,18.079983001709,2.50750929421095,0.123269575010532,1.0123307106229,0.0501833603105719
-265.736931240262,-283.863157266559,6.89505985488475,-5.88164370981561,18.079983001709,2.50750929421095,0.123269575010532,1.0123307106229,0.0501833603105719
-265.738492271993,-283.803898353679,6.89662088661619,-5.69498178753552,18.079983001709,2.50750929421095,0.123269575010532,1.0123307106229,0.0501833603105719
-265.713174842166,-283.742654858841,6.87130345678905,-6.8544884442552,18.079983001709,2.50750929421095,0.123269575010532,1.0123307106229,0.0501833603105719
-265.703792954301,-283.679492528748,6.86192156892385,-7.94959007127604,17.8677523193359,2.50750929421095,0.123269575010532,1.0123307106229,0.0501833603105719
-265.67819905766,-283.614776162055,6.83632767228287,-8.0829470397454,17.8677523193359,2.50750929421095,0.123269575010532,1.0123307106229,0.0501833603105719
-265.683462827082,-283.548525685212,6.8415914417051,-7.03109209661729,17.8677523193359,2.50750929421095,0.123269575010532,1.0123307106229,0.0501833603105719
-265.65709041573,-283.480553230161,6.81521903035354,-6.34309372143188,17.7948191223145,2.50750929421095,0.123269575010532,1.0123307106229,0.0501833603105719
-265.638916382334,-283.411659623592,6.79704499695694,-6.3983087386461,17.7948191223145,2.50750929421095,0.123269575010532,1.0123307106229,0.0501833603105719
-265.6299980544,-283.341654018619,6.78812666902351,-6.27197876087903,17.7948191223145,2.50750929421095,0.123269575010532,1.0123307106229,0.0501833603105719
-265.613947950378,-283.270363861818,6.77207656500134,-6.48875033669749,17.7461741027832,2.50750929421095,0.123269575010532,1.0123307106229,0.0501833603105719
-265.59239698947,-283.198015133239,6.75052560409323,-6.50065388918236,17.7461741027832,2.50750929421095,0.123269575010532,1.0123307106229,0.0501833603105719
-265.577433890198,-283.124821187993,6.73556250482094,-6.89503291002452,17.7461741027832,2.50750929421095,0.123269575010532,1.0123307106229,0.0501833603105719
-265.569218186488,-283.051367707106,6.72734680111098,-6.85214763772552,17.6031420288086,2.50750929421095,0.123269575010532,1.0123307106229,0.0501833603105719
-265.557286906588,-282.977381010687,6.7154155212108,-6.44164188968389,17.6031420288086,2.50750929421095,0.123269575010532,1.0123307106229,0.0501833603105719
-265.553429497956,-282.902134923057,6.71155811257873,-6.01933899042234,17.6031420288086,2.50750929421095,0.123269575010532,1.0123307106229,0.0501833603105719
-265.530979427903,-282.827618607271,6.68910804252581,-5.73707458269314,17.6031420288086,2.50750929421095,0.123269575010532,1.0123307106229,0.0501833603105719
-265.517441730449,-282.751784912378,6.67557034507249,-6.00850474514728,17.3701784667969,2.50750929421095,0.123269575010532,1.0123307106229,0.0501833603105719
-265.52145681454,-282.676887912342,6.67958542916347,-5.5948557280555,17.3701784667969,2.50750929421095,0.123269575010532,1.0123307106229,0.0501833603105719
-265.50785400816,-282.601805865956,6.6659826227829,-3.98118777342296,17.3701784667969,2.50750929421095,0.123269575010532,1.0123307106229,0.0501833603105719
-265.50412665259,-282.526515603197,6.66225526721315,-3.66174194735909,17.1616327819824,2.50750929421095,0.123269575010532,1.0123307106229,0.0501833603105719
-265.484443314922,-282.450231381796,6.64257192954537,-4.4132029683111,17.1616327819824,2.50750929421095,0.123269575010532,1.0123307106229,0.0501833603105719
-265.495072186055,-282.375762234529,6.65320080067777,-4.78309072630372,17.1616327819824,2.50750929421095,0.123269575010532,1.0123307106229,0.0501833603105719
-265.484789440612,-282.301892652059,6.64291805523526,-4.33264128004417,16.9057886657715,2.50750929421095,0.123269575010532,1.0123307106229,0.0501833603105719
-265.473397429205,-282.227193060169,6.6315260438285,-4.2332604328323,16.9057886657715,2.50750929421095,0.123269575010532,1.0123307106229,0.0501833603105719
-265.472710430306,-282.153536574156,6.63083904492906,-4.39541968805657,16.9057886657715,2.50750929421095,0.123269575010532,1.0123307106229,0.0501833603105719
-265.459218609015,-282.079986893882,6.61734722363827,-3.90769001631393,16.9057886657715,2.50750929421095,0.123269575010532,1.0123307106229,0.0501833603105719
-265.447520198678,-282.007530204133,6.60564881330139,-3.93232640747622,16.648903137207,2.50750929421095,0.123269575010532,1.0123307106229,0.0501833603105719
-265.452889226735,-281.935757461357,6.61101784135831,-4.47494996090407,16.648903137207,2.50750929421095,0.123269575010532,1.0123307106229,0.0501833603105719
-265.43659243628,-281.864777896378,6.59472105090259,-5.20454122456812,16.648903137207,2.50750929421095,0.123269575010532,1.0123307106229,0.0501833603105719
-265.440559240441,-281.793881871625,6.59868785506385,-5.87867796009121,16.4138071594238,2.50750929421095,0.123269575010532,1.0123307106229,0.0501833603105719
-265.417382132323,-281.723950929435,6.57551074694612,-5.90052313807312,16.4138071594238,2.50750929421095,0.123269575010532,1.0123307106229,0.0501833603105719
-265.400431746956,-281.655309147277,6.55856036157926,-6.3324220941151,16.4138071594238,2.50750929421095,0.123269575010532,1.0123307106229,0.0501833603105719
-265.395734410868,-281.586825335929,6.55386302549116,-6.55153225667798,16.2508623657227,2.50750929421095,0.123269575010532,1.0123307106229,0.0501833603105719
-265.392308814894,-281.520261695186,6.55043742951661,-6.32981874504742,16.2508623657227,2.50750929421095,0.123269575010532,1.0123307106229,0.0501833603105719
-265.365403249364,-281.45393350828,6.52353186398685,-6.32341715317667,16.2508623657227,2.50750929421095,0.123269575010532,1.0123307106229,0.0501833603105719
-265.351229059655,-281.388563164104,6.50935767427768,-6.64963900764801,16.2508623657227,2.50750929421095,0.123269575010532,1.0123307106229,0.0501833603105719
-265.339009022254,-281.324013793441,6.49713763687731,-6.93047210253013,16.1334269104004,2.50750929421095,0.123269575010532,1.0123307106229,0.0501833603105719
-265.316927063093,-281.2601519101,6.47505567771628,-6.91778466749341,16.1334269104004,2.50750929421095,0.123269575010532,1.0123307106229,0.0501833603105719
-265.304954495424,-281.197772558105,6.46308311004701,-6.89697424193521,16.1334269104004,2.50750929421095,0.123269575010532,1.0123307106229,0.0501833603105719
-265.293240401777,-281.136540041426,6.45136901640014,-6.73385256687173,15.947806602478,2.50750929421095,0.123269575010532,1.0123307106229,0.0501833603105719
-265.281452110627,-281.07565850874,6.43958072525025,-7.03410095082614,15.947806602478,2.50750929421095,0.123269575010532,1.0123307106229,0.0501833603105719
-265.275853906374,-281.016157270612,6.43398252099753,-7.11247762557325,15.947806602478,2.50750929421095,0.123269575010532,1.0123307106229,0.0501833603105719
-265.253435204584,-280.957222118565,6.41156381920738,-6.60740988985602,15.8537647781372,2.50750929421095,0.123269575010532,1.0123307106229,0.0501833603105719
-265.24688713325,-280.899083837386,6.40501574787322,-6.67099648122109,15.8537647781372,2.50750929421095,0.123269575010532,1.0123307106229,0.0501833603105719
-265.220378406531,-280.841825870355,6.37850702115422,-6.55481405826769,15.8537647781372,2.50750929421095,0.123269575010532,1.0123307106229,0.0501833603105719
-265.212076428595,-280.784519269682,6.37020504321806,-5.85122665376308,15.8537647781372,2.50750929421095,0.123269575010532,1.0123307106229,0.0501833603105719
-265.202336369785,-280.729680871118,6.36046498440851,-5.40127139896867,15.6668694076538,2.50750929421095,0.123269575010532,1.0123307106229,0.0501833603105719
-265.183183437494,-280.674810458538,6.34131205211691,-6.11643166172071,15.6668694076538,2.50750929421095,0.123269575010532,1.0123307106229,0.0501833603105719
-265.185279986374,-280.619199943432,6.34340860099758,-5.70492484577985,15.6668694076538,2.50750929421095,0.123269575010532,1.0123307106229,0.0501833603105719
-265.174096986201,-280.564429295884,6.3322256008243,-5.70543169845332,15.4809906539917,2.50750929421095,0.123269575010532,1.0123307106229,0.0501833603105719
-265.16872726198,-280.513396114663,6.32685587660342,-5.64637971527184,15.4809906539917,2.50750929421095,0.123269575010532,1.0123307106229,0.0501833603105719
-265.146947320816,-280.461097804512,6.30507593543916,-5.85973124241434,15.4809906539917,2.50750929421095,0.123269575010532,1.0123307106229,0.0501833603105719
-265.141687667448,-280.408847859381,6.29981628207149,-5.27451694906615,15.4809906539917,2.50750929421095,0.123269575010532,1.0123307106229,0.0501833603105719
-265.14238252825,-280.357655075398,6.30051114287361,-4.84703760706386,15.3645451126099,2.50750929421095,0.123269575010532,1.0123307106229,0.0501833603105719
-265.10822105737,-280.306347053465,6.26634967199352,-4.98161072816447,15.3645451126099,2.50750929421095,0.123269575010532,1.0123307106229,0.0501833603105719
-265.11839063448,-280.25547913577,6.27651924910355,-4.53910892212527,15.3645451126099,2.50750929421095,0.123269575010532,1.0123307106229,0.0501833603105719
-265.091049924798,-280.204856145991,6.24917853942125,-4.71328495963883,15.2242291030884,2.50750929421095,0.123269575010532,1.0123307106229,0.0501833603105719
-265.090507148381,-280.154452586358,6.24863576300411,-4.59333596347536,15.2242291030884,2.50750929421095,0.123269575010532,1.0123307106229,0.0501833603105719
-265.092021043219,-280.104067919838,6.2501496578421,-4.33532207783882,15.2242291030884,2.50750929421095,0.123269575010532,1.0123307106229,0.0501833603105719
-265.08235571522,-280.053531589467,6.24048432984264,-4.85789889901665,15.0593922195435,2.50750929421095,0.123269575010532,1.0123307106229,0.0501833603105719
-265.075305401447,-280.003523079491,6.23343401607002,-5.54425943817469,15.0593922195435,2.50750929421095,0.123269575010532,1.0123307106229,0.0501833603105719
-265.059020598859,-279.953103913368,6.21714921348249,-5.37410900965897,15.0593922195435,2.50750929421095,0.123269575010532,1.0123307106229,0.0501833603105719
-265.05825184991,-279.902570229429,6.21638046453282,-4.80556965268689,14.9654190597534,2.50750929421095,0.123269575010532,1.0123307106229,0.0501833603105719
-265.043381312701,-279.852131636125,6.20150992732449,-4.64887215289605,14.9654190597534,2.50750929421095,0.123269575010532,1.0123307106229,0.0501833603105719
-265.025412712729,-279.800976234833,6.18354132735172,-4.49632366554549,14.9654190597534,2.50750929421095,0.123269575010532,1.0123307106229,0.0501833603105719
-265.022488141158,-279.749831169271,6.1806167557808,-4.76164620503562,14.9654190597534,2.50750929421095,0.123269575010532,1.0123307106229,0.0501833603105719
-265.013310669761,-279.698329011686,6.17143928438452,-4.67091163485752,14.8478767929077,2.50750929421095,0.123269575010532,1.0123307106229,0.0501833603105719
-264.998270270231,-279.646188502964,6.15639888485364,-4.86012707908116,14.8478767929077,2.50750929421095,0.123269575010532,1.0123307106229,0.0501833603105719
-264.986784963682,-279.593807122203,6.14491357830499,-4.94055832730774,14.8478767929077,2.50750929421095,0.123269575010532,1.0123307106229,0.0501833603105719
-264.980436426975,-279.540662103397,6.13856504159832,-4.91280960690411,14.7076332626343,2.50750929421095,0.123269575010532,1.0123307106229,0.0501833603105719
-264.963526684013,-279.487035567549,6.12165529863617,-5.30560913758594,14.7076332626343,2.50750929421095,0.123269575010532,1.0123307106229,0.0501833603105719
-264.959152572952,-279.433253768958,6.11728118757493,-5.48853553927543,14.7076332626343,2.50750929421095,0.123269575010532,1.0123307106229,0.0501833603105719
-264.945853601397,-279.378083559658,6.10398221602049,-4.9953752245256,14.4984200057983,2.50750929421095,0.123269575010532,1.0123307106229,0.0501833603105719
-264.940296197447,-279.321989049888,6.09842481206979,-4.68141169608339,14.4984200057983,2.50750929421095,0.123269575010532,1.0123307106229,0.0501833603105719
-264.926570910142,-279.265932001503,6.0846995247652,-4.87252224688479,14.4984200057983,2.50750929421095,0.123269575010532,1.0123307106229,0.0501833603105719
-264.909828078113,-279.208550714635,6.06795669273624,-4.24434594034456,14.4984200057983,2.50750929421095,0.123269575010532,1.0123307106229,0.0501833603105719
-264.909843576769,-279.150529623375,6.06797219139182,-4.43355802957836,14.3808052597046,2.50750929421095,0.123269575010532,1.0123307106229,0.0501833603105719
-264.89798019172,-279.091425034118,6.05610880634338,-4.48057072968468,14.3808052597046,2.50750929421095,0.123269575010532,1.0123307106229,0.0501833603105719
-264.894347243816,-279.031741944328,6.05247585843949,-4.47442140519162,14.3808052597046,2.50750929421095,0.123269575010532,1.0123307106229,0.0501833603105719
-264.891997205356,-278.971190650253,6.05012581997871,-4.92740566907877,14.1709740219116,2.50750929421095,0.123269575010532,1.0123307106229,0.0501833603105719
-264.86558624219,-278.909424841295,6.02371485681336,-5.13908994678868,14.1709740219116,2.50750929421095,0.123269575010532,1.0123307106229,0.0501833603105719
-264.864504829034,-278.846984188161,6.02263344365717,-5.16840386545267,14.1709740219116,2.50750929421095,0.123269575010532,1.0123307106229,0.0501833603105719
-264.851850900644,-278.783013328001,6.00997951526705,-4.86668219202812,14.0537884292603,2.50750929421095,0.123269575010532,1.0123307106229,0.0501833603105719
-264.851742179739,-278.718947108614,6.00987079436205,-4.74096735242448,14.0537884292603,2.50750929421095,0.123269575010532,1.0123307106229,0.0501833603105719
-264.839617768503,-278.653697027065,5.99774638312617,-5.24977113389567,14.0537884292603,2.50750929421095,0.123269575010532,1.0123307106229,0.0501833603105719
-264.831886712786,-278.587380688202,5.99001532740956,-5.23543457848919,14.0537884292603,2.50750929421095,0.123269575010532,1.0123307106229,0.0501833603105719
-264.821056421618,-278.520103336613,5.97918503624145,-5.01981055962339,13.8902237472534,2.50750929421095,0.123269575010532,1.0123307106229,0.0501833603105719
-264.811713681813,-278.452250032324,5.96984229643566,-5.21378785067397,13.8902237472534,2.50750929421095,0.123269575010532,1.0123307106229,0.0501833603105719
-264.802257402026,-278.38342782927,5.96038601664883,-4.96572547107396,13.8902237472534,2.50750929421095,0.123269575010532,1.0123307106229,0.0501833603105719
-264.794533130259,-278.313495600038,5.95266174488179,-5.11441452999378,13.749470954895,2.50750929421095,0.123269575010532,1.0123307106229,0.0501833603105719
-264.778168031579,-278.242690755249,5.93629664620177,-5.46194023852925,13.749470954895,2.50750929421095,0.123269575010532,1.0123307106229,0.0501833603105719
-264.762125523493,-278.171863431582,5.92025413811576,-5.72820007098686,13.749470954895,2.50750929421095,0.123269575010532,1.0123307106229,0.0501833603105719
-264.762442266534,-278.10009868743,5.92057088115755,-5.60696471376782,13.5620129165649,2.50750929421095,0.123269575010532,1.0123307106229,0.0501833603105719
-264.752627568973,-278.027188596157,5.91075618359604,-5.53943410746242,13.5620129165649,2.50750929421095,0.123269575010532,1.0123307106229,0.0501833603105719
-264.736085268137,-277.953869840254,5.89421388276046,-5.84136319768223,13.5620129165649,2.50750929421095,0.123269575010532,1.0123307106229,0.0501833603105719
-264.731827272959,-277.879750112471,5.88995588758212,-5.75876013383391,13.5620129165649,2.50750929421095,0.123269575010532,1.0123307106229,0.0501833603105719
-264.714442944661,-277.806311510532,5.87257155928433,-5.00321587798064,13.4207470474243,2.50750929421095,0.123269575010532,1.0123307106229,0.0501833603105719
-264.715083349019,-277.731976230656,5.87321196364204,-5.57435279118744,13.4207470474243,2.50750929421095,0.123269575010532,1.0123307106229,0.0501833603105719
-264.698075032872,-277.656060912579,5.85620364749484,-5.48679400187516,13.4207470474243,2.50750929421095,0.123269575010532,1.0123307106229,0.0501833603105719
-264.674723493775,-277.579129346596,5.8328521083979,-5.40321352774505,13.2338516769409,2.50750929421095,0.123269575010532,1.0123307106229,0.0501833603105719
-264.678769391824,-277.506021015847,5.83689800644699,-5.53709514696208,13.2338516769409,2.50750929421095,0.123269575010532,1.0123307106229,0.0501833603105719
-264.661562032818,-277.430642598477,5.81969064744126,-5.96773550716295,13.2338516769409,2.50750929421095,0.123269575010532,1.0123307106229,0.0501833603105719
-264.649325420771,-277.354586640699,5.80745403539373,-5.85509728344375,13.0478985366821,2.50750929421095,0.123269575010532,1.0123307106229,0.0501833603105719
-264.642258506022,-277.278861401462,5.80038712064501,-5.89777199717839,13.0478985366821,2.50750929421095,0.123269575010532,1.0123307106229,0.0501833603105719
-264.628202594773,-277.204747700948,5.78633120939581,-6.36044834080769,13.0478985366821,2.50750929421095,0.123269575010532,1.0123307106229,0.0501833603105719
-264.614515128257,-277.130202180245,5.77264374288011,-5.93004160738366,13.0478985366821,2.50750929421095,0.123269575010532,1.0123307106229,0.0501833603105719
-264.605661107447,-277.055760443577,5.76378972207009,-5.93172740785432,12.813586479187,2.50750929421095,0.123269575010532,1.0123307106229,0.0501833603105719
-264.59475874031,-276.981692145663,5.7528873549329,-6.1392557561344,12.813586479187,2.50750929421095,0.123269575010532,1.0123307106229,0.0501833603105719
-264.572316476552,-276.909123849839,5.73044509117499,-5.97332733742864,12.813586479187,2.50750929421095,0.123269575010532,1.0123307106229,0.0501833603105719
-264.56180832653,-276.837292438941,5.71993694115297,-6.31816125661522,12.6506226119995,2.50750929421095,0.123269575010532,1.0123307106229,0.0501833603105719
-264.558635382382,-276.766192686193,5.71676399700544,-6.61513873624623,12.6506226119995,2.50750929421095,0.123269575010532,1.0123307106229,0.0501833603105719
-264.53354565858,-276.695780144888,5.69167427320277,-6.80682912230813,12.6506226119995,2.50750929421095,0.123269575010532,1.0123307106229,0.0501833603105719
-264.534443428866,-276.626989032955,5.69257204348889,-6.80424507742239,12.4862949905395,2.50750929421095,0.123269575010532,1.0123307106229,0.0501833603105719
-264.51597219862,-276.558329804164,5.6741008132431,-6.97605125687521,12.4862949905395,2.50750929421095,0.123269575010532,1.0123307106229,0.0501833603105719
-264.510384547292,-276.492405853045,5.66851316191497,-7.29031703945462,12.4862949905395,2.50750929421095,0.123269575010532,1.0123307106229,0.0501833603105719
-264.494898464348,-276.427999719408,5.65302707897058,-7.16229933341171,12.4862949905395,2.50750929421095,0.123269575010532,1.0123307106229,0.0501833603105719
-264.469706420256,-276.365025470483,5.62783503487863,-7.35084587156876,12.4862949905395,2.50750929421095,0.123269575010532,1.0123307106229,0.0501833603105719
-264.458430337749,-276.30329430975,5.6165589523719,-7.27495477498211,12.275033241272,2.50750929421095,0.123269575010532,1.0123307106229,0.0501833603105719
-264.449383111468,-276.24405628479,5.60751172609142,-6.6896460176873,12.275033241272,2.50750929421095,0.123269575010532,1.0123307106229,0.0501833603105719
-264.426354227795,-276.186891932007,5.58448284241791,-6.78192604881799,12.275033241272,2.50750929421095,0.123269575010532,1.0123307106229,0.0501833603105719
-264.412326116928,-276.131525125811,5.57045473155066,-7.47030725240373,12.0893890914917,2.50750929421095,0.123269575010532,1.0123307106229,0.0501833603105719
-264.411707023859,-276.079145057091,5.56983563848229,-7.981839145848,12.0893890914917,2.50750929421095,0.123269575010532,1.0123307106229,0.0501833603105719
-264.396403395156,-276.028756328189,5.55453200977901,-7.6252628972973,11.9014923629761,2.50750929421095,0.123269575010532,1.0123307106229,0.0501833603105719
-264.377920495366,-275.981134613332,5.53604910998928,-7.18091915999863,11.9014923629761,2.50750929421095,0.123269575010532,1.0123307106229,0.0501833603105719
-264.364528727632,-275.936059380571,5.5226573422546,-7.72605636062873,11.9014923629761,2.50750929421095,0.123269575010532,1.0123307106229,0.0501833603105719
-264.343474916704,-275.894044203384,5.50160353132695,-7.64915387164289,11.9014923629761,2.50750929421095,0.123269575010532,1.0123307106229,0.0501833603105719
-264.322351201496,-275.854845616135,5.48047981611916,-7.3206694526316,11.7833645401001,2.50750929421095,0.123269575010532,1.0123307106229,0.0501833603105719
-264.315721487735,-275.818636804297,5.47385010235824,-7.12302621384251,11.7833645401001,2.50750929421095,0.123269575010532,1.0123307106229,0.0501833603105719
-264.297205124093,-275.785748655727,5.45533373871632,-6.76699950767229,11.7833645401001,2.50750929421095,0.123269575010532,1.0123307106229,0.0501833603105719
-264.295831122891,-275.756262464738,5.45395973751372,-7.26912258399167,11.6197559890747,2.50750929421095,0.123269575010532,1.0123307106229,0.0501833603105719
-264.272075548145,-275.730050912457,5.43020416276768,-6.95629965725822,11.6197559890747,2.50750929421095,0.123269575010532,1.0123307106229,0.0501833603105719
-264.266130288237,-275.707404870748,5.42425890285986,-7.66252648928218,11.6197559890747,2.50750929421095,0.123269575010532,1.0123307106229,0.0501833603105719
-264.249644707516,-275.688386600947,5.40777332213932,-7.34502208241232,11.6197559890747,2.50750929421095,0.123269575010532,1.0123307106229,0.0501833603105719
-264.242150281354,-275.673013773812,5.40027889597672,-6.60116485826918,11.4797155914307,2.50750929421095,0.123269575010532,1.0123307106229,0.0501833603105719
-264.231574894927,-275.661444765165,5.38970350955048,-6.45767670646032,11.4797155914307,2.50750929421095,0.123269575010532,1.0123307106229,0.0501833603105719
-264.207935278113,-275.653755399517,5.36606389273636,-6.41174714983857,11.4797155914307,2.50750929421095,0.123269575010532,1.0123307106229,0.0501833603105719
-264.183604009112,-275.650071912521,5.34173262373538,-6.01928054305503,11.4098274765015,2.50750929421095,0.123269575010532,1.0123307106229,0.0501833603105719
-264.197244238818,-275.650414261324,5.35537285344134,-6.34180018182239,11.4098274765015,2.50750929421095,0.123269575010532,1.0123307106229,0.0501833603105719
-264.166314004146,-275.654874822771,5.32444261876924,-5.97786520864738,11.4098274765015,2.50750929421095,0.123269575010532,1.0123307106229,0.0501833603105719
-264.160822748112,-275.663470721714,5.31895136273486,-5.36708410074025,11.3405249176025,2.50750929421095,0.123269575010532,1.0123307106229,0.0501833603105719
-264.131825352233,-275.676334806448,5.28995396685633,-5.68943360790796,11.3405249176025,2.50750929421095,0.123269575010532,1.0123307106229,0.0501833603105719
-264.141529570529,-275.693512174042,5.29965818515216,-6.52306619888642,11.3405249176025,2.50750929421095,0.123269575010532,1.0123307106229,0.0501833603105719
-264.131652720861,-275.715051434267,5.28978133548402,-6.64484843058037,11.3405249176025,2.50750929421095,0.123269575010532,1.0123307106229,0.0501833603105719
-264.126219814224,-275.740772416868,5.28434842884662,-5.65766868230625,11.3184092102051,2.50750929421095,0.123269575010532,1.0123307106229,0.0501833603105719
-264.094470072355,-275.771130317605,5.25259868697764,-5.11123582210699,11.3184092102051,2.50750929421095,0.123269575010532,1.0123307106229,0.0501833603105719
-264.095360178005,-275.805710280947,5.25348879262832,-5.29626348027881,11.3184092102051,2.50750929421095,0.123269575010532,1.0123307106229,0.0501833603105719
-264.092157288423,-275.844947141829,5.2502859030466,-4.54854195980992,11.4335787353516,2.50750929421095,0.123269575010532,1.0123307106229,0.0501833603105719
-264.077643928084,-275.888802731374,5.23577254270696,-3.63078932859877,11.4335787353516,2.50750929421095,0.123269575010532,1.0123307106229,0.0501833603105719
-264.073635126573,-275.936410081178,5.2317637411961,-3.08118515000813,11.4335787353516,2.50750929421095,0.123269575010532,1.0123307106229,0.0501833603105719
-264.051467894604,-275.990484477295,5.20959650922703,-3.37659737855388,11.5743324813843,2.50750929421095,0.123269575010532,1.0123307106229,0.0501833603105719
-264.049714459115,-276.047914196279,5.20784307373834,-3.550095936175,11.5743324813843,2.50750929421095,0.123269575010532,1.0123307106229,0.0501833603105719
-264.045733620241,-276.10695250968,5.20386223486391,-3.38730669649561,11.5743324813843,2.50750929421095,0.123269575010532,1.0123307106229,0.0501833603105719
-264.046149043625,-276.171903968761,5.20427765824805,-3.03313036128081,11.7605087814331,2.50750929421095,0.123269575010532,1.0123307106229,0.0501833603105719
-264.036293370923,-276.242297916504,5.1944219855462,-2.31319273786848,11.7605087814331,2.50750929421095,0.123269575010532,1.0123307106229,0.0501833603105719
-264.039382460577,-276.316910579796,5.19751107519961,-1.51076820526229,11.7605087814331,2.50750929421095,0.123269575010532,1.0123307106229,0.0501833603105719
-264.028565314767,-276.395831236794,5.18669392939031,-0.998195791226556,11.7605087814331,2.50750929421095,0.123269575010532,1.0123307106229,0.0501833603105719
-264.029236821567,-276.478417561077,5.18736543619019,-0.0829439411149691,11.9922649917603,2.50750929421095,0.123269575010532,1.0123307106229,0.0501833603105719
-264.031768960108,-276.564479046076,5.18989757473132,1.19377469167438,11.9922649917603,2.50750929421095,0.123269575010532,1.0123307106229,0.0501833603105719
-264.025250898446,-276.656227431118,5.1833795130688,2.08182613296384,11.9922649917603,2.50750929421095,0.123269575010532,1.0123307106229,0.0501833603105719
-264.045799164645,-276.750522922865,5.20392777926809,2.74533477940781,12.2248222885132,2.50750929421095,0.123269575010532,1.0123307106229,0.0501833603105719
-264.031787621031,-276.849257936523,5.18991623565451,4.54519587735849,12.2248222885132,2.50750929421095,0.123269575010532,1.0123307106229,0.0501833603105719
-264.050274938071,-276.951958965167,5.2084035526942,4.98299583945054,12.2248222885132,2.50750929421095,0.123269575010532,1.0123307106229,0.0501833603105719
-264.055870650006,-277.057796257081,5.2139992646294,5.62603831800998,12.4125168380737,2.50750929421095,0.123269575010532,1.0123307106229,0.0501833603105719
-264.064585889605,-277.168455327029,5.22271450422829,6.52740203903143,12.4125168380737,2.50750929421095,0.123269575010532,1.0123307106229,0.0501833603105719
-264.082123873363,-277.282733040305,5.24025248798643,7.75177478744377,12.4125168380737,2.50750929421095,0.123269575010532,1.0123307106229,0.0501833603105719
-264.103121839463,-277.398906128952,5.26125045408565,7.4525382426727,12.4125168380737,2.50750929421095,0.123269575010532,1.0123307106229,0.0501833603105719
-264.11912356051,-277.517491610612,5.27725217513308,6.16054674421467,12.6482937393188,2.50750929421095,0.123269575010532,1.0123307106229,0.0501833603105719
-264.125876614734,-277.641179001687,5.28400522935696,6.25928498295373,12.6482937393188,2.50750929421095,0.123269575010532,1.0123307106229,0.0501833603105719
-264.130685843354,-277.767473664346,5.28881445797669,6.96490188713376,12.6482937393188,2.50750929421095,0.123269575010532,1.0123307106229,0.0501833603105719
-264.152690095021,-277.895568834785,5.31081870964417,7.68539876782804,12.8845856246948,2.50750929421095,0.123269575010532,1.0123307106229,0.0501833603105719
-264.173480841889,-278.027024786094,5.33160945651207,7.97788671960227,12.8845856246948,2.50750929421095,0.123269575010532,1.0123307106229,0.0501833603105719
-264.193536095653,-278.161552633226,5.35166471027643,8.49478459558503,12.8845856246948,2.50750929421095,0.123269575010532,1.0123307106229,0.0501833603105719
-264.20085067579,-278.297318632027,5.35897929041262,8.26311347515812,12.8845856246948,2.50750929421095,0.123269575010532,1.0123307106229,0.0501833603105719
-264.21861309373,-278.435801614786,5.37674170835306,8.17369817078722,13.2365944442749,2.50750929421095,0.123269575010532,1.0123307106229,0.0501833603105719
-264.23948720004,-278.576016147729,5.39761581466275,8.4858164635723,13.2365944442749,2.50750929421095,0.123269575010532,1.0123307106229,0.0501833603105719
-264.246156286047,-278.718309505179,5.40428490067008,8.93766971055049,13.2365944442749,2.50750929421095,0.123269575010532,1.0123307106229,0.0501833603105719
-264.266739894189,-278.862119209505,5.42486850881196,8.99880775857864,13.5858471450806,2.50750929421095,0.123269575010532,1.0123307106229,0.0501833603105719
-264.278303456721,-279.007907855059,5.43643207134398,8.47417164026341,13.5858471450806,2.50750929421095,0.123269575010532,1.0123307106229,0.0501833603105719
-264.286274714021,-279.154418630386,5.44440332864404,8.60923081248181,13.5858471450806,2.50750929421095,0.123269575010532,1.0123307106229,0.0501833603105719
-264.30922086811,-279.302357152543,5.46734948273359,9.1019996881348,14.0522854385376,2.50750929421095,0.123269575010532,1.0123307106229,0.0501833603105719
-264.322613119027,-279.451259910876,5.48074173365004,9.61095517384584,14.0522854385376,2.50750929421095,0.123269575010532,1.0123307106229,0.0501833603105719
-264.340700213432,-279.599992939614,5.49882882805514,9.40865223246795,14.0522854385376,2.50750929421095,0.123269575010532,1.0123307106229,0.0501833603105719
-264.357379811873,-279.750940955921,5.5155084264959,9.3831008258747,14.5189220962524,2.50750929421095,0.123269575010532,1.0123307106229,0.0501833603105719
-264.37149864368,-279.900783622385,5.52962725830275,9.79772482586359,14.5189220962524,2.50750929421095,0.123269575010532,1.0123307106229,0.0501833603105719
-264.395396174759,-280.052057529825,5.55352478938198,10.550781855293,14.5189220962524,2.50750929421095,0.123269575010532,1.0123307106229,0.0501833603105719
-264.419488979538,-280.203225338214,5.57761759416159,11.0954319377905,14.5189220962524,2.50750929421095,0.123269575010532,1.0123307106229,0.0501833603105719
-264.442959584684,-280.353862201533,5.60108819930755,11.7196098937804,15.0311634597778,2.50750929421095,0.123269575010532,1.0123307106229,0.0501833603105719
-264.459161343978,-280.50417300866,5.6172899586015,11.9631214245336,15.0311634597778,2.50750929421095,0.123269575010532,1.0123307106229,0.0501833603105719
-264.482498776828,-280.653291246202,5.64062739145144,11.956305236228,15.0311634597778,2.50750929421095,0.123269575010532,1.0123307106229,0.0501833603105719
-264.50391173282,-280.801870499721,5.66204034744339,12.9366870502996,15.5216114578247,2.50750929421095,0.123269575010532,1.0123307106229,0.0501833603105719
-264.532176936752,-280.950125541842,5.69030555137473,13.6707643289426,15.5216114578247,2.50750929421095,0.123269575010532,1.0123307106229,0.0501833603105719
-264.549188319848,-281.097247241719,5.70731693447085,14.409500456591,15.5216114578247,2.50750929421095,0.123269575010532,1.0123307106229,0.0501833603105719
-264.589080033979,-281.242257609283,5.74720864860245,14.143263216494,16.0845530090332,2.50750929421095,0.123269575010532,1.0123307106229,0.0501833603105719
-264.62818093735,-281.386451973618,5.78630955197279,14.8656706859576,16.0845530090332,2.50750929421095,0.123269575010532,1.0123307106229,0.0501833603105719
-264.645165686068,-281.528736343659,5.80329430069071,15.3865490979215,16.0845530090332,2.50750929421095,0.123269575010532,1.0123307106229,0.0501833603105719
-264.680239350627,-281.670042765097,5.83836796525039,15.0009097529617,16.0845530090332,2.50750929421095,0.123269575010532,1.0123307106229,0.0501833603105719
-264.707913700458,-281.808539775476,5.86604231508064,15.1737650676718,16.5275995788574,2.50750929421095,0.123269575010532,1.0123307106229,0.0501833603105719
-264.743046360833,-281.944530264578,5.90117497545639,17.700124590231,16.5275995788574,2.50750929421095,0.123269575010532,1.0123307106229,0.0501833603105719
-264.784994837815,-282.078216356525,5.94312345243791,16.8329611694131,16.5275995788574,2.50750929421095,0.123269575010532,1.0123307106229,0.0501833603105719
-264.809567664196,-282.212664385401,5.9676962788196,16.739333204181,16.9481012878418,2.50750929421095,0.123269575010532,1.0123307106229,0.0501833603105719
-264.840096018187,-282.342383508393,5.99822463280975,17.0092747187647,16.9481012878418,2.50750929421095,0.123269575010532,1.0123307106229,0.0501833603105719
-264.877857488376,-282.465195861537,6.03598610299938,17.0593311757196,16.9481012878418,2.50750929421095,0.123269575010532,1.0123307106229,0.0501833603105719
-264.922668462681,-282.587763568723,6.08079707730413,16.440410263068,16.9481012878418,2.50750929421095,0.123269575010532,1.0123307106229,0.0501833603105719
-264.935921284949,-282.707559105682,6.09404989957218,17.3881210791044,17.3708193359375,2.50750929421095,0.123269575010532,1.0123307106229,0.0501833603105719
-264.972991249115,-282.824028802228,6.13111986373804,16.6932248119502,17.3708193359375,2.50750929421095,0.123269575010532,1.0123307106229,0.0501833603105719
-265.011146406698,-282.937375452495,6.16927502132097,15.938859769705,17.3708193359375,2.50750929421095,0.123269575010532,1.0123307106229,0.0501833603105719
-265.050007848425,-283.04699500489,6.20813646304796,16.4983060838853,17.7687418518066,2.50750929421095,0.123269575010532,1.0123307106229,0.0501833603105719
-265.089957580986,-283.153571448705,6.24808619560879,17.2157767098845,17.7687418518066,2.50750929421095,0.123269575010532,1.0123307106229,0.0501833603105719
-265.112635941766,-283.255824830864,6.27076455638958,14.6342862231272,17.7687418518066,2.50750929421095,0.123269575010532,1.0123307106229,0.0501833603105719
-265.142241915498,-283.355074868169,6.30037053012117,14.9965414456835,18.0971338806152,2.50750929421095,0.123269575010532,1.0123307106229,0.0501833603105719
-265.167824229004,-283.449938747797,6.32595284362719,15.5282914509176,18.0971338806152,2.50750929421095,0.123269575010532,1.0123307106229,0.0501833603105719
-265.200413756864,-283.541151928494,6.35854237148692,15.9387663598748,18.0971338806152,2.50750929421095,0.123269575010532,1.0123307106229,0.0501833603105719
-265.224719946561,-283.627346555958,6.38284856118365,14.1622242507352,18.3770792541504,2.50750929421095,0.123269575010532,1.0123307106229,0.0501833603105719
-265.251774729147,-283.710328748587,6.40990334376967,14.127270852552,18.3770792541504,2.50750929421095,0.123269575010532,1.0123307106229,0.0501833603105719
-265.280870983535,-283.789108586997,6.4389995981583,13.901215434115,18.3770792541504,2.50750929421095,0.123269575010532,1.0123307106229,0.0501833603105719
-265.317376836751,-283.863273258009,6.47550545137437,12.7846483755658,18.3770792541504,2.50750929421095,0.123269575010532,1.0123307106229,0.0501833603105719
-265.328735477531,-283.933432417984,6.48686409215454,12.7629577133212,18.6573870239258,2.50750929421095,0.123269575010532,1.0123307106229,0.0501833603105719
-265.362511487841,-283.999164668086,6.52064010246378,12.217524986934,18.6573870239258,2.50750929421095,0.123269575010532,1.0123307106229,0.0501833603105719
-265.377267867237,-284.060328636637,6.53539648186008,11.6068014630633,18.6573870239258,2.50750929421095,0.123269575010532,1.0123307106229,0.0501833603105719
-265.403752531105,-284.117172068291,6.56188114572803,11.856533946764,18.8909952697754,2.50750929421095,0.123269575010532,1.0123307106229,0.0501833603105719
-265.417333718191,-284.169772611148,6.57546233281403,12.2560192417137,18.8909952697754,2.50750929421095,0.123269575010532,1.0123307106229,0.0501833603105719
-265.440005370362,-284.217950985936,6.59813398498471,12.136104126689,18.8909952697754,2.50750929421095,0.123269575010532,1.0123307106229,0.0501833603105719
-265.457928275949,-284.261498213472,6.61605689057254,11.0985741427987,19.0091211853027,2.50750929421095,0.123269575010532,1.0123307106229,0.0501833603105719
-265.486239165096,-284.300726679596,6.64436777971955,10.7463955360724,19.0091211853027,2.50750929421095,0.123269575010532,1.0123307106229,0.0501833603105719
-265.50329201674,-284.335567862877,6.66142063136338,10.8469395957882,19.0091211853027,2.50750929421095,0.123269575010532,1.0123307106229,0.0501833603105719
-265.513834692252,-284.365705581352,6.6719633068747,9.99961341863469,19.0091211853027,2.50750929421095,0.123269575010532,1.0123307106229,0.0501833603105719
-265.554423133292,-284.391509568324,6.71255174791535,9.61744012271098,19.1719439086914,2.50750929421095,0.123269575010532,1.0123307106229,0.0501833603105719
-265.563402685191,-284.413076793103,6.72153129981401,9.50958014856595,19.1719439086914,2.50750929421095,0.123269575010532,1.0123307106229,0.0501833603105719
-265.582883923236,-284.430301201921,6.74101253785947,8.79064841601497,19.1719439086914,2.50750929421095,0.123269575010532,1.0123307106229,0.0501833603105719
-265.594919080441,-284.443123951207,6.75304769506446,9.12635220930334,19.312519317627,2.50750929421095,0.123269575010532,1.0123307106229,0.0501833603105719
-265.61090384829,-284.45181230867,6.76903246291349,8.69320787173321,19.312519317627,2.50750929421095,0.123269575010532,1.0123307106229,0.0501833603105719
-265.632995308638,-284.456336881255,6.7911239232607,8.84796231700654,19.312519317627,2.50750929421095,0.123269575010532,1.0123307106229,0.0501833603105719
-265.64125352191,-284.456727644914,6.79938213653292,8.19036487482085,19.3362238464355,2.50750929421095,0.123269575010532,1.0123307106229,0.0501833603105719
-265.66747757192,-284.453065444665,6.82560618654271,7.18389468478046,19.3362238464355,2.50750929421095,0.123269575010532,1.0123307106229,0.0501833603105719
-265.663400655381,-284.445470398704,6.82152927000412,6.43361381253467,19.3362238464355,2.50750929421095,0.123269575010532,1.0123307106229,0.0501833603105719
-265.692007730553,-284.43397496327,6.85013634517573,5.79118676712369,19.3362238464355,2.50750929421095,0.123269575010532,1.0123307106229,0.0501833603105719
-265.696627003438,-284.41867403099,6.85475561806087,5.80515266461332,19.2437517700195,2.50750929421095,0.123269575010532,1.0123307106229,0.0501833603105719
-265.711267403569,-284.399594588939,6.86939601819259,5.51639523453499,19.2437517700195,2.50750929421095,0.123269575010532,1.0123307106229,0.0501833603105719
-265.717522794518,-284.376873225897,6.8756514091412,4.4978099475911,19.2437517700195,2.50750929421095,0.123269575010532,1.0123307106229,0.0501833603105719
-265.72253533766,-284.350795786246,6.88066395228315,4.21860625800068,19.032978302002,2.50750929421095,0.123269575010532,1.0123307106229,0.0501833603105719
-265.726166583679,-284.321287652084,6.88429519830241,4.23165010657721,19.032978302002,2.50750929421095,0.123269575010532,1.0123307106229,0.0501833603105719
-265.738829242733,-284.288179888798,6.89695785735628,4.1769784118513,19.032978302002,2.50750929421095,0.123269575010532,1.0123307106229,0.0501833603105719
-265.752130457825,-284.252342714175,6.91025907244824,3.50337406601724,18.7560923156738,2.50750929421095,0.123269575010532,1.0123307106229,0.0501833603105719
-265.755443388988,-284.213211164159,6.91357200361148,2.58641510234359,18.7560923156738,2.50750929421095,0.123269575010532,1.0123307106229,0.0501833603105719
-265.76092629884,-284.171100365924,6.91905491346273,1.25298661324689,18.7560923156738,2.50750929421095,0.123269575010532,1.0123307106229,0.0501833603105719
-265.753623040409,-284.126055212016,6.91175165503199,0.563655475583521,18.7560923156738,2.50750929421095,0.123269575010532,1.0123307106229,0.0501833603105719
-265.754569902119,-284.077651187325,6.91269851674259,-0.394955316728237,18.4308207092285,2.50750929421095,0.123269575010532,1.0123307106229,0.0501833603105719
-265.740835927268,-284.028048115551,6.89896454189087,-1.83597101857862,18.4308207092285,2.50750929421095,0.123269575010532,1.0123307106229,0.0501833603105719
-265.762429118837,-283.975513894968,6.92055773345984,-1.56995400393926,18.4308207092285,2.50750929421095,0.123269575010532,1.0123307106229,0.0501833603105719
-265.758087207866,-283.919890324172,6.91621582248886,-3.721716675759,18.1500284729004,2.50750929421095,0.123269575010532,1.0123307106229,0.0501833603105719
-265.748018858578,-283.862621924898,6.90614747320084,-4.90198220392027,18.1500284729004,2.50750929421095,0.123269575010532,1.0123307106229,0.0501833603105719
-265.742593540099,-283.803682620855,6.90072215472243,-5.8171193717761,18.1500284729004,2.50750929421095,0.123269575010532,1.0123307106229,0.0501833603105719
-265.733938331638,-283.742691931472,6.89206694626077,-6.64950619875869,17.9375231323242,2.50750929421095,0.123269575010532,1.0123307106229,0.0501833603105719
-265.724754903439,-283.679637366081,6.88288351806254,-7.18234119996275,17.9375231323242,2.50750929421095,0.123269575010532,1.0123307106229,0.0501833603105719
-265.712599222815,-283.614877767126,6.87072783743775,-7.88094662317116,17.9375231323242,2.50750929421095,0.123269575010532,1.0123307106229,0.0501833603105719
-265.691605529857,-283.547942136292,6.84973414447987,-7.13548837245853,17.9375231323242,2.50750929421095,0.123269575010532,1.0123307106229,0.0501833603105719
-265.672383766905,-283.480634785024,6.83051238152776,-6.66568434863364,17.8192598876953,2.50750929421095,0.123269575010532,1.0123307106229,0.0501833603105719
-265.659537082008,-283.411726038849,6.817665696631,-6.53618261307563,17.8192598876953,2.50750929421095,0.123269575010532,1.0123307106229,0.0501833603105719
-265.633516611504,-283.341847980383,6.79164522612702,-6.59721356866326,17.8192598876953,2.50750929421095,0.123269575010532,1.0123307106229,0.0501833603105719
-265.63070705117,-283.270389512459,6.78883566579314,-6.49984749976046,17.746601348877,2.50750929421095,0.123269575010532,1.0123307106229,0.0501833603105719
-265.604503286775,-283.198127618047,6.76263190139853,-6.85694269974105,17.746601348877,2.50750929421095,0.123269575010532,1.0123307106229,0.0501833603105719
-265.596648474052,-283.124716296013,6.75477708867472,-6.92039868538788,17.746601348877,2.50750929421095,0.123269575010532,1.0123307106229,0.0501833603105719
-265.570484599661,-283.051596885795,6.72861321428403,-6.9658473044772,17.6056444702148,2.50750929421095,0.123269575010532,1.0123307106229,0.0501833603105719
-265.575613151245,-282.977176888559,6.73374176586822,-7.10388646052086,17.6056444702148,2.50750929421095,0.123269575010532,1.0123307106229,0.0501833603105719
-265.558710663123,-282.902688088749,6.71683927774563,-6.95092192785524,17.6056444702148,2.50750929421095,0.123269575010532,1.0123307106229,0.0501833603105719
-265.544604431193,-282.827511134083,6.70273304581581,-6.37749687054103,17.6056444702148,2.50750929421095,0.123269575010532,1.0123307106229,0.0501833603105719
-265.538040509465,-282.75239540655,6.69616912408783,-6.19884856247381,17.4173624572754,2.50750929421095,0.123269575010532,1.0123307106229,0.0501833603105719
-265.527604871186,-282.676932849936,6.6857334858092,-5.93005143525169,17.4173624572754,2.50750929421095,0.123269575010532,1.0123307106229,0.0501833603105719
-265.515604236217,-282.601455423185,6.67373285083983,-4.55111997279015,17.4173624572754,2.50750929421095,0.123269575010532,1.0123307106229,0.0501833603105719
-265.508738981318,-282.526309226114,6.66686759594104,-4.38588995114027,17.160679107666,2.50750929421095,0.123269575010532,1.0123307106229,0.0501833603105719
-265.498589154343,-282.450857835942,6.6567177689662,-4.76762255920976,17.160679107666,2.50750929421095,0.123269575010532,1.0123307106229,0.0501833603105719
-265.482320716608,-282.375967305052,6.6404493312312,-4.90945530145801,17.160679107666,2.50750929421095,0.123269575010532,1.0123307106229,0.0501833603105719
-265.476273100616,-282.30170630399,6.63440171523949,-4.53100062451625,17.160679107666,2.50750929421095,0.123269575010532,1.0123307106229,0.0501833603105719
-265.479366007095,-282.227131306957,6.63749462171848,-4.52166978897651,16.9286425170898,2.50750929421095,0.123269575010532,1.0123307106229,0.0501833603105719
-265.478810577073,-282.15286190924,6.63693919169572,-4.67589127829084,16.9286425170898,2.50750929421095,0.123269575010532,1.0123307106229,0.0501833603105719
-265.462162136566,-282.080004282659,6.62029075118942,-4.23075508386912,16.9286425170898,2.50750929421095,0.123269575010532,1.0123307106229,0.0501833603105719
-265.45888400522,-282.00784052998,6.61701261984293,-4.50100679471043,16.6725428161621,2.50750929421095,0.123269575010532,1.0123307106229,0.0501833603105719
-265.440897219043,-281.935706226114,6.59902583366573,-4.93298937076275,16.6725428161621,2.50750929421095,0.123269575010532,1.0123307106229,0.0501833603105719
-265.43657918987,-281.864515864567,6.59470780449334,-4.67670098150302,16.6725428161621,2.50750929421095,0.123269575010532,1.0123307106229,0.0501833603105719
-265.428126200203,-281.793848430421,6.58625481482589,-5.58801283916827,16.4163096008301,2.50750929421095,0.123269575010532,1.0123307106229,0.0501833603105719
-265.419134093323,-281.724355853048,6.57726270794629,-5.93906231010614,16.4163096008301,2.50750929421095,0.123269575010532,1.0123307106229,0.0501833603105719
-265.404030030778,-281.655007112962,6.56215864540088,-6.23692918311913,16.4163096008301,2.50750929421095,0.123269575010532,1.0123307106229,0.0501833603105719
-265.388345468573,-281.587244410694,6.54647408319625,-6.43644616203627,16.2513506469727,2.50750929421095,0.123269575010532,1.0123307106229,0.0501833603105719
-265.375379116697,-281.520349181494,6.53350773132011,-6.55395047829934,16.2513506469727,2.50750929421095,0.123269575010532,1.0123307106229,0.0501833603105719
-265.372479722035,-281.453902130208,6.53060833665842,-6.97407274428462,16.2513506469727,2.50750929421095,0.123269575010532,1.0123307106229,0.0501833603105719
-265.346782591812,-281.388393008953,6.5049112064347,-6.98468025203329,16.2513506469727,2.50750929421095,0.123269575010532,1.0123307106229,0.0501833603105719
-265.34874744169,-281.323952806928,6.50687605631312,-6.9179364395874,16.06430078125,2.50750929421095,0.123269575010532,1.0123307106229,0.0501833603105719
-265.32346923325,-281.260625166084,6.48159784787261,-6.9626784158599,16.06430078125,2.50750929421095,0.123269575010532,1.0123307106229,0.0501833603105719
-265.289319990293,-281.197668943861,6.44744860491619,-6.87907546490224,16.06430078125,2.50750929421095,0.123269575010532,1.0123307106229,0.0501833603105719
-265.28932823985,-281.136321288693,6.44745685447357,-6.78631376584149,15.9001877365112,2.50750929421095,0.123269575010532,1.0123307106229,0.0501833603105719
-265.275814331769,-281.075572310489,6.43394294639199,-7.1665535112011,15.9001877365112,2.50750929421095,0.123269575010532,1.0123307106229,0.0501833603105719
-265.250899050499,-281.015831721432,6.40902766512158,-7.19565786975634,15.9001877365112,2.50750929421095,0.123269575010532,1.0123307106229,0.0501833603105719
-265.256912613719,-280.957005942827,6.4150412283418,-6.81792950559802,15.7362701950073,2.50750929421095,0.123269575010532,1.0123307106229,0.0501833603105719
-265.23573625616,-280.899090710086,6.39386487078353,-7.09850108964736,15.7362701950073,2.50750929421095,0.123269575010532,1.0123307106229,0.0501833603105719
-265.230399073349,-280.841649713658,6.3885276879726,-6.95079841603019,15.7362701950073,2.50750929421095,0.123269575010532,1.0123307106229,0.0501833603105719
-265.211765423177,-280.785321035698,6.36989403780053,-5.98250672750153,15.7362701950073,2.50750929421095,0.123269575010532,1.0123307106229,0.0501833603105719
-265.195577229899,-280.729825925359,6.35370584452194,-6.40793334652169,15.6203606185913,2.50750929421095,0.123269575010532,1.0123307106229,0.0501833603105719
-265.183191115742,-280.674491509846,6.34131973036484,-6.11364673899959,15.6203606185913,2.50750929421095,0.123269575010532,1.0123307106229,0.0501833603105719
-265.177619793537,-280.620427998944,6.33574840816015,-5.46067707936831,15.6203606185913,2.50750929421095,0.123269575010532,1.0123307106229,0.0501833603105719
-265.15884046234,-280.566285080568,6.31696907696328,-5.3397809200557,15.4818584976196,2.50750929421095,0.123269575010532,1.0123307106229,0.0501833603105719
-265.157289041541,-280.511522134443,6.31541765616367,-5.7769686872412,15.4818584976196,2.50750929421095,0.123269575010532,1.0123307106229,0.0501833603105719
-265.142994734774,-280.460356609378,6.30112334939731,-6.10391694512901,15.4818584976196,2.50750929421095,0.123269575010532,1.0123307106229,0.0501833603105719
-265.130254731205,-280.409168928732,6.28838334582821,-5.24704864045766,15.3639614639282,2.50750929421095,0.123269575010532,1.0123307106229,0.0501833603105719
-265.128661814858,-280.357569299047,6.28679042948116,-5.01908942541554,15.3639614639282,2.50750929421095,0.123269575010532,1.0123307106229,0.0501833603105719
-265.108506770497,-280.306353139563,6.26663538511973,-5.57812720667198,15.3639614639282,2.50750929421095,0.123269575010532,1.0123307106229,0.0501833603105719
-265.104616394867,-280.255739397616,6.2627450094902,-4.83835629698324,15.3639614639282,2.50750929421095,0.123269575010532,1.0123307106229,0.0501833603105719
-265.092248902002,-280.20486819847,6.25037751662538,-4.53797967258094,15.2010872421265,2.50750929421095,0.123269575010532,1.0123307106229,0.0501833603105719
-265.088137532707,-280.154200278629,6.24626614733015,-4.59276913335585,15.2010872421265,2.50750929421095,0.123269575010532,1.0123307106229,0.0501833603105719
-265.075580633079,-280.104073915796,6.23370924770245,-4.45623219343333,15.2010872421265,2.50750929421095,0.123269575010532,1.0123307106229,0.0501833603105719
-265.071608145446,-280.053998974257,6.22973676006905,-4.85795860454022,15.0831883010864,2.50750929421095,0.123269575010532,1.0123307106229,0.0501833603105719
-265.051220159219,-280.003529075325,6.20934877384183,-5.24589498708711,15.0831883010864,2.50750929421095,0.123269575010532,1.0123307106229,0.0501833603105719
-265.060805374245,-279.953127941876,6.21893398886791,-5.16792303666116,15.0831883010864,2.50750929421095,0.123269575010532,1.0123307106229,0.0501833603105719
-265.035814285245,-279.901913385307,6.1939428998678,-4.67508919732866,14.9673855361938,2.50750929421095,0.123269575010532,1.0123307106229,0.0501833603105719
-265.02378346,-279.852192156268,6.18191207462265,-4.36567971747731,14.9673855361938,2.50750929421095,0.123269575010532,1.0123307106229,0.0501833603105719
-265.014482181483,-279.801225744736,6.17261079610648,-4.71653008607024,14.9673855361938,2.50750929421095,0.123269575010532,1.0123307106229,0.0501833603105719
-265.002385110808,-279.749800537668,6.16051372543119,-4.71905787795828,14.9673855361938,2.50750929421095,0.123269575010532,1.0123307106229,0.0501833603105719
-264.998371647958,-279.698007962919,6.1565002625808,-4.84082064426448,14.8262493667603,2.50750929421095,0.123269575010532,1.0123307106229,0.0501833603105719
-264.989388887497,-279.646263242977,6.14751750212017,-4.7953415851825,14.8262493667603,2.50750929421095,0.123269575010532,1.0123307106229,0.0501833603105719
-264.98664642374,-279.593693916406,6.14477503836269,-4.65767435430846,14.8262493667603,2.50750929421095,0.123269575010532,1.0123307106229,0.0501833603105719
-264.973223958536,-279.540732023527,6.13135257315961,-5.0535996481782,14.6846954879761,2.50750929421095,0.123269575010532,1.0123307106229,0.0501833603105719
-264.963617417028,-279.486829818728,6.12174603165117,-5.04104364151291,14.6846954879761,2.50750929421095,0.123269575010532,1.0123307106229,0.0501833603105719
-264.951642093639,-279.432889335214,6.10977070826191,-5.08933399274302,14.6846954879761,2.50750929421095,0.123269575010532,1.0123307106229,0.0501833603105719
-264.954545925846,-279.377846251222,6.11267454046915,-4.74727943658912,14.5683090744019,2.50750929421095,0.123269575010532,1.0123307106229,0.0501833603105719
-264.942635943379,-279.322249607116,6.10076455800179,-4.3957682829492,14.5683090744019,2.50750929421095,0.123269575010532,1.0123307106229,0.0501833603105719
-264.923120485384,-279.26557297638,6.08124910000679,-4.75204594608241,14.5683090744019,2.50750929421095,0.123269575010532,1.0123307106229,0.0501833603105719
-264.914370609315,-279.208378930501,6.07249922393815,-4.27205330658861,14.5683090744019,2.50750929421095,0.123269575010532,1.0123307106229,0.0501833603105719
-264.914616804479,-279.150334405629,6.07274541910202,-4.45361916688982,14.4036266860962,2.50750929421095,0.123269575010532,1.0123307106229,0.0501833603105719
-264.889792044879,-279.091594854871,6.04792065950166,-4.25318677663763,14.4036266860962,2.50750929421095,0.123269575010532,1.0123307106229,0.0501833603105719
-264.898618231595,-279.031519291521,6.0567468462186,-4.3887505993113,14.4036266860962,2.50750929421095,0.123269575010532,1.0123307106229,0.0501833603105719
-264.882212528159,-278.970833412491,6.04034114278201,-5.0867194794917,14.2621319351196,2.50750929421095,0.123269575010532,1.0123307106229,0.0501833603105719
-264.872098504811,-278.909424841295,6.03022711943385,-4.88240184807229,14.2621319351196,2.50750929421095,0.123269575010532,1.0123307106229,0.0501833603105719
-264.866671999831,-278.846961655259,6.02480061445365,-4.78568327513604,14.2621319351196,2.50750929421095,0.123269575010532,1.0123307106229,0.0501833603105719
-264.859052829013,-278.783348724108,6.01718144363622,-4.79852723577313,14.0994656143188,2.50750929421095,0.123269575010532,1.0123307106229,0.0501833603105719
-264.8512200329,-278.71898577454,6.00934864752356,-4.50431448410224,14.0994656143188,2.50750929421095,0.123269575010532,1.0123307106229,0.0501833603105719
-264.832818119436,-278.653587222075,5.99094673405942,-4.77515484971678,14.0994656143188,2.50750929421095,0.123269575010532,1.0123307106229,0.0501833603105719
-264.824332217108,-278.587189840555,5.98246083173065,-4.64126446190428,14.0994656143188,2.50750929421095,0.123269575010532,1.0123307106229,0.0501833603105719
-264.814292457484,-278.520216155297,5.97242107210666,-4.52612988412297,13.8894379196167,2.50750929421095,0.123269575010532,1.0123307106229,0.0501833603105719
-264.812282015925,-278.452380625074,5.97041063054765,-4.96422571595442,13.8894379196167,2.50750929421095,0.123269575010532,1.0123307106229,0.0501833603105719
-264.792887496884,-278.382799837671,5.95101611150683,-5.15003810912645,13.8894379196167,2.50750929421095,0.123269575010532,1.0123307106229,0.0501833603105719
-264.790102353938,-278.313696225112,5.94823096856101,-5.15823610533442,13.7722523269653,2.50750929421095,0.123269575010532,1.0123307106229,0.0501833603105719
-264.791418750884,-278.243172497885,5.94954736550735,-5.62164832259036,13.7722523269653,2.50750929421095,0.123269575010532,1.0123307106229,0.0501833603105719
-264.773327784286,-278.171846355071,5.93145639890902,-5.87301390928479,13.7722523269653,2.50750929421095,0.123269575010532,1.0123307106229,0.0501833603105719
-264.749522647902,-278.099934923313,5.90765126252496,-5.44130970515292,13.608056312561,2.50750929421095,0.123269575010532,1.0123307106229,0.0501833603105719
-264.749235279441,-278.027032102967,5.90736389406371,-5.26055991080011,13.608056312561,2.50750929421095,0.123269575010532,1.0123307106229,0.0501833603105719
-264.741527876118,-277.954132685649,5.89965649074142,-5.53594026546414,13.608056312561,2.50750929421095,0.123269575010532,1.0123307106229,0.0501833603105719
-264.726041372894,-277.880314693041,5.88416998751712,-5.2345808428756,13.608056312561,2.50750929421095,0.123269575010532,1.0123307106229,0.0501833603105719
-264.732149985643,-277.806098560039,5.89027860026636,-4.74339133853579,13.4427063522339,2.50750929421095,0.123269575010532,1.0123307106229,0.0501833603105719
-264.713334536952,-277.731227307074,5.87146315157522,-6.04603860377378,13.4427063522339,2.50750929421095,0.123269575010532,1.0123307106229,0.0501833603105719
-264.692080957172,-277.65638308912,5.85020957179488,-6.24999138218682,13.4427063522339,2.50750929421095,0.123269575010532,1.0123307106229,0.0501833603105719
-264.687807326157,-277.580879082151,5.84593594078014,-5.78562297000241,13.187199836731,2.50750929421095,0.123269575010532,1.0123307106229,0.0501833603105719
-264.674401351478,-277.503136584751,5.8325299661009,-5.88973717644474,13.187199836731,2.50750929421095,0.123269575010532,1.0123307106229,0.0501833603105719
-264.672654202391,-277.429339407337,5.83078281701438,-6.08584138581544,13.187199836731,2.50750929421095,0.123269575010532,1.0123307106229,0.0501833603105719
-264.655055151342,-277.355251005576,5.81318376596462,-5.939084490636,12.9761726913452,2.50750929421095,0.123269575010532,1.0123307106229,0.0501833603105719
-264.636629280926,-277.27982866553,5.79475789554912,-6.05796112006639,12.9761726913452,2.50750929421095,0.123269575010532,1.0123307106229,0.0501833603105719
-264.627561461991,-277.204836923536,5.78569007661417,-6.2284412020198,12.9761726913452,2.50750929421095,0.123269575010532,1.0123307106229,0.0501833603105719
-264.612239052399,-277.13029980984,5.7703676670221,-6.06175349106142,12.9761726913452,2.50750929421095,0.123269575010532,1.0123307106229,0.0501833603105719
-264.607079124269,-277.056245280014,5.76520773889205,-6.44052776631372,12.7650730667114,2.50750929421095,0.123269575010532,1.0123307106229,0.0501833603105719
-264.59085211219,-276.982277790939,5.74898072681312,-6.3697027295603,12.7650730667114,2.50750929421095,0.123269575010532,1.0123307106229,0.0501833603105719
-264.576263170881,-276.909227689377,5.73439178550383,-6.52833847053322,12.7650730667114,2.50750929421095,0.123269575010532,1.0123307106229,0.0501833603105719
-264.565793674935,-276.83730954212,5.72392228955848,-6.63288937414876,12.6033260879517,2.50750929421095,0.123269575010532,1.0123307106229,0.0501833603105719
-264.554881992386,-276.766049290441,5.71301060700874,-6.65398604460551,12.6033260879517,2.50750929421095,0.123269575010532,1.0123307106229,0.0501833603105719
-264.545457473194,-276.695614082204,5.70358608781707,-7.2119635387171,12.6033260879517,2.50750929421095,0.123269575010532,1.0123307106229,0.0501833603105719
-264.520298169503,-276.626940089449,5.6784267841265,-6.9560678914063,12.6033260879517,2.50750929421095,0.123269575010532,1.0123307106229,0.0501833603105719
-264.513590935565,-276.55886539964,5.67171955018791,-6.8888795554868,12.3931114730835,2.50750929421095,0.123269575010532,1.0123307106229,0.0501833603105719
-264.505660984718,-276.492702917435,5.66378959934105,-6.97072611218534,12.3931114730835,2.50750929421095,0.123269575010532,1.0123307106229,0.0501833603105719
-264.489366575161,-276.427793839846,5.64749518978397,-7.2681798744792,12.3931114730835,2.50750929421095,0.123269575010532,1.0123307106229,0.0501833603105719
-264.467255803157,-276.364306071512,5.62538441778049,-7.3280970996711,12.2054302749634,2.50750929421095,0.123269575010532,1.0123307106229,0.0501833603105719
-264.462373797225,-276.303567636408,5.62050241184803,-7.35343381646792,12.2054302749634,2.50750929421095,0.123269575010532,1.0123307106229,0.0501833603105719
-264.438784666764,-276.243854654055,5.59691328138695,-6.92515788654119,12.2054302749634,2.50750929421095,0.123269575010532,1.0123307106229,0.0501833603105719
-264.43654088135,-276.186845042167,5.59466949597304,-7.31483910068183,12.0875046310425,2.50750929421095,0.123269575010532,1.0123307106229,0.0501833603105719
-264.415101016772,-276.131589393599,5.57322963139534,-7.67808868274628,12.0875046310425,2.50750929421095,0.123269575010532,1.0123307106229,0.0501833603105719
-264.405737915017,-276.079089775212,5.56386652964003,-7.99186755039993,12.0875046310425,2.50750929421095,0.123269575010532,1.0123307106229,0.0501833603105719
-264.391869490741,-276.028744646706,5.54999810536383,-7.02263513224463,11.9246819076538,2.50750929421095,0.123269575010532,1.0123307106229,0.0501833603105719
-264.377962858311,-275.981118038452,5.53609147293449,-7.16030070249911,11.9246819076538,2.50750929421095,0.123269575010532,1.0123307106229,0.0501833603105719
-264.350926303193,-275.936023028913,5.50905491781656,-7.50583393322112,11.9246819076538,2.50750929421095,0.123269575010532,1.0123307106229,0.0501833603105719
-264.337834566794,-275.893961782458,5.49596318141726,-7.24370636499171,11.9246819076538,2.50750929421095,0.123269575010532,1.0123307106229,0.0501833603105719
-264.317460359418,-275.854796243388,5.47558897404132,-7.11442975079923,11.7852280197144,2.50750929421095,0.123269575010532,1.0123307106229,0.0501833603105719
-264.31238633496,-275.818529861278,5.47051494958301,-6.94336530171651,11.7852280197144,2.50750929421095,0.123269575010532,1.0123307106229,0.0501833603105719
-264.309393526364,-275.78576728955,5.46752214098673,-6.55996583377201,11.7852280197144,2.50750929421095,0.123269575010532,1.0123307106229,0.0501833603105719
-264.279526589276,-275.756136040839,5.43765520389938,-7.22847567139676,11.6681969223022,2.50750929421095,0.123269575010532,1.0123307106229,0.0501833603105719
-264.263350616203,-275.729960583137,5.42147923082559,-6.79115019913598,11.6681969223022,2.50750929421095,0.123269575010532,1.0123307106229,0.0501833603105719
-264.263249661081,-275.707412341321,5.4213782757041,-7.51268977998343,11.6681969223022,2.50750929421095,0.123269575010532,1.0123307106229,0.0501833603105719
-264.242649859274,-275.688294199121,5.40077847389736,-6.86858955832951,11.5048973617554,2.50750929421095,0.123269575010532,1.0123307106229,0.0501833603105719
-264.229673996276,-275.672925500954,5.38780261089866,-6.18907760972619,11.5048973617554,2.50750929421095,0.123269575010532,1.0123307106229,0.0501833603105719
-264.221690489768,-275.661365706454,5.37981910439139,-6.34444507385242,11.5048973617554,2.50750929421095,0.123269575010532,1.0123307106229,0.0501833603105719
-264.202841302641,-275.653771683181,5.36096991726442,-6.48610746883436,11.5048973617554,2.50750929421095,0.123269575010532,1.0123307106229,0.0501833603105719
-264.203551117798,-275.650061694294,5.36167973242146,-6.02542164982772,11.4114639816284,2.50750929421095,0.123269575010532,1.0123307106229,0.0501833603105719
-264.180640715065,-275.650413122788,5.33876932968835,-6.05452980320509,11.4114639816284,2.50750929421095,0.123269575010532,1.0123307106229,0.0501833603105719
-264.171257982636,-275.6549162026,5.32938659725918,-5.90544629528597,11.4114639816284,2.50750929421095,0.123269575010532,1.0123307106229,0.0501833603105719
-264.160138062552,-275.663580906236,5.31826667717533,-5.82546497900277,11.3425161895752,2.50750929421095,0.123269575010532,1.0123307106229,0.0501833603105719
-264.156920953946,-275.676476147111,5.31504956856899,-5.87930942580172,11.3425161895752,2.50750929421095,0.123269575010532,1.0123307106229,0.0501833603105719
-264.149842093248,-275.693509872978,5.30797070787103,-5.74629222855136,11.3425161895752,2.50750929421095,0.123269575010532,1.0123307106229,0.0501833603105719
-264.127548872338,-275.715042972344,5.28567748696152,-5.3476409936332,11.3428738174438,2.50750929421095,0.123269575010532,1.0123307106229,0.0501833603105719
-264.115862746799,-275.740852608857,5.27399136142193,-5.18502228765183,11.3428738174438,2.50750929421095,0.123269575010532,1.0123307106229,0.0501833603105719
-264.121442360099,-275.771056832674,5.27957097472198,-4.98526267336733,11.3428738174438,2.50750929421095,0.123269575010532,1.0123307106229,0.0501833603105719
-264.096555914591,-275.805859745227,5.25468452921379,-4.41631339949224,11.3428738174438,2.50750929421095,0.123269575010532,1.0123307106229,0.0501833603105719
-264.082587009027,-275.844602457316,5.24071562364986,-4.20009355048251,11.3879177627563,2.50750929421095,0.123269575010532,1.0123307106229,0.0501833603105719
-264.074884536501,-275.888284323205,5.23301315112423,-4.09409596951605,11.3879177627563,2.50750929421095,0.123269575010532,1.0123307106229,0.0501833603105719
-264.067325576237,-275.936308338276,5.22545419086057,-4.11445672020971,11.3879177627563,2.50750929421095,0.123269575010532,1.0123307106229,0.0501833603105719
-264.064426284239,-275.988788782222,5.22255489886259,-3.51416845798581,11.5751926956177,2.50750929421095,0.123269575010532,1.0123307106229,0.0501833603105719
-264.067705780864,-276.04805542326,5.22583439548679,-3.28490060669126,11.5751926956177,2.50750929421095,0.123269575010532,1.0123307106229,0.0501833603105719
-264.049500935775,-276.10824701351,5.2076295503985,-3.36842754483815,11.5751926956177,2.50750929421095,0.123269575010532,1.0123307106229,0.0501833603105719
-264.053896700272,-276.172671822103,5.21202531489495,-2.84294011097188,11.5751926956177,2.50750929421095,0.123269575010532,1.0123307106229,0.0501833603105719
-264.044379568666,-276.242856945328,5.2025081832896,-2.08974414148712,11.7842247543335,2.50750929421095,0.123269575010532,1.0123307106229,0.0501833603105719
-264.053208838777,-276.316928801186,5.21133745339991,-1.13634822736215,11.7842247543335,2.50750929421095,0.123269575010532,1.0123307106229,0.0501833603105719
-264.048712590126,-276.394889114955,5.20684120474946,-0.150835542138244,11.7842247543335,2.50750929421095,0.123269575010532,1.0123307106229,0.0501833603105719
-264.042580156628,-276.477507766174,5.20070877125089,0.0824246269439785,11.9915516433716,2.50750929421095,0.123269575010532,1.0123307106229,0.0501833603105719
-264.03387668324,-276.564648571506,5.19200529786268,0.675146388999559,11.9915516433716,2.50750929421095,0.123269575010532,1.0123307106229,0.0501833603105719
-264.040473668013,-276.655717900227,5.19860228263602,1.39338939614862,11.9915516433716,2.50750929421095,0.123269575010532,1.0123307106229,0.0501833603105719
-264.03682409139,-276.750661453792,5.19495270601267,2.99713516241222,12.2248947677612,2.50750929421095,0.123269575010532,1.0123307106229,0.0501833603105719
-264.049289779042,-276.849690036362,5.20741839366495,4.86276654656348,12.2248947677612,2.50750929421095,0.123269575010532,1.0123307106229,0.0501833603105719
-264.052445554203,-276.952917679318,5.21057416882648,5.20023711152328,12.2248947677612,2.50750929421095,0.123269575010532,1.0123307106229,0.0501833603105719
-264.065115293033,-277.05844037641,5.22324390765649,5.75669584198728,12.4129459915161,2.50750929421095,0.123269575010532,1.0123307106229,0.0501833603105719
-264.077210836021,-277.168734742517,5.23533945064386,6.41636875426052,12.4129459915161,2.50750929421095,0.123269575010532,1.0123307106229,0.0501833603105719
-264.087757053108,-277.281855379163,5.24588566773115,7.67508562129497,12.4129459915161,2.50750929421095,0.123269575010532,1.0123307106229,0.0501833603105719
-264.103011612592,-277.399230557967,5.26114022721508,7.60776199337445,12.4129459915161,2.50750929421095,0.123269575010532,1.0123307106229,0.0501833603105719
-264.121042429188,-277.517766690772,5.27917104381109,7.13921415680204,12.670483833313,2.50750929421095,0.123269575010532,1.0123307106229,0.0501833603105719
-264.127007788394,-277.641089962661,5.2851364030172,6.68759781860701,12.670483833313,2.50750929421095,0.123269575010532,1.0123307106229,0.0501833603105719
-264.145643658502,-277.767018149597,5.30377227312467,6.52585862232762,12.670483833313,2.50750929421095,0.123269575010532,1.0123307106229,0.0501833603105719
-264.16539664342,-277.895910038126,5.32352525804303,6.92971415927,12.9314186630249,2.50750929421095,0.123269575010532,1.0123307106229,0.0501833603105719
-264.181875229087,-278.026977335304,5.34000384371025,7.72534526460742,12.9314186630249,2.50750929421095,0.123269575010532,1.0123307106229,0.0501833603105719
-264.196484428733,-278.161182166126,5.35461304335627,8.03833086602457,12.9314186630249,2.50750929421095,0.123269575010532,1.0123307106229,0.0501833603105719
-264.209345684129,-278.29705660704,5.36747429875206,7.92723281337891,13.2127964553833,2.50750929421095,0.123269575010532,1.0123307106229,0.0501833603105719
-264.225990712975,-278.4356852239,5.38411932759786,8.36554049538644,13.2127964553833,2.50750929421095,0.123269575010532,1.0123307106229,0.0501833603105719
-264.247438995926,-278.575729577238,5.40556761054944,8.89440038034523,13.2127964553833,2.50750929421095,0.123269575010532,1.0123307106229,0.0501833603105719
-264.25367290436,-278.719094615194,5.41180151898274,8.96792021712998,13.2127964553833,2.50750929421095,0.123269575010532,1.0123307106229,0.0501833603105719
-264.274577000736,-278.862481582586,5.43270561535891,8.31490702198117,13.5851814804077,2.50750929421095,0.123269575010532,1.0123307106229,0.0501833603105719
-264.287383418541,-279.007977548974,5.44551203316385,9.00079347959857,13.5851814804077,2.50750929421095,0.123269575010532,1.0123307106229,0.0501833603105719
-264.297788272682,-279.154805151022,5.45591688730485,8.18105050675611,13.5851814804077,2.50750929421095,0.123269575010532,1.0123307106229,0.0501833603105719
-264.311361925412,-279.302180225021,5.46949054003504,8.81808516781284,14.0289986190796,2.50750929421095,0.123269575010532,1.0123307106229,0.0501833603105719
-264.333473825199,-279.452487759119,5.49160243982239,9.28766023767957,14.0289986190796,2.50750929421095,0.123269575010532,1.0123307106229,0.0501833603105719
-264.340973196361,-279.601118982682,5.49910181098456,9.59697648694916,14.0289986190796,2.50750929421095,0.123269575010532,1.0123307106229,0.0501833603105719
-264.367516924263,-279.751443015183,5.52564553888596,9.59529782102688,14.0289986190796,2.50750929421095,0.123269575010532,1.0123307106229,0.0501833603105719
-264.378041064523,-279.902759756494,5.53616967914594,9.75129453525217,14.5430538711548,2.50750929421095,0.123269575010532,1.0123307106229,0.0501833603105719
-264.404479714666,-280.052488961907,5.56260832928884,10.6478124226619,14.5430538711548,2.50750929421095,0.123269575010532,1.0123307106229,0.0501833603105719
-264.427102294931,-280.203872080916,5.58523090955454,11.0140129684809,14.5430538711548,2.50750929421095,0.123269575010532,1.0123307106229,0.0501833603105719
-264.450355645906,-280.353736682951,5.60848426052901,11.8918168667444,15.0084164199829,2.50750929421095,0.123269575010532,1.0123307106229,0.0501833603105719
-264.471490857276,-280.503887013587,5.62961947189877,12.0241481987518,15.0084164199829,2.50750929421095,0.123269575010532,1.0123307106229,0.0501833603105719
-264.487717496352,-280.653949686269,5.64584611097552,12.3591760530596,15.0084164199829,2.50750929421095,0.123269575010532,1.0123307106229,0.0501833603105719
-264.508007396714,-280.802613667508,5.66613601133709,12.9612197820942,15.4982693252563,2.50750929421095,0.123269575010532,1.0123307106229,0.0501833603105719
-264.543786385814,-280.95058238196,5.70191500043732,13.5561385874447,15.4982693252563,2.50750929421095,0.123269575010532,1.0123307106229,0.0501833603105719
-264.579387075274,-281.097351792443,5.73751568989694,14.3629698890347,15.4982693252563,2.50750929421095,0.123269575010532,1.0123307106229,0.0501833603105719
-264.60225909621,-281.242947935826,5.76038771083337,13.8609597291445,16.0599901733398,2.50750929421095,0.123269575010532,1.0123307106229,0.0501833603105719
-264.626242698334,-281.386639740692,5.78437131295717,14.8375012511778,16.0599901733398,2.50750929421095,0.123269575010532,1.0123307106229,0.0501833603105719
-264.654612115316,-281.52922528591,5.81274072993931,14.8613868482898,16.0599901733398,2.50750929421095,0.123269575010532,1.0123307106229,0.0501833603105719
-264.685472814881,-281.669360953053,5.84360142950407,15.3213278900648,16.0599901733398,2.50750929421095,0.123269575010532,1.0123307106229,0.0501833603105719
-264.71444702043,-281.807720809291,5.87257563505317,15.3786328586745,16.5279543457031,2.50750929421095,0.123269575010532,1.0123307106229,0.0501833603105719
-264.758146318688,-281.945400106428,5.91627493331076,17.3722126026865,16.5279543457031,2.50750929421095,0.123269575010532,1.0123307106229,0.0501833603105719
-264.782383289621,-282.078374559118,5.94051190424433,15.5169212338071,16.5279543457031,2.50750929421095,0.123269575010532,1.0123307106229,0.0501833603105719
-264.827069334251,-282.209283337619,5.98519794887381,16.3214970150774,16.9486620483398,2.50750929421095,0.123269575010532,1.0123307106229,0.0501833603105719
-264.846586946363,-282.340880857342,6.00471556098653,17.1872699219521,16.9486620483398,2.50750929421095,0.123269575010532,1.0123307106229,0.0501833603105719
-264.885463620414,-282.467614402677,6.04359223503709,17.107510870065,16.9486620483398,2.50750929421095,0.123269575010532,1.0123307106229,0.0501833603105719
-264.909185653372,-282.587473917966,6.06731426799495,16.2981111534008,16.9486620483398,2.50750929421095,0.123269575010532,1.0123307106229,0.0501833603105719
-264.940310810528,-282.707305188636,6.09843942515126,17.5956654258257,17.3933680114746,2.50750929421095,0.123269575010532,1.0123307106229,0.0501833603105719
-264.983523076274,-282.823219532826,6.14165169089703,16.9581074988397,17.3933680114746,2.50750929421095,0.123269575010532,1.0123307106229,0.0501833603105719
-265.019006086936,-282.938253704983,6.17713470155906,16.2526565805645,17.3933680114746,2.50750929421095,0.123269575010532,1.0123307106229,0.0501833603105719
-265.038507358757,-283.046853223259,6.19663597337972,16.5432723268699,17.7688982543945,2.50750929421095,0.123269575010532,1.0123307106229,0.0501833603105719
-265.084250062585,-283.153596356721,6.24237867720795,16.6752481179064,17.7688982543945,2.50750929421095,0.123269575010532,1.0123307106229,0.0501833603105719
-265.116622298274,-283.256221111863,6.27475091289725,14.3423184634372,17.7688982543945,2.50750929421095,0.123269575010532,1.0123307106229,0.0501833603105719
-265.141476032848,-283.35491316908,6.29960464747104,15.0586725840023,18.0730021057129,2.50750929421095,0.123269575010532,1.0123307106229,0.0501833603105719
-265.167365646264,-283.450016314565,6.32549426088697,15.6278662449166,18.0730021057129,2.50750929421095,0.123269575010532,1.0123307106229,0.0501833603105719
-265.206601437699,-283.541035312882,6.36473005232258,15.6026789610465,18.0730021057129,2.50750929421095,0.123269575010532,1.0123307106229,0.0501833603105719
-265.225973888204,-283.628044512636,6.38410250282695,13.8399492129295,18.0730021057129,2.50750929421095,0.123269575010532,1.0123307106229,0.0501833603105719
-265.248472642016,-283.710424947824,6.4066012566395,14.1570116450593,18.3527948913574,2.50750929421095,0.123269575010532,1.0123307106229,0.0501833603105719
-265.272531870272,-283.789345573441,6.43066048489549,13.9854518521668,18.3527948913574,2.50750929421095,0.123269575010532,1.0123307106229,0.0501833603105719
-265.314446842169,-283.863746551375,6.47257545679175,13.0729246460903,18.3527948913574,2.50750929421095,0.123269575010532,1.0123307106229,0.0501833603105719
-265.326102666353,-283.934039048659,6.48423128097614,12.8525163141521,18.6098139343262,2.50750929421095,0.123269575010532,1.0123307106229,0.0501833603105719
-265.360234568545,-283.999225228424,6.51836318316812,12.3995810094596,18.6098139343262,2.50750929421095,0.123269575010532,1.0123307106229,0.0501833603105719
-265.370035410417,-284.06073025344,6.5281640250402,11.4842796886904,18.6098139343262,2.50750929421095,0.123269575010532,1.0123307106229,0.0501833603105719
-265.398526222456,-284.117608873537,6.55665483707879,11.4548197394948,18.8674204406738,2.50750929421095,0.123269575010532,1.0123307106229,0.0501833603105719
-265.430377376637,-284.169844506545,6.58850599126037,12.17993764466,18.8674204406738,2.50750929421095,0.123269575010532,1.0123307106229,0.0501833603105719
-265.443969541633,-284.218213001904,6.6020981562564,12.2090074511666,18.8674204406738,2.50750929421095,0.123269575010532,1.0123307106229,0.0501833603105719
-265.463524587524,-284.26143904283,6.62165320214703,11.0645911157243,18.8674204406738,2.50750929421095,0.123269575010532,1.0123307106229,0.0501833603105719
-265.487561887052,-284.300493402161,6.64569050167541,10.4768851343028,19.0801851806641,2.50750929421095,0.123269575010532,1.0123307106229,0.0501833603105719
-265.506375331402,-284.335242604925,6.66450394602497,10.462153552786,19.0801851806641,2.50750929421095,0.123269575010532,1.0123307106229,0.0501833603105719
-265.523761726692,-284.365561639452,6.68189034131478,10.3456183760291,19.0801851806641,2.50750929421095,0.123269575010532,1.0123307106229,0.0501833603105719
-265.537383279555,-284.391385188526,6.695511894178,10.0318690457367,19.2192881164551,2.50750929421095,0.123269575010532,1.0123307106229,0.0501833603105719
-265.566912563175,-284.413009891038,6.72504117779815,9.17506271384459,19.2192881164551,2.50750929421095,0.123269575010532,1.0123307106229,0.0501833603105719
-265.576012328676,-284.430150504007,6.73414094329949,8.61718195112469,19.2192881164551,2.50750929421095,0.123269575010532,1.0123307106229,0.0501833603105719
-265.590430704149,-284.44309690862,6.74855931877189,8.80698979067199,19.312519317627,2.50750929421095,0.123269575010532,1.0123307106229,0.0501833603105719
-265.609194312379,-284.45179421762,6.76732292700183,8.52324369684906,19.312519317627,2.50750929421095,0.123269575010532,1.0123307106229,0.0501833603105719
-265.628156538828,-284.456318512983,6.78628515345125,8.30630502535653,19.312519317627,2.50750929421095,0.123269575010532,1.0123307106229,0.0501833603105719
-265.64987638814,-284.456730561495,6.80800500276296,7.69239278246321,19.3591234741211,2.50750929421095,0.123269575010532,1.0123307106229,0.0501833603105719
-265.664507030446,-284.453097733166,6.82263564506941,7.03862477778905,19.3591234741211,2.50750929421095,0.123269575010532,1.0123307106229,0.0501833603105719
-265.674462809023,-284.445541030989,6.83259142364645,6.29050958496914,19.3591234741211,2.50750929421095,0.123269575010532,1.0123307106229,0.0501833603105719
-265.679609311538,-284.433998946093,6.83773792616105,5.80919926477471,19.3591234741211,2.50750929421095,0.123269575010532,1.0123307106229,0.0501833603105719
-265.6824240263,-284.418588000845,6.84055264092343,5.98040199008888,19.2685473022461,2.50750929421095,0.123269575010532,1.0123307106229,0.0501833603105719
-265.709335938624,-284.399577189256,6.86746455324738,6.16493688076593,19.2685473022461,2.50750929421095,0.123269575010532,1.0123307106229,0.0501833603105719
-265.708624037213,-284.377039133005,6.8667526518365,5.58492023711178,19.2685473022461,2.50750929421095,0.123269575010532,1.0123307106229,0.0501833603105719
-265.726151014287,-284.350858928637,6.88427962890997,4.68073318703976,19.0804750976563,2.50750929421095,0.123269575010532,1.0123307106229,0.0501833603105719
-265.726893342805,-284.321339774527,6.88502195742763,4.1189466190377,19.0804750976563,2.50750929421095,0.123269575010532,1.0123307106229,0.0501833603105719
-265.741135373046,-284.288155208007,6.89926398766866,3.54687684361974,19.0804750976563,2.50750929421095,0.123269575010532,1.0123307106229,0.0501833603105719
-265.75343644282,-284.252539996383,6.91156505744361,3.36382097218011,18.7798693237305,2.50750929421095,0.123269575010532,1.0123307106229,0.0501833603105719
-265.749236559144,-284.213298358056,6.90736517376761,2.77819471697476,18.7798693237305,2.50750929421095,0.123269575010532,1.0123307106229,0.0501833603105719
-265.763551400055,-284.171058842632,6.92168001467819,1.68022527761549,18.7798693237305,2.50750929421095,0.123269575010532,1.0123307106229,0.0501833603105719
-265.7587335277,-284.126314709208,6.9168621423234,0.371104470252787,18.7798693237305,2.50750929421095,0.123269575010532,1.0123307106229,0.0501833603105719
-265.759086290894,-284.078603123107,6.91721490551678,-0.938119162052184,18.4306681213379,2.50750929421095,0.123269575010532,1.0123307106229,0.0501833603105719
-265.769797323873,-284.028453293073,6.92792593849612,-1.81224818348695,18.4306681213379,2.50750929421095,0.123269575010532,1.0123307106229,0.0501833603105719
-265.752705938291,-283.975655242492,6.91083455291369,-1.78523706654827,18.4306681213379,2.50750929421095,0.123269575010532,1.0123307106229,0.0501833603105719
-265.755133529591,-283.920640373848,6.91326214421434,-3.75182962114467,18.1266977844238,2.50750929421095,0.123269575010532,1.0123307106229,0.0501833603105719
-265.742786321529,-283.863247631668,6.90091493615214,-5.60678348258851,18.1266977844238,2.50750929421095,0.123269575010532,1.0123307106229,0.0501833603105719
-265.740542600785,-283.801876682518,6.89867121540805,-5.74418664494964,18.1266977844238,2.50750929421095,0.123269575010532,1.0123307106229,0.0501833603105719
-265.738243715628,-283.742328591911,6.89637233025142,-5.85882552789417,18.1266977844238,2.50750929421095,0.123269575010532,1.0123307106229,0.0501833603105719
-265.715586918955,-283.679866039028,6.87371553357802,-7.06501085627061,17.9145357666016,2.50750929421095,0.123269575010532,1.0123307106229,0.0501833603105719
-265.712548597843,-283.614924660516,6.87067721246654,-8.26017454822943,17.9145357666016,2.50750929421095,0.123269575010532,1.0123307106229,0.0501833603105719
-265.687348446997,-283.54885338461,6.84547706162014,-7.92939578231662,17.9145357666016,2.50750929421095,0.123269575010532,1.0123307106229,0.0501833603105719
-265.680706191213,-283.481075149496,6.83883480583636,-6.86015710608727,17.8197367248535,2.50750929421095,0.123269575010532,1.0123307106229,0.0501833603105719
-265.655638124965,-283.41190867533,6.81376673958828,-6.22688013607625,17.8197367248535,2.50750929421095,0.123269575010532,1.0123307106229,0.0501833603105719
-265.642808173757,-283.341409446966,6.80093678837995,-6.44632138142603,17.8197367248535,2.50750929421095,0.123269575010532,1.0123307106229,0.0501833603105719
-265.620101415804,-283.270517763898,6.77823003042743,-6.73168144940344,17.7237474975586,2.50750929421095,0.123269575010532,1.0123307106229,0.0501833603105719
-265.6096802999,-283.198084354886,6.76780891452311,-6.92782611304343,17.7237474975586,2.50750929421095,0.123269575010532,1.0123307106229,0.0501833603105719
-265.588303050406,-283.12509215252,6.74643166502936,-6.82196297499114,17.7237474975586,2.50750929421095,0.123269575010532,1.0123307106229,0.0501833603105719
-265.56901919925,-283.051120893246,6.72714781387357,-6.97293378799293,17.7237474975586,2.50750929421095,0.123269575010532,1.0123307106229,0.0501833603105719
-265.569258453558,-282.977469758384,6.72738706818138,-7.15772623540035,17.6054651794434,2.50750929421095,0.123269575010532,1.0123307106229,0.0501833603105719
-265.549585434793,-282.902991429791,6.70771404941589,-7.09551629324403,17.6054651794434,2.50750929421095,0.123269575010532,1.0123307106229,0.0501833603105719
-265.541219656208,-282.828030583395,6.6993482708308,-6.40785004984717,17.6054651794434,2.50750929421095,0.123269575010532,1.0123307106229,0.0501833603105719
-265.539734682435,-282.752503139923,6.69786329705835,-6.46115427637339,17.4400179443359,2.50750929421095,0.123269575010532,1.0123307106229,0.0501833603105719
-265.535732463162,-282.677049687627,6.69386107778491,-6.03125962383249,17.4400179443359,2.50750929421095,0.123269575010532,1.0123307106229,0.0501833603105719
-265.504270094085,-282.601904709031,6.66239870870822,-4.86950252444213,17.4400179443359,2.50750929421095,0.123269575010532,1.0123307106229,0.0501833603105719
-265.512295357138,-282.526165660123,6.67042397176126,-4.66279995583832,17.2067225036621,2.50750929421095,0.123269575010532,1.0123307106229,0.0501833603105719
-265.502634888133,-282.451690150706,6.66076350275596,-4.8745035825347,17.2067225036621,2.50750929421095,0.123269575010532,1.0123307106229,0.0501833603105719
-265.491454044905,-282.376484450084,6.6495826595277,-4.81035565704823,17.2067225036621,2.50750929421095,0.123269575010532,1.0123307106229,0.0501833603105719
-265.480259027258,-282.301803914574,6.63838764188079,-4.42581566196796,16.9057085571289,2.50750929421095,0.123269575010532,1.0123307106229,0.0501833603105719
-265.481836332083,-282.2275988751,6.63996494670616,-4.58695779740706,16.9057085571289,2.50750929421095,0.123269575010532,1.0123307106229,0.0501833603105719
-265.476287700527,-282.153632958537,6.63441631514977,-5.03918536200826,16.9057085571289,2.50750929421095,0.123269575010532,1.0123307106229,0.0501833603105719
-265.461870561098,-282.080786812714,6.61999917572115,-4.26230311927139,16.9057085571289,2.50750929421095,0.123269575010532,1.0123307106229,0.0501833603105719
-265.46620221747,-282.007952595047,6.62433083209296,-4.5065590424293,16.6718752441406,2.50750929421095,0.123269575010532,1.0123307106229,0.0501833603105719
-265.439413375939,-281.935578139583,6.59754199056173,-4.90158442944226,16.6718752441406,2.50750929421095,0.123269575010532,1.0123307106229,0.0501833603105719
-265.439063163385,-281.864591937262,6.59719177800827,-5.09339878721135,16.6718752441406,2.50750929421095,0.123269575010532,1.0123307106229,0.0501833603105719
-265.427265869274,-281.794057440902,6.58539448389672,-5.93278359668488,16.415317779541,2.50750929421095,0.123269575010532,1.0123307106229,0.0501833603105719
-265.41137637744,-281.724661630403,6.56950499206327,-5.98428849927123,16.415317779541,2.50750929421095,0.123269575010532,1.0123307106229,0.0501833603105719
-265.411534563439,-281.655603034522,6.56966317806257,-6.43711100637765,16.415317779541,2.50750929421095,0.123269575010532,1.0123307106229,0.0501833603105719
-265.390334276788,-281.587349184688,6.54846289141081,-6.48651883309581,16.203876739502,2.50750929421095,0.123269575010532,1.0123307106229,0.0501833603105719
-265.375893211013,-281.520373041666,6.53402182563589,-6.49210246224815,16.203876739502,2.50750929421095,0.123269575010532,1.0123307106229,0.0501833603105719
-265.36657788184,-281.454043333173,6.52470649646297,-6.85944887391259,16.203876739502,2.50750929421095,0.123269575010532,1.0123307106229,0.0501833603105719
-265.350809258169,-281.388771999599,6.50893787279233,-6.8304436233236,16.203876739502,2.50750929421095,0.123269575010532,1.0123307106229,0.0501833603105719
-265.341433595804,-281.323998546733,6.4995622104268,-6.80789858498824,16.0396807250977,2.50750929421095,0.123269575010532,1.0123307106229,0.0501833603105719
-265.318744735266,-281.260850544543,6.47687334988883,-6.97142751324026,16.0396807250977,2.50750929421095,0.123269575010532,1.0123307106229,0.0501833603105719
-265.300499931952,-281.19842390671,6.45862854657503,-6.79912152278818,16.0396807250977,2.50750929421095,0.123269575010532,1.0123307106229,0.0501833603105719
-265.28924148315,-281.136474414376,6.44737009777274,-7.08243350119092,15.876330619812,2.50750929421095,0.123269575010532,1.0123307106229,0.0501833603105719
-265.278264927436,-281.075895563445,6.43639354205877,-7.13174187063041,15.876330619812,2.50750929421095,0.123269575010532,1.0123307106229,0.0501833603105719
-265.252688629496,-281.015718493154,6.41081724411885,-7.1258522283187,15.876330619812,2.50750929421095,0.123269575010532,1.0123307106229,0.0501833603105719
-265.247269051418,-280.956720050996,6.40539766604142,-6.88364154026227,15.876330619812,2.50750929421095,0.123269575010532,1.0123307106229,0.0501833603105719
-265.234647687355,-280.899070092021,6.39277630197788,-6.95687731213206,15.7365810928345,2.50750929421095,0.123269575010532,1.0123307106229,0.0501833603105719
-265.228504006939,-280.841676814188,6.38663262156197,-6.83905078377892,15.7365810928345,2.50750929421095,0.123269575010532,1.0123307106229,0.0501833603105719
-265.204747883351,-280.784960221641,6.36287649797451,-6.00282042454454,15.7365810928345,2.50750929421095,0.123269575010532,1.0123307106229,0.0501833603105719
-265.196625002995,-280.729575380258,6.35475361761806,-6.37878089666521,15.6210987625122,2.50750929421095,0.123269575010532,1.0123307106229,0.0501833603105719
-265.192966013795,-280.67462169017,6.35109462841815,-6.38433012640515,15.6210987625122,2.50750929421095,0.123269575010532,1.0123307106229,0.0501833603105719
-265.174957106444,-280.620427998944,6.33308572106661,-5.38722103517322,15.6210987625122,2.50750929421095,0.123269575010532,1.0123307106229,0.0501833603105719
-265.160819091286,-280.566825425827,6.31894770590896,-5.12084211622301,15.5048687515259,2.50750929421095,0.123269575010532,1.0123307106229,0.0501833603105719
-265.155491237293,-280.513113087624,6.3136198519157,-5.64402571459853,15.5048687515259,2.50750929421095,0.123269575010532,1.0123307106229,0.0501833603105719
-265.133448907382,-280.458949229343,6.2915775220051,-5.91641732494513,15.5048687515259,2.50750929421095,0.123269575010532,1.0123307106229,0.0501833603105719
-265.128396100988,-280.40844654585,6.28652471561159,-4.93011851725402,15.5048687515259,2.50750929421095,0.123269575010532,1.0123307106229,0.0501833603105719
-265.126010353786,-280.357385496064,6.28413896840874,-4.91818224361584,15.3403408584595,2.50750929421095,0.123269575010532,1.0123307106229,0.0501833603105719
-265.119194736552,-280.306493121064,6.27732335117503,-5.72040023400543,15.3403408584595,2.50750929421095,0.123269575010532,1.0123307106229,0.0501833603105719
-265.091784404513,-280.25562439738,6.24991301913635,-5.00912379882181,15.3403408584595,2.50750929421095,0.123269575010532,1.0123307106229,0.0501833603105719
-265.102251097713,-280.20501885537,6.26037971233567,-4.61817768341528,15.1778633651733,2.50750929421095,0.123269575010532,1.0123307106229,0.0501833603105719
-265.086923581759,-280.154440571632,6.24505219638244,-4.47847094204563,15.1778633651733,2.50750929421095,0.123269575010532,1.0123307106229,0.0501833603105719
-265.080315529505,-280.103840074127,6.2384441441285,-4.30258977350065,15.1778633651733,2.50750929421095,0.123269575010532,1.0123307106229,0.0501833603105719
-265.069323742213,-280.053867147773,6.22745235683619,-4.43942464733114,15.0373833236694,2.50750929421095,0.123269575010532,1.0123307106229,0.0501833603105719
-265.043272583905,-280.003637000183,6.20140119852791,-5.06927541666642,15.0373833236694,2.50750929421095,0.123269575010532,1.0123307106229,0.0501833603105719
-265.049726017463,-279.953308154777,6.20785463208584,-4.96089687990651,15.0373833236694,2.50750929421095,0.123269575010532,1.0123307106229,0.0501833603105719
-265.043351821161,-279.902702799599,6.20148043578433,-4.52781841352092,15.0373833236694,2.50750929421095,0.123269575010532,1.0123307106229,0.0501833603105719
-265.032378272793,-279.852282935816,6.19050688741629,-4.39932195752073,14.9427425918579,2.50750929421095,0.123269575010532,1.0123307106229,0.0501833603105719
-265.028955576605,-279.801164889348,6.18708419122771,-4.68405533825404,14.9427425918579,2.50750929421095,0.123269575010532,1.0123307106229,0.0501833603105719
-265.008140818256,-279.749886305826,6.16626943287885,-4.98418404282334,14.9427425918579,2.50750929421095,0.123269575010532,1.0123307106229,0.0501833603105719
-265.002930093743,-279.698433966368,6.16105870836631,-4.94256954188155,14.8018353042603,2.50750929421095,0.123269575010532,1.0123307106229,0.0501833603105719
-264.984161779257,-279.646039019965,6.14229039388053,-4.60377260833785,14.8018353042603,2.50750929421095,0.123269575010532,1.0123307106229,0.0501833603105719
-264.985077146195,-279.593662469912,6.14320576081778,-4.36972149320608,14.8018353042603,2.50750929421095,0.123269575010532,1.0123307106229,0.0501833603105719
-264.980427257233,-279.540623964717,6.13855587185624,-4.37490754102457,14.6846497116089,2.50750929421095,0.123269575010532,1.0123307106229,0.0501833603105719
-264.971721808007,-279.487312027929,6.12985042262998,-4.77590231925577,14.6846497116089,2.50750929421095,0.123269575010532,1.0123307106229,0.0501833603105719
-264.953655252661,-279.432980446501,6.111783867284,-5.14771815391534,14.6846497116089,2.50750929421095,0.123269575010532,1.0123307106229,0.0501833603105719
-264.944803172776,-279.378142884681,6.10293178739896,-4.83740214208167,14.6846497116089,2.50750929421095,0.123269575010532,1.0123307106229,0.0501833603105719
-264.945026362677,-279.32236985873,6.10315497730024,-4.73990932559845,14.5448372421265,2.50750929421095,0.123269575010532,1.0123307106229,0.0501833603105719
-264.924670691158,-279.265715235434,6.08279930578098,-4.50737162988552,14.5448372421265,2.50750929421095,0.123269575010532,1.0123307106229,0.0501833603105719
-264.92110996718,-279.208344572789,6.07923858180281,-4.22257456486045,14.5448372421265,2.50750929421095,0.123269575010532,1.0123307106229,0.0501833603105719
-264.913515853202,-279.150473847852,6.07164446782493,-4.41109326283815,14.404521232605,2.50750929421095,0.123269575010532,1.0123307106229,0.0501833603105719
-264.902413968101,-279.091814195991,6.06054258272415,-4.44468166893833,14.404521232605,2.50750929421095,0.123269575010532,1.0123307106229,0.0501833603105719
-264.895896844236,-279.031425917326,6.05402545885875,-4.38348756443166,14.404521232605,2.50750929421095,0.123269575010532,1.0123307106229,0.0501833603105719
-264.884041426474,-278.971212520938,6.04217004109669,-4.71001423974561,14.2652809677124,2.50750929421095,0.123269575010532,1.0123307106229,0.0501833603105719
-264.866962144575,-278.909506244452,6.02509075919822,-4.74380142284026,14.2652809677124,2.50750929421095,0.123269575010532,1.0123307106229,0.0501833603105719
-264.86968224395,-278.847104361625,6.02781085857312,-4.76874622463319,14.2652809677124,2.50750929421095,0.123269575010532,1.0123307106229,0.0501833603105719
-264.856852034055,-278.783562144644,6.01498064867784,-4.34773551279273,14.1248009262085,2.50750929421095,0.123269575010532,1.0123307106229,0.0501833603105719
-264.852526638351,-278.719403345536,6.01065525297406,-4.57230743790235,14.1248009262085,2.50750929421095,0.123269575010532,1.0123307106229,0.0501833603105719
-264.847241043765,-278.653971528353,6.00536965838844,-5.13860613664152,14.1248009262085,2.50750929421095,0.123269575010532,1.0123307106229,0.0501833603105719
-264.836543133623,-278.587555625383,5.99467174824592,-5.11560316382498,14.1248009262085,2.50750929421095,0.123269575010532,1.0123307106229,0.0501833603105719
-264.818565040445,-278.5203209133,5.97669365506848,-4.95838388081046,13.9374153671265,2.50750929421095,0.123269575010532,1.0123307106229,0.0501833603105719
-264.819668375386,-278.45251937645,5.97779699000917,-4.91399455466006,13.9374153671265,2.50750929421095,0.123269575010532,1.0123307106229,0.0501833603105719
-264.808862599271,-278.383560029369,5.96699121389427,-4.88615514098433,13.9374153671265,2.50750929421095,0.123269575010532,1.0123307106229,0.0501833603105719
-264.789644299447,-278.313453802331,5.94777291406984,-5.25208002988482,13.6790478286743,2.50750929421095,0.123269575010532,1.0123307106229,0.0501833603105719
-264.783524663521,-278.243273912967,5.94165327814417,-5.26419385327453,13.6790478286743,2.50750929421095,0.123269575010532,1.0123307106229,0.0501833603105719
-264.778118503977,-278.171982966037,5.93624711860019,-5.75297595039428,13.6790478286743,2.50750929421095,0.123269575010532,1.0123307106229,0.0501833603105719
-264.768326232897,-278.099891826935,5.9264548475198,-5.56086262784294,13.5150539932251,2.50750929421095,0.123269575010532,1.0123307106229,0.0501833603105719
-264.746356999646,-278.026945161119,5.90448561426882,-5.73250314053779,13.5150539932251,2.50750929421095,0.123269575010532,1.0123307106229,0.0501833603105719
-264.748839512939,-277.954378001838,5.90696812756159,-5.85908834523854,13.5150539932251,2.50750929421095,0.123269575010532,1.0123307106229,0.0501833603105719
-264.732756931983,-277.880544046107,5.89088554660649,-5.75741561085179,13.5150539932251,2.50750929421095,0.123269575010532,1.0123307106229,0.0501833603105719
-264.712894617267,-277.805734762098,5.87102323189043,-5.53589136419942,13.3995010910034,2.50750929421095,0.123269575010532,1.0123307106229,0.0501833603105719
-264.717231327567,-277.731468036016,5.87535994219007,-4.85412846489622,13.3995010910034,2.50750929421095,0.123269575010532,1.0123307106229,0.0501833603105719
-264.692001131042,-277.656374139831,5.85012974566518,-5.61970590869029,13.3995010910034,2.50750929421095,0.123269575010532,1.0123307106229,0.0501833603105719
-264.694746284973,-277.581309773664,5.85287489959568,-5.94430758882194,13.2591774520874,2.50750929421095,0.123269575010532,1.0123307106229,0.0501833603105719
-264.667326336865,-277.505850288803,5.82545495148817,-5.84733691753115,13.2591774520874,2.50750929421095,0.123269575010532,1.0123307106229,0.0501833603105719
-264.657153441841,-277.428359773576,5.81528205646403,-6.2360684414696,13.2591774520874,2.50750929421095,0.123269575010532,1.0123307106229,0.0501833603105719
-264.657115391222,-277.354694374854,5.81524400584538,-6.03082540490071,13.0241520462036,2.50750929421095,0.123269575010532,1.0123307106229,0.0501833603105719
-264.647306064525,-277.279649539636,5.8054346791484,-6.23439092848471,13.0241520462036,2.50750929421095,0.123269575010532,1.0123307106229,0.0501833603105719
-264.624027107234,-277.204694167626,5.78215572185675,-6.07483173583258,13.0241520462036,2.50750929421095,0.123269575010532,1.0123307106229,0.0501833603105719
-264.612907503083,-277.130530573765,5.77103611770618,-5.95819596449667,13.0241520462036,2.50750929421095,0.123269575010532,1.0123307106229,0.0501833603105719
-264.603878964139,-277.056113049501,5.76200757876189,-6.18102118090902,12.8144009170532,2.50750929421095,0.123269575010532,1.0123307106229,0.0501833603105719
-264.601997357574,-276.982461360299,5.76012597219722,-6.53835584855114,12.8144009170532,2.50750929421095,0.123269575010532,1.0123307106229,0.0501833603105719
-264.581298244753,-276.909591140592,5.73942685937606,-6.25077369935428,12.8144009170532,2.50750929421095,0.123269575010532,1.0123307106229,0.0501833603105719
-264.568165794305,-276.837685825259,5.72629440892813,-6.66504174326243,12.6286613998413,2.50750929421095,0.123269575010532,1.0123307106229,0.0501833603105719
-264.563864383345,-276.766015550885,5.72199299796849,-6.82551650875715,12.6286613998413,2.50750929421095,0.123269575010532,1.0123307106229,0.0501833603105719
-264.541461698362,-276.695497842271,5.69959031298461,-6.98160122781961,12.6286613998413,2.50750929421095,0.123269575010532,1.0123307106229,0.0501833603105719
-264.522154902606,-276.626646442305,5.68028351722866,-6.54933405412905,12.417554145813,2.50750929421095,0.123269575010532,1.0123307106229,0.0501833603105719
-264.5180044401,-276.558753476669,5.67613305472309,-6.69384593082367,12.417554145813,2.50750929421095,0.123269575010532,1.0123307106229,0.0501833603105719
-264.501008969283,-276.492953101609,5.65913758390635,-7.30788458545123,12.417554145813,2.50750929421095,0.123269575010532,1.0123307106229,0.0501833603105719
-264.487990134718,-276.427725217196,5.64611874934118,-6.58807811526979,12.417554145813,2.50750929421095,0.123269575010532,1.0123307106229,0.0501833603105719
-264.486292291621,-276.364676865459,5.64442090624401,-6.89786667923457,12.2543003616333,2.50750929421095,0.123269575010532,1.0123307106229,0.0501833603105719
-264.466073350713,-276.303653958374,5.62420196533581,-7.12631436111566,12.2543003616333,2.50750929421095,0.123269575010532,1.0123307106229,0.0501833603105719
-264.450154328522,-276.244118864886,5.6082829431448,-6.74987501213285,12.2543003616333,2.50750929421095,0.123269575010532,1.0123307106229,0.0501833603105719
-264.439151787814,-276.186610615997,5.59728040243673,-6.87399875399064,12.2543003616333,2.50750929421095,0.123269575010532,1.0123307106229,0.0501833603105719
-264.422657970647,-276.131782216866,5.58078658526967,-7.27950864456114,12.1128075180054,2.50750929421095,0.123269575010532,1.0123307106229,0.0501833603105719
-264.419423399414,-276.079267915857,5.5775520140372,-7.37866366957869,12.1128075180054,2.50750929421095,0.123269575010532,1.0123307106229,0.0501833603105719
-264.397242687633,-276.028937409983,5.55537130225575,-7.08901324414716,11.9253017959595,2.50750929421095,0.123269575010532,1.0123307106229,0.0501833603105719
-264.376399533471,-275.981217492935,5.53452814809391,-6.80965207355825,11.9253017959595,2.50750929421095,0.123269575010532,1.0123307106229,0.0501833603105719
-264.37638549891,-275.936303507162,5.53451411353273,-7.21661447532919,11.9253017959595,2.50750929421095,0.123269575010532,1.0123307106229,0.0501833603105719
-264.346273483622,-275.894184831829,5.5044020982451,-7.27492034838064,11.9253017959595,2.50750929421095,0.123269575010532,1.0123307106229,0.0501833603105719
-264.349975068586,-275.854894994173,5.50810368320942,-7.25018129842339,11.7845947799683,2.50750929421095,0.123269575010532,1.0123307106229,0.0501833603105719
-264.313065112261,-275.818789045307,5.47119372688359,-7.22233601922053,11.7845947799683,2.50750929421095,0.123269575010532,1.0123307106229,0.0501833603105719
-264.304302057337,-275.785748655727,5.46243067195967,-6.81650995030294,11.7845947799683,2.50750929421095,0.123269575010532,1.0123307106229,0.0501833603105719
-264.291575087577,-275.756285760987,5.44970370220005,-6.83765747974379,11.6199114379883,2.50750929421095,0.123269575010532,1.0123307106229,0.0501833603105719
-264.285751300152,-275.730088806784,5.44387991477535,-7.04553362896212,11.6199114379883,2.50750929421095,0.123269575010532,1.0123307106229,0.0501833603105719
-264.265437656924,-275.70738495148,5.42356627154689,-6.89158151928192,11.6199114379883,2.50750929421095,0.123269575010532,1.0123307106229,0.0501833603105719
-264.254106886287,-275.68827778331,5.41223550091013,-7.06409085017534,11.5277998504639,2.50750929421095,0.123269575010532,1.0123307106229,0.0501833603105719
-264.247244909461,-275.67299450034,5.40537352408427,-6.86515593237608,11.5277998504639,2.50750929421095,0.123269575010532,1.0123307106229,0.0501833603105719
-264.228961289512,-275.661318854134,5.38708990413489,-6.71911111963667,11.5277998504639,2.50750929421095,0.123269575010532,1.0123307106229,0.0501833603105719
-264.207814756699,-275.6537750797,5.36594337132246,-6.39759488587812,11.5277998504639,2.50750929421095,0.123269575010532,1.0123307106229,0.0501833603105719
-264.201587247891,-275.650076772808,5.35971586251449,-6.41286327786022,11.4340546188354,2.50750929421095,0.123269575010532,1.0123307106229,0.0501833603105719
-264.197648647618,-275.650414546105,5.35577726224112,-6.24049823696616,11.4340546188354,2.50750929421095,0.123269575010532,1.0123307106229,0.0501833603105719
-264.182612029969,-275.65487170653,5.34074064459217,-5.82094385691255,11.4340546188354,2.50750929421095,0.123269575010532,1.0123307106229,0.0501833603105719
-264.177855688131,-275.66350526662,5.335984302754,-5.96979815962976,11.3645231781006,2.50750929421095,0.123269575010532,1.0123307106229,0.0501833603105719
-264.145847138165,-275.676345527851,5.30397575278824,-6.17187330569695,11.3645231781006,2.50750929421095,0.123269575010532,1.0123307106229,0.0501833603105719
-264.149875814973,-275.693558208228,5.30800442959656,-5.9524321950062,11.3645231781006,2.50750929421095,0.123269575010532,1.0123307106229,0.0501833603105719
-264.12686472276,-275.715130439138,5.28499333738308,-5.44993953051498,11.3645231781006,2.50750929421095,0.123269575010532,1.0123307106229,0.0501833603105719
-264.118253551242,-275.740789120565,5.27638216586518,-4.98788976169112,11.388200050354,2.50750929421095,0.123269575010532,1.0123307106229,0.0501833603105719
-264.113283475811,-275.771099373818,5.27141209043458,-5.00588547650584,11.388200050354,2.50750929421095,0.123269575010532,1.0123307106229,0.0501833603105719
-264.101646785471,-275.805525749209,5.2597754000942,-5.24413976361079,11.388200050354,2.50750929421095,0.123269575010532,1.0123307106229,0.0501833603105719
-264.102526107709,-275.844484351023,5.260654722332,-4.61134230781456,11.411975151062,2.50750929421095,0.123269575010532,1.0123307106229,0.0501833603105719
-264.089593237548,-275.888513443847,5.24772185217143,-4.47934208030947,11.411975151062,2.50750929421095,0.123269575010532,1.0123307106229,0.0501833603105719
-264.086738971596,-275.936027144009,5.24486758621939,-3.88282059520442,11.411975151062,2.50750929421095,0.123269575010532,1.0123307106229,0.0501833603105719
-264.080300185792,-275.988345994586,5.23842880041492,-3.6579394268065,11.551551109314,2.50750929421095,0.123269575010532,1.0123307106229,0.0501833603105719
-264.056494084695,-276.045284904105,5.21462269931794,-3.43652469597173,11.551551109314,2.50750929421095,0.123269575010532,1.0123307106229,0.0501833603105719
-264.061372319484,-276.108095515566,5.21950093410667,-3.14997735656202,11.551551109314,2.50750929421095,0.123269575010532,1.0123307106229,0.0501833603105719
-264.05485880447,-276.173205606161,5.21298741909298,-2.4255075909089,11.760306602478,2.50750929421095,0.123269575010532,1.0123307106229,0.0501833603105719
-264.043345769507,-276.242418300887,5.20147438413027,-1.91118590771304,11.760306602478,2.50750929421095,0.123269575010532,1.0123307106229,0.0501833603105719
-264.050264504633,-276.316518878377,5.20839311925642,-1.10483053173332,11.760306602478,2.50750929421095,0.123269575010532,1.0123307106229,0.0501833603105719
-264.044489915605,-276.395196683645,5.20261853022835,-0.0872767930577652,11.760306602478,2.50750929421095,0.123269575010532,1.0123307106229,0.0501833603105719
-264.046425976836,-276.477588617589,5.20455459145952,0.177438224858565,12.0149681625366,2.50750929421095,0.123269575010532,1.0123307106229,0.0501833603105719
-264.036512552135,-276.56462738002,5.19464116675788,1.22235646585892,12.0149681625366,2.50750929421095,0.123269575010532,1.0123307106229,0.0501833603105719
-264.040354334465,-276.655618223383,5.19848294908842,1.14430068275112,12.0149681625366,2.50750929421095,0.123269575010532,1.0123307106229,0.0501833603105719
-264.039757941554,-276.750199714983,5.19788655617676,2.96834775984197,12.2016098556519,2.50750929421095,0.123269575010532,1.0123307106229,0.0501833603105719
-264.046263067762,-276.849173925225,5.2043916823854,4.4978393119351,12.2016098556519,2.50750929421095,0.123269575010532,1.0123307106229,0.0501833603105719
-264.051592581958,-276.952245301737,5.20972119658158,5.4662509705909,12.2016098556519,2.50750929421095,0.123269575010532,1.0123307106229,0.0501833603105719
-264.054876828537,-277.058169830775,5.21300544316056,5.85993056041612,12.389888053894,2.50750929421095,0.123269575010532,1.0123307106229,0.0501833603105719
-264.082428743927,-277.168721436524,5.24055735854961,6.30779506585286,12.389888053894,2.50750929421095,0.123269575010532,1.0123307106229,0.0501833603105719
-264.090813377757,-277.280936786621,5.24894199237969,7.29835998300468,12.389888053894,2.50750929421095,0.123269575010532,1.0123307106229,0.0501833603105719
-264.099580032834,-277.397665059087,5.25770864745673,7.12128883053019,12.389888053894,2.50750929421095,0.123269575010532,1.0123307106229,0.0501833603105719
-264.117407240628,-277.517708777841,5.2755358552507,6.72464946521956,12.6007969436645,2.50750929421095,0.123269575010532,1.0123307106229,0.0501833603105719
-264.134643477005,-277.64097124631,5.29277209162832,6.41755446546087,12.6007969436645,2.50750929421095,0.123269575010532,1.0123307106229,0.0501833603105719
-264.142030459596,-277.765758079372,5.30015907421882,6.92893538227876,12.6007969436645,2.50750929421095,0.123269575010532,1.0123307106229,0.0501833603105719
-264.156807359043,-277.895336206635,5.314935973666,7.4728547003672,12.8378727493286,2.50750929421095,0.123269575010532,1.0123307106229,0.0501833603105719
-264.177568359111,-278.026676821081,5.33569697373398,7.27451436503671,12.8378727493286,2.50750929421095,0.123269575010532,1.0123307106229,0.0501833603105719
-264.195135472132,-278.160876141397,5.3532640867549,7.5295907038078,12.8378727493286,2.50750929421095,0.123269575010532,1.0123307106229,0.0501833603105719
-264.220384350846,-278.297105736119,5.37851296546882,8.27799475189022,13.1658852157593,2.50750929421095,0.123269575010532,1.0123307106229,0.0501833603105719
-264.235834592508,-278.435070038268,5.39396320713065,8.22741991461005,13.1658852157593,2.50750929421095,0.123269575010532,1.0123307106229,0.0501833603105719
-264.241937203343,-278.57682532887,5.4000658179662,8.25261421990618,13.1658852157593,2.50750929421095,0.123269575010532,1.0123307106229,0.0501833603105719
-264.254882039941,-278.718411907982,5.41301065456373,8.60783062887955,13.1658852157593,2.50750929421095,0.123269575010532,1.0123307106229,0.0501833603105719
-264.277808252752,-278.862050187123,5.43593686737531,8.53214556298751,13.5648052749634,2.50750929421095,0.123269575010532,1.0123307106229,0.0501833603105719
-264.288084069093,-279.008430566702,5.44621268371653,9.49046450516704,13.5648052749634,2.50750929421095,0.123269575010532,1.0123307106229,0.0501833603105719
-264.307480162919,-279.153979411837,5.46560877754165,8.60789756787109,13.5648052749634,2.50750929421095,0.123269575010532,1.0123307106229,0.0501833603105719
-264.31149399791,-279.302109454388,5.46962261253309,8.81216426571031,14.0085423049927,2.50750929421095,0.123269575010532,1.0123307106229,0.0501833603105719
-264.325481332062,-279.45307500902,5.48360994668468,9.08465939679492,14.0085423049927,2.50750929421095,0.123269575010532,1.0123307106229,0.0501833603105719
-264.35009630047,-279.602084188083,5.50822491509284,9.70447829181551,14.0085423049927,2.50750929421095,0.123269575010532,1.0123307106229,0.0501833603105719
-264.363359261567,-279.751568530662,5.52148787619056,9.45976866945862,14.4964497146606,2.50750929421095,0.123269575010532,1.0123307106229,0.0501833603105719
-264.379596297074,-279.901376459157,5.53772491169691,9.65154386853734,14.4964497146606,2.50750929421095,0.123269575010532,1.0123307106229,0.0501833603105719
-264.397325531351,-280.052309198538,5.55545414597441,10.4534472898991,14.4964497146606,2.50750929421095,0.123269575010532,1.0123307106229,0.0501833603105719
-264.419844288201,-280.202919930725,5.57797290282419,10.8448150461968,14.4964497146606,2.50750929421095,0.123269575010532,1.0123307106229,0.0501833603105719
-264.440289662097,-280.353449782345,5.59841827671986,12.0889273044555,15.0087273178101,2.50750929421095,0.123269575010532,1.0123307106229,0.0501833603105719
-264.462197855824,-280.504083635422,5.6203264704473,12.319327783092,15.0087273178101,2.50750929421095,0.123269575010532,1.0123307106229,0.0501833603105719
-264.490055255146,-280.653558183139,5.6481838697689,12.7586815700127,15.0087273178101,2.50750929421095,0.123269575010532,1.0123307106229,0.0501833603105719
-264.517108109147,-280.802896772822,5.67523672377013,13.0242631610285,15.5219967422485,2.50750929421095,0.123269575010532,1.0123307106229,0.0501833603105719
-264.527317279178,-280.950301250863,5.68544589380143,13.6192639860739,15.5219967422485,2.50750929421095,0.123269575010532,1.0123307106229,0.0501833603105719
-264.556701502609,-281.097177540863,5.71483011723245,14.138112482969,15.5219967422485,2.50750929421095,0.123269575010532,1.0123307106229,0.0501833603105719
-264.60174138665,-281.243672742169,5.75987000127309,14.0937496763267,15.5219967422485,2.50750929421095,0.123269575010532,1.0123307106229,0.0501833603105719
-264.619308027425,-281.386298343877,5.77743664204816,15.4507751930841,16.0604937133789,2.50750929421095,0.123269575010532,1.0123307106229,0.0501833603105719
-264.656619024016,-281.528668901619,5.81474763863893,15.2240216491128,16.0604937133789,2.50750929421095,0.123269575010532,1.0123307106229,0.0501833603105719
-264.688797627221,-281.669460733433,5.8469262418438,15.6874461134929,16.0604937133789,2.50750929421095,0.123269575010532,1.0123307106229,0.0501833603105719
-264.720625326716,-281.807769949449,5.87875394133913,16.0632578503783,16.5293047485352,2.50750929421095,0.123269575010532,1.0123307106229,0.0501833603105719
-264.751052900469,-281.943692547201,5.90918151509223,17.4017894228662,16.5293047485352,2.50750929421095,0.123269575010532,1.0123307106229,0.0501833603105719
-264.79328096469,-282.078232176945,5.95140957931289,15.721969194933,16.5293047485352,2.50750929421095,0.123269575010532,1.0123307106229,0.0501833603105719
-264.825063606441,-282.209686676195,5.98319222106386,16.7507339321587,16.9973795471191,2.50750929421095,0.123269575010532,1.0123307106229,0.0501833603105719
-264.846293381311,-282.338269260098,6.00442199593437,17.4655956910201,16.9973795471191,2.50750929421095,0.123269575010532,1.0123307106229,0.0501833603105719
-264.890862276186,-282.465789471829,6.04899089080929,17.4012131848639,16.9973795471191,2.50750929421095,0.123269575010532,1.0123307106229,0.0501833603105719
-264.929939977438,-282.590152516956,6.08806859206157,16.4593859933082,17.3717615661621,2.50750929421095,0.123269575010532,1.0123307106229,0.0501833603105719
-264.948549430925,-282.707573211749,6.10667804554782,17.7275131082228,17.3717615661621,2.50750929421095,0.123269575010532,1.0123307106229,0.0501833603105719
-264.998041015566,-282.823960226501,6.15616963018911,16.6447379478339,17.3717615661621,2.50750929421095,0.123269575010532,1.0123307106229,0.0501833603105719
-265.018068145757,-282.936643411318,6.17619676038039,16.1716240488704,17.3717615661621,2.50750929421095,0.123269575010532,1.0123307106229,0.0501833603105719
-265.057521137643,-283.047188333544,6.21564975226585,17.2208428223517,17.7454340515137,2.50750929421095,0.123269575010532,1.0123307106229,0.0501833603105719
-265.098383465855,-283.152973593357,6.25651208047778,16.1020496068979,17.7454340515137,2.50750929421095,0.123269575010532,1.0123307106229,0.0501833603105719
-265.114015591274,-283.255644683732,6.27214420589745,14.9895495019665,17.7454340515137,2.50750929421095,0.123269575010532,1.0123307106229,0.0501833603105719
-265.149241374526,-283.354843866156,6.30736998914888,15.3245644923401,18.0505297241211,2.50750929421095,0.123269575010532,1.0123307106229,0.0501833603105719
-265.177914107884,-283.449384618963,6.33604272250737,15.7559204658035,18.0505297241211,2.50750929421095,0.123269575010532,1.0123307106229,0.0501833603105719
-265.209243985356,-283.540780854618,6.36737259997916,15.6478042964268,18.0505297241211,2.50750929421095,0.123269575010532,1.0123307106229,0.0501833603105719
-265.226332346077,-283.628196205396,6.38446096069995,14.2151279656184,18.355633026123,2.50750929421095,0.123269575010532,1.0123307106229,0.0501833603105719
-265.273506424868,-283.710511522043,6.43163503949157,13.8187961259041,18.355633026123,2.50750929421095,0.123269575010532,1.0123307106229,0.0501833603105719
-265.283901715309,-283.789126818174,6.44203032993229,13.7195501729902,18.355633026123,2.50750929421095,0.123269575010532,1.0123307106229,0.0501833603105719
-265.312739044624,-283.86315275381,6.47086765924709,13.0430141024038,18.355633026123,2.50750929421095,0.123269575010532,1.0123307106229,0.0501833603105719
-265.342713683327,-283.933828789355,6.50084229794967,12.3393939104231,18.6592028198242,2.50750929421095,0.123269575010532,1.0123307106229,0.0501833603105719
-265.353659820979,-283.999157097763,6.51178843560207,12.2088611314647,18.6592028198242,2.50750929421095,0.123269575010532,1.0123307106229,0.0501833603105719
-265.391027659685,-284.060589358442,6.54915627430797,11.772044909465,18.6592028198242,2.50750929421095,0.123269575010532,1.0123307106229,0.0501833603105719
-265.402793080201,-284.11747851349,6.56092169482364,11.9437859853576,18.845665222168,2.50750929421095,0.123269575010532,1.0123307106229,0.0501833603105719
-265.431162494861,-284.169682729119,6.5892911094842,12.1420037151537,18.845665222168,2.50750929421095,0.123269575010532,1.0123307106229,0.0501833603105719
-265.44433153038,-284.218038340771,6.60246014500349,12.0221058713889,18.845665222168,2.50750929421095,0.123269575010532,1.0123307106229,0.0501833603105719
-265.470594083463,-284.261340404881,6.62872269808629,10.9844385025597,18.845665222168,2.50750929421095,0.123269575010532,1.0123307106229,0.0501833603105719
-265.488254394678,-284.301016928473,6.64638300930154,10.5958953453949,19.0804178771973,2.50750929421095,0.123269575010532,1.0123307106229,0.0501833603105719
-265.513608379364,-284.335494331408,6.67173699398715,10.7350476084028,19.0804178771973,2.50750929421095,0.123269575010532,1.0123307106229,0.0501833603105719
-265.53103876857,-284.365698888942,6.68916738319325,9.97178773049512,19.0804178771973,2.50750929421095,0.123269575010532,1.0123307106229,0.0501833603105719
-265.54645356152,-284.391404984255,6.70458217614273,9.45858090188658,19.2431604919434,2.50750929421095,0.123269575010532,1.0123307106229,0.0501833603105719
-265.566977865562,-284.413196625899,6.72510648018515,9.03402790687252,19.2431604919434,2.50750929421095,0.123269575010532,1.0123307106229,0.0501833603105719
-265.585645863664,-284.430251017011,6.74377447828728,9.01956752445723,19.2431604919434,2.50750929421095,0.123269575010532,1.0123307106229,0.0501833603105719
-265.599010023701,-284.443208769481,6.75713863832378,8.82629307252764,19.313381439209,2.50750929421095,0.123269575010532,1.0123307106229,0.0501833603105719
-265.628207467346,-284.451802087151,6.78633608196916,8.85452649069819,19.313381439209,2.50750929421095,0.123269575010532,1.0123307106229,0.0501833603105719
-265.628925315867,-284.456361296211,6.78705393049045,9.19316572597755,19.313381439209,2.50750929421095,0.123269575010532,1.0123307106229,0.0501833603105719
-265.652771412283,-284.456719015018,6.8109000269066,8.02043765698675,19.3618815002441,2.50750929421095,0.123269575010532,1.0123307106229,0.0501833603105719
-265.657883559614,-284.453047225276,6.81601217423722,6.74419257717191,19.3618815002441,2.50750929421095,0.123269575010532,1.0123307106229,0.0501833603105719
-265.675732136843,-284.445463552047,6.83386075146625,6.63529717295262,19.3618815002441,2.50750929421095,0.123269575010532,1.0123307106229,0.0501833603105719
-265.69629345941,-284.434006937665,6.85442207403342,6.41643690070613,19.3618815002441,2.50750929421095,0.123269575010532,1.0123307106229,0.0501833603105719
-265.70472190906,-284.418667889066,6.86285052368329,5.74953017644587,19.2689364013672,2.50750929421095,0.123269575010532,1.0123307106229,0.0501833603105719
-265.726618287149,-284.399582160851,6.88474690177204,5.34681115250401,19.2689364013672,2.50750929421095,0.123269575010532,1.0123307106229,0.0501833603105719
-265.727275445518,-284.376983848677,6.88540406014082,4.64537067032223,19.2689364013672,2.50750929421095,0.123269575010532,1.0123307106229,0.0501833603105719
-265.724856488641,-284.350875542146,6.88298510326424,4.66812001214435,19.0349924621582,2.50750929421095,0.123269575010532,1.0123307106229,0.0501833603105719
-265.731040026692,-284.321220623988,6.88916864131561,4.42367665486381,19.0349924621582,2.50750929421095,0.123269575010532,1.0123307106229,0.0501833603105719
-265.753947909279,-284.28837316516,6.91207652390219,3.82055765922294,19.0349924621582,2.50750929421095,0.123269575010532,1.0123307106229,0.0501833603105719
-265.747321172591,-284.252401010914,6.90544978721408,3.44097340103931,19.0349924621582,2.50750929421095,0.123269575010532,1.0123307106229,0.0501833603105719
-265.768339615356,-284.213138492167,6.92646822997872,2.97496504765164,18.7565271911621,2.50750929421095,0.123269575010532,1.0123307106229,0.0501833603105719
-265.761634252293,-284.171141886634,6.91976286691642,1.35127531829574,18.7565271911621,2.50750929421095,0.123269575010532,1.0123307106229,0.0501833603105719
-265.761948885716,-284.125685143111,6.92007750033913,0.0912996688245546,18.7565271911621,2.50750929421095,0.123269575010532,1.0123307106229,0.0501833603105719
-265.76943268871,-284.078252831021,6.92756130333355,-1.17245839338101,18.4298708496094,2.50750929421095,0.123269575010532,1.0123307106229,0.0501833603105719
-265.768380656871,-284.028189331091,6.9265092714938,-1.60718146562697,18.4298708496094,2.50750929421095,0.123269575010532,1.0123307106229,0.0501833603105719
-265.760979486612,-283.975764454577,6.91910810123486,-1.88372446471446,18.4298708496094,2.50750929421095,0.123269575010532,1.0123307106229,0.0501833603105719
-265.765406699075,-283.920606897872,6.92353531369822,-4.38265612129083,18.1495401916504,2.50750929421095,0.123269575010532,1.0123307106229,0.0501833603105719
-265.760170077685,-283.863351892908,6.91829869230781,-5.61357722068847,18.1495401916504,2.50750929421095,0.123269575010532,1.0123307106229,0.0501833603105719
-265.756798682294,-283.803797681456,6.91492729691678,-5.94453759860923,18.1495401916504,2.50750929421095,0.123269575010532,1.0123307106229,0.0501833603105719
-265.729990904075,-283.739664688331,6.88811951869822,-6.59177258288471,18.1495401916504,2.50750929421095,0.123269575010532,1.0123307106229,0.0501833603105719
-265.71934867242,-283.678935968181,6.87747728704352,-7.40973534886086,17.9609606323242,2.50750929421095,0.123269575010532,1.0123307106229,0.0501833603105719
-265.708655345553,-283.614228993748,6.86678396017654,-7.4629351370179,17.9609606323242,2.50750929421095,0.123269575010532,1.0123307106229,0.0501833603105719
-265.693023834342,-283.548245914926,6.85115244896539,-7.39024483726364,17.9609606323242,2.50750929421095,0.123269575010532,1.0123307106229,0.0501833603105719
-265.67571470345,-283.480080175694,6.8338433180733,-6.43644369869764,17.8196909484863,2.50750929421095,0.123269575010532,1.0123307106229,0.0501833603105719
-265.659532292807,-283.411178081235,6.81766090743024,-6.52824575009415,17.8196909484863,2.50750929421095,0.123269575010532,1.0123307106229,0.0501833603105719
-265.648976960879,-283.341223901544,6.80710557550251,-6.78965351162709,17.8196909484863,2.50750929421095,0.123269575010532,1.0123307106229,0.0501833603105719
-265.639412464411,-283.270167203005,6.79754107903374,-7.19824522129076,17.7001307067871,2.50750929421095,0.123269575010532,1.0123307106229,0.0501833603105719
-265.617634504118,-283.197842075948,6.77576311874145,-7.08372807812958,17.7001307067871,2.50750929421095,0.123269575010532,1.0123307106229,0.0501833603105719
-265.595945710767,-283.125013486354,6.75407432538982,-7.08873928297082,17.7001307067871,2.50750929421095,0.123269575010532,1.0123307106229,0.0501833603105719
-265.592919747459,-283.05155281339,6.75104836208246,-7.11212354562502,17.6034967956543,2.50750929421095,0.123269575010532,1.0123307106229,0.0501833603105719
-265.565023732694,-282.977718248532,6.72315234731691,-7.10825000453359,17.6034967956543,2.50750929421095,0.123269575010532,1.0123307106229,0.0501833603105719
-265.560978076904,-282.902438274283,6.71910669152726,-6.6161315205861,17.6034967956543,2.50750929421095,0.123269575010532,1.0123307106229,0.0501833603105719
-265.549733030709,-282.827770860137,6.70786164533216,-5.80777042263312,17.6034967956543,2.50750929421095,0.123269575010532,1.0123307106229,0.0501833603105719
-265.544044702487,-282.752898159986,6.70217331710982,-5.90848480172813,17.3927233276367,2.50750929421095,0.123269575010532,1.0123307106229,0.0501833603105719
-265.533624085648,-282.67723842527,6.69175270027095,-5.91075291383899,17.3927233276367,2.50750929421095,0.123269575010532,1.0123307106229,0.0501833603105719
-265.526033994275,-282.601859780347,6.68416260889776,-5.0925483633294,17.3927233276367,2.50750929421095,0.123269575010532,1.0123307106229,0.0501833603105719
-265.516105827869,-282.525959284982,6.67423444249177,-4.60316529971287,17.1613237915039,2.50750929421095,0.123269575010532,1.0123307106229,0.0501833603105719
-265.505363205426,-282.451305313361,6.66349182004894,-4.63920407935848,17.1613237915039,2.50750929421095,0.123269575010532,1.0123307106229,0.0501833603105719
-265.493741518193,-282.376413118826,6.65187013281632,-4.83687222171664,17.1613237915039,2.50750929421095,0.123269575010532,1.0123307106229,0.0501833603105719
-265.486103937884,-282.301546579048,6.64423255250679,-4.79278050568876,16.904560333252,2.50750929421095,0.123269575010532,1.0123307106229,0.0501833603105719
-265.489713692162,-282.227254813707,6.64784230678533,-4.57264911541926,16.904560333252,2.50750929421095,0.123269575010532,1.0123307106229,0.0501833603105719
-265.477768948842,-282.153571622916,6.63589756346517,-4.70148839345957,16.904560333252,2.50750929421095,0.123269575010532,1.0123307106229,0.0501833603105719
-265.475804376722,-282.08069116647,6.63393299134529,-4.22913103325353,16.904560333252,2.50750929421095,0.123269575010532,1.0123307106229,0.0501833603105719
-265.45538732703,-282.007702605896,6.61351594165327,-4.56765496849454,16.6475184020996,2.50750929421095,0.123269575010532,1.0123307106229,0.0501833603105719
-265.448950625157,-281.935706226114,6.6070792397801,-5.04220966121458,16.6475184020996,2.50750929421095,0.123269575010532,1.0123307106229,0.0501833603105719
-265.447133187083,-281.864397530981,6.60526180170595,-6.14053515033422,16.6475184020996,2.50750929421095,0.123269575010532,1.0123307106229,0.0501833603105719
-265.438660308194,-281.793697947229,6.59678892281662,-6.33932341643055,16.3917467651367,2.50750929421095,0.123269575010532,1.0123307106229,0.0501833603105719
-265.416217450059,-281.724570721941,6.57434606468238,-6.11663802165366,16.3917467651367,2.50750929421095,0.123269575010532,1.0123307106229,0.0501833603105719
-265.3964506189,-281.655056090366,6.55457923352276,-6.57521158340205,16.3917467651367,2.50750929421095,0.123269575010532,1.0123307106229,0.0501833603105719
-265.394186443486,-281.587486200034,6.55231505810938,-6.67293422734951,16.2044413146973,2.50750929421095,0.123269575010532,1.0123307106229,0.0501833603105719
-265.385406295813,-281.520341228129,6.54353491043608,-6.45417233278359,16.2044413146973,2.50750929421095,0.123269575010532,1.0123307106229,0.0501833603105719
-265.365924517222,-281.453627580985,6.52405313184468,-6.68058393014714,16.2044413146973,2.50750929421095,0.123269575010532,1.0123307106229,0.0501833603105719
-265.3670082137,-281.388741060401,6.52513682832301,-6.97718042801007,16.2044413146973,2.50750929421095,0.123269575010532,1.0123307106229,0.0501833603105719
-265.330482857238,-281.32426537177,6.48861147186125,-7.20397381841806,16.0628702697754,2.50750929421095,0.123269575010532,1.0123307106229,0.0501833603105719
-265.324926138097,-281.260196979834,6.4830547527201,-7.22510679055933,16.0628702697754,2.50750929421095,0.123269575010532,1.0123307106229,0.0501833603105719
-265.298646867638,-281.19790578021,6.45677548226109,-6.83374172513047,16.0628702697754,2.50750929421095,0.123269575010532,1.0123307106229,0.0501833603105719
-265.289728603214,-281.136357746668,6.44785721783669,-6.70400615328928,15.8995945510864,2.50750929421095,0.123269575010532,1.0123307106229,0.0501833603105719
-265.277726661531,-281.07544301657,6.43585527615437,-7.15585574358357,15.8995945510864,2.50750929421095,0.123269575010532,1.0123307106229,0.0501833603105719
-265.250136767421,-281.015916644747,6.40826538204448,-7.30958690691388,15.8995945510864,2.50750929421095,0.123269575010532,1.0123307106229,0.0501833603105719
-265.249577267235,-280.957082649004,6.40770588185796,-6.76265753149401,15.8995945510864,2.50750929421095,0.123269575010532,1.0123307106229,0.0501833603105719
-265.229977652141,-280.898836428052,6.38810626676456,-7.00298087985605,15.7831814346313,2.50750929421095,0.123269575010532,1.0123307106229,0.0501833603105719
-265.220237447001,-280.84180554419,6.3783660616239,-6.92871391833275,15.7831814346313,2.50750929421095,0.123269575010532,1.0123307106229,0.0501833603105719
-265.209432451866,-280.785113897831,6.36756106648939,-6.23527273527252,15.7831814346313,2.50750929421095,0.123269575010532,1.0123307106229,0.0501833603105719
-265.193700487577,-280.729463299111,6.35182910220056,-6.12732595995992,15.6439068374634,2.50750929421095,0.123269575010532,1.0123307106229,0.0501833603105719
-265.195292996128,-280.674530563535,6.35342161075153,-5.97960499536248,15.6439068374634,2.50750929421095,0.123269575010532,1.0123307106229,0.0501833603105719
-265.174477055286,-280.620505165295,6.33260566990873,-5.42384311529367,15.6439068374634,2.50750929421095,0.123269575010532,1.0123307106229,0.0501833603105719
-265.165325576876,-280.566838140562,6.32345419149871,-5.55477833281748,15.4799625930786,2.50750929421095,0.123269575010532,1.0123307106229,0.0501833603105719
-265.159707549441,-280.513905602341,6.31783616406378,-5.56328781034326,15.4799625930786,2.50750929421095,0.123269575010532,1.0123307106229,0.0501833603105719
-265.145554495652,-280.46096699829,6.30368311027485,-5.67089689500561,15.4799625930786,2.50750929421095,0.123269575010532,1.0123307106229,0.0501833603105719
-265.131108123589,-280.407532881666,6.28923673821186,-4.86427621231733,15.4799625930786,2.50750929421095,0.123269575010532,1.0123307106229,0.0501833603105719
-265.129882945394,-280.357508030859,6.28801156001674,-4.83467298773669,15.3393986282349,2.50750929421095,0.123269575010532,1.0123307106229,0.0501833603105719
-265.117837140411,-280.306401828515,6.27596575503431,-5.37948997332794,15.3393986282349,2.50750929421095,0.123269575010532,1.0123307106229,0.0501833603105719
-265.100031044546,-280.255630449992,6.25815965916904,-4.69092340552215,15.3393986282349,2.50750929421095,0.123269575010532,1.0123307106229,0.0501833603105719
-265.099868750806,-280.204699464742,6.25799736542959,-4.38978807859473,15.2001717147827,2.50750929421095,0.123269575010532,1.0123307106229,0.0501833603105719
-265.091778857154,-280.154404527498,6.24990747177689,-4.72559323016652,15.2001717147827,2.50750929421095,0.123269575010532,1.0123307106229,0.0501833603105719
-265.079256520727,-280.104085907713,6.23738513534983,-4.58098698301518,15.2001717147827,2.50750929421095,0.123269575010532,1.0123307106229,0.0501833603105719
-265.07943721662,-280.053783258195,6.23756583124319,-4.54461560695345,15.1074268875122,2.50750929421095,0.123269575010532,1.0123307106229,0.0501833603105719
-265.066272544215,-280.003589033615,6.22440115883804,-5.22104322986096,15.1074268875122,2.50750929421095,0.123269575010532,1.0123307106229,0.0501833603105719
-265.057161786366,-279.953314161846,6.21529040098906,-4.96425687011002,15.1074268875122,2.50750929421095,0.123269575010532,1.0123307106229,0.0501833603105719
-265.047056839531,-279.902781135907,6.2051854541546,-4.51828282246693,14.9882271347046,2.50750929421095,0.123269575010532,1.0123307106229,0.0501833603105719
-265.027684917679,-279.852313195487,6.18581353230169,-4.57946091518472,14.9882271347046,2.50750929421095,0.123269575010532,1.0123307106229,0.0501833603105719
-265.015415273782,-279.801055348534,6.17354388840524,-4.60920586584575,14.9882271347046,2.50750929421095,0.123269575010532,1.0123307106229,0.0501833603105719
-265.012003534586,-279.749978199136,6.17013214920903,-4.83686154552032,14.9882271347046,2.50750929421095,0.123269575010532,1.0123307106229,0.0501833603105719
-265.003940632042,-279.698316663961,6.16206924666485,-4.7606214286585,14.8254025039673,2.50750929421095,0.123269575010532,1.0123307106229,0.0501833603105719
-264.97724996472,-279.646082619583,6.13537857934271,-4.85994497202887,14.8254025039673,2.50750929421095,0.123269575010532,1.0123307106229,0.0501833603105719
-264.985252751865,-279.593781965573,6.14338136648801,-5.03786920639353,14.8254025039673,2.50750929421095,0.123269575010532,1.0123307106229,0.0501833603105719
-264.98428568363,-279.540719310851,6.14241429825263,-4.84623037919162,14.63643384552,2.50750929421095,0.123269575010532,1.0123307106229,0.0501833603105719
-264.957794725042,-279.487144867839,6.11592333966543,-4.94858975712686,14.63643384552,2.50750929421095,0.123269575010532,1.0123307106229,0.0501833603105719
-264.948423344429,-279.432798222027,6.10655195905235,-5.296092432807,14.63643384552,2.50750929421095,0.123269575010532,1.0123307106229,0.0501833603105719
-264.943805100912,-279.378116518107,6.10193371553486,-4.93916009332613,14.63643384552,2.50750929421095,0.123269575010532,1.0123307106229,0.0501833603105719
-264.942480073081,-279.322075904132,6.10060868770446,-4.550992889563,14.5212414321899,2.50750929421095,0.123269575010532,1.0123307106229,0.0501833603105719
-264.939511043922,-279.265789750082,6.09763965854521,-4.4647386880589,14.5212414321899,2.50750929421095,0.123269575010532,1.0123307106229,0.0501833603105719
-264.920220499846,-279.208818683148,6.07834911446881,-4.26526366680593,14.5212414321899,2.50750929421095,0.123269575010532,1.0123307106229,0.0501833603105719
-264.900851621301,-279.150627228661,6.05898023592427,-4.62759208125584,14.3575813827515,2.50750929421095,0.123269575010532,1.0123307106229,0.0501833603105719
-264.894821820003,-279.09173636665,6.05295043462578,-4.52818823179713,14.3575813827515,2.50750929421095,0.123269575010532,1.0123307106229,0.0501833603105719
-264.889337679401,-279.031497743822,6.04746629402431,-4.67704375237486,14.3575813827515,2.50750929421095,0.123269575010532,1.0123307106229,0.0501833603105719
-264.881689660728,-278.971044842697,6.03981827535094,-4.54033913114666,14.1939728317261,2.50750929421095,0.123269575010532,1.0123307106229,0.0501833603105719
-264.870036982387,-278.90954324536,6.02816559701003,-4.53103393273321,14.1939728317261,2.50750929421095,0.123269575010532,1.0123307106229,0.0501833603105719
-264.867684324715,-278.847029253607,6.02581293933824,-5.10863894414908,14.1939728317261,2.50750929421095,0.123269575010532,1.0123307106229,0.0501833603105719
-264.858906957807,-278.783562144644,6.01703557243011,-5.06474897219728,13.9831745681763,2.50750929421095,0.123269575010532,1.0123307106229,0.0501833603105719
-264.863268508783,-278.718831108862,6.02139712340638,-4.95688103821222,13.9831745681763,2.50750929421095,0.123269575010532,1.0123307106229,0.0501833603105719
-264.840197586414,-278.653948000297,5.99832620103669,-5.3439905527497,13.9831745681763,2.50750929421095,0.123269575010532,1.0123307106229,0.0501833603105719
-264.818598397476,-278.587229601091,5.97672701209956,-5.13406839445128,13.9831745681763,2.50750929421095,0.123269575010532,1.0123307106229,0.0501833603105719
-264.822914762654,-278.520433727239,5.98104337727673,-4.70192624347063,13.8903210220337,2.50750929421095,0.123269575010532,1.0123307106229,0.0501833603105719
-264.804981299289,-278.45232349113,5.96310991391225,-4.96223263694419,13.8903210220337,2.50750929421095,0.123269575010532,1.0123307106229,0.0501833603105719
-264.790341646411,-278.383568291775,5.9484702610339,-4.71590385448959,13.8903210220337,2.50750929421095,0.123269575010532,1.0123307106229,0.0501833603105719
-264.789189059151,-278.313846689662,5.94731767377421,-5.12236457073314,13.7491371688843,2.50750929421095,0.123269575010532,1.0123307106229,0.0501833603105719
-264.781950431565,-278.243324619932,5.94007904618854,-6.00429054980541,13.7491371688843,2.50750929421095,0.123269575010532,1.0123307106229,0.0501833603105719
-264.774258587713,-278.171709741539,5.9323872023363,-6.11001292370349,13.7491371688843,2.50750929421095,0.123269575010532,1.0123307106229,0.0501833603105719
-264.767458614569,-278.099865968997,5.92558722919179,-5.73831779982184,13.5612995681763,2.50750929421095,0.123269575010532,1.0123307106229,0.0501833603105719
-264.742474662859,-278.027075573574,5.90060327748204,-5.78715453336612,13.5612995681763,2.50750929421095,0.123269575010532,1.0123307106229,0.0501833603105719
-264.741976025377,-277.954185253906,5.90010463999963,-5.94459144359245,13.5612995681763,2.50750929421095,0.123269575010532,1.0123307106229,0.0501833603105719
-264.725208464668,-277.879829508261,5.88333707929145,-5.43970194193583,13.5612995681763,2.50750929421095,0.123269575010532,1.0123307106229,0.0501833603105719
-264.710525439216,-277.806116306038,5.86865405383935,-5.01235731129108,13.3966171798706,2.50750929421095,0.123269575010532,1.0123307106229,0.0501833603105719
-264.704963167327,-277.731191643245,5.86309178194966,-5.3175263235198,13.3966171798706,2.50750929421095,0.123269575010532,1.0123307106229,0.0501833603105719
-264.685387650114,-277.656257798766,5.84351626473667,-6.02646298963855,13.3966171798706,2.50750929421095,0.123269575010532,1.0123307106229,0.0501833603105719
-264.682204700918,-277.581525117539,5.84033331554157,-5.80034720704732,13.1865093765259,2.50750929421095,0.123269575010532,1.0123307106229,0.0501833603105719
-264.675577548256,-277.50574246103,5.83370616287887,-5.91398426525701,13.1865093765259,2.50750929421095,0.123269575010532,1.0123307106229,0.0501833603105719
-264.645082043281,-277.430363984394,5.80321065790451,-6.24724683807079,13.1865093765259,2.50750929421095,0.123269575010532,1.0123307106229,0.0501833603105719
-264.649917542969,-277.352449969034,5.80804615759262,-6.06209387944365,13.1865093765259,2.50750929421095,0.123269575010532,1.0123307106229,0.0501833603105719
-264.629739787517,-277.278646459155,5.78786840214002,-6.06106781985734,13.0475418624878,2.50750929421095,0.123269575010532,1.0123307106229,0.0501833603105719
-264.625077176441,-277.204747700948,5.78320579106406,-6.0764653048694,13.0475418624878,2.50750929421095,0.123269575010532,1.0123307106229,0.0501833603105719
-264.623324411747,-277.130858976003,5.78145302637062,-5.28314911553152,13.0475418624878,2.50750929421095,0.123269575010532,1.0123307106229,0.0501833603105719
-264.59482530091,-277.055936744942,5.7529539155331,-5.81895686782882,12.8133518753052,2.50750929421095,0.123269575010532,1.0123307106229,0.0501833603105719
-264.596573754359,-276.982129190281,5.75470236898201,-6.2719723106449,12.8133518753052,2.50750929421095,0.123269575010532,1.0123307106229,0.0501833603105719
-264.575625838733,-276.909279609757,5.73375445335594,-5.80608921477184,12.8133518753052,2.50750929421095,0.123269575010532,1.0123307106229,0.0501833603105719
-264.56870585222,-276.83737795536,5.72683446684263,-6.0878400817283,12.6498234329224,2.50750929421095,0.123269575010532,1.0123307106229,0.0501833603105719
-264.553606973816,-276.765922768326,5.71173558843885,-6.17781578995852,12.6498234329224,2.50750929421095,0.123269575010532,1.0123307106229,0.0501833603105719
-264.540375222601,-276.695796751521,5.69850383722387,-6.75496106186351,12.6498234329224,2.50750929421095,0.123269575010532,1.0123307106229,0.0501833603105719
-264.529376466886,-276.626589347015,5.68750508150911,-6.86411277922516,12.6498234329224,2.50750929421095,0.123269575010532,1.0123307106229,0.0501833603105719
-264.519973483523,-276.559145224393,5.67810209814629,-6.67628529220703,12.4630024490356,2.50750929421095,0.123269575010532,1.0123307106229,0.0501833603105719
-264.507194410997,-276.492804552034,5.66532302562039,-7.0412432803895,12.4630024490356,2.50750929421095,0.123269575010532,1.0123307106229,0.0501833603105719
-264.494154186859,-276.427465993548,5.65228280148233,-6.82487823792335,12.4630024490356,2.50750929421095,0.123269575010532,1.0123307106229,0.0501833603105719
-264.477628092246,-276.364424718567,5.63575670686872,-7.33171486823817,12.2751877365112,2.50750929421095,0.123269575010532,1.0123307106229,0.0501833603105719
-264.471194311269,-276.30371150856,5.62932292589197,-7.19488578066975,12.2751877365112,2.50750929421095,0.123269575010532,1.0123307106229,0.0501833603105719
-264.457164847593,-276.244167539945,5.61529346221584,-6.57850712079562,12.2751877365112,2.50750929421095,0.123269575010532,1.0123307106229,0.0501833603105719
-264.428984050498,-276.186617313355,5.58711266512069,-6.77447708904044,12.1122448501587,2.50750929421095,0.123269575010532,1.0123307106229,0.0501833603105719
-264.42760560879,-276.131891496636,5.58573422341313,-7.32047233995138,12.1122448501587,2.50750929421095,0.123269575010532,1.0123307106229,0.0501833603105719
-264.411289914671,-276.079206484725,5.56941852929405,-7.73706595305494,12.1122448501587,2.50750929421095,0.123269575010532,1.0123307106229,0.0501833603105719
-264.401117358034,-276.028984146508,5.55924597265667,-7.16258438304834,12.1122448501587,2.50750929421095,0.123269575010532,1.0123307106229,0.0501833603105719
-264.384858032388,-275.980742434324,5.54298664701147,-6.74024782895709,11.902568107605,2.50750929421095,0.123269575010532,1.0123307106229,0.0501833603105719
-264.365616417455,-275.936168447401,5.52374503207853,-7.2622675815366,11.902568107605,2.50750929421095,0.123269575010532,1.0123307106229,0.0501833603105719
-264.347741928771,-275.894082993907,5.50587054339419,-7.19258732644008,11.902568107605,2.50750929421095,0.123269575010532,1.0123307106229,0.0501833603105719
-264.340462254623,-275.854751363663,5.49859086924648,-7.25949510232678,11.7378838119507,2.50750929421095,0.123269575010532,1.0123307106229,0.0501833603105719
-264.322982671903,-275.81866971601,5.48111128652634,-7.0493532350571,11.7378838119507,2.50750929421095,0.123269575010532,1.0123307106229,0.0501833603105719
-264.31550489116,-275.785942504855,5.47363350578306,-6.78374750879622,11.7378838119507,2.50750929421095,0.123269575010532,1.0123307106229,0.0501833603105719
-264.303502864321,-275.756062880056,5.46163147894402,-7.23034930606224,11.642968421936,2.50750929421095,0.123269575010532,1.0123307106229,0.0501833603105719
-264.281664275352,-275.730053827106,5.43979288997481,-7.42082337088486,11.642968421936,2.50750929421095,0.123269575010532,1.0123307106229,0.0501833603105719
-264.270422743087,-275.70738495148,5.42855135770964,-7.08882922021944,11.642968421936,2.50750929421095,0.123269575010532,1.0123307106229,0.0501833603105719
-264.261151916818,-275.688409204303,5.41928053144097,-7.04374006796186,11.5041563568115,2.50750929421095,0.123269575010532,1.0123307106229,0.0501833603105719
-264.23365287425,-275.672978445056,5.39178148887354,-6.55678713997509,11.5041563568115,2.50750929421095,0.123269575010532,1.0123307106229,0.0501833603105719
-264.230528768046,-275.661403484324,5.38865738266919,-6.36092894130576,11.5041563568115,2.50750929421095,0.123269575010532,1.0123307106229,0.0501833603105719
-264.223350822318,-275.653771004047,5.38147943694089,-6.37997605695276,11.5041563568115,2.50750929421095,0.123269575010532,1.0123307106229,0.0501833603105719
-264.20245926098,-275.650075960462,5.36058787560328,-6.48942597019912,11.3632700500488,2.50750929421095,0.123269575010532,1.0123307106229,0.0501833603105719
-264.198941894246,-275.65041568581,5.3570705088693,-6.59001815619193,11.3632700500488,2.50750929421095,0.123269575010532,1.0123307106229,0.0501833603105719
-264.167484787533,-275.654858473096,5.32561340215587,-6.72871020240184,11.3632700500488,2.50750929421095,0.123269575010532,1.0123307106229,0.0501833603105719
-264.174044225967,-275.663463051023,5.33217284059001,-6.18226500142037,11.3405697402954,2.50750929421095,0.123269575010532,1.0123307106229,0.0501833603105719
-264.164914008839,-275.676486897368,5.32304262346206,-5.75803534567605,11.3405697402954,2.50750929421095,0.123269575010532,1.0123307106229,0.0501833603105719
-264.148432704741,-275.693482265012,5.30656131936436,-5.64548818059398,11.3405697402954,2.50750929421095,0.123269575010532,1.0123307106229,0.0501833603105719
-264.137876000087,-275.714876667978,5.29600461470991,-5.40103351546076,11.3405697402954,2.50750929421095,0.123269575010532,1.0123307106229,0.0501833603105719
-264.116224889678,-275.740782438899,5.27435350430067,-5.16623181271109,11.3641665039062,2.50750929421095,0.123269575010532,1.0123307106229,0.0501833603105719
-264.113012297212,-275.771010432819,5.27114091183506,-4.86989066310653,11.3641665039062,2.50750929421095,0.123269575010532,1.0123307106229,0.0501833603105719
-264.106778430802,-275.805622394823,5.26490704542559,-4.67169504254546,11.3641665039062,2.50750929421095,0.123269575010532,1.0123307106229,0.0501833603105719
-264.102733747577,-275.844617223161,5.26086236219964,-4.33562557381696,11.3871758041382,2.50750929421095,0.123269575010532,1.0123307106229,0.0501833603105719
-264.086646873056,-275.888169804689,5.24477548767882,-4.10803612089832,11.3871758041382,2.50750929421095,0.123269575010532,1.0123307106229,0.0501833603105719
-264.085493039069,-275.936230547189,5.24362165369246,-3.85592964879039,11.3871758041382,2.50750929421095,0.123269575010532,1.0123307106229,0.0501833603105719
-264.072662580697,-275.988710622081,5.23079119531972,-3.64442281210271,11.5045635757446,2.50750929421095,0.123269575010532,1.0123307106229,0.0501833603105719
-264.067706298017,-276.04536231883,5.22583491264034,-3.34989355482697,11.5045635757446,2.50750929421095,0.123269575010532,1.0123307106229,0.0501833603105719
-264.049778823639,-276.106929815332,5.20790743826199,-3.13882383604587,11.5045635757446,2.50750929421095,0.123269575010532,1.0123307106229,0.0501833603105719
-264.057828593353,-276.174873389054,5.21595720797563,-2.64067052776919,11.5045635757446,2.50750929421095,0.123269575010532,1.0123307106229,0.0501833603105719
-264.05081494261,-276.243433445363,5.20894355723356,-2.2707014468728,11.7357113418579,2.50750929421095,0.123269575010532,1.0123307106229,0.0501833603105719
-264.050639957428,-276.316956133723,5.2087685720506,-0.982351438638626,11.7357113418579,2.50750929421095,0.123269575010532,1.0123307106229,0.0501833603105719
-264.044897027636,-276.395417786335,5.20302564225916,-0.220619106625291,11.7357113418579,2.50750929421095,0.123269575010532,1.0123307106229,0.0501833603105719
-264.036686512833,-276.478033367489,5.19481512745595,0.609582429684326,11.9685413894653,2.50750929421095,0.123269575010532,1.0123307106229,0.0501833603105719
-264.038717441752,-276.564563806946,5.19684605637488,1.01356286484772,11.9685413894653,2.50750929421095,0.123269575010532,1.0123307106229,0.0501833603105719
-264.035902808151,-276.655518551116,5.19403142277369,1.00428342676132,11.9685413894653,2.50750929421095,0.123269575010532,1.0123307106229,0.0501833603105719
-264.042611306622,-276.750857719559,5.20073992124531,2.84059699404306,12.178088432312,2.50750929421095,0.123269575010532,1.0123307106229,0.0501833603105719
-264.050247752568,-276.848573921376,5.20837636719074,4.8616750832306,12.178088432312,2.50750929421095,0.123269575010532,1.0123307106229,0.0501833603105719
-264.055348224189,-276.95179713504,5.2134768388124,5.07756647066405,12.178088432312,2.50750929421095,0.123269575010532,1.0123307106229,0.0501833603105719
-264.071646215743,-277.058272893129,5.22977483036641,5.80715020320229,12.412614112854,2.50750929421095,0.123269575010532,1.0123307106229,0.0501833603105719
-264.082342169229,-277.169280330686,5.24047078385187,6.81107872357413,12.412614112854,2.50750929421095,0.123269575010532,1.0123307106229,0.0501833603105719
-264.096721351007,-277.281457753166,5.25484996563047,7.65840192106366,12.412614112854,2.50750929421095,0.123269575010532,1.0123307106229,0.0501833603105719
-264.106505409736,-277.39767916016,5.26463402435928,7.28765696581987,12.412614112854,2.50750929421095,0.123269575010532,1.0123307106229,0.0501833603105719
-264.116865173242,-277.518012828572,5.27499378786489,6.81838962642236,12.6477081832886,2.50750929421095,0.123269575010532,1.0123307106229,0.0501833603105719
-264.143023035982,-277.640911889142,5.30115165060502,6.56662361525267,12.6477081832886,2.50750929421095,0.123269575010532,1.0123307106229,0.0501833603105719
-264.16240738078,-277.766137589643,5.32053599540266,6.51960726973331,12.6477081832886,2.50750929421095,0.123269575010532,1.0123307106229,0.0501833603105719
-264.167234479289,-277.895320698395,5.32536309391224,7.07367310700687,12.9069016036987,2.50750929421095,0.123269575010532,1.0123307106229,0.0501833603105719
-264.18609554542,-278.027040603095,5.34422416004277,7.64829997564376,12.9069016036987,2.50750929421095,0.123269575010532,1.0123307106229,0.0501833603105719
-264.196327211634,-278.161391558406,5.35445582625677,7.8184742530416,12.9069016036987,2.50750929421095,0.123269575010532,1.0123307106229,0.0501833603105719
-264.219994359254,-278.297138488994,5.37812297387691,8.56977096521352,12.9069016036987,2.50750929421095,0.123269575010532,1.0123307106229,0.0501833603105719
-264.234732933772,-278.435435819588,5.39286154839469,8.9501735432713,13.2138702926636,2.50750929421095,0.123269575010532,1.0123307106229,0.0501833603105719
-264.248690807139,-278.576100434611,5.40681942176174,8.98903210414733,13.2138702926636,2.50750929421095,0.123269575010532,1.0123307106229,0.0501833603105719
-264.263168388569,-278.719367708719,5.42129700319233,9.05866597754198,13.2138702926636,2.50750929421095,0.123269575010532,1.0123307106229,0.0501833603105719
-264.287082857762,-278.862567863271,5.44521147238464,8.40589132610399,13.585824256897,2.50750929421095,0.123269575010532,1.0123307106229,0.0501833603105719
-264.295081812581,-279.007977548974,5.45321042720398,9.38577241924144,13.585824256897,2.50750929421095,0.123269575010532,1.0123307106229,0.0501833603105719
-264.312264536674,-279.154453768305,5.4703931512966,8.3270536385527,13.585824256897,2.50750929421095,0.123269575010532,1.0123307106229,0.0501833603105719
-264.323787466687,-279.303312584393,5.4819160813101,8.85183696059376,14.0525467453003,2.50750929421095,0.123269575010532,1.0123307106229,0.0501833603105719
-264.338685543471,-279.451473446013,5.49681415809394,9.3023323870368,14.0525467453003,2.50750929421095,0.123269575010532,1.0123307106229,0.0501833603105719
-264.35384453771,-279.600600641393,5.51197315233326,9.94562919165993,14.0525467453003,2.50750929421095,0.123269575010532,1.0123307106229,0.0501833603105719
-264.368483291599,-279.751496807498,5.5266119062225,9.69070040491166,14.5193378982544,2.50750929421095,0.123269575010532,1.0123307106229,0.0501833603105719
-264.38038821578,-279.901538142429,5.53851683040296,9.97215079495474,14.5193378982544,2.50750929421095,0.123269575010532,1.0123307106229,0.0501833603105719
-264.41053125146,-280.051823837453,5.56865986608324,10.5655658175657,14.5193378982544,2.50750929421095,0.123269575010532,1.0123307106229,0.0501833603105719
-264.432594265531,-280.204608644729,5.59072288015416,11.3365641446249,14.5193378982544,2.50750929421095,0.123269575010532,1.0123307106229,0.0501833603105719
-264.453825492318,-280.353360125623,5.61195410694137,11.9074079345338,15.0322983322144,2.50750929421095,0.123269575010532,1.0123307106229,0.0501833603105719
-264.470805026769,-280.504351754529,5.62893364139244,11.946390536922,15.0322983322144,2.50750929421095,0.123269575010532,1.0123307106229,0.0501833603105719
-264.492211125673,-280.653931890785,5.650339740296,12.027261805209,15.0322983322144,2.50750929421095,0.123269575010532,1.0123307106229,0.0501833603105719
-264.519202753885,-280.801711246405,5.67733136850768,12.8485841819712,15.5216381607056,2.50750929421095,0.123269575010532,1.0123307106229,0.0501833603105719
-264.551566149124,-280.949791690284,5.70969476374689,13.8554720451585,15.5216381607056,2.50750929421095,0.123269575010532,1.0123307106229,0.0501833603105719
-264.585485801095,-281.097595741522,5.74361441571808,14.4053323101664,15.5216381607056,2.50750929421095,0.123269575010532,1.0123307106229,0.0501833603105719
-264.612924085014,-281.24324131433,5.7710526996369,14.0977820523192,15.5216381607056,2.50750929421095,0.123269575010532,1.0123307106229,0.0501833603105719
-264.616314044554,-281.387168886996,5.77444265917698,15.1035556053672,16.0145304260254,2.50750929421095,0.123269575010532,1.0123307106229,0.0501833603105719
-264.66083981328,-281.529006107627,5.81896842790353,15.0446214091962,16.0145304260254,2.50750929421095,0.123269575010532,1.0123307106229,0.0501833603105719
-264.695800726008,-281.670076022989,5.85392934063084,15.665954433294,16.0145304260254,2.50750929421095,0.123269575010532,1.0123307106229,0.0501833603105719
-264.734075044674,-281.807819089328,5.8922036592971,16.2203426134971,16.4818880615234,2.50750929421095,0.123269575010532,1.0123307106229,0.0501833603105719
-264.753693483127,-281.944304734151,5.91182209775026,17.1406725599602,16.4818880615234,2.50750929421095,0.123269575010532,1.0123307106229,0.0501833603105719
-264.789749956164,-282.079086426728,5.94787857078705,15.2473063476845,16.4818880615234,2.50750929421095,0.123269575010532,1.0123307106229,0.0501833603105719
-264.828244098074,-282.209143714469,5.98637271269686,16.0733526366685,16.9493029174805,2.50750929421095,0.123269575010532,1.0123307106229,0.0501833603105719
-264.86776089589,-282.338299634293,6.02588951051325,17.0856781203787,16.9493029174805,2.50750929421095,0.123269575010532,1.0123307106229,0.0501833603105719
-264.889657744161,-282.464260789191,6.04778635878428,17.2918433329161,16.9493029174805,2.50750929421095,0.123269575010532,1.0123307106229,0.0501833603105719
-264.927658382969,-282.588994388421,6.08578699759171,16.1839822462011,16.9493029174805,2.50750929421095,0.123269575010532,1.0123307106229,0.0501833603105719
-264.955970229643,-282.711507014618,6.114098844266,17.4187059560742,17.3687326965332,2.50750929421095,0.123269575010532,1.0123307106229,0.0501833603105719
-264.998864080647,-282.825221829348,6.15699269526998,16.4706725935586,17.3687326965332,2.50750929421095,0.123269575010532,1.0123307106229,0.0501833603105719
-265.034307491518,-282.937508534864,6.19243610614117,16.244508330089,17.3687326965332,2.50750929421095,0.123269575010532,1.0123307106229,0.0501833603105719
-265.059374249871,-283.048296529914,6.21750286449446,16.8020206874195,17.7444574890137,2.50750929421095,0.123269575010532,1.0123307106229,0.0501833603105719
-265.092539151328,-283.154492905504,6.2506677659514,15.7908388004887,17.7444574890137,2.50750929421095,0.123269575010532,1.0123307106229,0.0501833603105719
-265.119515732505,-283.256185088744,6.27764434712824,15.0281762168124,17.7444574890137,2.50750929421095,0.123269575010532,1.0123307106229,0.0501833603105719
-265.151755619353,-283.354947819797,6.30988423397655,15.4714585194093,18.1182444152832,2.50750929421095,0.123269575010532,1.0123307106229,0.0501833603105719
-265.178523066909,-283.449816851568,6.33665168153247,15.7043219629173,18.1182444152832,2.50750929421095,0.123269575010532,1.0123307106229,0.0501833603105719
-265.20933992462,-283.54085507504,6.36746853924308,15.3352371422516,18.1182444152832,2.50750929421095,0.123269575010532,1.0123307106229,0.0501833603105719
-265.231555988429,-283.627548890981,6.38968460305173,13.5337257453476,18.4224093017578,2.50750929421095,0.123269575010532,1.0123307106229,0.0501833603105719
-265.271429808792,-283.710319128336,6.42955842341497,13.9164160584064,18.4224093017578,2.50750929421095,0.123269575010532,1.0123307106229,0.0501833603105719
-265.29159781452,-283.789026543714,6.44972642914338,13.7194380869916,18.4224093017578,2.50750929421095,0.123269575010532,1.0123307106229,0.0501833603105719
-265.327004561402,-283.863755154998,6.48513317602523,13.0420304800998,18.4224093017578,2.50750929421095,0.123269575010532,1.0123307106229,0.0501833603105719
-265.349195283386,-283.933755997563,6.50732389800929,12.5419050480012,18.6803476867676,2.50750929421095,0.123269575010532,1.0123307106229,0.0501833603105719
-265.369734831569,-283.999247937524,6.52786344619177,12.8525630221558,18.6803476867676,2.50750929421095,0.123269575010532,1.0123307106229,0.0501833603105719
-265.392900748867,-284.060420251368,6.55102936349045,13.2179805374466,18.6803476867676,2.50750929421095,0.123269575010532,1.0123307106229,0.0501833603105719
-265.400925066896,-284.117406804734,6.55905368151921,12.3104272018077,18.9375956115723,2.50750929421095,0.123269575010532,1.0123307106229,0.0501833603105719
-265.43038153941,-284.169994259431,6.58851015403283,12.162218093344,18.9375956115723,2.50750929421095,0.123269575010532,1.0123307106229,0.0501833603105719
-265.456103035498,-284.217858153698,6.61423165012082,12.1373339915934,18.9375956115723,2.50750929421095,0.123269575010532,1.0123307106229,0.0501833603105719
-265.482045223159,-284.261281209982,6.64017383778187,11.4043329531345,19.1243364868164,2.50750929421095,0.123269575010532,1.0123307106229,0.0501833603105719
-265.505445087051,-284.300713479941,6.66357370167414,10.7270866982407,19.1243364868164,2.50750929421095,0.123269575010532,1.0123307106229,0.0501833603105719
-265.518097864843,-284.335250354312,6.67622647946614,10.2542409542906,19.1243364868164,2.50750929421095,0.123269575010532,1.0123307106229,0.0501833603105719
-265.552853769883,-284.365548243635,6.71098238450579,10.0340993517493,19.1243364868164,2.50750929421095,0.123269575010532,1.0123307106229,0.0501833603105719
-265.560675376215,-284.39140215648,6.71880399083785,10.1842569272305,19.2877237854004,2.50750929421095,0.123269575010532,1.0123307106229,0.0501833603105719
-265.576528091745,-284.41306295554,6.73465670636791,9.67383151568555,19.2877237854004,2.50750929421095,0.123269575010532,1.0123307106229,0.0501833603105719
-265.597014728189,-284.430216935784,6.75514334281252,9.4440630782866,19.2877237854004,2.50750929421095,0.123269575010532,1.0123307106229,0.0501833603105719
-265.611281108276,-284.4431663931,6.76940972289874,8.96213209192655,19.4056704101563,2.50750929421095,0.123269575010532,1.0123307106229,0.0501833603105719
-265.639436233337,-284.451810736781,6.79756484796035,9.1578801684072,19.4056704101563,2.50750929421095,0.123269575010532,1.0123307106229,0.0501833603105719
-265.661172013163,-284.456332528899,6.81930062778618,9.08089296182228,19.4056704101563,2.50750929421095,0.123269575010532,1.0123307106229,0.0501833603105719
-265.665770369277,-284.456721772962,6.82389898389968,7.63058280419876,19.4052431640625,2.50750929421095,0.123269575010532,1.0123307106229,0.0501833603105719
-265.678266514952,-284.453084295417,6.8363951295749,6.57070555906278,19.4052431640625,2.50750929421095,0.123269575010532,1.0123307106229,0.0501833603105719
-265.688214457355,-284.445461269386,6.84634307197823,6.56101997684167,19.4052431640625,2.50750929421095,0.123269575010532,1.0123307106229,0.0501833603105719
-265.694619232316,-284.433947768037,6.85274784693907,6.50879071776075,19.4052431640625,2.50750929421095,0.123269575010532,1.0123307106229,0.0501833603105719
-265.713445533075,-284.418665841653,6.87157414769851,5.67709316744075,19.2895090637207,2.50750929421095,0.123269575010532,1.0123307106229,0.0501833603105719
-265.719892476999,-284.399631865494,6.87802109162211,5.19471706269267,19.2895090637207,2.50750929421095,0.123269575010532,1.0123307106229,0.0501833603105719
-265.737868050277,-284.376966386719,6.89599666489976,4.48835282947302,19.2895090637207,2.50750929421095,0.123269575010532,1.0123307106229,0.0501833603105719
-265.742730178413,-284.350918731595,6.90085879303587,4.17937840484556,19.0569536743164,2.50750929421095,0.123269575010532,1.0123307106229,0.0501833603105719
-265.75744267691,-284.321376999208,6.91557129153297,3.92818620652128,19.0569536743164,2.50750929421095,0.123269575010532,1.0123307106229,0.0501833603105719
-265.762379137232,-284.288348497163,6.92050775185493,3.44373422910197,19.0569536743164,2.50750929421095,0.123269575010532,1.0123307106229,0.0501833603105719
-265.770343951689,-284.252288895239,6.92847256631257,2.9262292489614,18.7559168395996,2.50750929421095,0.123269575010532,1.0123307106229,0.0501833603105719
-265.768706690563,-284.213230541758,6.92683530518629,2.45961320383506,18.7559168395996,2.50750929421095,0.123269575010532,1.0123307106229,0.0501833603105719
-265.770923054199,-284.171131506699,6.92905166882185,1.12312730902117,18.7559168395996,2.50750929421095,0.123269575010532,1.0123307106229,0.0501833603105719
-265.779319317246,-284.126187731873,6.93744793186946,0.270642255224452,18.7559168395996,2.50750929421095,0.123269575010532,1.0123307106229,0.0501833603105719
-265.775426278141,-284.07842215541,6.9335548927642,-0.925828982657015,18.4292604980469,2.50750929421095,0.123269575010532,1.0123307106229,0.0501833603105719
-265.776965055391,-284.028520807831,6.93509367001449,-2.49724392302337,18.4292604980469,2.50750929421095,0.123269575010532,1.0123307106229,0.0501833603105719
-265.758546241969,-283.975655242492,6.91667485659242,-2.6927047549672,18.4292604980469,2.50750929421095,0.123269575010532,1.0123307106229,0.0501833603105719
-265.75535496768,-283.920747491707,6.91348358230287,-4.75641631716648,18.149204498291,2.50750929421095,0.123269575010532,1.0123307106229,0.0501833603105719
-265.75451401593,-283.863476997635,6.91264263055275,-5.88304667803933,18.149204498291,2.50750929421095,0.123269575010532,1.0123307106229,0.0501833603105719
-265.747640077872,-283.803999020486,6.9057686924951,-6.07112367244109,18.149204498291,2.50750929421095,0.123269575010532,1.0123307106229,0.0501833603105719
-265.73166111315,-283.741638818157,6.8897897277731,-6.65439317663807,18.149204498291,2.50750929421095,0.123269575010532,1.0123307106229,0.0501833603105719
-265.708871433121,-283.677776693815,6.86700004774388,-7.76697754021276,17.9622156677246,2.50750929421095,0.123269575010532,1.0123307106229,0.0501833603105719
-265.712704035081,-283.614150818026,6.87083264970395,-8.0626194317705,17.9622156677246,2.50750929421095,0.123269575010532,1.0123307106229,0.0501833603105719
-265.690983134466,-283.548461739902,6.84911174908887,-7.33059868450702,17.9622156677246,2.50750929421095,0.123269575010532,1.0123307106229,0.0501833603105719
-265.676382819558,-283.480814199249,6.83451143418157,-6.47088902769436,17.8896372375488,2.50750929421095,0.123269575010532,1.0123307106229,0.0501833603105719
-265.653612827385,-283.411393951949,6.81174144200764,-6.33569280143788,17.8896372375488,2.50750929421095,0.123269575010532,1.0123307106229,0.0501833603105719
-265.642003022133,-283.341350410564,6.80013163675613,-7.06286375323607,17.8896372375488,2.50750929421095,0.123269575010532,1.0123307106229,0.0501833603105719
-265.627420649844,-283.270457913592,6.78554926446728,-6.9746924479706,17.7699930725098,2.50750929421095,0.123269575010532,1.0123307106229,0.0501833603105719
-265.612331105098,-283.197608441421,6.77045971972118,-6.91998826966619,17.7699930725098,2.50750929421095,0.123269575010532,1.0123307106229,0.0501833603105719
-265.601599248435,-283.124768742176,6.75972786305856,-7.17641137560737,17.7699930725098,2.50750929421095,0.123269575010532,1.0123307106229,0.0501833603105719
-265.584717303256,-283.051394151077,6.74284591787871,-7.12058703268459,17.6273310241699,2.50750929421095,0.123269575010532,1.0123307106229,0.0501833603105719
-265.564760076095,-282.977345511429,6.72288869071813,-7.1111510529328,17.6273310241699,2.50750929421095,0.123269575010532,1.0123307106229,0.0501833603105719
-265.557437957165,-282.902679166869,6.71556657178768,-6.78180715956178,17.6273310241699,2.50750929421095,0.123269575010532,1.0123307106229,0.0501833603105719
-265.548789564843,-282.827833552214,6.70691817946639,-6.27538504228038,17.6273310241699,2.50750929421095,0.123269575010532,1.0123307106229,0.0501833603105719
-265.534949822126,-282.752206872503,6.69307843674866,-6.21455436540452,17.3934938964844,2.50750929421095,0.123269575010532,1.0123307106229,0.0501833603105719
-265.527602209677,-282.677103612689,6.68573082430007,-5.93229631620838,17.3934938964844,2.50750929421095,0.123269575010532,1.0123307106229,0.0501833603105719
-265.512535504057,-282.601823837416,6.67066411868006,-5.09283906341272,17.3934938964844,2.50750929421095,0.123269575010532,1.0123307106229,0.0501833603105719
-265.505135028629,-282.526372036409,6.66326364325165,-4.62295838550494,17.1832811889648,2.50750929421095,0.123269575010532,1.0123307106229,0.0501833603105719
-265.499895890649,-282.45139480986,6.65802450527198,-4.76144983356217,17.1832811889648,2.50750929421095,0.123269575010532,1.0123307106229,0.0501833603105719
-265.497882262453,-282.375958388892,6.65601087707635,-5.19834936923896,17.1832811889648,2.50750929421095,0.123269575010532,1.0123307106229,0.0501833603105719
-265.489964450921,-282.301422349799,6.64809306554415,-4.84488701856911,17.1832811889648,2.50750929421095,0.123269575010532,1.0123307106229,0.0501833603105719
-265.472189343267,-282.227316567572,6.63031795788993,-4.44709824847292,16.9038927612305,2.50750929421095,0.123269575010532,1.0123307106229,0.0501833603105719
-265.475860368681,-282.153641720799,6.63398898330425,-4.55378825773162,16.9038927612305,2.50750929421095,0.123269575010532,1.0123307106229,0.0501833603105719
-265.467654887919,-282.080395539105,6.625783502542,-4.38381763152363,16.9038927612305,2.50750929421095,0.123269575010532,1.0123307106229,0.0501833603105719
-265.463045311298,-282.007754327149,6.62117392592138,-4.58360864092758,16.6235659179688,2.50750929421095,0.123269575010532,1.0123307106229,0.0501833603105719
-265.445700830822,-281.935535444574,6.60382944544524,-4.97706293727886,16.6235659179688,2.50750929421095,0.123269575010532,1.0123307106229,0.0501833603105719
-265.434748870971,-281.864236938746,6.59287748559434,-5.67024711207624,16.6235659179688,2.50750929421095,0.123269575010532,1.0123307106229,0.0501833603105719
-265.428787305005,-281.793831709886,6.58691591962762,-6.1602414712462,16.3435099182129,2.50750929421095,0.123269575010532,1.0123307106229,0.0501833603105719
-265.422471237067,-281.724289741142,6.58059985168963,-6.24509714445713,16.3435099182129,2.50750929421095,0.123269575010532,1.0123307106229,0.0501833603105719
-265.404468079576,-281.655309147277,6.56259669419923,-6.69317743775212,16.3435099182129,2.50750929421095,0.123269575010532,1.0123307106229,0.0501833603105719
-265.394072187406,-281.587381423267,6.55220080202862,-6.65323746515859,16.3435099182129,2.50750929421095,0.123269575010532,1.0123307106229,0.0501833603105719
-265.377035340464,-281.519943576245,6.53516395508685,-6.79924474001275,16.156399017334,2.50750929421095,0.123269575010532,1.0123307106229,0.0501833603105719
-265.353971458013,-281.45395704197,6.51210007263614,-6.804438283784,16.156399017334,2.50750929421095,0.123269575010532,1.0123307106229,0.0501833603105719
-265.33937013588,-281.388501288765,6.49749875050282,-6.67784295343144,16.156399017334,2.50750929421095,0.123269575010532,1.0123307106229,0.0501833603105719
-265.336946387855,-281.32426537177,6.49507500247809,-6.82274249922225,16.0164949951172,2.50750929421095,0.123269575010532,1.0123307106229,0.0501833603105719
-265.320752159367,-281.260580091822,6.47888077399061,-7.21672009357005,16.0164949951172,2.50750929421095,0.123269575010532,1.0123307106229,0.0501833603105719
-265.295937516903,-281.198312874174,6.45406613152577,-6.95826029117021,16.0164949951172,2.50750929421095,0.123269575010532,1.0123307106229,0.0501833603105719
-265.283451436061,-281.136583793379,6.44158005068363,-7.27633913194738,15.850638633728,2.50750929421095,0.123269575010532,1.0123307106229,0.0501833603105719
-265.27521399287,-281.075988952462,6.43334260749334,-7.52730303280681,15.850638633728,2.50750929421095,0.123269575010532,1.0123307106229,0.0501833603105719
-265.262158091866,-281.015923721771,6.42028670648892,-7.31640327380535,15.850638633728,2.50750929421095,0.123269575010532,1.0123307106229,0.0501833603105719
-265.245194801526,-280.956957130574,6.40332341614885,-6.52728293631324,15.850638633728,2.50750929421095,0.123269575010532,1.0123307106229,0.0501833603105719
-265.236314747759,-280.898623393393,6.39444336238232,-6.4338845724753,15.7358849105835,2.50750929421095,0.123269575010532,1.0123307106229,0.0501833603105719
-265.204285463844,-280.841724240554,6.36241407846666,-6.77034579078892,15.7358849105835,2.50750929421095,0.123269575010532,1.0123307106229,0.0501833603105719
-265.202815366403,-280.785240852059,6.36094398102632,-6.1282409941613,15.7358849105835,2.50750929421095,0.123269575010532,1.0123307106229,0.0501833603105719
-265.196087574851,-280.729608345868,6.35421618947374,-6.10366506355949,15.5977928695679,2.50750929421095,0.123269575010532,1.0123307106229,0.0501833603105719
-265.17722789304,-280.674374350873,6.33535650766287,-6.1500499739507,15.5977928695679,2.50750929421095,0.123269575010532,1.0123307106229,0.0501833603105719
-265.178127049223,-280.62019650772,6.33625566384582,-5.60686088098098,15.5977928695679,2.50750929421095,0.123269575010532,1.0123307106229,0.0501833603105719
-265.154661372918,-280.566685565959,6.31278998754142,-5.7370401464617,15.4805595932007,2.50750929421095,0.123269575010532,1.0123307106229,0.0501833603105719
-265.13885520771,-280.51377979825,6.29698382233307,-5.89990277258008,15.4805595932007,2.50750929421095,0.123269575010532,1.0123307106229,0.0501833603105719
-265.140254410786,-280.461209926548,6.29838302540914,-5.4950490509968,15.4805595932007,2.50750929421095,0.123269575010532,1.0123307106229,0.0501833603105719
-265.122837151553,-280.408996043188,6.28096576617654,-4.93806524063536,15.3168194351196,2.50750929421095,0.123269575010532,1.0123307106229,0.0501833603105719
-265.115103806599,-280.355774359475,6.27323242122246,-5.06853039055909,15.3168194351196,2.50750929421095,0.123269575010532,1.0123307106229,0.0501833603105719
-265.11443031679,-280.306018410702,6.27255893141349,-5.08284842997478,15.3168194351196,2.50750929421095,0.123269575010532,1.0123307106229,0.0501833603105719
-265.105493330996,-280.255364138456,6.2636219456193,-4.68588432477205,15.3168194351196,2.50750929421095,0.123269575010532,1.0123307106229,0.0501833603105719
-265.088787472295,-280.204482524481,6.24691608691813,-4.55903934646335,15.1520893630981,2.50750929421095,0.123269575010532,1.0123307106229,0.0501833603105719
-265.085488616386,-280.154278373539,6.24361723100941,-4.78955978647058,15.1520893630981,2.50750929421095,0.123269575010532,1.0123307106229,0.0501833603105719
-265.069050402228,-280.104001964366,6.22717901685094,-4.58647436229028,15.1520893630981,2.50750929421095,0.123269575010532,1.0123307106229,0.0501833603105719
-265.065458348688,-280.05344170778,6.22358696331082,-4.68008185338096,15.0595467147827,2.50750929421095,0.123269575010532,1.0123307106229,0.0501833603105719
-265.065240594197,-280.00325926191,6.22336920882044,-4.55344888446062,15.0595467147827,2.50750929421095,0.123269575010532,1.0123307106229,0.0501833603105719
-265.046028230992,-279.953007799046,6.20415684561504,-4.81480029821842,15.0595467147827,2.50750929421095,0.123269575010532,1.0123307106229,0.0501833603105719
-265.040474642422,-279.902317137313,6.19860325704558,-4.6208543582504,14.9189961013794,2.50750929421095,0.123269575010532,1.0123307106229,0.0501833603105719
-265.035528622886,-279.851907708502,6.19365723750886,-4.4024681769807,14.9189961013794,2.50750929421095,0.123269575010532,1.0123307106229,0.0501833603105719
-265.00921605762,-279.800751060974,6.16734467224267,-4.82127893238909,14.9189961013794,2.50750929421095,0.123269575010532,1.0123307106229,0.0501833603105719
-265.013209443749,-279.749684136373,6.17133805837217,-4.71468454817503,14.9189961013794,2.50750929421095,0.123269575010532,1.0123307106229,0.0501833603105719
-265.006305928629,-279.698291968438,6.16443454325194,-4.64266092929771,14.8255093154907,2.50750929421095,0.123269575010532,1.0123307106229,0.0501833603105719
-264.989510406709,-279.64598296282,6.14763902133203,-4.86688336583371,14.8255093154907,2.50750929421095,0.123269575010532,1.0123307106229,0.0501833603105719
-264.986666997241,-279.593819700472,6.14479561186426,-4.09928377119297,14.8255093154907,2.50750929421095,0.123269575010532,1.0123307106229,0.0501833603105719
-264.981768289777,-279.540808298879,6.13989690440037,-4.60838533670021,14.6856968460083,2.50750929421095,0.123269575010532,1.0123307106229,0.0501833603105719
-264.94708619734,-279.486823388928,6.10521481196341,-4.69970830980753,14.6856968460083,2.50750929421095,0.123269575010532,1.0123307106229,0.0501833603105719
-264.955664622989,-279.432902351228,6.11379323761174,-4.67787575200538,14.6856968460083,2.50750929421095,0.123269575010532,1.0123307106229,0.0501833603105719
-264.950780858765,-279.377753961003,6.10890947338782,-4.68434721758502,14.6856968460083,2.50750929421095,0.123269575010532,1.0123307106229,0.0501833603105719
-264.932319398852,-279.322209522463,6.09044801347519,-4.27842066132088,14.5214417037964,2.50750929421095,0.123269575010532,1.0123307106229,0.0501833603105719
-264.932403388917,-279.265620396621,6.09053200353976,-4.52671325626333,14.5214417037964,2.50750929421095,0.123269575010532,1.0123307106229,0.0501833603105719
-264.914255529786,-279.208591941729,6.07238414440958,-4.28257105407713,14.5214417037964,2.50750929421095,0.123269575010532,1.0123307106229,0.0501833603105719
-264.910366231857,-279.150515679568,6.06849484647987,-4.3799785962758,14.4277584609985,2.50750929421095,0.123269575010532,1.0123307106229,0.0501833603105719
-264.907456890839,-279.091637308931,6.06558550546243,-4.3382072836996,14.4277584609985,2.50750929421095,0.123269575010532,1.0123307106229,0.0501833603105719
-264.895475393269,-279.031526474062,6.0536040078919,-4.41532136403746,14.4277584609985,2.50750929421095,0.123269575010532,1.0123307106229,0.0501833603105719
-264.894675619948,-278.971037552182,6.05280423457111,-4.4993048249732,14.2169601974487,2.50750929421095,0.123269575010532,1.0123307106229,0.0501833603105719
-264.88107831733,-278.90949884423,6.03920693195276,-4.4883207340918,14.2169601974487,2.50750929421095,0.123269575010532,1.0123307106229,0.0501833603105719
-264.876764723706,-278.846871522461,6.03489333832907,-4.76244814335636,14.2169601974487,2.50750929421095,0.123269575010532,1.0123307106229,0.0501833603105719
-264.857424700898,-278.783493546318,6.01555331552101,-4.40348476787379,14.2169601974487,2.50750929421095,0.123269575010532,1.0123307106229,0.0501833603105719
-264.848172449665,-278.719008973937,6.0063010642879,-4.40541802548161,14.0292675552368,2.50750929421095,0.123269575010532,1.0123307106229,0.0501833603105719
-264.843060386373,-278.65335191706,6.00118900099605,-5.09014498735012,14.0292675552368,2.50750929421095,0.123269575010532,1.0123307106229,0.0501833603105719
-264.829261804955,-278.587253457258,5.98739041957835,-4.90400101952084,14.0292675552368,2.50750929421095,0.123269575010532,1.0123307106229,0.0501833603105719
-264.831574466569,-278.520216155297,5.98970308119251,-4.84307800668868,13.9355785903931,2.50750929421095,0.123269575010532,1.0123307106229,0.0501833603105719
-264.8047153701,-278.452013325006,5.96284398472324,-4.96227002917245,13.9355785903931,2.50750929421095,0.123269575010532,1.0123307106229,0.0501833603105719
-264.804230083282,-278.383576554169,5.9623586979054,-4.93653612086125,13.9355785903931,2.50750929421095,0.123269575010532,1.0123307106229,0.0501833603105719
-264.791227132373,-278.313361846385,5.94935574699612,-5.16655246217865,13.7729694900513,2.50750929421095,0.123269575010532,1.0123307106229,0.0501833603105719
-264.771843371642,-278.242995017791,5.92997198626549,-5.30927675238017,13.7729694900513,2.50750929421095,0.123269575010532,1.0123307106229,0.0501833603105719
-264.766032841716,-278.171299885554,5.92416145633862,-5.2417888406865,13.7729694900513,2.50750929421095,0.123269575010532,1.0123307106229,0.0501833603105719
-264.768390919544,-278.099745297513,5.92651953416734,-5.32063967048152,13.562142616272,2.50750929421095,0.123269575010532,1.0123307106229,0.0501833603105719
-264.759901909136,-278.027232066,5.91803052375878,-5.79510886891191,13.562142616272,2.50750929421095,0.123269575010532,1.0123307106229,0.0501833603105719
-264.74946212944,-277.954194015256,5.90759074406283,-6.15070417288746,13.562142616272,2.50750929421095,0.123269575010532,1.0123307106229,0.0501833603105719
-264.73950953212,-277.880261764771,5.89763814674277,-5.94447726484941,13.562142616272,2.50750929421095,0.123269575010532,1.0123307106229,0.0501833603105719
-264.719845729969,-277.806293764781,5.87797434459186,-5.36083612304608,13.4194939193726,2.50750929421095,0.123269575010532,1.0123307106229,0.0501833603105719
-264.712669861369,-277.731423456833,5.87079847599181,-5.1336135883655,13.4194939193726,2.50750929421095,0.123269575010532,1.0123307106229,0.0501833603105719
-264.702954260155,-277.656436784782,5.86108287477849,-5.27268906258137,13.4194939193726,2.50750929421095,0.123269575010532,1.0123307106229,0.0501833603105719
-264.694162331022,-277.581408473096,5.85229094564488,-5.42910936088833,13.2090275344849,2.50750929421095,0.123269575010532,1.0123307106229,0.0501833603105719
-264.678157782739,-277.506030001472,5.83628639736183,-5.3695099788365,13.2090275344849,2.50750929421095,0.123269575010532,1.0123307106229,0.0501833603105719
-264.678335912653,-277.430319046679,5.83646452727615,-5.93672312098923,13.2090275344849,2.50750929421095,0.123269575010532,1.0123307106229,0.0501833603105719
-264.658398457334,-277.355277939501,5.81652707195723,-6.03959718592424,13.0915443954468,2.50750929421095,0.123269575010532,1.0123307106229,0.0501833603105719
-264.650073821502,-277.276891169028,5.8082024361254,-6.39721539535589,13.0915443954468,2.50750929421095,0.123269575010532,1.0123307106229,0.0501833603105719
-264.63912330396,-277.204194531666,5.79725191858321,-6.23854089384098,13.0915443954468,2.50750929421095,0.123269575010532,1.0123307106229,0.0501833603105719
-264.620806327682,-277.130237681827,5.7789349423053,-5.60378898818295,13.0915443954468,2.50750929421095,0.123269575010532,1.0123307106229,0.0501833603105719
-264.611224352642,-277.055786888578,5.76935296726472,-5.71379943183581,12.9067375717163,2.50750929421095,0.123269575010532,1.0123307106229,0.0501833603105719
-264.611067719065,-276.982356463002,5.76919633368783,-6.01668885877251,12.9067375717163,2.50750929421095,0.123269575010532,1.0123307106229,0.0501833603105719
-264.595752361714,-276.909591140592,5.75388097633722,-5.83383636113248,12.9067375717163,2.50750929421095,0.123269575010532,1.0123307106229,0.0501833603105719
-264.589419726234,-276.83714706402,5.74754834085667,-6.42563916486407,12.7204277572632,2.50750929421095,0.123269575010532,1.0123307106229,0.0501833603105719
-264.574487720063,-276.766150510528,5.73261633468569,-6.8896407571683,12.7204277572632,2.50750929421095,0.123269575010532,1.0123307106229,0.0501833603105719
-264.546748971334,-276.695871482189,5.70487758595722,-6.99622368748956,12.7204277572632,2.50750929421095,0.123269575010532,1.0123307106229,0.0501833603105719
-264.537427448359,-276.626458846877,5.69555606298161,-6.81699484631897,12.7204277572632,2.50750929421095,0.123269575010532,1.0123307106229,0.0501833603105719
-264.524822554154,-276.559241170006,5.68295116877687,-6.84063407155488,12.4864265975952,2.50750929421095,0.123269575010532,1.0123307106229,0.0501833603105719
-264.51122827897,-276.492937464437,5.66935689359338,-7.15972260371713,12.4864265975952,2.50750929421095,0.123269575010532,1.0123307106229,0.0501833603105719
-264.507130776063,-276.427870089505,5.66525939068646,-6.76149543637406,12.4864265975952,2.50750929421095,0.123269575010532,1.0123307106229,0.0501833603105719
-264.47747615529,-276.364684281995,5.63560476991315,-7.52605121166308,12.3229382095337,2.50750929421095,0.123269575010532,1.0123307106229,0.0501833603105719
-264.474496000854,-276.303574829753,5.63262461547753,-7.70223952745147,12.3229382095337,2.50750929421095,0.123269575010532,1.0123307106229,0.0501833603105719
-264.462813649305,-276.244237078249,5.62094226392845,-7.1575511200771,12.1368629989624,2.50750929421095,0.123269575010532,1.0123307106229,0.0501833603105719
-264.441067329137,-276.186838343744,5.59919594375979,-6.87941416502674,12.1368629989624,2.50750929421095,0.123269575010532,1.0123307106229,0.0501833603105719
-264.428293806273,-276.131370896655,5.58642242089585,-7.28086340690259,12.1368629989624,2.50750929421095,0.123269575010532,1.0123307106229,0.0501833603105719
-264.41805003667,-276.078948512177,5.57617865129356,-7.82893563160769,12.1368629989624,2.50750929421095,0.123269575010532,1.0123307106229,0.0501833603105719
-264.39923452099,-276.02886730961,5.557363135613,-7.36933645663094,12.1368629989624,2.50750929421095,0.123269575010532,1.0123307106229,0.0501833603105719
-264.373564618043,-275.981145663444,5.53169323266628,-6.84834900625191,11.9240963516235,2.50750929421095,0.123269575010532,1.0123307106229,0.0501833603105719
-264.377848633518,-275.936345069495,5.53597724814137,-7.36255789633054,11.9240963516235,2.50750929421095,0.123269575010532,1.0123307106229,0.0501833603105719
-264.357157636986,-275.893961782458,5.51528625160891,-7.44695074763039,11.9240963516235,2.50750929421095,0.123269575010532,1.0123307106229,0.0501833603105719
-264.343156797698,-275.854899483348,5.50128541232131,-7.43183622002201,11.7841351089478,2.50750929421095,0.123269575010532,1.0123307106229,0.0501833603105719
-264.326460950206,-275.81879316079,5.4845895648295,-7.3061064783964,11.7841351089478,2.50750929421095,0.123269575010532,1.0123307106229,0.0501833603105719
-264.303461408654,-275.785830653328,5.46159002327745,-7.16488434971033,11.6208031234741,2.50750929421095,0.123269575010532,1.0123307106229,0.0501833603105719
-264.298332674633,-275.756295745821,5.45646128925642,-7.29608206012284,11.6208031234741,2.50750929421095,0.123269575010532,1.0123307106229,0.0501833603105719
-264.290499266049,-275.730115046264,5.44862788067196,-7.22934636579803,11.6208031234741,2.50750929421095,0.123269575010532,1.0123307106229,0.0501833603105719
-264.272464018803,-275.70734512281,5.43059263342643,-7.48715927506909,11.6208031234741,2.50750929421095,0.123269575010532,1.0123307106229,0.0501833603105719
-264.247017703203,-275.68841125947,5.40514631782563,-7.38087145719837,11.4787743148804,2.50750929421095,0.123269575010532,1.0123307106229,0.0501833603105719
-264.24071133588,-275.672947954902,5.39883995050283,-6.86893166654692,11.4787743148804,2.50750929421095,0.123269575010532,1.0123307106229,0.0501833603105719
-264.220251638353,-275.661409213493,5.37838025297643,-6.903371410414,11.4787743148804,2.50750929421095,0.123269575010532,1.0123307106229,0.0501833603105719
-264.219977817733,-275.653736442962,5.37810643235631,-6.44506590078759,11.4787743148804,2.50750929421095,0.123269575010532,1.0123307106229,0.0501833603105719
-264.201647107617,-275.650073326686,5.35977572224056,-6.18512168814703,11.3616621551514,2.50750929421095,0.123269575010532,1.0123307106229,0.0501833603105719
-264.186098736198,-275.650403200476,5.34422735082102,-6.66774436058445,11.3616621551514,2.50750929421095,0.123269575010532,1.0123307106229,0.0501833603105719
-264.187235722841,-275.654839819795,5.3453643374638,-6.29350606283816,11.3616621551514,2.50750929421095,0.123269575010532,1.0123307106229,0.0501833603105719
-264.170475875242,-275.663491187476,5.32860448986477,-6.41237142032223,11.3159277496338,2.50750929421095,0.123269575010532,1.0123307106229,0.0501833603105719
-264.159602880655,-275.676377705208,5.31773149527814,-5.9625861916163,11.3159277496338,2.50750929421095,0.123269575010532,1.0123307106229,0.0501833603105719
-264.138843311164,-275.693567418017,5.2969719257871,-6.08123113915391,11.3159277496338,2.50750929421095,0.123269575010532,1.0123307106229,0.0501833603105719
-264.133292792047,-275.714995031992,5.29142140667044,-5.64997221692929,11.3161566314697,2.50750929421095,0.123269575010532,1.0123307106229,0.0501833603105719
-264.130934862851,-275.741435076877,5.28906347747432,-5.07076362480212,11.3161566314697,2.50750929421095,0.123269575010532,1.0123307106229,0.0501833603105719
-264.112272397392,-275.771153528084,5.27040101201487,-4.70515749298772,11.3161566314697,2.50750929421095,0.123269575010532,1.0123307106229,0.0501833603105719
-264.106546331497,-275.806009282378,5.26467494612032,-4.67356332947605,11.3161566314697,2.50750929421095,0.123269575010532,1.0123307106229,0.0501833603105719
-264.086922451451,-275.844602457316,5.24505106607398,-4.75513415078851,11.3878662643433,2.50750929421095,0.123269575010532,1.0123307106229,0.0501833603105719
-264.079008932576,-275.888186162771,5.23713754719879,-4.65419596721448,11.3878662643433,2.50750929421095,0.123269575010532,1.0123307106229,0.0501833603105719
-264.085917408785,-275.936511842321,5.244046023408,-4.29990422990014,11.3878662643433,2.50750929421095,0.123269575010532,1.0123307106229,0.0501833603105719
-264.06338712929,-275.988912554315,5.22151574391289,-3.6467498184708,11.5036680755615,2.50750929421095,0.123269575010532,1.0123307106229,0.0501833603105719
-264.061173889953,-276.045636850301,5.21930250457647,-3.31261259862368,11.5036680755615,2.50750929421095,0.123269575010532,1.0123307106229,0.0501833603105719
-264.054688353287,-276.106793661014,5.21281696790993,-3.25624280883552,11.5036680755615,2.50750929421095,0.123269575010532,1.0123307106229,0.0501833603105719
-264.03959795089,-276.172219125336,5.19772656551259,-2.61121151459635,11.6874725875854,2.50750929421095,0.123269575010532,1.0123307106229,0.0501833603105719
-264.033479844543,-276.24367445205,5.1916084591665,-1.7294386372156,11.6874725875854,2.50750929421095,0.123269575010532,1.0123307106229,0.0501833603105719
-264.042840363239,-276.318323453805,5.20096897786237,-1.00543105355224,11.6874725875854,2.50750929421095,0.123269575010532,1.0123307106229,0.0501833603105719
-264.040577106492,-276.395167846488,5.19870572111558,-0.258902182811343,11.6874725875854,2.50750929421095,0.123269575010532,1.0123307106229,0.0501833603105719
-264.036060641137,-276.477689687138,5.19418925575998,-0.00236973355223378,11.9204590377808,2.50750929421095,0.123269575010532,1.0123307106229,0.0501833603105719
-264.038270506417,-276.564955873954,5.19639912104025,0.983092734658782,11.9204590377808,2.50750929421095,0.123269575010532,1.0123307106229,0.0501833603105719
-264.039049546084,-276.655208488885,5.19717816070725,1.49191213068444,11.9204590377808,2.50750929421095,0.123269575010532,1.0123307106229,0.0501833603105719
-264.039872829961,-276.750049668909,5.19800144458371,2.34618566280008,12.1539566574097,2.50750929421095,0.123269575010532,1.0123307106229,0.0501833603105719
-264.050054855808,-276.848801906956,5.20818347043145,4.78004872598912,12.1539566574097,2.50750929421095,0.123269575010532,1.0123307106229,0.0501833603105719
-264.052568256793,-276.952021209885,5.21069687141562,5.52088344073589,12.1539566574097,2.50750929421095,0.123269575010532,1.0123307106229,0.0501833603105719
-264.066856006498,-277.058092536149,5.22498462112159,5.38471600910304,12.3652908859253,2.50750929421095,0.123269575010532,1.0123307106229,0.0501833603105719
-264.075406868869,-277.167550702352,5.23353548349198,6.54110787591923,12.3652908859253,2.50750929421095,0.123269575010532,1.0123307106229,0.0501833603105719
-264.077767800809,-277.281156132573,5.23589641543232,7.95107900931281,12.3652908859253,2.50750929421095,0.123269575010532,1.0123307106229,0.0501833603105719
-264.101123462021,-277.397580453609,5.25925207664418,7.70724961682616,12.3652908859253,2.50750929421095,0.123269575010532,1.0123307106229,0.0501833603105719
-264.121747734167,-277.518432740006,5.27987634878996,6.97126259240921,12.6003315505981,2.50750929421095,0.123269575010532,1.0123307106229,0.0501833603105719
-264.142320577679,-277.640511245823,5.30044919230238,6.3438611935634,12.6003315505981,2.50750929421095,0.123269575010532,1.0123307106229,0.0501833603105719
-264.142019159101,-277.766441215832,5.30014777372417,6.51833408236029,12.6003315505981,2.50750929421095,0.123269575010532,1.0123307106229,0.0501833603105719
-264.169812562255,-277.896003096758,5.32794117687763,7.00543367344377,12.8834526596069,2.50750929421095,0.123269575010532,1.0123307106229,0.0501833603105719
-264.175263722082,-278.02681916832,5.33339233670488,7.7435465089406,12.8834526596069,2.50750929421095,0.123269575010532,1.0123307106229,0.0501833603105719
-264.189135708141,-278.160360758554,5.34726432276439,8.26144475903699,12.8834526596069,2.50750929421095,0.123269575010532,1.0123307106229,0.0501833603105719
-264.2228739953,-278.297023854475,5.38100260992319,8.49086354403052,13.1888439712524,2.50750929421095,0.123269575010532,1.0123307106229,0.0501833603105719
-264.228171269086,-278.435269553631,5.38629988370959,8.61891582085747,13.1888439712524,2.50750929421095,0.123269575010532,1.0123307106229,0.0501833603105719
-264.242328271044,-278.576319583573,5.4004568856667,8.81413386781175,13.1888439712524,2.50750929421095,0.123269575010532,1.0123307106229,0.0501833603105719
-264.247728669688,-278.718958070711,5.40585728431142,8.86412038262743,13.1888439712524,2.50750929421095,0.123269575010532,1.0123307106229,0.0501833603105719
-264.275107833789,-278.863206356839,5.43323644841259,8.56697372671623,13.5854408798218,2.50750929421095,0.123269575010532,1.0123307106229,0.0501833603105719
-264.292501782627,-279.008569959311,5.45063039725052,8.97597757698544,13.5854408798218,2.50750929421095,0.123269575010532,1.0123307106229,0.0501833603105719
-264.296360746452,-279.154998414257,5.45448936107556,8.79957961476209,13.5854408798218,2.50750929421095,0.123269575010532,1.0123307106229,0.0501833603105719
-264.317061297211,-279.302941022906,5.47518991183443,9.3504514124029,14.0520794448853,2.50750929421095,0.123269575010532,1.0123307106229,0.0501833603105719
-264.324917223266,-279.450886228126,5.48304583788922,9.50289585038984,14.0520794448853,2.50750929421095,0.123269575010532,1.0123307106229,0.0501833603105719
-264.348195611365,-279.601190478568,5.50632422598818,10.029357860033,14.0520794448853,2.50750929421095,0.123269575010532,1.0123307106229,0.0501833603105719
-264.381491349663,-279.751048539691,5.53961996428654,10.1139479629936,14.0520794448853,2.50750929421095,0.123269575010532,1.0123307106229,0.0501833603105719
-264.384987642223,-279.902041158464,5.54311625684578,10.0044328990406,14.5186722335815,2.50750929421095,0.123269575010532,1.0123307106229,0.0501833603105719
-264.413166838015,-280.053082181033,5.57129545263774,10.7953585272664,14.5186722335815,2.50750929421095,0.123269575010532,1.0123307106229,0.0501833603105719
-264.424193987506,-280.203297198687,5.58232260212926,11.2430282521543,14.5186722335815,2.50750929421095,0.123269575010532,1.0123307106229,0.0501833603105719
-264.445414720425,-280.353898063936,5.60354333504787,12.455987971639,14.9829380569458,2.50750929421095,0.123269575010532,1.0123307106229,0.0501833603105719
-264.479312694777,-280.503189891933,5.63744130939997,12.603406655492,14.9829380569458,2.50750929421095,0.123269575010532,1.0123307106229,0.0501833603105719
-264.499971229042,-280.653789526527,5.65809984366511,12.8510145120011,14.9829380569458,2.50750929421095,0.123269575010532,1.0123307106229,0.0501833603105719
-264.526074248669,-280.802259781036,5.68420286329224,13.5210085217339,15.4977409896851,2.50750929421095,0.123269575010532,1.0123307106229,0.0501833603105719
-264.550646483592,-280.949756547678,5.70877509821505,13.8175317204977,15.4977409896851,2.50750929421095,0.123269575010532,1.0123307106229,0.0501833603105719
-264.579783553927,-281.096898734459,5.73791216855002,14.3441874396704,15.4977409896851,2.50750929421095,0.123269575010532,1.0123307106229,0.0501833603105719
-264.605857038176,-281.242792615312,5.76398565279873,14.072523066053,16.0358851013184,2.50750929421095,0.123269575010532,1.0123307106229,0.0501833603105719
-264.630589551866,-281.386878712815,5.78871816648913,15.6588347877264,16.0358851013184,2.50750929421095,0.123269575010532,1.0123307106229,0.0501833603105719
-264.662066781976,-281.529697347164,5.82019539659884,15.4432507502306,16.0358851013184,2.50750929421095,0.123269575010532,1.0123307106229,0.0501833603105719
-264.709090404479,-281.66934432289,5.86721901910176,15.7957764650806,16.0358851013184,2.50750929421095,0.123269575010532,1.0123307106229,0.0501833603105719
-264.730618236612,-281.807819089328,5.8887468512353,16.2952601329858,16.5042765197754,2.50750929421095,0.123269575010532,1.0123307106229,0.0501833603105719
-264.771434954925,-281.944272514986,5.92956356954771,16.804189635196,16.5042765197754,2.50750929421095,0.123269575010532,1.0123307106229,0.0501833603105719
-264.801005221065,-282.07818471558,5.95913383568775,15.3023862431579,16.5042765197754,2.50750929421095,0.123269575010532,1.0123307106229,0.0501833603105719
-264.823117943657,-282.20931436457,5.98124655828031,16.5223191663608,16.9249384460449,2.50750929421095,0.123269575010532,1.0123307106229,0.0501833603105719
-264.866323209008,-282.338694484308,6.02445182363126,17.5333675395606,16.9249384460449,2.50750929421095,0.123269575010532,1.0123307106229,0.0501833603105719
-264.896168084621,-282.46482482101,6.05429669924384,17.3405120237709,16.9249384460449,2.50750929421095,0.123269575010532,1.0123307106229,0.0501833603105719
-264.924231108323,-282.587415985706,6.08235972294574,16.3403030800401,17.3465807495117,2.50750929421095,0.123269575010532,1.0123307106229,0.0501833603105719
-264.952695193427,-282.709604007143,6.11082380805006,17.6465086509849,17.3465807495117,2.50750929421095,0.123269575010532,1.0123307106229,0.0501833603105719
-265.002661317679,-282.826976432334,6.16078993230218,16.1431430158599,17.3465807495117,2.50750929421095,0.123269575010532,1.0123307106229,0.0501833603105719
-265.031945211176,-282.937814605596,6.19007382579884,15.9288285339169,17.3465807495117,2.50750929421095,0.123269575010532,1.0123307106229,0.0501833603105719
-265.065723099804,-283.047458974405,6.22385171442735,16.9475049518224,17.7674372253418,2.50750929421095,0.123269575010532,1.0123307106229,0.0501833603105719
-265.101268875171,-283.15358390274,6.25939748979437,15.5613611931791,17.7674372253418,2.50750929421095,0.123269575010532,1.0123307106229,0.0501833603105719
-265.120650441536,-283.256077016474,6.27877905615898,14.5131580572848,17.7674372253418,2.50750929421095,0.123269575010532,1.0123307106229,0.0501833603105719
-265.159445526116,-283.35491316908,6.31757414073886,15.1118782164896,18.1176607666016,2.50750929421095,0.123269575010532,1.0123307106229,0.0501833603105719
-265.183965665493,-283.449761441933,6.34209428011628,15.8144660445142,18.1176607666016,2.50750929421095,0.123269575010532,1.0123307106229,0.0501833603105719
-265.213600544251,-283.540558176413,6.37172915887368,15.9485232542256,18.1176607666016,2.50750929421095,0.123269575010532,1.0123307106229,0.0501833603105719
-265.244426542106,-283.627518542223,6.40255515672894,14.2815163230965,18.3999826965332,2.50750929421095,0.123269575010532,1.0123307106229,0.0501833603105719
-265.266600357678,-283.710155574947,6.4247289723014,14.0153567772483,18.3999826965332,2.50750929421095,0.123269575010532,1.0123307106229,0.0501833603105719
-265.296811815567,-283.789527842916,6.45494043018974,13.9514822734235,18.3999826965332,2.50750929421095,0.123269575010532,1.0123307106229,0.0501833603105719
-265.307207530736,-283.863204399933,6.46533614535866,13.0444090692339,18.3999826965332,2.50750929421095,0.123269575010532,1.0123307106229,0.0501833603105719
-265.348838186013,-283.933586130601,6.50696680063662,12.4264900787128,18.6568758544922,2.50750929421095,0.123269575010532,1.0123307106229,0.0501833603105719
-265.364377085823,-283.999179808544,6.52250570044649,12.5830455445772,18.6568758544922,2.50750929421095,0.123269575010532,1.0123307106229,0.0501833603105719
-265.393416995594,-284.060483670749,6.55154561021742,11.8029077813742,18.6568758544922,2.50750929421095,0.123269575010532,1.0123307106229,0.0501833603105719
-265.414904958074,-284.117556732539,6.57303357269756,11.9340234037564,18.9130289611816,2.50750929421095,0.123269575010532,1.0123307106229,0.0501833603105719
-265.435721139225,-284.169988270073,6.59384975384836,12.0728845214129,18.9130289611816,2.50750929421095,0.123269575010532,1.0123307106229,0.0501833603105719
-265.469291457149,-284.218027422301,6.6274200717717,12.1091386635809,18.9130289611816,2.50750929421095,0.123269575010532,1.0123307106229,0.0501833603105719
-265.480753138614,-284.261582022975,6.63888175323729,11.3057466851854,19.0752527770996,2.50750929421095,0.123269575010532,1.0123307106229,0.0501833603105719
-265.501294328372,-284.300449367693,6.65942294299543,10.8251194019279,19.0752527770996,2.50750929421095,0.123269575010532,1.0123307106229,0.0501833603105719
-265.524928498296,-284.335382055454,6.68305711291906,11.1445108995237,19.0752527770996,2.50750929421095,0.123269575010532,1.0123307106229,0.0501833603105719
-265.542116597359,-284.365611864861,6.70024521198176,10.5020839683103,19.0752527770996,2.50750929421095,0.123269575010532,1.0123307106229,0.0501833603105719
-265.562734220011,-284.391509568324,6.72086283463419,10.1070218790058,19.2642252502441,2.50750929421095,0.123269575010532,1.0123307106229,0.0501833603105719
-265.577850853095,-284.413009891038,6.73597946771815,9.25606595735703,19.2642252502441,2.50750929421095,0.123269575010532,1.0123307106229,0.0501833603105719
-265.593253080617,-284.430231288453,6.75138169524053,9.07590537691071,19.2642252502441,2.50750929421095,0.123269575010532,1.0123307106229,0.0501833603105719
-265.613117340212,-284.443194651299,6.77124595483558,8.82330524428058,19.357456451416,2.50750929421095,0.123269575010532,1.0123307106229,0.0501833603105719
-265.628722635559,-284.451783190304,6.78685125018191,8.97751276110842,19.357456451416,2.50750929421095,0.123269575010532,1.0123307106229,0.0501833603105719
-265.642139087539,-284.456322907423,6.80026770216191,9.04592875833067,19.357456451416,2.50750929421095,0.123269575010532,1.0123307106229,0.0501833603105719
-265.672321744708,-284.456726474661,6.83045035933144,7.74760352030565,19.3577158508301,2.50750929421095,0.123269575010532,1.0123307106229,0.0501833603105719
-265.675595889824,-284.453068140337,6.83372450444741,6.40932386047017,19.3577158508301,2.50750929421095,0.123269575010532,1.0123307106229,0.0501833603105719
-265.70121146016,-284.445461269386,6.85934007478267,6.48370209739672,19.3577158508301,2.50750929421095,0.123269575010532,1.0123307106229,0.0501833603105719
-265.706548596271,-284.433955768256,6.86467721089373,6.15148953580463,19.3577158508301,2.50750929421095,0.123269575010532,1.0123307106229,0.0501833603105719
-265.716540586873,-284.41874565169,6.87466920149571,5.58992167013731,19.2886126098633,2.50750929421095,0.123269575010532,1.0123307106229,0.0501833603105719
-265.714387647978,-284.399681549578,6.87251626260066,5.25308631743401,19.2886126098633,2.50750929421095,0.123269575010532,1.0123307106229,0.0501833603105719
-265.734719606189,-284.377050769511,6.8928482208121,4.53955080665818,19.2886126098633,2.50750929421095,0.123269575010532,1.0123307106229,0.0501833603105719
-265.731265199838,-284.350872219542,6.88939381446102,4.69617252508619,19.0563471374512,2.50750929421095,0.123269575010532,1.0123307106229,0.0501833603105719
-265.747553169974,-284.321406775572,6.90568178459722,4.35737612866815,19.0563471374512,2.50750929421095,0.123269575010532,1.0123307106229,0.0501833603105719
-265.757859805996,-284.288467710687,6.91598842061919,3.90094717033167,19.0563471374512,2.50750929421095,0.123269575010532,1.0123307106229,0.0501833603105719
-265.767061168125,-284.252315805494,6.92518978274792,2.99195059171521,18.8002665100098,2.50750929421095,0.123269575010532,1.0123307106229,0.0501833603105719
-265.776418282593,-284.21336616611,6.93454689721623,2.34029450581393,18.8002665100098,2.50750929421095,0.123269575010532,1.0123307106229,0.0501833603105719
-265.762620713364,-284.171079604601,6.92074932798686,1.02828282248433,18.8002665100098,2.50750929421095,0.123269575010532,1.0123307106229,0.0501833603105719
-265.766570897823,-284.12645270489,6.92469951244573,-0.0411655444138959,18.8002665100098,2.50750929421095,0.123269575010532,1.0123307106229,0.0501833603105719
-265.776043121706,-284.078188596431,6.93417173632921,-1.95383987992176,18.4736483154297,2.50750929421095,0.123269575010532,1.0123307106229,0.0501833603105719
-265.769504238385,-284.028588318352,6.92763285300785,-1.69444314673375,18.4736483154297,2.50750929421095,0.123269575010532,1.0123307106229,0.0501833603105719
-265.779045518007,-283.975687364689,6.93717413263045,-1.6733785789896,18.4736483154297,2.50750929421095,0.123269575010532,1.0123307106229,0.0501833603105719
-265.761717635072,-283.920955009715,6.91984624969555,-4.44877533411338,18.1952517089844,2.50750929421095,0.123269575010532,1.0123307106229,0.0501833603105719
-265.759805460471,-283.863678535146,6.91793407509422,-6.33569580162103,18.1952517089844,2.50750929421095,0.123269575010532,1.0123307106229,0.0501833603105719
-265.752742309127,-283.804221906281,6.91087092375037,-6.25419590302898,18.1952517089844,2.50750929421095,0.123269575010532,1.0123307106229,0.0501833603105719
-265.740477880337,-283.743010729493,6.89860649495988,-6.94506379707646,17.9608309326172,2.50750929421095,0.123269575010532,1.0123307106229,0.0501833603105719
-265.718397892982,-283.679584005963,6.87652650760495,-7.36760486726535,17.9608309326172,2.50750929421095,0.123269575010532,1.0123307106229,0.0501833603105719
-265.703186180843,-283.612281762843,6.86131479546598,-7.77822283232552,17.9608309326172,2.50750929421095,0.123269575010532,1.0123307106229,0.0501833603105719
-265.694425847313,-283.54773427094,6.85255446193606,-7.28247910993547,17.9608309326172,2.50750929421095,0.123269575010532,1.0123307106229,0.0501833603105719
-265.680632552414,-283.48050429636,6.83876116703702,-6.61961862964284,17.8424952087402,2.50750929421095,0.123269575010532,1.0123307106229,0.0501833603105719
-265.657949841866,-283.411634717597,6.81607845648957,-6.6424529556801,17.8424952087402,2.50750929421095,0.123269575010532,1.0123307106229,0.0501833603105719
-265.637766112642,-283.341620285339,6.79589472726477,-6.94692496489531,17.8424952087402,2.50750929421095,0.123269575010532,1.0123307106229,0.0501833603105719
-265.639644904986,-283.270158652466,6.79777351960908,-7.07675204578689,17.7458612976074,2.50750929421095,0.123269575010532,1.0123307106229,0.0501833603105719
-265.6175140786,-283.197305569566,6.77564269322356,-7.12126223171311,17.7458612976074,2.50750929421095,0.123269575010532,1.0123307106229,0.0501833603105719
-265.607746767981,-283.124016980702,6.7658753826037,-7.01429309824693,17.7458612976074,2.50750929421095,0.123269575010532,1.0123307106229,0.0501833603105719
-265.579593576825,-283.051209041772,6.73772219144825,-7.27228727179647,17.6031649169922,2.50750929421095,0.123269575010532,1.0123307106229,0.0501833603105719
-265.573195558548,-282.976839635899,6.73132417317079,-7.49712937989805,17.6031649169922,2.50750929421095,0.123269575010532,1.0123307106229,0.0501833603105719
-265.568567029482,-282.901894022525,6.72669564410489,-7.01377936125713,17.6031649169922,2.50750929421095,0.123269575010532,1.0123307106229,0.0501833603105719
-265.555550375914,-282.8270991491,6.71367899053721,-6.07531362362573,17.6031649169922,2.50750929421095,0.123269575010532,1.0123307106229,0.0501833603105719
-265.534690978625,-282.752108116246,6.69281959324836,-5.988560111543,17.4385378417969,2.50750929421095,0.123269575010532,1.0123307106229,0.0501833603105719
-265.538117691011,-282.677112600197,6.69624630563365,-6.05844663979676,17.4385378417969,2.50750929421095,0.123269575010532,1.0123307106229,0.0501833603105719
-265.52272154054,-282.601626151547,6.6808501551629,-5.00044232914115,17.4385378417969,2.50750929421095,0.123269575010532,1.0123307106229,0.0501833603105719
-265.527608891203,-282.525627292602,6.68573750582585,-4.41666242767671,17.2059824523926,2.50750929421095,0.123269575010532,1.0123307106229,0.0501833603105719
-265.507075006588,-282.451135270944,6.66520362121081,-4.79041482720239,17.2059824523926,2.50750929421095,0.123269575010532,1.0123307106229,0.0501833603105719
-265.501971810871,-282.376109964224,6.66010042549436,-5.37836043409165,17.2059824523926,2.50750929421095,0.123269575010532,1.0123307106229,0.0501833603105719
-265.484943251672,-282.301404602854,6.64307186629559,-4.70345808591573,16.904503112793,2.50750929421095,0.123269575010532,1.0123307106229,0.0501833603105719
-265.489522188174,-282.226769616115,6.64765080279667,-4.54076742367633,16.904503112793,2.50750929421095,0.123269575010532,1.0123307106229,0.0501833603105719
-265.47996554407,-282.153308760183,6.63809415869271,-4.73515586352977,16.904503112793,2.50750929421095,0.123269575010532,1.0123307106229,0.0501833603105719
-265.481380372202,-282.080560741425,6.63950898682514,-4.24702051861336,16.904503112793,2.50750929421095,0.123269575010532,1.0123307106229,0.0501833603105719
-265.466861687702,-282.008056041116,6.62499030232461,-4.52237382879887,16.6476137695313,2.50750929421095,0.123269575010532,1.0123307106229,0.0501833603105719
-265.473558247073,-281.936175895999,6.6316868616958,-5.19639591566948,16.6476137695313,2.50750929421095,0.123269575010532,1.0123307106229,0.0501833603105719
-265.436326688684,-281.864608842423,6.59445530330693,-5.89262908938744,16.6476137695313,2.50750929421095,0.123269575010532,1.0123307106229,0.0501833603105719
-265.43543712044,-281.793789908746,6.5935657350632,-6.20342328534746,16.4361002502441,2.50750929421095,0.123269575010532,1.0123307106229,0.0501833603105719
-265.417149876179,-281.724595515017,6.57527849080214,-6.20727715066809,16.4361002502441,2.50750929421095,0.123269575010532,1.0123307106229,0.0501833603105719
-265.398429426564,-281.655758148049,6.55655804118715,-6.56064988588701,16.4361002502441,2.50750929421095,0.123269575010532,1.0123307106229,0.0501833603105719
-265.383794381406,-281.587590978922,6.54192299602913,-6.00964732354423,16.226524597168,2.50750929421095,0.123269575010532,1.0123307106229,0.0501833603105719
-265.387716767893,-281.520508251487,6.54584538251596,-6.42787812969828,16.226524597168,2.50750929421095,0.123269575010532,1.0123307106229,0.0501833603105719
-265.36043229747,-281.453737398757,6.51856091209324,-7.06431237262969,16.226524597168,2.50750929421095,0.123269575010532,1.0123307106229,0.0501833603105719
-265.349311595868,-281.388601836619,6.50744021049099,-7.09976555335945,16.226524597168,2.50750929421095,0.123269575010532,1.0123307106229,0.0501833603105719
-265.334037534702,-281.324311114833,6.49216614932507,-7.24409908331207,16.037761932373,2.50750929421095,0.123269575010532,1.0123307106229,0.0501833603105719
-265.319220814757,-281.260858057364,6.47734942938011,-7.61032544226602,16.037761932373,2.50750929421095,0.123269575010532,1.0123307106229,0.0501833603105719
-265.303109228684,-281.197994597315,6.46123784330693,-6.90371774740049,16.037761932373,2.50750929421095,0.123269575010532,1.0123307106229,0.0501833603105719
-265.294196926267,-281.136715052049,6.4523255408897,-6.93802887095071,15.8976242599487,2.50750929421095,0.123269575010532,1.0123307106229,0.0501833603105719
-265.277484347397,-281.076032055815,6.43561296202022,-7.15322091869345,15.8976242599487,2.50750929421095,0.123269575010532,1.0123307106229,0.0501833603105719
-265.25577151132,-281.016107728807,6.41390012594351,-7.12553113727075,15.8976242599487,2.50750929421095,0.123269575010532,1.0123307106229,0.0501833603105719
-265.247518465892,-280.956880426814,6.40564708051539,-6.97395324743598,15.7357285079956,2.50750929421095,0.123269575010532,1.0123307106229,0.0501833603105719
-265.230240455331,-280.898877661878,6.38836906995427,-6.86988547995003,15.7357285079956,2.50750929421095,0.123269575010532,1.0123307106229,0.0501833603105719
-265.223331130347,-280.841778442796,6.3814597449699,-6.84022102282826,15.7357285079956,2.50750929421095,0.123269575010532,1.0123307106229,0.0501833603105719
-265.206048472882,-280.784839957326,6.36417708750542,-6.19221053238182,15.7357285079956,2.50750929421095,0.123269575010532,1.0123307106229,0.0501833603105719
-265.2005523824,-280.729272108735,6.35868099702308,-6.41792287752039,15.5960495529175,2.50750929421095,0.123269575010532,1.0123307106229,0.0501833603105719
-265.185333674456,-280.674725837225,6.34346228907939,-6.23507819336568,15.5960495529175,2.50750929421095,0.123269575010532,1.0123307106229,0.0501833603105719
-265.16307465932,-280.620466581956,6.32120327394309,-5.52622002233074,15.5960495529175,2.50750929421095,0.123269575010532,1.0123307106229,0.0501833603105719
-265.161819185449,-280.566704637521,6.319947800072,-5.18676981019517,15.4800922927856,2.50750929421095,0.123269575010532,1.0123307106229,0.0501833603105719
-265.157636924447,-280.513955924835,6.31576553906987,-5.61275557664413,15.4800922927856,2.50750929421095,0.123269575010532,1.0123307106229,0.0501833603105719
-265.139910258963,-280.461178781314,6.29803887358604,-5.55374558308941,15.4800922927856,2.50750929421095,0.123269575010532,1.0123307106229,0.0501833603105719
-265.137163683626,-280.409162754166,6.2952922982491,-5.08461827526173,15.3161594924927,2.50750929421095,0.123269575010532,1.0123307106229,0.0501833603105719
-265.122188694822,-280.357606060214,6.28031730944495,-5.37914312306014,15.3161594924927,2.50750929421095,0.123269575010532,1.0123307106229,0.0501833603105719
-265.109154968083,-280.304606610753,6.2672835827059,-5.31295721307659,15.3161594924927,2.50750929421095,0.123269575010532,1.0123307106229,0.0501833603105719
-265.09522743558,-280.255079676951,6.25335605020294,-4.8450130588994,15.3161594924927,2.50750929421095,0.123269575010532,1.0123307106229,0.0501833603105719
-265.095567695331,-280.204711517082,6.25369630995393,-4.7512612446735,15.1756336746216,2.50750929421095,0.123269575010532,1.0123307106229,0.0501833603105719
-265.089403120346,-280.154482623205,6.24753173496873,-4.72654930331523,15.1756336746216,2.50750929421095,0.123269575010532,1.0123307106229,0.0501833603105719
-265.076493916223,-280.103882045607,6.23462253084578,-4.56634521120415,15.1756336746216,2.50750929421095,0.123269575010532,1.0123307106229,0.0501833603105719
-265.068103284416,-280.053723337068,6.22623189903915,-4.97722419887596,15.035546546936,2.50750929421095,0.123269575010532,1.0123307106229,0.0501833603105719
-265.046072256276,-280.003379179208,6.20420087089923,-5.03627880436492,15.035546546936,2.50750929421095,0.123269575010532,1.0123307106229,0.0501833603105719
-265.045397835563,-279.953218048528,6.20352645018596,-4.96873311192821,15.035546546936,2.50750929421095,0.123269575010532,1.0123307106229,0.0501833603105719
-265.038524872035,-279.902787161758,6.19665348665854,-4.41262588963539,14.8960926589966,2.50750929421095,0.123269575010532,1.0123307106229,0.0501833603105719
-265.029779262897,-279.85218610427,6.18790787751983,-4.37303661763561,14.8960926589966,2.50750929421095,0.123269575010532,1.0123307106229,0.0501833603105719
-265.02111388172,-279.800982320529,6.17924249634316,-4.83425788056696,14.8960926589966,2.50750929421095,0.123269575010532,1.0123307106229,0.0501833603105719
-265.00839294776,-279.750082343455,6.16652156238356,-5.32693899304517,14.8960926589966,2.50750929421095,0.123269575010532,1.0123307106229,0.0501833603105719
-265.003482244281,-279.698471008777,6.16161085890426,-5.15069356607795,14.8252270278931,2.50750929421095,0.123269575010532,1.0123307106229,0.0501833603105719
-264.989593607358,-279.646088848072,6.14772222198084,-4.91598156665372,14.8252270278931,2.50750929421095,0.123269575010532,1.0123307106229,0.0501833603105719
-264.980473552656,-279.593939192505,6.13860216727924,-4.54412509860854,14.8252270278931,2.50750929421095,0.123269575010532,1.0123307106229,0.0501833603105719
-264.971342127664,-279.540681172623,6.12947074228753,-4.5507930099566,14.6851856765747,2.50750929421095,0.123269575010532,1.0123307106229,0.0501833603105719
-264.967121868685,-279.487215590162,6.12525048330831,-4.89176005872245,14.6851856765747,2.50750929421095,0.123269575010532,1.0123307106229,0.0501833603105719
-264.951413593881,-279.432804730174,6.10954220850429,-4.78663165191459,14.6851856765747,2.50750929421095,0.123269575010532,1.0123307106229,0.0501833603105719
-264.946883718309,-279.378123109766,6.10501233293237,-4.72761921268412,14.5452988204956,2.50750929421095,0.123269575010532,1.0123307106229,0.0501833603105719
-264.931350361343,-279.322122671042,6.0894789759659,-4.78536305549336,14.5452988204956,2.50750929421095,0.123269575010532,1.0123307106229,0.0501833603105719
-264.929414307748,-279.265776202066,6.08754292237124,-4.68660417216041,14.5452988204956,2.50750929421095,0.123269575010532,1.0123307106229,0.0501833603105719
-264.916326105623,-279.208653781573,6.07445472024648,-4.59559296110315,14.5452988204956,2.50750929421095,0.123269575010532,1.0123307106229,0.0501833603105719
-264.91616272422,-279.150571454505,6.07429133884285,-4.38726527914058,14.3570702133179,2.50750929421095,0.123269575010532,1.0123307106229,0.0501833603105719
-264.896490530832,-279.091920324467,6.05461914545519,-4.62949598435917,14.3570702133179,2.50750929421095,0.123269575010532,1.0123307106229,0.0501833603105719
-264.883688605828,-279.031828129207,6.04181722045155,-4.55491437166765,14.3570702133179,2.50750929421095,0.123269575010532,1.0123307106229,0.0501833603105719
-264.884385544129,-278.970950064993,6.0425141587524,-4.42095028530808,14.2403271255493,2.50750929421095,0.123269575010532,1.0123307106229,0.0501833603105719
-264.883720439707,-278.909728244967,6.04184905432997,-4.54610614128631,14.2403271255493,2.50750929421095,0.123269575010532,1.0123307106229,0.0501833603105719
-264.861730949444,-278.847096850883,6.01985956406731,-4.46007008121603,14.2403271255493,2.50750929421095,0.123269575010532,1.0123307106229,0.0501833603105719
-264.861798676531,-278.783463057829,6.0199272911543,-4.48230819451063,14.0761559066772,2.50750929421095,0.123269575010532,1.0123307106229,0.0501833603105719
-264.854301044399,-278.71929509008,6.01242965902243,-4.86442693892875,14.0761559066772,2.50750929421095,0.123269575010532,1.0123307106229,0.0501833603105719
-264.819736072998,-278.653681340794,5.97786468762124,-4.94997722113581,14.0761559066772,2.50750929421095,0.123269575010532,1.0123307106229,0.0501833603105719
-264.833950404304,-278.587738507612,5.99207901892757,-4.6585955642885,14.0761559066772,2.50750929421095,0.123269575010532,1.0123307106229,0.0501833603105719
-264.82584561844,-278.520602943533,5.98397423306302,-4.66489177977299,13.935958152771,2.50750929421095,0.123269575010532,1.0123307106229,0.0501833603105719
-264.815877197746,-278.45242959655,5.97400581236929,-4.68293059296917,13.935958152771,2.50750929421095,0.123269575010532,1.0123307106229,0.0501833603105719
-264.805222179203,-278.38342782927,5.96335079382565,-4.84665583163301,13.935958152771,2.50750929421095,0.123269575010532,1.0123307106229,0.0501833603105719
-264.79466021287,-278.313244809576,5.95278882749306,-5.12000001779906,13.7955372390747,2.50750929421095,0.123269575010532,1.0123307106229,0.0501833603105719
-264.785944137655,-278.243426032707,5.94407275227765,-5.3065446617078,13.7955372390747,2.50750929421095,0.123269575010532,1.0123307106229,0.0501833603105719
-264.772135275296,-278.172136650308,5.93026388991957,-5.44733287888653,13.7955372390747,2.50750929421095,0.123269575010532,1.0123307106229,0.0501833603105719
-264.764340448658,-278.099883207631,5.92246906328064,-5.26136844916934,13.6302692947388,2.50750929421095,0.123269575010532,1.0123307106229,0.0501833603105719
-264.756787652344,-278.027292923423,5.91491626696744,-5.51863209172873,13.6302692947388,2.50750929421095,0.123269575010532,1.0123307106229,0.0501833603105719
-264.744752819027,-277.954150208432,5.90288143365025,-6.00610238766544,13.6302692947388,2.50750929421095,0.123269575010532,1.0123307106229,0.0501833603105719
-264.733291602315,-277.880588151949,5.89142021693761,-5.50233993078757,13.6302692947388,2.50750929421095,0.123269575010532,1.0123307106229,0.0501833603105719
-264.723664838028,-277.805947718141,5.881793452651,-5.26912356435747,13.4208271560669,2.50750929421095,0.123269575010532,1.0123307106229,0.0501833603105719
-264.711286835415,-277.731646351611,5.86941545003766,-5.63698665861939,13.4208271560669,2.50750929421095,0.123269575010532,1.0123307106229,0.0501833603105719
-264.700615496508,-277.657009530895,5.85874411113146,-5.65125663836644,13.4208271560669,2.50750929421095,0.123269575010532,1.0123307106229,0.0501833603105719
-264.691675670742,-277.581552035435,5.84980428536558,-5.47174828637085,13.2323124465942,2.50750929421095,0.123269575010532,1.0123307106229,0.0501833603105719
-264.675136075453,-277.506335512184,5.83326469007628,-5.54438752923511,13.2323124465942,2.50750929421095,0.123269575010532,1.0123307106229,0.0501833603105719
-264.665249599976,-277.430993113578,5.82337821459888,-5.67971583610785,13.2323124465942,2.50750929421095,0.123269575010532,1.0123307106229,0.0501833603105719
-264.655456960486,-277.355708884561,5.81358557510908,-5.54186763948279,13.0450623092651,2.50750929421095,0.123269575010532,1.0123307106229,0.0501833603105719
-264.645080575751,-277.279998836354,5.8032091903743,-5.99280687358662,13.0450623092651,2.50750929421095,0.123269575010532,1.0123307106229,0.0501833603105719
-264.622406585977,-277.203418341575,5.78053520060035,-6.01922298568388,13.0450623092651,2.50750929421095,0.123269575010532,1.0123307106229,0.0501833603105719
-264.621082154419,-277.129376797258,5.77921076904253,-5.95284089492221,13.0450623092651,2.50750929421095,0.123269575010532,1.0123307106229,0.0501833603105719
-264.606808632673,-277.056183572218,5.76493724729632,-6.04515778296699,12.8602612075806,2.50750929421095,0.123269575010532,1.0123307106229,0.0501833603105719
-264.607150453079,-276.982583742231,5.76527906770208,-6.31006190194917,12.8602612075806,2.50750929421095,0.123269575010532,1.0123307106229,0.0501833603105719
-264.57654253243,-276.909677679536,5.73467114705306,-6.02825624764895,12.8602612075806,2.50750929421095,0.123269575010532,1.0123307106229,0.0501833603105719
-264.570993626949,-276.837437817629,5.72912224157163,-6.3575049502571,12.6731674728394,2.50750929421095,0.123269575010532,1.0123307106229,0.0501833603105719
-264.553983621392,-276.766462619201,5.71211223601509,-6.54224913267815,12.6731674728394,2.50750929421095,0.123269575010532,1.0123307106229,0.0501833603105719
-264.543887665737,-276.696029251341,5.70201628036049,-6.70190917687974,12.6731674728394,2.50750929421095,0.123269575010532,1.0123307106229,0.0501833603105719
-264.546623838672,-276.627184813592,5.70475245329483,-6.43640378289186,12.5090477523804,2.50750929421095,0.123269575010532,1.0123307106229,0.0501833603105719
-264.525109679136,-276.559465054409,5.68323829375866,-6.77320597010698,12.5090477523804,2.50750929421095,0.123269575010532,1.0123307106229,0.0501833603105719
-264.509684210036,-276.492702917435,5.667812824659,-7.45003232452779,12.5090477523804,2.50750929421095,0.123269575010532,1.0123307106229,0.0501833603105719
-264.492365301266,-276.428213242536,5.65049391588884,-7.30517245053585,12.5090477523804,2.50750929421095,0.123269575010532,1.0123307106229,0.0501833603105719
-264.471227466379,-276.36521092186,5.62935608100212,-7.40672572119784,12.2753193435669,2.50750929421095,0.123269575010532,1.0123307106229,0.0501833603105719
-264.467604972372,-276.303826614233,5.62573358699475,-7.33399519443574,12.2753193435669,2.50750929421095,0.123269575010532,1.0123307106229,0.0501833603105719
-264.447400832695,-276.244466575559,5.60552944731829,-6.99630352342271,12.2753193435669,2.50750929421095,0.123269575010532,1.0123307106229,0.0501833603105719
-264.447000191819,-276.186804852098,5.60512880644193,-7.23978103707264,12.0881359634399,2.50750929421095,0.123269575010532,1.0123307106229,0.0501833603105719
-264.421104767106,-276.131910782296,5.5792333817295,-8.07543885076156,12.0881359634399,2.50750929421095,0.123269575010532,1.0123307106229,0.0501833603105719
-264.415326159723,-276.079212627681,5.57345477434623,-8.2971674240016,12.0881359634399,2.50750929421095,0.123269575010532,1.0123307106229,0.0501833603105719
-264.402864854819,-276.029001673312,5.56099346944233,-7.5824417457941,11.9250366744995,2.50750929421095,0.123269575010532,1.0123307106229,0.0501833603105719
-264.389199043641,-275.98143854764,5.5473276582646,-7.46097878395355,11.9250366744995,2.50750929421095,0.123269575010532,1.0123307106229,0.0501833603105719
-264.371335561681,-275.936464575577,5.52946417630445,-7.59082804685901,11.9250366744995,2.50750929421095,0.123269575010532,1.0123307106229,0.0501833603105719
-264.349125023272,-275.894247883642,5.50725363789528,-7.57778164316041,11.9250366744995,2.50750929421095,0.123269575010532,1.0123307106229,0.0501833603105719
-264.339808421148,-275.855029688434,5.49793703577151,-7.3958595260079,11.7605602798462,2.50750929421095,0.123269575010532,1.0123307106229,0.0501833603105719
-264.324156252347,-275.818920763278,5.48228486696972,-7.32550717470056,11.7605602798462,2.50750929421095,0.123269575010532,1.0123307106229,0.0501833603105719
-264.317392330465,-275.78602082606,5.47552094508835,-6.89144246942021,11.7605602798462,2.50750929421095,0.123269575010532,1.0123307106229,0.0501833603105719
-264.291306769676,-275.756185936647,5.44943538429893,-7.64792952549534,11.6206753311157,2.50750929421095,0.123269575010532,1.0123307106229,0.0501833603105719
-264.289452633765,-275.730091722082,5.4475812483879,-7.3060591076772,11.6206753311157,2.50750929421095,0.123269575010532,1.0123307106229,0.0501833603105719
-264.272652953093,-275.707487072485,5.43078156771587,-7.74593033862261,11.6206753311157,2.50750929421095,0.123269575010532,1.0123307106229,0.0501833603105719
-264.247126637949,-275.688446205375,5.40525525257179,-7.43251260047515,11.5037262496948,2.50750929421095,0.123269575010532,1.0123307106229,0.0501833603105719
-264.226341618964,-275.673026627115,5.38447023358729,-6.86477916847294,11.5037262496948,2.50750929421095,0.123269575010532,1.0123307106229,0.0501833603105719
-264.221939281579,-275.661443617508,5.38006789620238,-6.80373786594526,11.5037262496948,2.50750929421095,0.123269575010532,1.0123307106229,0.0501833603105719
-264.204394424694,-275.653792083436,5.36252303931733,-6.42182823937421,11.5037262496948,2.50750929421095,0.123269575010532,1.0123307106229,0.0501833603105719
-264.203521375068,-275.650077789533,5.36164998969096,-6.23433791669287,11.3861849365234,2.50750929421095,0.123269575010532,1.0123307106229,0.0501833603105719
-264.178466846217,-275.650395875954,5.3365954608402,-6.56460880320387,11.3861849365234,2.50750929421095,0.123269575010532,1.0123307106229,0.0501833603105719
-264.181971281978,-275.654864698458,5.34009989660111,-6.48358298392729,11.3861849365234,2.50750929421095,0.123269575010532,1.0123307106229,0.0501833603105719
-264.178668164424,-275.663448993714,5.33679677904714,-6.28596402443028,11.317082649231,2.50750929421095,0.123269575010532,1.0123307106229,0.0501833603105719
-264.148696106882,-275.676311584258,5.30682472150545,-6.3051047777812,11.317082649231,2.50750929421095,0.123269575010532,1.0123307106229,0.0501833603105719
-264.130219278886,-275.693344358015,5.28834789350868,-5.93694217710128,11.317082649231,2.50750929421095,0.123269575010532,1.0123307106229,0.0501833603105719
-264.127606196412,-275.714978116147,5.28573481103489,-5.21386934495846,11.2930262145996,2.50750929421095,0.123269575010532,1.0123307106229,0.0501833603105719
-264.121537887967,-275.740648858043,5.27966650258976,-4.91385345718446,11.2930262145996,2.50750929421095,0.123269575010532,1.0123307106229,0.0501833603105719
-264.114060004589,-275.770994968211,5.27218861921214,-4.80902202106815,11.2930262145996,2.50750929421095,0.123269575010532,1.0123307106229,0.0501833603105719
-264.10105887018,-275.80548182947,5.25918748480281,-4.67315508809276,11.2930262145996,2.50750929421095,0.123269575010532,1.0123307106229,0.0501833603105719
-264.094862523356,-275.844558163192,5.2529911379795,-4.56917379304122,11.3403685150146,2.50750929421095,0.123269575010532,1.0123307106229,0.0501833603105719
-264.083184908642,-275.888338865628,5.24131352326496,-4.49246265420358,11.3403685150146,2.50750929421095,0.123269575010532,1.0123307106229,0.0501833603105719
-264.062534613638,-275.93599723793,5.2206632282607,-3.87152705322771,11.3403685150146,2.50750929421095,0.123269575010532,1.0123307106229,0.0501833603105719
-264.068815245894,-275.988671545409,5.22694386051714,-3.55053443153448,11.5036680755615,2.50750929421095,0.123269575010532,1.0123307106229,0.0501833603105719
-264.058127508016,-276.045242681087,5.21625612263882,-3.24541183553948,11.5036680755615,2.50750929421095,0.123269575010532,1.0123307106229,0.0501833603105719
-264.046856031451,-276.106619715402,5.20498464607449,-3.09376188036664,11.5036680755615,2.50750929421095,0.123269575010532,1.0123307106229,0.0501833603105719
-264.052233543645,-276.172170633596,5.21036215826815,-2.64159780329627,11.6890595016479,2.50750929421095,0.123269575010532,1.0123307106229,0.0501833603105719
-264.047451223694,-276.242074377298,5.20557983831754,-2.06090659065984,11.6890595016479,2.50750929421095,0.123269575010532,1.0123307106229,0.0501833603105719
-264.03598039572,-276.317502898651,5.19410901034323,-1.03694352500807,11.6890595016479,2.50750929421095,0.123269575010532,1.0123307106229,0.0501833603105719
-264.040924076227,-276.397264743012,5.19905269085019,-0.205239894034391,11.6890595016479,2.50750929421095,0.123269575010532,1.0123307106229,0.0501833603105719
-264.033075033922,-276.477800870419,5.19120364854503,0.874195438020688,11.8746254501343,2.50750929421095,0.123269575010532,1.0123307106229,0.0501833603105719
-264.029328214459,-276.564394288894,5.18745682908234,1.14387007479581,11.8746254501343,2.50750929421095,0.123269575010532,1.0123307106229,0.0501833603105719
-264.033639824755,-276.65545210548,5.19176843937846,1.03460962014376,11.8746254501343,2.50750929421095,0.123269575010532,1.0123307106229,0.0501833603105719
-264.042639555925,-276.750142003849,5.20076817054832,3.62152754765206,12.1303131637573,2.50750929421095,0.123269575010532,1.0123307106229,0.0501833603105719
-264.047713776791,-276.848825906571,5.20584239141386,5.09171632733807,12.1303131637573,2.50750929421095,0.123269575010532,1.0123307106229,0.0501833603105719
-264.052975001677,-276.952245301737,5.21110361629978,4.95465371819529,12.1303131637573,2.50750929421095,0.123269575010532,1.0123307106229,0.0501833603105719
-264.065723096074,-277.058041007418,5.22385171069717,5.5479545265632,12.387992149353,2.50750929421095,0.123269575010532,1.0123307106229,0.0501833603105719
-264.083342505721,-277.167909864253,5.24147112034362,6.69568481878499,12.387992149353,2.50750929421095,0.123269575010532,1.0123307106229,0.0501833603105719
-264.097323782,-277.280936786621,5.25545239662312,7.9388080946101,12.387992149353,2.50750929421095,0.123269575010532,1.0123307106229,0.0501833603105719
-264.10151471027,-277.398017599669,5.25964332489343,7.59954933486943,12.387992149353,2.50750929421095,0.123269575010532,1.0123307106229,0.0501833603105719
-264.11946655977,-277.517129687203,5.27759517439313,6.65669908301316,12.600997215271,2.50750929421095,0.123269575010532,1.0123307106229,0.0501833603105719
-264.136252045716,-277.64045189386,5.29438066033905,6.27947999665844,12.600997215271,2.50750929421095,0.123269575010532,1.0123307106229,0.0501833603105719
-264.138371977077,-277.766122408752,5.29650059169973,6.4576012651455,12.600997215271,2.50750929421095,0.123269575010532,1.0123307106229,0.0501833603105719
-264.160436647019,-277.894839961686,5.31856526164187,7.42801216824726,12.8134090957642,2.50750929421095,0.123269575010532,1.0123307106229,0.0501833603105719
-264.182763497447,-278.026170720934,5.34089211207028,7.72929236193534,12.8134090957642,2.50750929421095,0.123269575010532,1.0123307106229,0.0501833603105719
-264.193475077253,-278.160876141397,5.35160369187643,8.15222294117885,12.8134090957642,2.50750929421095,0.123269575010532,1.0123307106229,0.0501833603105719
-264.218408959281,-278.297515155983,5.37653757390388,8.40637565118034,13.0945141372681,2.50750929421095,0.123269575010532,1.0123307106229,0.0501833603105719
-264.230816190485,-278.434687645366,5.38894480510788,8.35572269296943,13.0945141372681,2.50750929421095,0.123269575010532,1.0123307106229,0.0501833603105719
-264.246038327092,-278.575409301548,5.40416694171475,8.90305871076922,13.0945141372681,2.50750929421095,0.123269575010532,1.0123307106229,0.0501833603105719
-264.25234145252,-278.717865769585,5.41047006714318,8.94985042950697,13.0945141372681,2.50750929421095,0.123269575010532,1.0123307106229,0.0501833603105719
-264.270214393994,-278.861739590611,5.42834300861689,8.94356503590902,13.5388367233276,2.50750929421095,0.123269575010532,1.0123307106229,0.0501833603105719
-264.287889760629,-279.007280623269,5.44601837525227,9.04092025698214,13.5388367233276,2.50750929421095,0.123269575010532,1.0123307106229,0.0501833603105719
-264.297687677367,-279.15459432062,5.45581629199021,8.82389460170032,13.5388367233276,2.50750929421095,0.123269575010532,1.0123307106229,0.0501833603105719
-264.307924900609,-279.303011796066,5.46605351523244,9.13731888266277,13.9811909255981,2.50750929421095,0.123269575010532,1.0123307106229,0.0501833603105719
-264.337481934392,-279.451989495674,5.4956105490146,9.61394165471122,13.9811909255981,2.50750929421095,0.123269575010532,1.0123307106229,0.0501833603105719
-264.356871923309,-279.60144071519,5.51500053793197,9.82764390826384,13.9811909255981,2.50750929421095,0.123269575010532,1.0123307106229,0.0501833603105719
-264.357397830084,-279.750994747781,5.51552644470699,9.87526467148589,14.447827583313,2.50750929421095,0.123269575010532,1.0123307106229,0.0501833603105719
-264.382419663105,-279.901484247981,5.54054827772815,10.2200547270979,14.447827583313,2.50750929421095,0.123269575010532,1.0123307106229,0.0501833603105719
-264.395342689188,-280.052327174875,5.5534713038109,11.1929546171588,14.447827583313,2.50750929421095,0.123269575010532,1.0123307106229,0.0501833603105719
-264.433856254412,-280.203297198687,5.59198486903467,11.8009943725944,14.447827583313,2.50750929421095,0.123269575010532,1.0123307106229,0.0501833603105719
-264.458786188653,-280.354149100155,5.61691480327575,12.2141293752293,14.986251121521,2.50750929421095,0.123269575010532,1.0123307106229,0.0501833603105719
-264.481199745203,-280.503815514495,5.63932835982606,12.2333163878727,14.986251121521,2.50750929421095,0.123269575010532,1.0123307106229,0.0501833603105719
-264.507807897724,-280.653985277204,5.66593651234698,12.4108524810015,14.986251121521,2.50750929421095,0.123269575010532,1.0123307106229,0.0501833603105719
-264.528571900738,-280.801941278625,5.68670051536102,12.8933384907232,15.5219471511841,2.50750929421095,0.123269575010532,1.0123307106229,0.0501833603105719
-264.555718283458,-280.950617523058,5.71384689808102,14.074638355981,15.5219471511841,2.50750929421095,0.123269575010532,1.0123307106229,0.0501833603105719
-264.573208414972,-281.097804837823,5.73133702959461,14.7442022138439,15.5219471511841,2.50750929421095,0.123269575010532,1.0123307106229,0.0501833603105719
-264.617597164076,-281.242378418877,5.77572577869911,14.4829595831875,16.0588953552246,2.50750929421095,0.123269575010532,1.0123307106229,0.0501833603105719
-264.645064054945,-281.387237162277,5.80319266956814,15.8012400127913,16.0588953552246,2.50750929421095,0.123269575010532,1.0123307106229,0.0501833603105719
-264.672878236617,-281.529545615432,5.83100685124055,15.4953928637812,16.0588953552246,2.50750929421095,0.123269575010532,1.0123307106229,0.0501833603105719
-264.700984924053,-281.669577142573,5.85911353867596,15.8174026019862,16.0588953552246,2.50750929421095,0.123269575010532,1.0123307106229,0.0501833603105719
-264.743341863392,-281.80778632944,5.90147047801526,16.45657575837,16.5266573486328,2.50750929421095,0.123269575010532,1.0123307106229,0.0501833603105719
-264.769160319167,-281.943853653696,5.92728893378969,17.2935316516259,16.5266573486328,2.50750929421095,0.123269575010532,1.0123307106229,0.0501833603105719
-264.809629918757,-282.078437839158,5.96775853338061,16.564049690678,16.5266573486328,2.50750929421095,0.123269575010532,1.0123307106229,0.0501833603105719
-264.830759022498,-282.209329877988,5.98888763712097,17.2974092535015,16.9954187927246,2.50750929421095,0.123269575010532,1.0123307106229,0.0501833603105719
-264.870414948933,-282.337646553925,6.02854356355603,17.4233503268972,16.9954187927246,2.50750929421095,0.123269575010532,1.0123307106229,0.0501833603105719
-264.910024528157,-282.464023283987,6.0681531427802,17.5058220092464,16.9954187927246,2.50750929421095,0.123269575010532,1.0123307106229,0.0501833603105719
-264.937463245647,-282.587401502532,6.09559186027037,16.9085082707398,17.4158365783691,2.50750929421095,0.123269575010532,1.0123307106229,0.0501833603105719
-264.966830992407,-282.707291081698,6.12495960702991,17.2591919081487,17.4158365783691,2.50750929421095,0.123269575010532,1.0123307106229,0.0501833603105719
-265.011710931342,-282.82531780437,6.16983954596506,16.2354827031919,17.4158365783691,2.50750929421095,0.123269575010532,1.0123307106229,0.0501833603105719
-265.043425682485,-282.940235636277,6.20155429710789,16.0663025258165,17.4158365783691,2.50750929421095,0.123269575010532,1.0123307106229,0.0501833603105719
-265.084642489691,-283.047935763164,6.24277110431376,17.9153650147979,17.7665712890625,2.50750929421095,0.123269575010532,1.0123307106229,0.0501833603105719
-265.098595645472,-283.153372177021,6.25672426009521,15.8759698699577,17.7665712890625,2.50750929421095,0.123269575010532,1.0123307106229,0.0501833603105719
-265.132336641088,-283.256437240392,6.29046525571136,15.3362011664264,17.7665712890625,2.50750929421095,0.123269575010532,1.0123307106229,0.0501833603105719
-265.160647365455,-283.355305848084,6.31877598007813,15.700357049438,18.0961878356934,2.50750929421095,0.123269575010532,1.0123307106229,0.0501833603105719
-265.203803759889,-283.449706030885,6.36193237451171,16.2117988328885,18.0961878356934,2.50750929421095,0.123269575010532,1.0123307106229,0.0501833603105719
-265.228181470676,-283.540749045002,6.38631008529894,15.800779456818,18.0961878356934,2.50750929421095,0.123269575010532,1.0123307106229,0.0501833603105719
-265.265679514908,-283.627822006048,6.42380812953075,14.3433520383898,18.399864440918,2.50750929421095,0.123269575010532,1.0123307106229,0.0501833603105719
-265.278182544926,-283.710328748587,6.43631115954862,13.5760097117269,18.399864440918,2.50750929421095,0.123269575010532,1.0123307106229,0.0501833603105719
-265.309629671222,-283.789117702616,6.46775828584556,13.7330390408985,18.399864440918,2.50750929421095,0.123269575010532,1.0123307106229,0.0501833603105719
-265.335388400594,-283.863376537787,6.49351701521722,13.3176423531807,18.399864440918,2.50750929421095,0.123269575010532,1.0123307106229,0.0501833603105719
-265.356093575916,-283.933052085753,6.51422219053888,12.4802019127493,18.658970123291,2.50750929421095,0.123269575010532,1.0123307106229,0.0501833603105719
-265.386140892864,-283.998816368833,6.54426950748671,12.8890477294363,18.658970123291,2.50750929421095,0.123269575010532,1.0123307106229,0.0501833603105719
-265.405518997203,-284.06077956077,6.56364761182565,12.0783914048199,18.658970123291,2.50750929421095,0.123269575010532,1.0123307106229,0.0501833603105719
-265.414865887363,-284.117445919545,6.57299450198573,11.9147856584975,18.9144098815918,2.50750929421095,0.123269575010532,1.0123307106229,0.0501833603105719
-265.447023770088,-284.16997030162,6.60515238471127,11.853596067018,18.9144098815918,2.50750929421095,0.123269575010532,1.0123307106229,0.0501833603105719
-265.473755583628,-284.218076553423,6.63188419825089,11.935619712449,18.9144098815918,2.50750929421095,0.123269575010532,1.0123307106229,0.0501833603105719
-265.487991283804,-284.261458767388,6.64611989842728,11.4403019829564,19.1012194213867,2.50750929421095,0.123269575010532,1.0123307106229,0.0501833603105719
-265.511517242595,-284.300819061297,6.66964585721785,10.5453064450841,19.1012194213867,2.50750929421095,0.123269575010532,1.0123307106229,0.0501833603105719
-265.539318440599,-284.335316213959,6.69744705522202,10.7328115274593,19.1012194213867,2.50750929421095,0.123269575010532,1.0123307106229,0.0501833603105719
-265.553213528235,-284.365682156821,6.71134214285768,10.0805325939382,19.1012194213867,2.50750929421095,0.123269575010532,1.0123307106229,0.0501833603105719
-265.576269504387,-284.391486962748,6.73439811900989,9.5305424177682,19.26547265625,2.50750929421095,0.123269575010532,1.0123307106229,0.0501833603105719
-265.599248454151,-284.413026044548,6.75737706877433,9.4179844058266,19.26547265625,2.50750929421095,0.123269575010532,1.0123307106229,0.0501833603105719
-265.605860075344,-284.430233082263,6.76398868996725,8.65303768630482,19.26547265625,2.50750929421095,0.123269575010532,1.0123307106229,0.0501833603105719
-265.616336523329,-284.443189515611,6.77446513795232,8.56944141152267,19.3582766113281,2.50750929421095,0.123269575010532,1.0123307106229,0.0501833603105719
-265.638108842111,-284.451830368324,6.79623745673413,8.79863441799164,19.3582766113281,2.50750929421095,0.123269575010532,1.0123307106229,0.0501833603105719
-265.649539457983,-284.4563363017,6.80766807260574,8.79203412996247,19.3582766113281,2.50750929421095,0.123269575010532,1.0123307106229,0.0501833603105719
-265.672509875776,-284.45672295149,6.83063849039961,7.35580638707585,19.3595545349121,2.50750929421095,0.123269575010532,1.0123307106229,0.0501833603105719
-265.687664618361,-284.453080259692,6.84579323298429,6.46637507511276,19.3595545349121,2.50750929421095,0.123269575010532,1.0123307106229,0.0501833603105719
-265.689247605399,-284.445481805376,6.84737622002174,6.84918811922492,19.3595545349121,2.50750929421095,0.123269575010532,1.0123307106229,0.0501833603105719
-265.709313651163,-284.433952568331,6.86744226578573,6.35790627218686,19.3595545349121,2.50750929421095,0.123269575010532,1.0123307106229,0.0501833603105719
-265.720520901057,-284.418614639167,6.87864951567968,5.36380111948663,19.2905314025879,2.50750929421095,0.123269575010532,1.0123307106229,0.0501833603105719
-265.733223883022,-284.399527461999,6.89135249764466,5.10123937350498,19.2905314025879,2.50750929421095,0.123269575010532,1.0123307106229,0.0501833603105719
-265.742376706881,-284.376870313797,6.90050532150377,4.67618291358999,19.2905314025879,2.50750929421095,0.123269575010532,1.0123307106229,0.0501833603105719
-265.750494470972,-284.350895476757,6.90862308559548,4.10672173186793,19.1051180419922,2.50750929421095,0.123269575010532,1.0123307106229,0.0501833603105719
-265.751180374466,-284.321220623988,6.90930898908898,3.7382097328881,19.1051180419922,2.50750929421095,0.123269575010532,1.0123307106229,0.0501833603105719
-265.758406556753,-284.288307380203,6.91653517137641,3.48996250108722,19.1051180419922,2.50750929421095,0.123269575010532,1.0123307106229,0.0501833603105719
-265.766792672119,-284.252378589966,6.92492128674188,2.92613435157699,18.7797129211426,2.50750929421095,0.123269575010532,1.0123307106229,0.0501833603105719
-265.767594624187,-284.212755596862,6.92572323880974,2.17976719223311,18.7797129211426,2.50750929421095,0.123269575010532,1.0123307106229,0.0501833603105719
-265.774158672189,-284.170913490778,6.93228728681178,1.12111004555129,18.7797129211426,2.50750929421095,0.123269575010532,1.0123307106229,0.0501833603105719
-265.775967940891,-284.126314709208,6.93409655551364,0.278976233761802,18.7797129211426,2.50750929421095,0.123269575010532,1.0123307106229,0.0501833603105719
-265.779306779024,-284.078463022176,6.93743539364755,-0.751010322569598,18.4526293334961,2.50750929421095,0.123269575010532,1.0123307106229,0.0501833603105719
-265.769122965662,-284.028373497441,6.9272515802849,-2.39589689547784,18.4526293334961,2.50750929421095,0.123269575010532,1.0123307106229,0.0501833603105719
-265.764430708952,-283.975520320204,6.92255932357527,-2.77861995599868,18.4526293334961,2.50750929421095,0.123269575010532,1.0123307106229,0.0501833603105719
-265.770826079321,-283.920513160968,6.9289546939445,-5.03255981368588,18.1957857666016,2.50750929421095,0.123269575010532,1.0123307106229,0.0501833603105719
-265.743896507771,-283.863254582623,6.90202512239435,-5.61989911801399,18.1957857666016,2.50750929421095,0.123269575010532,1.0123307106229,0.0501833603105719
-265.748756623513,-283.803999020486,6.9068852381366,-6.08802764536297,18.1957857666016,2.50750929421095,0.123269575010532,1.0123307106229,0.0501833603105719
-265.757676385096,-283.742647444238,6.91580499971889,-6.77371798791335,18.0079958496094,2.50750929421095,0.123269575010532,1.0123307106229,0.0501833603105719
-265.721483987114,-283.679652611614,6.87961260173703,-7.54074815188562,18.0079958496094,2.50750929421095,0.123269575010532,1.0123307106229,0.0501833603105719
-265.704050369282,-283.613619164671,6.86217898390545,-7.75640280195859,18.0079958496094,2.50750929421095,0.123269575010532,1.0123307106229,0.0501833603105719
-265.688596598174,-283.54624683613,6.846725212797,-7.55990376395994,18.0079958496094,2.50750929421095,0.123269575010532,1.0123307106229,0.0501833603105719
-265.68447918609,-283.47976205258,6.84260780071316,-6.63702342290145,17.865139251709,2.50750929421095,0.123269575010532,1.0123307106229,0.0501833603105719
-265.668571815628,-283.411202989967,6.82670043025108,-6.0244930927553,17.865139251709,2.50750929421095,0.123269575010532,1.0123307106229,0.0501833603105719
-265.642092394551,-283.341519084075,6.80022100917388,-6.44287800413876,17.865139251709,2.50750929421095,0.123269575010532,1.0123307106229,0.0501833603105719
-265.632466790849,-283.270115899571,6.79059540547244,-7.4027080662068,17.7928507385254,2.50750929421095,0.123269575010532,1.0123307106229,0.0501833603105719
-265.617448981263,-283.19826605826,6.77557759588598,-7.56139047386823,17.7928507385254,2.50750929421095,0.123269575010532,1.0123307106229,0.0501833603105719
-265.607980102987,-283.124952301018,6.76610871761052,-6.94763782355281,17.7928507385254,2.50750929421095,0.123269575010532,1.0123307106229,0.0501833603105719
-265.600183745954,-283.051737916146,6.75831236057706,-6.81287704013784,17.6981127319336,2.50750929421095,0.123269575010532,1.0123307106229,0.0501833603105719
-265.585898309042,-282.977150263684,6.74402692366488,-7.29080241589249,17.6981127319336,2.50750929421095,0.123269575010532,1.0123307106229,0.0501833603105719
-265.564233589309,-282.902786229109,6.7223622039318,-7.14916653196358,17.6981127319336,2.50750929421095,0.123269575010532,1.0123307106229,0.0501833603105719
-265.561298307572,-282.827896244128,6.71942692219468,-6.14229395423965,17.6981127319336,2.50750929421095,0.123269575010532,1.0123307106229,0.0501833603105719
-265.544501770962,-282.752646784001,6.70263038558494,-5.61132041321527,17.4390032348633,2.50750929421095,0.123269575010532,1.0123307106229,0.0501833603105719
-265.535366313952,-282.677382225241,6.6934949285748,-5.54270966740359,17.4390032348633,2.50750929421095,0.123269575010532,1.0123307106229,0.0501833603105719
-265.526726749124,-282.601832823147,6.68485536374724,-4.53751921000651,17.4390032348633,2.50750929421095,0.123269575010532,1.0123307106229,0.0501833603105719
-265.523268577219,-282.526336144799,6.68139719184169,-4.58891940051666,17.2066500244141,2.50750929421095,0.123269575010532,1.0123307106229,0.0501833603105719
-265.515949214925,-282.451350061568,6.67407782954821,-4.79781397849977,17.2066500244141,2.50750929421095,0.123269575010532,1.0123307106229,0.0501833603105719
-265.50592870158,-282.375824647042,6.66405731620345,-5.04021805463424,17.2066500244141,2.50750929421095,0.123269575010532,1.0123307106229,0.0501833603105719
-265.506312823512,-282.301422349799,6.66444143813466,-4.75662659387573,16.8792498168945,2.50750929421095,0.123269575010532,1.0123307106229,0.0501833603105719
-265.497205068035,-282.227201882083,6.65533368265814,-4.883737472441,16.8792498168945,2.50750929421095,0.123269575010532,1.0123307106229,0.0501833603105719
-265.495940213464,-282.153781918026,6.65406882808717,-5.01104248394259,16.8792498168945,2.50750929421095,0.123269575010532,1.0123307106229,0.0501833603105719
-265.466546476935,-282.080421623478,6.62467509155834,-4.34439731313387,16.8792498168945,2.50750929421095,0.123269575010532,1.0123307106229,0.0501833603105719
-265.463669073722,-282.007745706917,6.62179768834559,-4.37729420062119,16.6239206848145,2.50750929421095,0.123269575010532,1.0123307106229,0.0501833603105719
-265.448910455917,-281.935962405933,6.60703907053983,-4.96204403884803,16.6239206848145,2.50750929421095,0.123269575010532,1.0123307106229,0.0501833603105719
-265.453095216313,-281.864397530981,6.61122383093599,-5.70868162595815,16.6239206848145,2.50750929421095,0.123269575010532,1.0123307106229,0.0501833603105719
-265.4354964138,-281.794023998752,6.59362502842331,-6.35176317762025,16.3895800170898,2.50750929421095,0.123269575010532,1.0123307106229,0.0501833603105719
-265.414521557758,-281.724463286501,6.57265017238129,-6.8995091868937,16.3895800170898,2.50750929421095,0.123269575010532,1.0123307106229,0.0501833603105719
-265.404673072034,-281.65553772488,6.5628016866569,-7.2279999398914,16.3895800170898,2.50750929421095,0.123269575010532,1.0123307106229,0.0501833603105719
-265.399075609715,-281.587639339125,6.55720422433798,-6.7132580227737,16.2018358764648,2.50750929421095,0.123269575010532,1.0123307106229,0.0501833603105719
-265.375314395663,-281.520508251487,6.53344301028658,-6.53934566980538,16.2018358764648,2.50750929421095,0.123269575010532,1.0123307106229,0.0501833603105719
-265.370857515264,-281.454208075306,6.52898612988712,-6.89522982370015,16.2018358764648,2.50750929421095,0.123269575010532,1.0123307106229,0.0501833603105719
-265.343468309953,-281.388849348516,6.50159692457575,-7.13855776175321,16.2018358764648,2.50750929421095,0.123269575010532,1.0123307106229,0.0501833603105719
-265.329982069953,-281.324074780803,6.488110684576,-7.26325986446334,16.0151407775879,2.50750929421095,0.123269575010532,1.0123307106229,0.0501833603105719
-265.316307707139,-281.260865570197,6.4744363217622,-7.50084945782927,16.0151407775879,2.50750929421095,0.123269575010532,1.0123307106229,0.0501833603105719
-265.309563622591,-281.198261060003,6.46769223721444,-7.31567878045855,16.0151407775879,2.50750929421095,0.123269575010532,1.0123307106229,0.0501833603105719
-265.298313366266,-281.136962996604,6.45644198088891,-7.57801497548087,15.8749249038696,2.50750929421095,0.123269575010532,1.0123307106229,0.0501833603105719
-265.281035412963,-281.075945849569,6.43916402758565,-7.90339678625164,15.8749249038696,2.50750929421095,0.123269575010532,1.0123307106229,0.0501833603105719
-265.257045945506,-281.016036955867,6.41517456012902,-7.68026137717896,15.8749249038696,2.50750929421095,0.123269575010532,1.0123307106229,0.0501833603105719
-265.246312129116,-280.957250013063,6.40444074373936,-7.08873665190411,15.7357285079956,2.50750929421095,0.123269575010532,1.0123307106229,0.0501833603105719
-265.235472963148,-280.898918896129,6.39360157777091,-6.47865383411958,15.7357285079956,2.50750929421095,0.123269575010532,1.0123307106229,0.0501833603105719
-265.201143502035,-280.841731015794,6.35927211665777,-6.43297390212099,15.7357285079956,2.50750929421095,0.123269575010532,1.0123307106229,0.0501833603105719
-265.207557913944,-280.785387856592,6.36568652856706,-6.05705294464289,15.594498878479,2.50750929421095,0.123269575010532,1.0123307106229,0.0501833603105719
-265.203004037501,-280.729878673593,6.36113265212446,-6.45842838781248,15.594498878479,2.50750929421095,0.123269575010532,1.0123307106229,0.0501833603105719
-265.186090744848,-280.674556599523,6.34421935947088,-6.34781620476912,15.594498878479,2.50750929421095,0.123269575010532,1.0123307106229,0.0501833603105719
-265.173715489346,-280.62063377878,6.33184410396903,-5.58826827404182,15.594498878479,2.50750929421095,0.123269575010532,1.0123307106229,0.0501833603105719
-265.156557330762,-280.566895357281,6.31468594538465,-5.86630200180263,15.4081909713745,2.50750929421095,0.123269575010532,1.0123307106229,0.0501833603105719
-265.158850489536,-280.513999957418,6.31697910415935,-5.92919826996924,15.4081909713745,2.50750929421095,0.123269575010532,1.0123307106229,0.0501833603105719
-265.127952582097,-280.461322050815,6.28608119672003,-5.3088782574418,15.4081909713745,2.50750929421095,0.123269575010532,1.0123307106229,0.0501833603105719
-265.125666820932,-280.409446790512,6.28379543555474,-4.82360113968033,15.2935326156616,2.50750929421095,0.123269575010532,1.0123307106229,0.0501833603105719
-265.115432952078,-280.357759233786,6.2735615667015,-5.15923929870246,15.2935326156616,2.50750929421095,0.123269575010532,1.0123307106229,0.0501833603105719
-265.109065395528,-280.306024496562,6.26719401015097,-5.32307311002262,15.2935326156616,2.50750929421095,0.123269575010532,1.0123307106229,0.0501833603105719
-265.084555152648,-280.254093201214,6.2426837672715,-4.66117218789674,15.2010185775757,2.50750929421095,0.123269575010532,1.0123307106229,0.0501833603105719
-265.096404679209,-280.204139042859,6.25453329383258,-4.80964825416761,15.2010185775757,2.50750929421095,0.123269575010532,1.0123307106229,0.0501833603105719
-265.079354326806,-280.154392512801,6.23748294142895,-5.12551313985021,15.2010185775757,2.50750929421095,0.123269575010532,1.0123307106229,0.0501833603105719
-265.082517192045,-280.104175847212,6.24064580666761,-4.71139432235857,15.2010185775757,2.50750929421095,0.123269575010532,1.0123307106229,0.0501833603105719
-265.075330579556,-280.053807226646,6.23345919417878,-4.88054393766102,15.0372288284302,2.50750929421095,0.123269575010532,1.0123307106229,0.0501833603105719
-265.057668412767,-280.003415154327,6.21579702739039,-4.99965606525005,15.0372288284302,2.50750929421095,0.123269575010532,1.0123307106229,0.0501833603105719
-265.051766552721,-279.953266105244,6.20989516734444,-4.80836940817737,15.0372288284302,2.50750929421095,0.123269575010532,1.0123307106229,0.0501833603105719
-265.025075525652,-279.902793187607,6.1832041402749,-4.24884939327593,14.8954002914429,2.50750929421095,0.123269575010532,1.0123307106229,0.0501833603105719
-265.019434720555,-279.852143740182,6.17756333517833,-4.08635226699225,14.8954002914429,2.50750929421095,0.123269575010532,1.0123307106229,0.0501833603105719
-265.012545499991,-279.801037091593,6.17067411461436,-4.50284521283167,14.8954002914429,2.50750929421095,0.123269575010532,1.0123307106229,0.0501833603105719
-265.005768898597,-279.75004558681,6.16389751322016,-4.96765469897697,14.8021919784546,2.50750929421095,0.123269575010532,1.0123307106229,0.0501833603105719
-264.986715209907,-279.698433966368,6.14484382452979,-4.82812342837104,14.8021919784546,2.50750929421095,0.123269575010532,1.0123307106229,0.0501833603105719
-264.992253304668,-279.646319297337,6.15038191929118,-4.93688196061178,14.8021919784546,2.50750929421095,0.123269575010532,1.0123307106229,0.0501833603105719
-264.979493665102,-279.594008370843,6.13762227972525,-4.8159892037883,14.8021919784546,2.50750929421095,0.123269575010532,1.0123307106229,0.0501833603105719
-264.978360563165,-279.540770161353,6.13648917778797,-4.96797105808157,14.7082188186645,2.50750929421095,0.123269575010532,1.0123307106229,0.0501833603105719
-264.977894555512,-279.487459895217,6.1360231701349,-4.99852978177125,14.7082188186645,2.50750929421095,0.123269575010532,1.0123307106229,0.0501833603105719
-264.949527945827,-279.433266783886,6.10765656044981,-4.57327349300094,14.7082188186645,2.50750929421095,0.123269575010532,1.0123307106229,0.0501833603105719
-264.935323022099,-279.378208800395,6.0934516367222,-4.45132272115054,14.5209896621704,2.50750929421095,0.123269575010532,1.0123307106229,0.0501833603105719
-264.928415043778,-279.322423302763,6.08654365840078,-4.43386671934598,14.5209896621704,2.50750929421095,0.123269575010532,1.0123307106229,0.0501833603105719
-264.928474541257,-279.266060700854,6.08660315588011,-4.41361886035607,14.5209896621704,2.50750929421095,0.123269575010532,1.0123307106229,0.0501833603105719
-264.922380197502,-279.208935484316,6.08050881212469,-4.06113539143304,14.3803913650513,2.50750929421095,0.123269575010532,1.0123307106229,0.0501833603105719
-264.901014620378,-279.151094306568,6.05914323500156,-4.29898811627727,14.3803913650513,2.50750929421095,0.123269575010532,1.0123307106229,0.0501833603105719
-264.894281621963,-279.092132572958,6.05241023658654,-4.74744798679587,14.3803913650513,2.50750929421095,0.123269575010532,1.0123307106229,0.0501833603105719
-264.895264688434,-279.032187213017,6.05339330305704,-4.52642251747382,14.3803913650513,2.50750929421095,0.123269575010532,1.0123307106229,0.0501833603105719
-264.873115592145,-278.971139618201,6.03124420676832,-4.48393303356874,14.2644341049194,2.50750929421095,0.123269575010532,1.0123307106229,0.0501833603105719
-264.867571819149,-278.909491443996,6.02570043377254,-4.04449707202685,14.2644341049194,2.50750929421095,0.123269575010532,1.0123307106229,0.0501833603105719
-264.871500271381,-278.8468790336,6.02962888600372,-4.48567618990638,14.2644341049194,2.50750929421095,0.123269575010532,1.0123307106229,0.0501833603105719
-264.860268831555,-278.783348724108,6.01839744617832,-4.71474677902987,14.1013824996948,2.50750929421095,0.123269575010532,1.0123307106229,0.0501833603105719
-264.856045065845,-278.719016707042,6.01417368046797,-4.62623183540825,14.1013824996948,2.50750929421095,0.123269575010532,1.0123307106229,0.0501833603105719
-264.841188905721,-278.653548005388,5.99931752034433,-5.31699605419506,14.1013824996948,2.50750929421095,0.123269575010532,1.0123307106229,0.0501833603105719
-264.841414333041,-278.587492012581,5.9995429476643,-5.00194411446763,13.9601986465454,2.50750929421095,0.123269575010532,1.0123307106229,0.0501833603105719
-264.830831751478,-278.520530422942,5.98896036610103,-4.52828317402613,13.9601986465454,2.50750929421095,0.123269575010532,1.0123307106229,0.0501833603105719
-264.812705551576,-278.452486729384,5.97083416619898,-4.76905504832611,13.9601986465454,2.50750929421095,0.123269575010532,1.0123307106229,0.0501833603105719
-264.804998937513,-278.383593078923,5.9631275521364,-4.42447663849051,13.9601986465454,2.50750929421095,0.123269575010532,1.0123307106229,0.0501833603105719
-264.795505715762,-278.313729661994,5.95363433038498,-4.81962922858785,13.7731468734741,2.50750929421095,0.123269575010532,1.0123307106229,0.0501833603105719
-264.790825931716,-278.243223205618,5.94895454633937,-5.0175091868008,13.7731468734741,2.50750929421095,0.123269575010532,1.0123307106229,0.0501833603105719
-264.77661348318,-278.171803663617,5.93474209780304,-5.00418728700712,13.7731468734741,2.50750929421095,0.123269575010532,1.0123307106229,0.0501833603105719
-264.754754232602,-278.100279685973,5.91288284722546,-5.34403874272401,13.6081535873413,2.50750929421095,0.123269575010532,1.0123307106229,0.0501833603105719
-264.755085395168,-278.02699732633,5.91321400979095,-5.67925217640037,13.6081535873413,2.50750929421095,0.123269575010532,1.0123307106229,0.0501833603105719
-264.754023891462,-277.9540363098,5.91215250608501,-5.54410733376962,13.6081535873413,2.50750929421095,0.123269575010532,1.0123307106229,0.0501833603105719
-264.731949013858,-277.880473476412,5.89007762848132,-5.36678937099413,13.4200298843384,2.50750929421095,0.123269575010532,1.0123307106229,0.0501833603105719
-264.722112561807,-277.806559948663,5.88024117643005,-5.52506282193436,13.4200298843384,2.50750929421095,0.123269575010532,1.0123307106229,0.0501833603105719
-264.715358885686,-277.731887074773,5.87348750030947,-5.11287013759643,13.4200298843384,2.50750929421095,0.123269575010532,1.0123307106229,0.0501833603105719
-264.695752217413,-277.656911091149,5.85388083203625,-5.38161543600219,13.4200298843384,2.50750929421095,0.123269575010532,1.0123307106229,0.0501833603105719
-264.681536015751,-277.581480254335,5.83966463037361,-5.18105257114001,13.2568352279663,2.50750929421095,0.123269575010532,1.0123307106229,0.0501833603105719
-264.679046677692,-277.506155800126,5.83717529231553,-5.14659432193945,13.2568352279663,2.50750929421095,0.123269575010532,1.0123307106229,0.0501833603105719
-264.665779788589,-277.430471834956,5.82390840321223,-5.52131029134134,13.2568352279663,2.50750929421095,0.123269575010532,1.0123307106229,0.0501833603105719
-264.666047284197,-277.355448521413,5.82417589882012,-5.72520112110333,13.070012336731,2.50750929421095,0.123269575010532,1.0123307106229,0.0501833603105719
-264.650161688296,-277.280231703626,5.8082903029188,-5.98039090317017,13.070012336731,2.50750929421095,0.123269575010532,1.0123307106229,0.0501833603105719
-264.639053591446,-277.205309811291,5.79718220606873,-6.72202467684207,13.070012336731,2.50750929421095,0.123269575010532,1.0123307106229,0.0501833603105719
-264.620489626274,-277.1278859231,5.77861824089698,-6.27683440905976,12.8356201705933,2.50750929421095,0.123269575010532,1.0123307106229,0.0501833603105719
-264.609843585957,-277.055213929649,5.7679722005804,-5.98941610249044,12.8356201705933,2.50750929421095,0.123269575010532,1.0123307106229,0.0501833603105719
-264.603214029718,-276.98219037845,5.76134264434092,-6.2960166068118,12.8356201705933,2.50750929421095,0.123269575010532,1.0123307106229,0.0501833603105719
-264.584034991295,-276.909348837564,5.7421636059185,-5.98956132527981,12.8356201705933,2.50750929421095,0.123269575010532,1.0123307106229,0.0501833603105719
-264.574974140259,-276.837318093729,5.73310275488226,-6.29321674263677,12.6731674728394,2.50750929421095,0.123269575010532,1.0123307106229,0.0501833603105719
-264.569276923506,-276.766091465219,5.72740553812923,-6.45193471219776,12.6731674728394,2.50750929421095,0.123269575010532,1.0123307106229,0.0501833603105719
-264.550991059182,-276.695971125168,5.709119673805,-6.43454473683698,12.6731674728394,2.50750929421095,0.123269575010532,1.0123307106229,0.0501833603105719
-264.540799428782,-276.627184813592,5.6989280434051,-6.64774022414911,12.5094826278687,2.50750929421095,0.123269575010532,1.0123307106229,0.0501833603105719
-264.524785471673,-276.559129233741,5.68291408629568,-7.00647818122884,12.5094826278687,2.50750929421095,0.123269575010532,1.0123307106229,0.0501833603105719
-264.515100093151,-276.492609104189,5.67322870777392,-7.48173628443338,12.5094826278687,2.50750929421095,0.123269575010532,1.0123307106229,0.0501833603105719
-264.493271421881,-276.427572729351,5.65140003650444,-6.81456590759886,12.3220188674927,2.50750929421095,0.123269575010532,1.0123307106229,0.0501833603105719
-264.485550553477,-276.365018052762,5.64367916810016,-6.95152950994291,12.3220188674927,2.50750929421095,0.123269575010532,1.0123307106229,0.0501833603105719
-264.469341507769,-276.303718702457,5.6274701223924,-7.33664969028228,12.3220188674927,2.50750929421095,0.123269575010532,1.0123307106229,0.0501833603105719
-264.465698983863,-276.244424846388,5.62382759848612,-7.01507661992457,12.3220188674927,2.50750929421095,0.123269575010532,1.0123307106229,0.0501833603105719
-264.444445812882,-276.186999114546,5.60257442750534,-6.87330712762119,12.1120655593872,2.50750929421095,0.123269575010532,1.0123307106229,0.0501833603105719
-264.434682438429,-276.131878639695,5.5928110530522,-7.37839233895785,12.1120655593872,2.50750929421095,0.123269575010532,1.0123307106229,0.0501833603105719
-264.418751089248,-276.079286345879,5.57687970387089,-7.45966301361278,12.1120655593872,2.50750929421095,0.123269575010532,1.0123307106229,0.0501833603105719
-264.403703023449,-276.028709603143,5.56183163807206,-7.3535294245082,12.1120655593872,2.50750929421095,0.123269575010532,1.0123307106229,0.0501833603105719
-264.386160349257,-275.981316959916,5.54428896388032,-6.98368667062694,11.9718239364624,2.50750929421095,0.123269575010532,1.0123307106229,0.0501833603105719
-264.361086898575,-275.936282726963,5.51921551319801,-7.40898932893315,11.9718239364624,2.50750929421095,0.123269575010532,1.0123307106229,0.0501833603105719
-264.347707601114,-275.894087842911,5.50583621573736,-7.40801349448652,11.8303520736694,2.50750929421095,0.123269575010532,1.0123307106229,0.0501833603105719
-264.343881933675,-275.855047650641,5.50201054829824,-7.51167033830134,11.8303520736694,2.50750929421095,0.123269575010532,1.0123307106229,0.0501833603105719
-264.317654613213,-275.818953700027,5.47578322783632,-7.65773973166622,11.8303520736694,2.50750929421095,0.123269575010532,1.0123307106229,0.0501833603105719
-264.316658149803,-275.785856748239,5.47478676442603,-7.18538331602319,11.6433231887817,2.50750929421095,0.123269575010532,1.0123307106229,0.0501833603105719
-264.30111351961,-275.756382299322,5.45924213423354,-7.46367525881564,11.6433231887817,2.50750929421095,0.123269575010532,1.0123307106229,0.0501833603105719
-264.297290688334,-275.729873213385,5.45541930295745,-7.50090870844951,11.6433231887817,2.50750929421095,0.123269575010532,1.0123307106229,0.0501833603105719
-264.266299995858,-275.707454683304,5.42442861048065,-6.51085226171493,11.6433231887817,2.50750929421095,0.123269575010532,1.0123307106229,0.0501833603105719
-264.257886003827,-275.68841331469,5.41601461845043,-6.74757642747988,11.5033571777344,2.50750929421095,0.123269575010532,1.0123307106229,0.0501833603105719
-264.247225879841,-275.673015380286,5.40535449446439,-6.74361547943906,11.5033571777344,2.50750929421095,0.123269575010532,1.0123307106229,0.0501833603105719
-264.234269718086,-275.661439027434,5.39239833270916,-6.59515981774331,11.5033571777344,2.50750929421095,0.123269575010532,1.0123307106229,0.0501833603105719
-264.221914447569,-275.653771683181,5.38004306219214,-6.41001424779814,11.3631155548096,2.50750929421095,0.123269575010532,1.0123307106229,0.0501833603105719
-264.206162115573,-275.650076772808,5.3642907301959,-6.83999614588591,11.3631155548096,2.50750929421095,0.123269575010532,1.0123307106229,0.0501833603105719
-264.193172404128,-275.650416541202,5.35130101875159,-6.82333968279638,11.3631155548096,2.50750929421095,0.123269575010532,1.0123307106229,0.0501833603105719
-264.19743950619,-275.654874822771,5.35556812081323,-6.36025441933684,11.3173115310669,2.50750929421095,0.123269575010532,1.0123307106229,0.0501833603105719
-264.155143476729,-275.663433666766,5.31327209135207,-6.02383566211442,11.3173115310669,2.50750929421095,0.123269575010532,1.0123307106229,0.0501833603105719
-264.150815255381,-275.676340166876,5.30894387000363,-5.88760768903387,11.3173115310669,2.50750929421095,0.123269575010532,1.0123307106229,0.0501833603105719
-264.146474800013,-275.69346846435,5.30460341463634,-5.47456224797839,11.3173115310669,2.50750929421095,0.123269575010532,1.0123307106229,0.0501833603105719
-264.135584316216,-275.715000671103,5.29371293083863,-5.4968440761244,11.2937662658691,2.50750929421095,0.123269575010532,1.0123307106229,0.0501833603105719
-264.122249999265,-275.740809167063,5.28037861388836,-4.98053746064252,11.2937662658691,2.50750929421095,0.123269575010532,1.0123307106229,0.0501833603105719
-264.111777733486,-275.770921525042,5.26990634810931,-5.77541662787221,11.2937662658691,2.50750929421095,0.123269575010532,1.0123307106229,0.0501833603105719
-264.113100445048,-275.805789400018,5.27122905967137,-6.32298043691656,11.3178236541748,2.50750929421095,0.123269575010532,1.0123307106229,0.0501833603105719
-264.101440355054,-275.844750141349,5.259568969677,-5.04407949900309,11.3178236541748,2.50750929421095,0.123269575010532,1.0123307106229,0.0501833603105719
-264.09163123737,-275.888055314043,5.24975985199316,-4.03520688291769,11.3178236541748,2.50750929421095,0.123269575010532,1.0123307106229,0.0501833603105719
-264.078594385437,-275.93596733343,5.23672300006056,-3.93933665019937,11.3178236541748,2.50750929421095,0.123269575010532,1.0123307106229,0.0501833603105719
-264.057943691778,-275.988814837617,5.21607230640131,-3.55517569709346,11.4343645629883,2.50750929421095,0.123269575010532,1.0123307106229,0.0501833603105719
-264.069470852663,-276.045629809842,5.22759946728646,-3.20222557603163,11.4343645629883,2.50750929421095,0.123269575010532,1.0123307106229,0.0501833603105719
-264.067933639201,-276.107096253556,5.22606225382433,-2.80883954329955,11.4343645629883,2.50750929421095,0.123269575010532,1.0123307106229,0.0501833603105719
-264.046517059764,-276.172316115485,5.20464567438733,-2.8624503021097,11.6426079330444,2.50750929421095,0.123269575010532,1.0123307106229,0.0501833603105719
-264.043383314812,-276.241911047861,5.20151192943519,-2.53392194331276,11.6426079330444,2.50750929421095,0.123269575010532,1.0123307106229,0.0501833603105719
-264.033235032416,-276.316145499672,5.19136364703865,-1.41218818060936,11.6426079330444,2.50750929421095,0.123269575010532,1.0123307106229,0.0501833603105719
-264.039853448598,-276.396033194505,5.19798206322097,-0.125432552214782,11.8986523208618,2.50750929421095,0.123269575010532,1.0123307106229,0.0501833603105719
-264.030619344419,-276.479530177887,5.1887479590424,0.148920955890756,11.8986523208618,2.50750929421095,0.123269575010532,1.0123307106229,0.0501833603105719
-264.037458821083,-276.564362505902,5.19558743570586,0.887408685935035,11.8986523208618,2.50750929421095,0.123269575010532,1.0123307106229,0.0501833603105719
-264.028260410941,-276.655197416054,5.18638902556395,1.07287161739415,11.8986523208618,2.50750929421095,0.123269575010532,1.0123307106229,0.0501833603105719
-264.040455777833,-276.74980730652,5.19858439245657,2.73660112591801,12.1329147872925,2.50750929421095,0.123269575010532,1.0123307106229,0.0501833603105719
-264.049234465515,-276.848861906397,5.20736308013797,4.59874290556856,12.1329147872925,2.50750929421095,0.123269575010532,1.0123307106229,0.0501833603105719
-264.063895508253,-276.951635313785,5.22202412287615,5.78448267422788,12.1329147872925,2.50750929421095,0.123269575010532,1.0123307106229,0.0501833603105719
-264.071480346051,-277.057409846641,5.22960896067448,6.06435874804146,12.4132206497192,2.50750929421095,0.123269575010532,1.0123307106229,0.0501833603105719
-264.079889744992,-277.168508547349,5.23801835961496,7.01215940001073,12.4132206497192,2.50750929421095,0.123269575010532,1.0123307106229,0.0501833603105719
-264.09713935303,-277.281622283204,5.25526796765274,7.78554478295704,12.4132206497192,2.50750929421095,0.123269575010532,1.0123307106229,0.0501833603105719
-264.106185381536,-277.397989395369,5.26431399615868,7.48015218347149,12.6234962997437,2.50750929421095,0.123269575010532,1.0123307106229,0.0501833603105719
-264.121327418625,-277.517954912653,5.27945603324759,6.69126607260222,12.6234962997437,2.50750929421095,0.123269575010532,1.0123307106229,0.0501833603105719
-264.144201586893,-277.640437055974,5.30233020151632,6.43317941590321,12.6234962997437,2.50750929421095,0.123269575010532,1.0123307106229,0.0501833603105719
-264.143825245716,-277.766274219451,5.30195386033955,6.8321497352426,12.6234962997437,2.50750929421095,0.123269575010532,1.0123307106229,0.0501833603105719
-264.156921360127,-277.896158197503,5.31504997474996,7.43909134522008,12.8826077041626,2.50750929421095,0.123269575010532,1.0123307106229,0.0501833603105719
-264.185522880736,-278.026929884835,5.34365149535881,7.92295807847261,12.8826077041626,2.50750929421095,0.123269575010532,1.0123307106229,0.0501833603105719
-264.196135351775,-278.161745927414,5.35426396639843,8.14728561080579,12.8826077041626,2.50750929421095,0.123269575010532,1.0123307106229,0.0501833603105719
-264.208967510697,-278.296909221477,5.36709612531971,8.53466582915408,13.1654522476196,2.50750929421095,0.123269575010532,1.0123307106229,0.0501833603105719
-264.238005309586,-278.435302806593,5.39613392420929,8.53285296543299,13.1654522476196,2.50750929421095,0.123269575010532,1.0123307106229,0.0501833603105719
-264.251248568025,-278.576235294986,5.40937718264817,9.08978514303457,13.1654522476196,2.50750929421095,0.123269575010532,1.0123307106229,0.0501833603105719
-264.271414893099,-278.718070568632,5.42954350772218,9.18713427378638,13.5399353561401,2.50750929421095,0.123269575010532,1.0123307106229,0.0501833603105719
-264.265964360544,-278.86199842056,5.42409297516711,8.74235152467646,13.5399353561401,2.50750929421095,0.123269575010532,1.0123307106229,0.0501833603105719
-264.301266787846,-279.007559389965,5.45939540246948,9.35204239815192,13.5399353561401,2.50750929421095,0.123269575010532,1.0123307106229,0.0501833603105719
-264.314872858076,-279.154576751524,5.47300147269891,8.78609571845652,13.5399353561401,2.50750929421095,0.123269575010532,1.0123307106229,0.0501833603105719
-264.324209202158,-279.302410231062,5.48233781678087,9.46539967459984,13.9827530441284,2.50750929421095,0.123269575010532,1.0123307106229,0.0501833603105719
-264.340330742716,-279.451598008894,5.49845935733906,9.69561535521255,13.9827530441284,2.50750929421095,0.123269575010532,1.0123307106229,0.0501833603105719
-264.354834312498,-279.602334430375,5.51296292712161,9.04705932918039,13.9827530441284,2.50750929421095,0.123269575010532,1.0123307106229,0.0501833603105719
-264.368717518009,-279.75119198502,5.52684613263166,9.806779791855,14.4471390304565,2.50750929421095,0.123269575010532,1.0123307106229,0.0501833603105719
-264.401580574328,-279.902220807565,5.55970918895138,10.7381317145704,14.4471390304565,2.50750929421095,0.123269575010532,1.0123307106229,0.0501833603105719
-264.415360911363,-280.052488961907,5.57348952598585,11.1782035228453,14.4471390304565,2.50750929421095,0.123269575010532,1.0123307106229,0.0501833603105719
-264.433906115452,-280.202884000381,5.59203473007513,11.4984265816386,14.9612762985229,2.50750929421095,0.123269575010532,1.0123307106229,0.0501833603105719
-264.455833731532,-280.353629095386,5.61396234615541,12.1660793789083,14.9612762985229,2.50750929421095,0.123269575010532,1.0123307106229,0.0501833603105719
-264.470772624421,-280.50417300866,5.62890123904364,12.4370370498635,14.9612762985229,2.50750929421095,0.123269575010532,1.0123307106229,0.0501833603105719
-264.511435112996,-280.654003072656,5.66956372761884,12.4333634830119,14.9612762985229,2.50750929421095,0.123269575010532,1.0123307106229,0.0501833603105719
-264.533444777977,-280.801817415403,5.6915733925999,13.0070478498611,15.4526436386108,2.50750929421095,0.123269575010532,1.0123307106229,0.0501833603105719
-264.55655284841,-280.950635093583,5.71468146303278,13.5942613871211,15.4526436386108,2.50750929421095,0.123269575010532,1.0123307106229,0.0501833603105719
-264.58427762449,-281.097526042158,5.74240623911276,14.0367127853864,15.4526436386108,2.50750929421095,0.123269575010532,1.0123307106229,0.0501833603105719
-264.606849954313,-281.242309384951,5.76497856893615,14.437628468767,15.9896385726929,2.50750929421095,0.123269575010532,1.0123307106229,0.0501833603105719
-264.637488164178,-281.386503183105,5.79561677880075,15.8487035783322,15.9896385726929,2.50750929421095,0.123269575010532,1.0123307106229,0.0501833603105719
-264.670266222951,-281.529528756219,5.82839483757436,15.5250267523831,15.9896385726929,2.50750929421095,0.123269575010532,1.0123307106229,0.0501833603105719
-264.714657826366,-281.669277801949,5.87278644098899,15.6814324755938,16.457554107666,2.50750929421095,0.123269575010532,1.0123307106229,0.0501833603105719
-264.740306994041,-281.808375988444,5.8984356086641,17.161160047885,16.457554107666,2.50750929421095,0.123269575010532,1.0123307106229,0.0501833603105719
-264.77202008342,-281.943950315994,5.9301486980427,16.6152640691249,16.457554107666,2.50750929421095,0.123269575010532,1.0123307106229,0.0501833603105719
-264.803473562178,-282.078089791889,5.96160217680081,15.9349933093426,16.457554107666,2.50750929421095,0.123269575010532,1.0123307106229,0.0501833603105719
-264.849169013496,-282.209686676194,6.00729762811941,16.8768368434053,16.9254038391113,2.50750929421095,0.123269575010532,1.0123307106229,0.0501833603105719
-264.881275269129,-282.338087011574,6.03940388375163,17.0851717991232,16.9254038391113,2.50750929421095,0.123269575010532,1.0123307106229,0.0501833603105719
-264.901691848546,-282.464052972725,6.05982046316877,16.6521191993765,16.9254038391113,2.50750929421095,0.123269575010532,1.0123307106229,0.0501833603105719
-264.931861969467,-282.587082861579,6.08999058408988,16.7709844758877,17.3224489746094,2.50750929421095,0.123269575010532,1.0123307106229,0.0501833603105719
-264.979857751546,-282.707079472137,6.13798636616863,17.2729984081252,17.3224489746094,2.50750929421095,0.123269575010532,1.0123307106229,0.0501833603105719
-264.994720223147,-282.823617330016,6.15284883777045,16.8528595262141,17.3224489746094,2.50750929421095,0.123269575010532,1.0123307106229,0.0501833603105719
-265.042780603325,-282.938785874642,6.20090921794825,16.2422475870048,17.7438471374512,2.50750929421095,0.123269575010532,1.0123307106229,0.0501833603105719
-265.06946224011,-283.050885146829,6.22759085473307,17.207683308435,17.7438471374512,2.50750929421095,0.123269575010532,1.0123307106229,0.0501833603105719
-265.116126619749,-283.154841489889,6.27425523437175,15.2792673000645,17.7438471374512,2.50750929421095,0.123269575010532,1.0123307106229,0.0501833603105719
-265.133476489773,-283.256689368267,6.29160510439614,15.7209780463758,17.7438471374512,2.50750929421095,0.123269575010532,1.0123307106229,0.0501833603105719
-265.170039447713,-283.354890068327,6.32816806233616,15.2116572071602,18.0965235290527,2.50750929421095,0.123269575010532,1.0123307106229,0.0501833603105719
-265.205587179911,-283.449174012985,6.36371579453438,15.3604455548265,18.0965235290527,2.50750929421095,0.123269575010532,1.0123307106229,0.0501833603105719
-265.225501087218,-283.540664216822,6.38362970184064,14.2643207796383,18.0965235290527,2.50750929421095,0.123269575010532,1.0123307106229,0.0501833603105719
-265.24457179393,-283.627822006048,6.40270040855351,14.2791156753458,18.3766748962402,2.50750929421095,0.123269575010532,1.0123307106229,0.0501833603105719
-265.273436039674,-283.710559616746,6.43156465429701,14.0801031250712,18.3766748962402,2.50750929421095,0.123269575010532,1.0123307106229,0.0501833603105719
-265.294847416895,-283.788853325159,6.45297603151795,14.1340527629716,18.3766748962402,2.50750929421095,0.123269575010532,1.0123307106229,0.0501833603105719
-265.33019669653,-283.863221614819,6.48832531115312,13.4694275655719,18.6564676818848,2.50750929421095,0.123269575010532,1.0123307106229,0.0501833603105719
-265.351992316511,-283.933157297674,6.51012093113412,13.0432397544316,18.6564676818848,2.50750929421095,0.123269575010532,1.0123307106229,0.0501833603105719
-265.377319840032,-283.99895267553,6.53544845465487,12.811641591118,18.6564676818848,2.50750929421095,0.123269575010532,1.0123307106229,0.0501833603105719
-265.397309486191,-284.0603427319,6.55543810081383,11.8212094578573,18.6564676818848,2.50750929421095,0.123269575010532,1.0123307106229,0.0501833603105719
-265.421215568577,-284.117145981429,6.57934418319978,11.4192422103742,18.9138720092773,2.50750929421095,0.123269575010532,1.0123307106229,0.0501833603105719
-265.44687688046,-284.169448969383,6.60500549508264,11.8573998380701,18.9138720092773,2.50750929421095,0.123269575010532,1.0123307106229,0.0501833603105719
-265.462867425571,-284.21773252807,6.62099604019439,11.2298405728482,18.9138720092773,2.50750929421095,0.123269575010532,1.0123307106229,0.0501833603105719
-265.483770936602,-284.261271343281,6.64189955122546,11.1240810789151,19.1486742553711,2.50750929421095,0.123269575010532,1.0123307106229,0.0501833603105719
-265.503383570081,-284.3004449639,6.66151218470373,10.9401475247248,19.1486742553711,2.50750929421095,0.123269575010532,1.0123307106229,0.0501833603105719
-265.525693919886,-284.335254228912,6.68382253450933,11.3684185376274,19.1486742553711,2.50750929421095,0.123269575010532,1.0123307106229,0.0501833603105719
-265.554030786008,-284.365420933524,6.71215940063147,10.303416054359,19.2425730285645,2.50750929421095,0.123269575010532,1.0123307106229,0.0501833603105719
-265.566996241042,-284.391498266032,6.72512485566495,9.64162870946628,19.2425730285645,2.50750929421095,0.123269575010532,1.0123307106229,0.0501833603105719
-265.58360949869,-284.412979883667,6.74173811331263,9.5196549741034,19.2425730285645,2.50750929421095,0.123269575010532,1.0123307106229,0.0501833603105719
-265.604986308278,-284.430119953353,6.76311492290094,8.97585044542635,19.2425730285645,2.50750929421095,0.123269575010532,1.0123307106229,0.0501833603105719
-265.626584128786,-284.443116227461,6.78471274340892,8.55639813616988,19.3601152954102,2.50750929421095,0.123269575010532,1.0123307106229,0.0501833603105719
-265.650813635009,-284.451831937245,6.80894224963202,8.69966372917826,19.3601152954102,2.50750929421095,0.123269575010532,1.0123307106229,0.0501833603105719
-265.650768110769,-284.456320272337,6.80889672539231,8.26583797332245,19.3601152954102,2.50750929421095,0.123269575010532,1.0123307106229,0.0501833603105719
-265.664882662617,-284.456728229265,6.82301127724044,7.24195500578565,19.3824312744141,2.50750929421095,0.123269575010532,1.0123307106229,0.0501833603105719
-265.682313574978,-284.45308832911,6.84044218960111,6.94829970402528,19.3824312744141,2.50750929421095,0.123269575010532,1.0123307106229,0.0501833603105719
-265.698611810772,-284.445429288926,6.85674042539502,7.26498615848198,19.3824312744141,2.50750929421095,0.123269575010532,1.0123307106229,0.0501833603105719
-265.704769947453,-284.433859676461,6.86289856207561,6.66916070009818,19.2895319519043,2.50750929421095,0.123269575010532,1.0123307106229,0.0501833603105719
-265.716390336961,-284.418626930771,6.87451895158386,5.34814058272918,19.2895319519043,2.50750929421095,0.123269575010532,1.0123307106229,0.0501833603105719
-265.728206441706,-284.399654225876,6.8863350563288,5.09614865925327,19.2895319519043,2.50750929421095,0.123269575010532,1.0123307106229,0.0501833603105719
-265.738765281296,-284.376928546307,6.89689389591885,4.94440700079132,19.2895319519043,2.50750929421095,0.123269575010532,1.0123307106229,0.0501833603105719
-265.741014371393,-284.350922053521,6.89914298601585,4.45463079612464,19.0583612976074,2.50750929421095,0.123269575010532,1.0123307106229,0.0501833603105719
-265.748701965374,-284.321328606207,6.9068305799973,3.61251078771115,19.0583612976074,2.50750929421095,0.123269575010532,1.0123307106229,0.0501833603105719
-265.760298183176,-284.288492370789,6.91842679779919,2.84802612630616,19.0583612976074,2.50750929421095,0.123269575010532,1.0123307106229,0.0501833603105719
-265.765540512592,-284.252481717272,6.92366912721554,3.05656282007697,18.7329561767578,2.50750929421095,0.123269575010532,1.0123307106229,0.0501833603105719
-265.759730044752,-284.213022197297,6.91785865937516,2.36231401750452,18.7329561767578,2.50750929421095,0.123269575010532,1.0123307106229,0.0501833603105719
-265.760582836085,-284.170908299056,6.91871145070783,1.24119141423102,18.7329561767578,2.50750929421095,0.123269575010532,1.0123307106229,0.0501833603105719
-265.772441010343,-284.126320229499,6.9305696249658,-0.036849352193787,18.3842661437988,2.50750929421095,0.123269575010532,1.0123307106229,0.0501833603105719
-265.770868989184,-284.07859144884,6.92899760380739,-2.20311307097198,18.3842661437988,2.50750929421095,0.123269575010532,1.0123307106229,0.0501833603105719
-265.775556806526,-284.028422603145,6.93368542114947,-1.9292567709991,18.3842661437988,2.50750929421095,0.123269575010532,1.0123307106229,0.0501833603105719
-265.767875540176,-283.975366105383,6.92600415479877,-3.40970796386171,18.3842661437988,2.50750929421095,0.123269575010532,1.0123307106229,0.0501833603105719
-265.767857387071,-283.920131454436,6.92598600169453,-5.4797125663582,18.1503374633789,2.50750929421095,0.123269575010532,1.0123307106229,0.0501833603105719
-265.746553290055,-283.863748025086,6.90468190467769,-6.154056594356,18.1503374633789,2.50750929421095,0.123269575010532,1.0123307106229,0.0501833603105719
-265.750766285307,-283.804329744709,6.90889489993024,-6.70203006655852,18.1503374633789,2.50750929421095,0.123269575010532,1.0123307106229,0.0501833603105719
-265.732660752875,-283.742662273419,6.89078936749782,-6.98398729633426,17.9860346374512,2.50750929421095,0.123269575010532,1.0123307106229,0.0501833603105719
-265.718464921994,-283.680041340373,6.87659353661713,-7.2679144308589,17.9860346374512,2.50750929421095,0.123269575010532,1.0123307106229,0.0501833603105719
-265.697709260557,-283.614698001771,6.85583787518046,-7.27625154224728,17.9860346374512,2.50750929421095,0.123269575010532,1.0123307106229,0.0501833603105719
-265.679595775958,-283.548469733136,6.8377243905815,-6.98225792641627,17.8428232727051,2.50750929421095,0.123269575010532,1.0123307106229,0.0501833603105719
-265.673583442391,-283.478668801336,6.83171205701394,-6.59594871869289,17.8428232727051,2.50750929421095,0.123269575010532,1.0123307106229,0.0501833603105719
-265.648861852609,-283.41126941252,6.80699046723227,-6.52726260591943,17.8428232727051,2.50750929421095,0.123269575010532,1.0123307106229,0.0501833603105719
-265.646874048002,-283.341772083235,6.80500266262513,-6.80314013704826,17.8428232727051,2.50750929421095,0.123269575010532,1.0123307106229,0.0501833603105719
-265.62118343841,-283.270124450176,6.77931205303273,-7.28452012646255,17.7232592163086,2.50750929421095,0.123269575010532,1.0123307106229,0.0501833603105719
-265.602812467349,-283.198733272548,6.76094108197173,-7.30319369577466,17.7232592163086,2.50750929421095,0.123269575010532,1.0123307106229,0.0501833603105719
-265.592984700131,-283.12509215252,6.75111331475392,-6.94290751871526,17.7232592163086,2.50750929421095,0.123269575010532,1.0123307106229,0.0501833603105719
-265.570484154041,-283.051543998885,6.72861276866393,-6.94316696167171,17.6041414794922,2.50750929421095,0.123269575010532,1.0123307106229,0.0501833603105719
-265.560238611202,-282.977594004085,6.71836722582514,-7.08266535217495,17.6041414794922,2.50750929421095,0.123269575010532,1.0123307106229,0.0501833603105719
-265.552099986674,-282.902768385451,6.71022860129705,-6.78346603194485,17.6041414794922,2.50750929421095,0.123269575010532,1.0123307106229,0.0501833603105719
-265.546199482537,-282.827735036019,6.70432809716032,-6.17049605736567,17.3919375,2.50750929421095,0.123269575010532,1.0123307106229,0.0501833603105719
-265.544834953004,-282.752485184379,6.70296356762706,-6.02274996030661,17.3919375,2.50750929421095,0.123269575010532,1.0123307106229,0.0501833603105719
-265.525010796068,-282.67723842527,6.6831394106916,-5.9725658486602,17.3919375,2.50750929421095,0.123269575010532,1.0123307106229,0.0501833603105719
-265.526762860213,-282.60134759491,6.68489147483636,-4.81597702734885,17.3919375,2.50750929421095,0.123269575010532,1.0123307106229,0.0501833603105719
-265.516703026193,-282.526102850176,6.67483164081617,-4.45333860977315,17.1605341491699,2.50750929421095,0.123269575010532,1.0123307106229,0.0501833603105719
-265.505135439373,-282.45129636373,6.6632640539962,-4.19816113703404,17.1605341491699,2.50750929421095,0.123269575010532,1.0123307106229,0.0501833603105719
-265.50383138296,-282.376056466898,6.66195999758351,-3.72879045271089,17.1605341491699,2.50750929421095,0.123269575010532,1.0123307106229,0.0501833603105719
-265.493061337674,-282.301866030755,6.65118995229719,-4.06332639635016,16.9046328125,2.50750929421095,0.123269575010532,1.0123307106229,0.0501833603105719
-265.492698781034,-282.227510653266,6.6508273956572,-4.68694636791849,16.9046328125,2.50750929421095,0.123269575010532,1.0123307106229,0.0501833603105719
-265.479237524001,-282.153177331382,6.63736613862392,-4.98419615301104,16.9046328125,2.50750929421095,0.123269575010532,1.0123307106229,0.0501833603105719
-265.462060672705,-282.080604216228,6.62018928732805,-4.46045795041988,16.6479456481934,2.50750929421095,0.123269575010532,1.0123307106229,0.0501833603105719
-265.45735357217,-282.008219833458,6.61548218679314,-4.42455854919411,16.6479456481934,2.50750929421095,0.123269575010532,1.0123307106229,0.0501833603105719
-265.462939406493,-281.935783079114,6.62106802111612,-4.93443691189714,16.6479456481934,2.50750929421095,0.123269575010532,1.0123307106229,0.0501833603105719
-265.447045438771,-281.865082204248,6.60517405339411,-5.71947474014915,16.6479456481934,2.50750929421095,0.123269575010532,1.0123307106229,0.0501833603105719
-265.437913055867,-281.793898592295,6.59604167049033,-6.17707880427187,16.4379351196289,2.50750929421095,0.123269575010532,1.0123307106229,0.0501833603105719
-265.411949036055,-281.724364117089,6.57007765067813,-6.33953164828084,16.4379351196289,2.50750929421095,0.123269575010532,1.0123307106229,0.0501833603105719
-265.419940211953,-281.655333637277,6.57806882657647,-6.49623208156719,16.4379351196289,2.50750929421095,0.123269575010532,1.0123307106229,0.0501833603105719
-265.388886355482,-281.587341125075,6.54701497010524,-6.3863729623894,16.2034113464355,2.50750929421095,0.123269575010532,1.0123307106229,0.0501833603105719
-265.375036305577,-281.520420762356,6.53316492020001,-6.4501522028434,16.2034113464355,2.50750929421095,0.123269575010532,1.0123307106229,0.0501833603105719
-265.369811306817,-281.453862907913,6.52793992143991,-6.9092633719584,16.2034113464355,2.50750929421095,0.123269575010532,1.0123307106229,0.0501833603105719
-265.356164014385,-281.388617305717,6.51429262900766,-7.12363141337017,16.0640146789551,2.50750929421095,0.123269575010532,1.0123307106229,0.0501833603105719
-265.339560271366,-281.324341610474,6.49768888598923,-6.88903850643991,16.0640146789551,2.50750929421095,0.123269575010532,1.0123307106229,0.0501833603105719
-265.318354567076,-281.260632678508,6.47648318169913,-7.28579773318725,16.0640146789551,2.50750929421095,0.123269575010532,1.0123307106229,0.0501833603105719
-265.299205156593,-281.198164835398,6.4573337712166,-7.53673431993828,16.0640146789551,2.50750929421095,0.123269575010532,1.0123307106229,0.0501833603105719
-265.287099775304,-281.136787975356,6.44522838992695,-7.07876165203752,15.9238293228149,2.50750929421095,0.123269575010532,1.0123307106229,0.0501833603105719
-265.275050536513,-281.07636971471,6.4331791511365,-6.75790779993359,15.9238293228149,2.50750929421095,0.123269575010532,1.0123307106229,0.0501833603105719
-265.260845976217,-281.01601572423,6.4189745908404,-6.47498926032428,15.9238293228149,2.50750929421095,0.123269575010532,1.0123307106229,0.0501833603105719
-265.25597920205,-280.957187250717,6.41410781667318,-6.73783767227522,15.7822544631958,2.50750929421095,0.123269575010532,1.0123307106229,0.0501833603105719
-265.231233964512,-280.898939513414,6.38936257913508,-7.07608029765448,15.7822544631958,2.50750929421095,0.123269575010532,1.0123307106229,0.0501833603105719
-265.230559277586,-280.841595513143,6.3886878922087,-6.80506657968912,15.7822544631958,2.50750929421095,0.123269575010532,1.0123307106229,0.0501833603105719
-265.211884525772,-280.784993629019,6.37001314039548,-6.17704503144966,15.5728142318726,2.50750929421095,0.123269575010532,1.0123307106229,0.0501833603105719
-265.197634547865,-280.72943692751,6.35576316248804,-6.02115545840659,15.5728142318726,2.50750929421095,0.123269575010532,1.0123307106229,0.0501833603105719
-265.18249259037,-280.674706309463,6.3406212049934,-6.04632119590701,15.5728142318726,2.50750929421095,0.123269575010532,1.0123307106229,0.0501833603105719
-265.184061848556,-280.620389416258,6.34219046317913,-5.26725861325173,15.5728142318726,2.50750929421095,0.123269575010532,1.0123307106229,0.0501833603105719
-265.164032194269,-280.566819068473,6.32216080889203,-5.29731090108711,15.5035698471069,2.50750929421095,0.123269575010532,1.0123307106229,0.0501833603105719
-265.152545823198,-280.513509329812,6.31067443782069,-5.3228543065527,15.5035698471069,2.50750929421095,0.123269575010532,1.0123307106229,0.0501833603105719
-265.154607361481,-280.461278446668,6.31273597610404,-5.13758682839811,15.5035698471069,2.50750929421095,0.123269575010532,1.0123307106229,0.0501833603105719
-265.135786740031,-280.409347993798,6.29391535465362,-5.16232513139813,15.3873283920288,2.50750929421095,0.123269575010532,1.0123307106229,0.0501833603105719
-265.1186203301,-280.357655075398,6.27674894472319,-5.26261868416863,15.3873283920288,2.50750929421095,0.123269575010532,1.0123307106229,0.0501833603105719
-265.121582378757,-280.306407914654,6.27971099337976,-5.5084215631696,15.3873283920288,2.50750929421095,0.123269575010532,1.0123307106229,0.0501833603105719
-265.108142062579,-280.255606239566,6.2662706772022,-4.98536842355597,15.2459652481079,2.50750929421095,0.123269575010532,1.0123307106229,0.0501833603105719
-265.109797215218,-280.203000192391,6.26792582984109,-4.73508509877301,15.2459652481079,2.50750929421095,0.123269575010532,1.0123307106229,0.0501833603105719
-265.095598862629,-280.153599558728,6.25372747725245,-4.84949810758485,15.2459652481079,2.50750929421095,0.123269575010532,1.0123307106229,0.0501833603105719
-265.0856244093,-280.103870053751,6.24375302392299,-4.44586286746798,15.2459652481079,2.50750929421095,0.123269575010532,1.0123307106229,0.0501833603105719
-265.081405697658,-280.053651431717,6.23953431228086,-4.50438876253848,15.1061985549927,2.50750929421095,0.123269575010532,1.0123307106229,0.0501833603105719
-265.059486731337,-280.003589033615,6.21761534596055,-5.00504789976904,15.1061985549927,2.50750929421095,0.123269575010532,1.0123307106229,0.0501833603105719
-265.048687718789,-279.952833590667,6.20681633341169,-4.4314815255576,15.1061985549927,2.50750929421095,0.123269575010532,1.0123307106229,0.0501833603105719
-265.05533643038,-279.902714851368,6.21346504500303,-4.41983076547897,14.9656460342407,2.50750929421095,0.123269575010532,1.0123307106229,0.0501833603105719
-265.040955341786,-279.852198208263,6.19908395640956,-4.7339106192946,14.9656460342407,2.50750929421095,0.123269575010532,1.0123307106229,0.0501833603105719
-265.029541694359,-279.801055348534,6.18767030898215,-4.62256421316225,14.9656460342407,2.50750929421095,0.123269575010532,1.0123307106229,0.0501833603105719
-265.012356431029,-279.749843421876,6.17048504565221,-4.83267780020913,14.8475201187134,2.50750929421095,0.123269575010532,1.0123307106229,0.0501833603105719
-265.00303490906,-279.698674738114,6.16116352368318,-4.94621349753642,14.8475201187134,2.50750929421095,0.123269575010532,1.0123307106229,0.0501833603105719
-265.010135440905,-279.646437632491,6.16826405552806,-4.96304386105782,14.8475201187134,2.50750929421095,0.123269575010532,1.0123307106229,0.0501833603105719
-264.994389683419,-279.594108992232,6.15251829804209,-4.70851732905266,14.8475201187134,2.50750929421095,0.123269575010532,1.0123307106229,0.0501833603105719
-264.984581088382,-279.540554043023,6.14270970300546,-4.38924157129841,14.7082169113159,2.50750929421095,0.123269575010532,1.0123307106229,0.0501833603105719
-264.965126625783,-279.487569185354,6.12325524040563,-4.73763556853768,14.7082169113159,2.50750929421095,0.123269575010532,1.0123307106229,0.0501833603105719
-264.957682927757,-279.43312361754,6.11581154238028,-4.40256083245062,14.7082169113159,2.50750929421095,0.123269575010532,1.0123307106229,0.0501833603105719
-264.957080605447,-279.378083559658,6.1152092200702,-4.16178794520244,14.5447857437134,2.50750929421095,0.123269575010532,1.0123307106229,0.0501833603105719
-264.943870847338,-279.32267047238,6.10199946196111,-4.62414447034696,14.5447857437134,2.50750929421095,0.123269575010532,1.0123307106229,0.0501833603105719
-264.932396563318,-279.266189396106,6.09052517794123,-4.65110930309188,14.5447857437134,2.50750929421095,0.123269575010532,1.0123307106229,0.0501833603105719
-264.921626717975,-279.208749974985,6.0797553325983,-4.64825644765598,14.3805916366577,2.50750929421095,0.123269575010532,1.0123307106229,0.0501833603105719
-264.914335430624,-279.151003683793,6.07246404524758,-4.49055450634842,14.3805916366577,2.50750929421095,0.123269575010532,1.0123307106229,0.0501833603105719
-264.905098650717,-279.091623157628,6.06322726533981,-4.55533797830304,14.3805916366577,2.50750929421095,0.123269575010532,1.0123307106229,0.0501833603105719
-264.893717675316,-279.032309294219,6.05184628993899,-4.64952215058229,14.3805916366577,2.50750929421095,0.123269575010532,1.0123307106229,0.0501833603105719
-264.885184357499,-278.971365612448,6.04331297212196,-4.73892715057791,14.2414238510132,2.50750929421095,0.123269575010532,1.0123307106229,0.0501833603105719
-264.886400151338,-278.909817041857,6.04452876596068,-4.82369503060142,14.2414238510132,2.50750929421095,0.123269575010532,1.0123307106229,0.0501833603105719
-264.878146441235,-278.84720200007,6.03627505585824,-4.62803558740208,14.2414238510132,2.50750929421095,0.123269575010532,1.0123307106229,0.0501833603105719
-264.874233753511,-278.783889877395,6.03236236813387,-4.80200554515364,14.0310280380249,2.50750929421095,0.123269575010532,1.0123307106229,0.0501833603105719
-264.872838121201,-278.719024440135,6.03096673582409,-5.42680493956649,14.0310280380249,2.50750929421095,0.123269575010532,1.0123307106229,0.0501833603105719
-264.857020974535,-278.654222486975,6.01514958915855,-5.71519806780556,14.0310280380249,2.50750929421095,0.123269575010532,1.0123307106229,0.0501833603105719
-264.821131355484,-278.587905481108,5.9792599701074,-5.12526086071731,13.8898441848755,2.50750929421095,0.123269575010532,1.0123307106229,0.0501833603105719
-264.825821998064,-278.520675463107,5.98395061268742,-5.03745199292344,13.8898441848755,2.50750929421095,0.123269575010532,1.0123307106229,0.0501833603105719
-264.817728179398,-278.452494891169,5.9758567940213,-4.77192905441894,13.8898441848755,2.50750929421095,0.123269575010532,1.0123307106229,0.0501833603105719
-264.81673325647,-278.383683964226,5.9748618710927,-4.58827948433697,13.8898441848755,2.50750929421095,0.123269575010532,1.0123307106229,0.0501833603105719
-264.793495926048,-278.313771457843,5.95162454067133,-5.32961676718461,13.7023785171509,2.50750929421095,0.123269575010532,1.0123307106229,0.0501833603105719
-264.787711108532,-278.24350209128,5.94583972315515,-5.90587653067467,13.7023785171509,2.50750929421095,0.123269575010532,1.0123307106229,0.0501833603105719
-264.780645611956,-278.172128112378,5.93877422657879,-6.03233442145885,13.7023785171509,2.50750929421095,0.123269575010532,1.0123307106229,0.0501833603105719
-264.76691659569,-278.10034863672,5.9250452103129,-5.75216443335171,13.5612423477173,2.50750929421095,0.123269575010532,1.0123307106229,0.0501833603105719
-264.753823110832,-278.027579817103,5.91195172545522,-5.70075361229874,13.5612423477173,2.50750929421095,0.123269575010532,1.0123307106229,0.0501833603105719
-264.741847105835,-277.953861078623,5.89997572045858,-6.10444603533739,13.5612423477173,2.50750929421095,0.123269575010532,1.0123307106229,0.0501833603105719
-264.728436946924,-277.880464655171,5.88656556154704,-5.92793071187456,13.4431126174927,2.50750929421095,0.123269575010532,1.0123307106229,0.0501833603105719
-264.715398283743,-277.806488966791,5.87352689836573,-5.41291062172975,13.4431126174927,2.50750929421095,0.123269575010532,1.0123307106229,0.0501833603105719
-264.703930306919,-277.731726593035,5.86205892154173,-5.35133024509435,13.4431126174927,2.50750929421095,0.123269575010532,1.0123307106229,0.0501833603105719
-264.694882529571,-277.656812650991,5.85301114419423,-5.757674449221,13.4431126174927,2.50750929421095,0.123269575010532,1.0123307106229,0.0501833603105719
-264.691351288228,-277.581345664397,5.84947990285101,-5.8736480249897,13.232775932312,2.50750929421095,0.123269575010532,1.0123307106229,0.0501833603105719
-264.669330348767,-277.506254641803,5.82745896339021,-5.62731421224632,13.232775932312,2.50750929421095,0.123269575010532,1.0123307106229,0.0501833603105719
-264.671339687908,-277.430840324861,5.82946830253134,-5.58216568597734,13.232775932312,2.50750929421095,0.123269575010532,1.0123307106229,0.0501833603105719
-264.650899230601,-277.355933336793,5.80902784522452,-6.03604686148794,13.0475895462036,2.50750929421095,0.123269575010532,1.0123307106229,0.0501833603105719
-264.651141484842,-277.280500399405,5.80927009946552,-6.5734157177101,13.0475895462036,2.50750929421095,0.123269575010532,1.0123307106229,0.0501833603105719
-264.636259861435,-277.205238431141,5.79438847605834,-6.31337165402173,13.0475895462036,2.50750929421095,0.123269575010532,1.0123307106229,0.0501833603105719
-264.615374436408,-277.130672584474,5.77350305103153,-5.83467568267012,12.8834755477905,2.50750929421095,0.123269575010532,1.0123307106229,0.0501833603105719
-264.600495275116,-277.054032859473,5.75862388973891,-5.81994047242172,12.8834755477905,2.50750929421095,0.123269575010532,1.0123307106229,0.0501833603105719
-264.600021417361,-276.980975444687,5.75815003198427,-6.21609675757025,12.8834755477905,2.50750929421095,0.123269575010532,1.0123307106229,0.0501833603105719
-264.590083164741,-276.909634409923,5.74821177936408,-5.62630437985508,12.8834755477905,2.50750929421095,0.123269575010532,1.0123307106229,0.0501833603105719
-264.575587348579,-276.83737795536,5.73371596320199,-6.06129820876799,12.6277077255249,2.50750929421095,0.123269575010532,1.0123307106229,0.0501833603105719
-264.569723602693,-276.7665047976,5.72785221731609,-6.61984606302297,12.6277077255249,2.50750929421095,0.123269575010532,1.0123307106229,0.0501833603105719
-264.554824354059,-276.695888089187,5.71295296868196,-6.56041643051329,12.6277077255249,2.50750929421095,0.123269575010532,1.0123307106229,0.0501833603105719
-264.533319538852,-276.626940089449,5.69144815347505,-6.66831076396926,12.4400990066528,2.50750929421095,0.123269575010532,1.0123307106229,0.0501833603105719
-264.532666741961,-276.558929357402,5.69079535658445,-6.84043017012834,12.4400990066528,2.50750929421095,0.123269575010532,1.0123307106229,0.0501833603105719
-264.50884447156,-276.492593468956,5.6669730861828,-7.17320714313521,12.4400990066528,2.50750929421095,0.123269575010532,1.0123307106229,0.0501833603105719
-264.496913761034,-276.428091227027,5.65504237565723,-6.5411256106936,12.3221275863647,2.50750929421095,0.123269575010532,1.0123307106229,0.0501833603105719
-264.487279166173,-276.365285106916,5.64540778079586,-6.73288965520326,12.3221275863647,2.50750929421095,0.123269575010532,1.0123307106229,0.0501833603105719
-264.469049685508,-276.303833808572,5.62717830013137,-7.21269678538897,12.3221275863647,2.50750929421095,0.123269575010532,1.0123307106229,0.0501833603105719
-264.461120422998,-276.244376163697,5.61924903762123,-6.82985195542118,12.3221275863647,2.50750929421095,0.123269575010532,1.0123307106229,0.0501833603105719
-264.430467313666,-276.187092905846,5.58859592828909,-6.84223491252213,12.1113770065308,2.50750929421095,0.123269575010532,1.0123307106229,0.0501833603105719
-264.433819256814,-276.132225823657,5.59194787143719,-7.28300672468381,12.1113770065308,2.50750929421095,0.123269575010532,1.0123307106229,0.0501833603105719
-264.413095142666,-276.079452230244,5.57122375728952,-7.17694410139695,12.1113770065308,2.50750929421095,0.123269575010532,1.0123307106229,0.0501833603105719
-264.397829646025,-276.029025042899,5.55595826064814,-7.44221472396881,11.9257328567505,2.50750929421095,0.123269575010532,1.0123307106229,0.0501833603105719
-264.388650141168,-275.981543570241,5.54677875579085,-7.16956898217744,11.9257328567505,2.50750929421095,0.123269575010532,1.0123307106229,0.0501833603105719
-264.366342345601,-275.936339874063,5.52447096022379,-7.66048580265491,11.9257328567505,2.50750929421095,0.123269575010532,1.0123307106229,0.0501833603105719
-264.356180776104,-275.894252734076,5.51430939072722,-7.39301638379147,11.7842609939575,2.50750929421095,0.123269575010532,1.0123307106229,0.0501833603105719
-264.340977903663,-275.855079086187,5.49910651828572,-7.36364161408287,11.7842609939575,2.50750929421095,0.123269575010532,1.0123307106229,0.0501833603105719
-264.330317728265,-275.818994875044,5.48844634288836,-7.29183196879259,11.7842609939575,2.50750929421095,0.123269575010532,1.0123307106229,0.0501833603105719
-264.318475517795,-275.786114092577,5.4766041324183,-6.91162808703623,11.7842609939575,2.50750929421095,0.123269575010532,1.0123307106229,0.0501833603105719
-264.299276238551,-275.756448901236,5.45740485317392,-7.06104520073494,11.6437542495728,2.50750929421095,0.123269575010532,1.0123307106229,0.0501833603105719
-264.287409077256,-275.730243386413,5.4455376918795,-7.24740179135363,11.6437542495728,2.50750929421095,0.123269575010532,1.0123307106229,0.0501833603105719
-264.274487149938,-275.707367524818,5.43261576456128,-6.81500653956029,11.6437542495728,2.50750929421095,0.123269575010532,1.0123307106229,0.0501833603105719
-264.264018110049,-275.688466768909,5.42214672467217,-7.21459716939214,11.5025713500977,2.50750929421095,0.123269575010532,1.0123307106229,0.0501833603105719
-264.245877000855,-275.673070032539,5.40400561547777,-7.00829850563543,11.5025713500977,2.50750929421095,0.123269575010532,1.0123307106229,0.0501833603105719
-264.230827916981,-275.66151142378,5.38895653160443,-6.97548609420205,11.5025713500977,2.50750929421095,0.123269575010532,1.0123307106229,0.0501833603105719
-264.220997508207,-275.653805029845,5.37912612282981,-6.61755835847989,11.3866369781494,2.50750929421095,0.123269575010532,1.0123307106229,0.0501833603105719
-264.202566402918,-275.650079011499,5.3606950175415,-6.3204046554848,11.3866369781494,2.50750929421095,0.123269575010532,1.0123307106229,0.0501833603105719
-264.189337661575,-275.650394471921,5.34746627619848,-6.23457773269171,11.3866369781494,2.50750929421095,0.123269575010532,1.0123307106229,0.0501833603105719
-264.183805227138,-275.654842926305,5.34193384176118,-5.9205715322737,11.3866369781494,2.50750929421095,0.123269575010532,1.0123307106229,0.0501833603105719
-264.17660140606,-275.663574487979,5.33473002068302,-5.86937583114719,11.3641665039062,2.50750929421095,0.123269575010532,1.0123307106229,0.0501833603105719
-264.16124351163,-275.676336593196,5.31937212625283,-5.927346806544,11.3641665039062,2.50750929421095,0.123269575010532,1.0123307106229,0.0501833603105719
-264.142128096302,-275.693514475167,5.30025671092482,-5.80911148699989,11.3641665039062,2.50750929421095,0.123269575010532,1.0123307106229,0.0501833603105719
-264.137554314512,-275.714941472813,5.29568292913474,-5.82367892976167,11.3408348617554,2.50750929421095,0.123269575010532,1.0123307106229,0.0501833603105719
-264.129595858175,-275.740795802481,5.28772447279768,-5.47983711074566,11.3408348617554,2.50750929421095,0.123269575010532,1.0123307106229,0.0501833603105719
-264.115601508539,-275.771099373818,5.27373012316223,-5.13583791586784,11.3408348617554,2.50750929421095,0.123269575010532,1.0123307106229,0.0501833603105719
-264.123538035938,-275.805741047048,5.28166665056146,-4.69132961522416,11.3633797225952,2.50750929421095,0.123269575010532,1.0123307106229,0.0501833603105719
-264.103382601181,-275.844828929412,5.2615112158042,-4.46978644755576,11.3633797225952,2.50750929421095,0.123269575010532,1.0123307106229,0.0501833603105719
-264.08770303776,-275.888437057913,5.24583165238346,-4.4423854693749,11.3633797225952,2.50750929421095,0.123269575010532,1.0123307106229,0.0501833603105719
-264.08663247721,-275.936152766769,5.24476109183358,-3.84336327634258,11.5045635757446,2.50750929421095,0.123269575010532,1.0123307106229,0.0501833603105719
-264.07592063775,-275.988645495553,5.23404925237281,-3.49100847928022,11.5045635757446,2.50750929421095,0.123269575010532,1.0123307106229,0.0501833603105719
-264.067836621782,-276.04541862521,5.22596523640534,-3.07994007763715,11.5045635757446,2.50750929421095,0.123269575010532,1.0123307106229,0.0501833603105719
-264.055748887641,-276.106657526864,5.21387750226415,-2.65629733759601,11.5045635757446,2.50750929421095,0.123269575010532,1.0123307106229,0.0501833603105719
-264.057217913743,-276.172267619299,5.21534652836597,-2.7257905015727,11.6898224411011,2.50750929421095,0.123269575010532,1.0123307106229,0.0501833603105719
-264.057989410974,-276.242160349025,5.21611802559691,-2.13288580378902,11.6898224411011,2.50750929421095,0.123269575010532,1.0123307106229,0.0501833603105719
-264.050719023821,-276.315954296256,5.20884763844426,-1.1025733946758,11.6898224411011,2.50750929421095,0.123269575010532,1.0123307106229,0.0501833603105719
-264.037796640449,-276.394802622257,5.19592525507245,-0.327796554058741,11.8742935714722,2.50750929421095,0.123269575010532,1.0123307106229,0.0501833603105719
-264.033135128414,-276.478458007435,5.19126374303752,0.552805133336063,11.8742935714722,2.50750929421095,0.123269575010532,1.0123307106229,0.0501833603105719
-264.048473310861,-276.565655432608,5.20660192548383,1.27727766525146,11.8742935714722,2.50750929421095,0.123269575010532,1.0123307106229,0.0501833603105719
-264.036744693293,-276.655263853892,5.19487330791596,0.967529311035119,11.8742935714722,2.50750929421095,0.123269575010532,1.0123307106229,0.0501833603105719
-264.054213640542,-276.749922714141,5.21234225516537,2.63068492246584,12.1535999832153,2.50750929421095,0.123269575010532,1.0123307106229,0.0501833603105719
-264.061740657777,-276.849005910557,5.21986927240042,4.50646657029639,12.1535999832153,2.50750929421095,0.123269575010532,1.0123307106229,0.0501833603105719
-264.062133477281,-276.95138637533,5.22026209190379,5.59440878488091,12.1535999832153,2.50750929421095,0.123269575010532,1.0123307106229,0.0501833603105719
-264.076899895445,-277.057487125059,5.23502851006769,6.02282990035813,12.411767250061,2.50750929421095,0.123269575010532,1.0123307106229,0.0501833603105719
-264.091763550865,-277.167883258434,5.24989216548788,7.13424483107335,12.411767250061,2.50750929421095,0.123269575010532,1.0123307106229,0.0501833603105719
-264.111210507135,-277.281361780477,5.26933912175759,7.66929324915756,12.411767250061,2.50750929421095,0.123269575010532,1.0123307106229,0.0501833603105719
-264.107289264001,-277.397256147896,5.26541787862378,7.4096891514017,12.623852973938,2.50750929421095,0.123269575010532,1.0123307106229,0.0501833603105719
-264.126827607435,-277.517491610612,5.28495622205777,6.89046348828673,12.623852973938,2.50750929421095,0.123269575010532,1.0123307106229,0.0501833603105719
-264.136279287129,-277.640066122471,5.29440790175256,6.36107668512779,12.623852973938,2.50750929421095,0.123269575010532,1.0123307106229,0.0501833603105719
-264.158355785584,-277.766137589643,5.31648440020754,6.49683893448818,12.623852973938,2.50750929421095,0.123269575010532,1.0123307106229,0.0501833603105719
-264.17566990441,-277.895336206635,5.33379851903343,7.18638151159547,12.8369324264526,2.50750929421095,0.123269575010532,1.0123307106229,0.0501833603105719
-264.19165344508,-278.026107460981,5.34978205970266,7.70078251754978,12.8369324264526,2.50750929421095,0.123269575010532,1.0123307106229,0.0501833603105719
-264.198225404417,-278.160489601062,5.35635401903961,8.01375822447804,12.8369324264526,2.50750929421095,0.123269575010532,1.0123307106229,0.0501833603105719
-264.223676749076,-278.296467079882,5.38180536369898,8.28478656096317,13.1432316360474,2.50750929421095,0.123269575010532,1.0123307106229,0.0501833603105719
-264.23711439116,-278.43475414739,5.39524300578315,8.58128078317229,13.1432316360474,2.50750929421095,0.123269575010532,1.0123307106229,0.0501833603105719
-264.248891206117,-278.57557786652,5.40701982073977,8.82433242384911,13.1432316360474,2.50750929421095,0.123269575010532,1.0123307106229,0.0501833603105719
-264.256062926652,-278.717558577432,5.41419154127554,9.11412119886627,13.5148270187378,2.50750929421095,0.123269575010532,1.0123307106229,0.0501833603105719
-264.287762082413,-278.861894888006,5.44589069703655,8.86883904142532,13.5148270187378,2.50750929421095,0.123269575010532,1.0123307106229,0.0501833603105719
-264.302502038625,-279.007210932343,5.46063065324853,9.15770594991124,13.5148270187378,2.50750929421095,0.123269575010532,1.0123307106229,0.0501833603105719
-264.311077367641,-279.153013166424,5.46920598226419,8.57851215929913,13.5148270187378,2.50750929421095,0.123269575010532,1.0123307106229,0.0501833603105719
-264.324077354578,-279.301826374012,5.48220596920107,9.1504169886804,13.9592316207886,2.50750929421095,0.123269575010532,1.0123307106229,0.0501833603105719
-264.337937502936,-279.450690491443,5.49606611755893,9.36949513084855,13.9592316207886,2.50750929421095,0.123269575010532,1.0123307106229,0.0501833603105719
-264.35625849601,-279.600618515117,5.5143871106334,9.48681211742037,13.9592316207886,2.50750929421095,0.123269575010532,1.0123307106229,0.0501833603105719
-264.378912902565,-279.750582344768,5.53704151718803,10.0732346103845,14.4255116043091,2.50750929421095,0.123269575010532,1.0123307106229,0.0501833603105719
-264.388101856288,-279.901412388754,5.54623047091091,10.6865850232519,14.4255116043091,2.50750929421095,0.123269575010532,1.0123307106229,0.0501833603105719
-264.404376623644,-280.052111458835,5.56250523826718,10.9372769354994,14.4255116043091,2.50750929421095,0.123269575010532,1.0123307106229,0.0501833603105719
-264.439317784764,-280.203800220789,5.59744639938731,11.1454153745553,14.9390156326294,2.50750929421095,0.123269575010532,1.0123307106229,0.0501833603105719
-264.451601758157,-280.353198743184,5.60973037278051,11.9098080334812,14.9390156326294,2.50750929421095,0.123269575010532,1.0123307106229,0.0501833603105719
-264.476670131095,-280.503887013587,5.63479874571798,12.1599716543876,14.9390156326294,2.50750929421095,0.123269575010532,1.0123307106229,0.0501833603105719
-264.495662050633,-280.65364716158,5.6537906652559,12.2221887790711,15.4052288589478,2.50750929421095,0.123269575010532,1.0123307106229,0.0501833603105719
-264.523368921054,-280.802259781036,5.68149753567693,12.5512672455746,15.4052288589478,2.50750929421095,0.123269575010532,1.0123307106229,0.0501833603105719
-264.55220019168,-280.949809261563,5.7103288063034,13.5842579429328,15.4052288589478,2.50750929421095,0.123269575010532,1.0123307106229,0.0501833603105719
-264.576133074067,-281.097247241719,5.7342616886899,14.119301939136,15.4052288589478,2.50750929421095,0.123269575010532,1.0123307106229,0.0501833603105719
-264.610570134032,-281.242361160428,5.76869874865549,14.2912415681687,15.9192841110229,2.50750929421095,0.123269575010532,1.0123307106229,0.0501833603105719
-264.63954784515,-281.386827504895,5.79767645977325,15.3391408899968,15.9192841110229,2.50750929421095,0.123269575010532,1.0123307106229,0.0501833603105719
-264.684109814947,-281.529073547571,5.84223842956982,14.9993893679958,15.9192841110229,2.50750929421095,0.123269575010532,1.0123307106229,0.0501833603105719
-264.704608533412,-281.67000950709,5.86273714803548,15.7279709222569,16.4093172607422,2.50750929421095,0.123269575010532,1.0123307106229,0.0501833603105719
-264.733466838021,-281.808048405071,5.89159545264367,16.820529361646,16.4093172607422,2.50750929421095,0.123269575010532,1.0123307106229,0.0501833603105719
-264.758255211965,-281.944932981227,5.91638382658771,16.8908636654337,16.4093172607422,2.50750929421095,0.123269575010532,1.0123307106229,0.0501833603105719
-264.804403165585,-282.07820053607,5.96253178020834,15.9134164343251,16.9002192077637,2.50750929421095,0.123269575010532,1.0123307106229,0.0501833603105719
-264.841240974879,-282.209267824086,5.99936958950209,17.1500086081011,16.9002192077637,2.50750929421095,0.123269575010532,1.0123307106229,0.0501833603105719
-264.866184576307,-282.33757060956,6.02431319092978,17.1214414334927,16.9002192077637,2.50750929421095,0.123269575010532,1.0123307106229,0.0501833603105719
-264.903401197377,-282.463978750566,6.06152981199987,16.4292792570982,16.9002192077637,2.50750929421095,0.123269575010532,1.0123307106229,0.0501833603105719
-264.937919150318,-282.586909048465,6.09604776494077,16.1432866694782,17.3463785705566,2.50750929421095,0.123269575010532,1.0123307106229,0.0501833603105719
-264.978870305682,-282.706684440054,6.13699892030528,17.6666547072824,17.3463785705566,2.50750929421095,0.123269575010532,1.0123307106229,0.0501833603105719
-265.006934712197,-282.824261950798,6.16506332682049,16.5717560778072,17.3463785705566,2.50750929421095,0.123269575010532,1.0123307106229,0.0501833603105719
-265.031537999349,-282.936803142115,6.18966661397247,16.2050399205778,17.6747705993652,2.50750929421095,0.123269575010532,1.0123307106229,0.0501833603105719
-265.078615931152,-283.047884221796,6.23674454577466,17.5670498047894,17.6747705993652,2.50750929421095,0.123269575010532,1.0123307106229,0.0501833603105719
-265.106321309834,-283.156272744117,6.26444992445702,16.0880253651482,17.6747705993652,2.50750929421095,0.123269575010532,1.0123307106229,0.0501833603105719
-265.130267546492,-283.255980948568,6.28839616111476,15.659748587319,17.6747705993652,2.50750929421095,0.123269575010532,1.0123307106229,0.0501833603105719
-265.161071823191,-283.354312477669,6.3192004378142,15.4985779107068,18.0258600769043,2.50750929421095,0.123269575010532,1.0123307106229,0.0501833603105719
-265.197136837048,-283.449916585355,6.35526545167092,15.3369100606519,18.0258600769043,2.50750929421095,0.123269575010532,1.0123307106229,0.0501833603105719
-265.227262383064,-283.540452130241,6.38539099768748,14.3987978578712,18.0258600769043,2.50750929421095,0.123269575010532,1.0123307106229,0.0501833603105719
-265.249798758397,-283.627316203681,6.40792737301993,13.9786852013472,18.3758509216309,2.50750929421095,0.123269575010532,1.0123307106229,0.0501833603105719
-265.282177180073,-283.710415328169,6.44030579469573,13.9277968176502,18.3758509216309,2.50750929421095,0.123269575010532,1.0123307106229,0.0501833603105719
-265.297398197939,-283.788816855316,6.45552681256173,13.1308102512112,18.3758509216309,2.50750929421095,0.123269575010532,1.0123307106229,0.0501833603105719
-265.335081087284,-283.86316136165,6.49320970190709,13.2132075777316,18.6345331726074,2.50750929421095,0.123269575010532,1.0123307106229,0.0501833603105719
-265.343931987055,-283.933400054593,6.50206060167852,13.2947629727703,18.6345331726074,2.50750929421095,0.123269575010532,1.0123307106229,0.0501833603105719
-265.372345689589,-283.999058677908,6.530474304212,13.5445148315869,18.6345331726074,2.50750929421095,0.123269575010532,1.0123307106229,0.0501833603105719
-265.401133174567,-284.06023701132,6.55926178918964,12.1570135887084,18.6345331726074,2.50750929421095,0.123269575010532,1.0123307106229,0.0501833603105719
-265.434111995809,-284.117530660529,6.5922406104319,11.7162168994428,18.8460238037109,2.50750929421095,0.123269575010532,1.0123307106229,0.0501833603105719
-265.44077194929,-284.169550876456,6.59890056391316,11.9941811458049,18.8460238037109,2.50750929421095,0.123269575010532,1.0123307106229,0.0501833603105719
-265.453637725237,-284.217650580301,6.61176633985994,11.1934174805327,18.8460238037109,2.50750929421095,0.123269575010532,1.0123307106229,0.0501833603105719
-265.488776077438,-284.261926928581,6.64690469206092,10.660389266682,19.0551073608398,2.50750929421095,0.123269575010532,1.0123307106229,0.0501833603105719
-265.502957417471,-284.300788270486,6.66108603209387,10.6009571424523,19.0551073608398,2.50750929421095,0.123269575010532,1.0123307106229,0.0501833603105719
-265.521618289429,-284.335343327361,6.67974690405204,10.4300729838479,19.0551073608398,2.50750929421095,0.123269575010532,1.0123307106229,0.0501833603105719
-265.549718639069,-284.365521449003,6.70784725369222,10.3221049121741,19.1950724182129,2.50750929421095,0.123269575010532,1.0123307106229,0.0501833603105719
-265.572948475165,-284.391574537236,6.73107708978787,9.73442679716255,19.1950724182129,2.50750929421095,0.123269575010532,1.0123307106229,0.0501833603105719
-265.580024551689,-284.413014506634,6.73815316631243,9.7595375862202,19.1950724182129,2.50750929421095,0.123269575010532,1.0123307106229,0.0501833603105719
-265.611486377245,-284.430163078573,6.76961499186851,9.25383676201713,19.3131067810059,2.50750929421095,0.123269575010532,1.0123307106229,0.0501833603105719
-265.611373421923,-284.443098196964,6.76950203654647,8.5570276029575,19.3131067810059,2.50750929421095,0.123269575010532,1.0123307106229,0.0501833603105719
-265.626507578507,-284.451782402194,6.78463619312997,8.65216957374082,19.3131067810059,2.50750929421095,0.123269575010532,1.0123307106229,0.0501833603105719
-265.655901723119,-284.456321444071,6.81403033774164,8.34615055436126,19.3131067810059,2.50750929421095,0.123269575010532,1.0123307106229,0.0501833603105719
-265.666884572658,-284.456726474661,6.82501318728074,7.61624482203463,19.3371622619629,2.50750929421095,0.123269575010532,1.0123307106229,0.0501833603105719
-265.676773391551,-284.453112488629,6.8349020061737,6.84568386385414,19.3371622619629,2.50750929421095,0.123269575010532,1.0123307106229,0.0501833603105719
-265.700193571945,-284.445446426703,6.85832218656829,6.9738699340351,19.3371622619629,2.50750929421095,0.123269575010532,1.0123307106229,0.0501833603105719
-265.698175708862,-284.433965366736,6.85630432348466,6.33405123720114,19.2906076965332,2.50750929421095,0.123269575010532,1.0123307106229,0.0501833603105719
-265.70292037157,-284.418772237203,6.86104898619338,5.60896478225905,19.2906076965332,2.50750929421095,0.123269575010532,1.0123307106229,0.0501833603105719
-265.726645526489,-284.399800707491,6.88477414111177,5.56000829754593,19.2906076965332,2.50750929421095,0.123269575010532,1.0123307106229,0.0501833603105719
-265.742210615369,-284.377076948728,6.9003392299925,4.8835596785791,19.0803225097656,2.50750929421095,0.123269575010532,1.0123307106229,0.0501833603105719
-265.744456820916,-284.350961912848,6.90258543553895,4.25498126007086,19.0803225097656,2.50750929421095,0.123269575010532,1.0123307106229,0.0501833603105719
-265.740465192115,-284.321384443581,6.89859380673835,3.63008742990768,19.0803225097656,2.50750929421095,0.123269575010532,1.0123307106229,0.0501833603105719
-265.757630190603,-284.288484150936,6.91575880522588,3.07432865989688,19.0803225097656,2.50750929421095,0.123269575010532,1.0123307106229,0.0501833603105719
-265.76527330194,-284.252248526904,6.92340191656338,3.01765919572558,18.8027727661133,2.50750929421095,0.123269575010532,1.0123307106229,0.0501833603105719
-265.767759967698,-284.213283826687,6.92588858232135,2.7151237240243,18.8027727661133,2.50750929421095,0.123269575010532,1.0123307106229,0.0501833603105719
-265.77168444185,-284.171276811107,6.92981305647361,1.36596759398427,18.8027727661133,2.50750929421095,0.123269575010532,1.0123307106229,0.0501833603105719
-265.770812397443,-284.125961330334,6.92894101206559,0.0439635636265962,18.4535677490234,2.50750929421095,0.123269575010532,1.0123307106229,0.0501833603105719
-265.771857328678,-284.078714021304,6.92998594330069,-1.30880136506714,18.4535677490234,2.50750929421095,0.123269575010532,1.0123307106229,0.0501833603105719
-265.785095357787,-284.028508532735,6.9432239724101,-1.67071276598435,18.4535677490234,2.50750929421095,0.123269575010532,1.0123307106229,0.0501833603105719
-265.769494851413,-283.975526745407,6.92762346603637,-1.84226084145937,18.1498720703125,2.50750929421095,0.123269575010532,1.0123307106229,0.0501833603105719
-265.757744702689,-283.920640373848,6.91587331731197,-4.70562604187899,18.1498720703125,2.50750929421095,0.123269575010532,1.0123307106229,0.0501833603105719
-265.766461584811,-283.863317139898,6.92459019943387,-5.81228172627887,18.1498720703125,2.50750929421095,0.123269575010532,1.0123307106229,0.0501833603105719
-265.750096799306,-283.803711386668,6.90822541392916,-6.50503119598134,18.1498720703125,2.50750929421095,0.123269575010532,1.0123307106229,0.0501833603105719
-265.746102405756,-283.742462070776,6.9042310203789,-6.80239071372882,17.9860346374512,2.50750929421095,0.123269575010532,1.0123307106229,0.0501833603105719
-265.733211085806,-283.679614497602,6.89133970042871,-7.06545419593665,17.9860346374512,2.50750929421095,0.123269575010532,1.0123307106229,0.0501833603105719
-265.718221890237,-283.614830872941,6.87635050485969,-7.71025783436462,17.9860346374512,2.50750929421095,0.123269575010532,1.0123307106229,0.0501833603105719
-265.687038580118,-283.548757476111,6.84516719474065,-7.47312713160706,17.8900454101563,2.50750929421095,0.123269575010532,1.0123307106229,0.0501833603105719
-265.688333410636,-283.480316710658,6.8464620252589,-6.58325711996558,17.8900454101563,2.50750929421095,0.123269575010532,1.0123307106229,0.0501833603105719
-265.663717883571,-283.409467325156,6.82184649819428,-6.39091233860933,17.8900454101563,2.50750929421095,0.123269575010532,1.0123307106229,0.0501833603105719
-265.657960548995,-283.341164862861,6.81608916361837,-6.23792863895406,17.7704012451172,2.50750929421095,0.123269575010532,1.0123307106229,0.0501833603105719
-265.630258657204,-283.270192854547,6.78838727182751,-7.06114728367743,17.7704012451172,2.50750929421095,0.123269575010532,1.0123307106229,0.0501833603105719
-265.618350272245,-283.198118965438,6.77647888686789,-7.28360962573858,17.7704012451172,2.50750929421095,0.123269575010532,1.0123307106229,0.0501833603105719
-265.606335833806,-283.124926078586,6.76446444842871,-6.91462582972498,17.7704012451172,2.50750929421095,0.123269575010532,1.0123307106229,0.0501833603105719
-265.587739974562,-283.051834873325,6.74586858918536,-7.03053341734298,17.6277849731445,2.50750929421095,0.123269575010532,1.0123307106229,0.0501833603105719
-265.57503108419,-282.977345511429,6.73315969881277,-6.95025855801604,17.6277849731445,2.50750929421095,0.123269575010532,1.0123307106229,0.0501833603105719
-265.55952489963,-282.902447196293,6.71765351425313,-6.40921154366753,17.6277849731445,2.50750929421095,0.123269575010532,1.0123307106229,0.0501833603105719
-265.55164795161,-282.827788772175,6.70977656623267,-6.10915010192899,17.4864885864258,2.50750929421095,0.123269575010532,1.0123307106229,0.0501833603105719
-265.543934385377,-282.752592917527,6.70206300000026,-6.25203430966308,17.4864885864258,2.50750929421095,0.123269575010532,1.0123307106229,0.0501833603105719
-265.543389176422,-282.677301337772,6.7015177910455,-6.20312455130544,17.4864885864258,2.50750929421095,0.123269575010532,1.0123307106229,0.0501833603105719
-265.546640734724,-282.601904709031,6.70476934934744,-5.48501057555177,17.2302897033691,2.50750929421095,0.123269575010532,1.0123307106229,0.0501833603105719
-265.512112457984,-282.526730954416,6.67024107260711,-4.9528119319359,17.2302897033691,2.50750929421095,0.123269575010532,1.0123307106229,0.0501833603105719
-265.512055788359,-282.451708050269,6.67018440298206,-4.42151657102222,17.2302897033691,2.50750929421095,0.123269575010532,1.0123307106229,0.0501833603105719
-265.506833460031,-282.376439868014,6.66496207465445,-3.81180296392299,17.2302897033691,2.50750929421095,0.123269575010532,1.0123307106229,0.0501833603105719
-265.515184259771,-282.302043507075,6.67331287439382,-3.66168445408747,16.949726348877,2.50750929421095,0.123269575010532,1.0123307106229,0.0501833603105719
-265.494584177229,-282.22784589977,6.65271279185164,-4.026747497119,16.949726348877,2.50750929421095,0.123269575010532,1.0123307106229,0.0501833603105719
-265.507742044448,-282.153247426529,6.66587065907076,-4.59402530023985,16.949726348877,2.50750929421095,0.123269575010532,1.0123307106229,0.0501833603105719
-265.482045185913,-282.08070855662,6.64017380053622,-4.90887657166252,16.6464197692871,2.50750929421095,0.123269575010532,1.0123307106229,0.0501833603105719
-265.471528947809,-282.008107764652,6.62965756243245,-4.75148636960778,16.6464197692871,2.50750929421095,0.123269575010532,1.0123307106229,0.0501833603105719
-265.454926858003,-281.935979484909,6.61305547262614,-4.86477834801717,16.6464197692871,2.50750929421095,0.123269575010532,1.0123307106229,0.0501833603105719
-265.445896419713,-281.864558127069,6.60402503433621,-5.46023252636208,16.4127886352539,2.50750929421095,0.123269575010532,1.0123307106229,0.0501833603105719
-265.436333098362,-281.794617623666,6.59446171298472,-5.97188323186921,16.4127886352539,2.50750929421095,0.123269575010532,1.0123307106229,0.0501833603105719
-265.432631814051,-281.724620308198,6.59076042867396,-6.49397602264961,16.4127886352539,2.50750929421095,0.123269575010532,1.0123307106229,0.0501833603105719
-265.417345771222,-281.655382617607,6.57547438584483,-6.52319567533309,16.4127886352539,2.50750929421095,0.123269575010532,1.0123307106229,0.0501833603105719
-265.401607256203,-281.587566798991,6.55973587082587,-6.93811475385306,16.2252047119141,2.50750929421095,0.123269575010532,1.0123307106229,0.0501833603105719
-265.383045005641,-281.520301461497,6.54117362026441,-6.76947673215925,16.2252047119141,2.50750929421095,0.123269575010532,1.0123307106229,0.0501833603105719
-265.372672172296,-281.453831530311,6.53080078691865,-6.90411657121014,16.2252047119141,2.50750929421095,0.123269575010532,1.0123307106229,0.0501833603105719
-265.351028324762,-281.38876426478,6.5091569393852,-6.71446904669258,16.109581237793,2.50750929421095,0.123269575010532,1.0123307106229,0.0501833603105719
-265.348432546512,-281.324135769012,6.50656116113541,-6.82494058858092,16.109581237793,2.50750929421095,0.123269575010532,1.0123307106229,0.0501833603105719
-265.326318396921,-281.260715316038,6.48444701154433,-7.31136678859105,16.109581237793,2.50750929421095,0.123269575010532,1.0123307106229,0.0501833603105719
-265.318098250272,-281.19852753975,6.4762268648953,-7.4126702821825,15.9446346817017,2.50750929421095,0.123269575010532,1.0123307106229,0.0501833603105719
-265.307447993886,-281.136605669531,6.46557660850899,-7.26609099869823,15.9446346817017,2.50750929421095,0.123269575010532,1.0123307106229,0.0501833603105719
-265.278636988192,-281.075988952462,6.4367656028147,-7.37392977163999,15.9446346817017,2.50750929421095,0.123269575010532,1.0123307106229,0.0501833603105719
-265.268317797554,-281.016305899711,6.42644641217677,-7.18188756237504,15.9446346817017,2.50750929421095,0.123269575010532,1.0123307106229,0.0501833603105719
-265.26151894925,-280.957375540721,6.41964756387264,-6.98919762603904,15.8047268447876,2.50750929421095,0.123269575010532,1.0123307106229,0.0501833603105719
-265.245611179182,-280.899262531427,6.40373979380532,-6.86193624248348,15.8047268447876,2.50750929421095,0.123269575010532,1.0123307106229,0.0501833603105719
-265.233613519086,-280.842090119807,6.39174213370874,-6.24914708716795,15.8047268447876,2.50750929421095,0.123269575010532,1.0123307106229,0.0501833603105719
-265.216294517695,-280.785427949649,6.37442313231795,-6.36845595695777,15.689770942688,2.50750929421095,0.123269575010532,1.0123307106229,0.0501833603105719
-265.202923300275,-280.729542414906,6.36105191489778,-6.23881147403665,15.689770942688,2.50750929421095,0.123269575010532,1.0123307106229,0.0501833603105719
-265.191718926838,-280.674738855782,6.34984754146101,-6.30363660319614,15.689770942688,2.50750929421095,0.123269575010532,1.0123307106229,0.0501833603105719
-265.184794691328,-280.620337973184,6.34292330595121,-5.61258782079019,15.5496838150024,2.50750929421095,0.123269575010532,1.0123307106229,0.0501833603105719
-265.173807915285,-280.566952574679,6.33193652990788,-5.68545614241716,15.5496838150024,2.50750929421095,0.123269575010532,1.0123307106229,0.0501833603105719
-265.151804548374,-280.513855280338,6.30993316299711,-5.64517781749545,15.5496838150024,2.50750929421095,0.123269575010532,1.0123307106229,0.0501833603105719
-265.150259383752,-280.461446635952,6.30838799837541,-5.25620031553431,15.5496838150024,2.50750929421095,0.123269575010532,1.0123307106229,0.0501833603105719
-265.142989947233,-280.409162754166,6.30111856185644,-4.86532737619033,15.387051826477,2.50750929421095,0.123269575010532,1.0123307106229,0.0501833603105719
-265.129378880539,-280.3578633937,6.28750749516221,-4.86753302227721,15.387051826477,2.50750929421095,0.123269575010532,1.0123307106229,0.0501833603105719
-265.117996211002,-280.306389656251,6.27612482562556,-4.88538810977029,15.387051826477,2.50750929421095,0.123269575010532,1.0123307106229,0.0501833603105719
-265.112782710003,-280.255539661191,6.27091132462632,-4.82878243975766,15.2001717147827,2.50750929421095,0.123269575010532,1.0123307106229,0.0501833603105719
-265.101659391384,-280.205024881681,6.25978800600729,-5.04268093581948,15.2001717147827,2.50750929421095,0.123269575010532,1.0123307106229,0.0501833603105719
-265.097887217761,-280.152530321581,6.2560158323845,-5.06908970599518,15.2001717147827,2.50750929421095,0.123269575010532,1.0123307106229,0.0501833603105719
-265.085630399684,-280.103546275006,6.24375901430729,-4.65490022281839,15.0834171829224,2.50750929421095,0.123269575010532,1.0123307106229,0.0501833603105719
-265.082230859838,-280.053717344956,6.24035947446067,-4.79990973495359,15.0834171829224,2.50750929421095,0.123269575010532,1.0123307106229,0.0501833603105719
-265.072810476895,-280.003619012727,6.23093909151806,-5.44129712865366,15.0834171829224,2.50750929421095,0.123269575010532,1.0123307106229,0.0501833603105719
-265.073043373025,-279.953073877692,6.231171987648,-4.93111352650232,15.0834171829224,2.50750929421095,0.123269575010532,1.0123307106229,0.0501833603105719
-265.050027627814,-279.902859471763,6.20815624243715,-4.82021679727695,14.9677422103882,2.50750929421095,0.123269575010532,1.0123307106229,0.0501833603105719
-265.036141845523,-279.852276883871,6.19427046014592,-4.94261173853564,14.9677422103882,2.50750929421095,0.123269575010532,1.0123307106229,0.0501833603105719
-265.025651770441,-279.801037091593,6.18378038506412,-4.44291665867352,14.9677422103882,2.50750929421095,0.123269575010532,1.0123307106229,0.0501833603105719
-265.023271373521,-279.749782158642,6.18139998814376,-4.61542041599371,14.8493073043823,2.50750929421095,0.123269575010532,1.0123307106229,0.0501833603105719
-265.00997608711,-279.698310490089,6.16810470173301,-4.57290219190303,14.8493073043823,2.50750929421095,0.123269575010532,1.0123307106229,0.0501833603105719
-265.002345090369,-279.646269471267,6.1604737049919,-5.10682431367762,14.8493073043823,2.50750929421095,0.123269575010532,1.0123307106229,0.0501833603105719
-264.980803983016,-279.593775676396,6.13893259763892,-5.2963922936657,14.6852066574097,2.50750929421095,0.123269575010532,1.0123307106229,0.0501833603105719
-264.980053462839,-279.540687529016,6.1381820774622,-4.86704491665999,14.6852066574097,2.50750929421095,0.123269575010532,1.0123307106229,0.0501833603105719
-264.969534981339,-279.487138438482,6.12766359596251,-4.98926392199111,14.6852066574097,2.50750929421095,0.123269575010532,1.0123307106229,0.0501833603105719
-264.96379921392,-279.433130125203,6.12192782854259,-4.84189610664148,14.6852066574097,2.50750929421095,0.123269575010532,1.0123307106229,0.0501833603105719
-264.945936170341,-279.378083559658,6.10406478496395,-4.92783874077977,14.543021446228,2.50750929421095,0.123269575010532,1.0123307106229,0.0501833603105719
-264.936941960351,-279.322363178177,6.09507057497383,-5.06794366286379,14.543021446228,2.50750929421095,0.123269575010532,1.0123307106229,0.0501833603105719
-264.935753010051,-279.265803298052,6.09388162467445,-4.67659265423123,14.543021446228,2.50750929421095,0.123269575010532,1.0123307106229,0.0501833603105719
-264.917947908834,-279.208894260764,6.07607652345715,-4.40205248636466,14.4038536605835,2.50750929421095,0.123269575010532,1.0123307106229,0.0501833603105719
-264.911796175124,-279.150864260114,6.06992478974755,-4.45659670559978,14.4038536605835,2.50750929421095,0.123269575010532,1.0123307106229,0.0501833603105719
-264.910887499858,-279.09130474005,6.06901611448146,-4.44273582919256,14.4038536605835,2.50750929421095,0.123269575010532,1.0123307106229,0.0501833603105719
-264.89552346297,-279.031828129207,6.05365207759317,-4.5046278175458,14.2168266830444,2.50750929421095,0.123269575010532,1.0123307106229,0.0501833603105719
-264.889958639076,-278.971365612448,6.04808725369954,-4.65420604440907,14.2168266830444,2.50750929421095,0.123269575010532,1.0123307106229,0.0501833603105719
-264.880123364068,-278.909239828198,6.03825197869151,-4.82709262867286,14.2168266830444,2.50750929421095,0.123269575010532,1.0123307106229,0.0501833603105719
-264.879980371494,-278.846976677207,6.03810898611695,-4.76848027512325,14.2168266830444,2.50750929421095,0.123269575010532,1.0123307106229,0.0501833603105719
-264.872320427115,-278.783645985586,6.03044904173766,-4.42223550055424,14.0529072341919,2.50750929421095,0.123269575010532,1.0123307106229,0.0501833603105719
-264.864463178557,-278.719155900696,6.02259179318026,-4.56690060131307,14.0529072341919,2.50750929421095,0.123269575010532,1.0123307106229,0.0501833603105719
-264.853145795274,-278.653712713283,6.01127440989757,-4.98458571141783,14.0529072341919,2.50750929421095,0.123269575010532,1.0123307106229,0.0501833603105719
-264.836635657419,-278.587913432085,5.99476427204199,-5.08873220126409,13.9357807693481,2.50750929421095,0.123269575010532,1.0123307106229,0.0501833603105719
-264.831846915724,-278.520651290028,5.98997553034691,-4.86642697457449,13.9357807693481,2.50750929421095,0.123269575010532,1.0123307106229,0.0501833603105719
-264.821114936021,-278.452788707292,5.97924355064433,-4.8284052425491,13.9357807693481,2.50750929421095,0.123269575010532,1.0123307106229,0.0501833603105719
-264.804743571743,-278.383824420529,5.96287218636593,-4.87855264113494,13.7945950088501,2.50750929421095,0.123269575010532,1.0123307106229,0.0501833603105719
-264.801383894068,-278.313821612491,5.95951250869114,-5.30576604037111,13.7945950088501,2.50750929421095,0.123269575010532,1.0123307106229,0.0501833603105719
-264.780609107656,-278.243468287577,5.93873772227943,-5.34780255962545,13.7945950088501,2.50750929421095,0.123269575010532,1.0123307106229,0.0501833603105719
-264.779834539687,-278.172059808578,5.93796315431039,-4.93237530196175,13.7945950088501,2.50750929421095,0.123269575010532,1.0123307106229,0.0501833603105719
-264.769038281794,-278.100107306501,5.92716689641748,-5.13596783145386,13.6297562179565,2.50750929421095,0.123269575010532,1.0123307106229,0.0501833603105719
-264.762510003664,-278.02751896164,5.92063861828707,-5.74735033225224,13.6297562179565,2.50750929421095,0.123269575010532,1.0123307106229,0.0501833603105719
-264.739688846302,-277.954658355889,5.89781746092494,-5.71331583834282,13.6297562179565,2.50750929421095,0.123269575010532,1.0123307106229,0.0501833603105719
-264.728713722269,-277.880191193372,5.88684233689185,-5.55685205226579,13.4665844497681,2.50750929421095,0.123269575010532,1.0123307106229,0.0501833603105719
-264.724328998492,-277.806364747647,5.88245761311473,-5.19065381648469,13.4665844497681,2.50750929421095,0.123269575010532,1.0123307106229,0.0501833603105719
-264.7121548915,-277.731833581024,5.87028350612268,-5.28481733462,13.4665844497681,2.50750929421095,0.123269575010532,1.0123307106229,0.0501833603105719
-264.69834198261,-277.657116919239,5.85647059723299,-5.45803131682805,13.2569534835815,2.50750929421095,0.123269575010532,1.0123307106229,0.0501833603105719
-264.693060552347,-277.58148922698,5.85118916697047,-5.7838685355489,13.2569534835815,2.50750929421095,0.123269575010532,1.0123307106229,0.0501833603105719
-264.681907511457,-277.506425368078,5.84003612608014,-6.01379854575689,13.2569534835815,2.50750929421095,0.123269575010532,1.0123307106229,0.0501833603105719
-264.681373776552,-277.430750449206,5.83950239117503,-5.74528012921472,13.2569534835815,2.50750929421095,0.123269575010532,1.0123307106229,0.0501833603105719
-264.665895714436,-277.35578070915,5.8240243290596,-6.03640097596328,13.0453445968628,2.50750929421095,0.123269575010532,1.0123307106229,0.0501833603105719
-264.653864688458,-277.280652661663,5.81199330308141,-6.31893279207173,13.0453445968628,2.50750929421095,0.123269575010532,1.0123307106229,0.0501833603105719
-264.643613481816,-277.205541798903,5.80174209643897,-6.03872629872758,13.0453445968628,2.50750929421095,0.123269575010532,1.0123307106229,0.0501833603105719
-264.629544308364,-277.130654833046,5.78767292298754,-5.42182043864046,12.8802826461792,2.50750929421095,0.123269575010532,1.0123307106229,0.0501833603105719
-264.610260613272,-277.056703693014,5.76838922789519,-5.63347154843728,12.8802826461792,2.50750929421095,0.123269575010532,1.0123307106229,0.0501833603105719
-264.600799099406,-276.980442331206,5.75892771402936,-6.29155904177515,12.8802826461792,2.50750929421095,0.123269575010532,1.0123307106229,0.0501833603105719
-264.587726274312,-276.908630634303,5.74585488893464,-6.09133844790189,12.6482880172729,2.50750929421095,0.123269575010532,1.0123307106229,0.0501833603105719
-264.582721738372,-276.837300990524,5.7408503529956,-6.47251690943257,12.6482880172729,2.50750929421095,0.123269575010532,1.0123307106229,0.0501833603105719
-264.555977567458,-276.766412005609,5.71410618208085,-6.77461502306221,12.6482880172729,2.50750929421095,0.123269575010532,1.0123307106229,0.0501833603105719
-264.554014524417,-276.695979428858,5.71214313903989,-6.93576389278576,12.6482880172729,2.50750929421095,0.123269575010532,1.0123307106229,0.0501833603105719
-264.542548352862,-276.627086921951,5.70067696748522,-7.24309716232336,12.46384740448,2.50750929421095,0.123269575010532,1.0123307106229,0.0501833603105719
-264.520894067672,-276.55891336784,5.67902268229498,-7.23436816788261,12.46384740448,2.50750929421095,0.123269575010532,1.0123307106229,0.0501833603105719
-264.519411409419,-276.492671646,5.67754002404169,-7.04529143650154,12.46384740448,2.50750929421095,0.123269575010532,1.0123307106229,0.0501833603105719
-264.493745761858,-276.428114104469,5.65187437648068,-6.78547576958242,12.3239624557495,2.50750929421095,0.123269575010532,1.0123307106229,0.0501833603105719
-264.492109341506,-276.365069977346,5.65023795612951,-7.19442568534712,12.3239624557495,2.50750929421095,0.123269575010532,1.0123307106229,0.0501833603105719
-264.471161227559,-276.303841002938,5.62928984218186,-7.15102111264171,12.3239624557495,2.50750929421095,0.123269575010532,1.0123307106229,0.0501833603105719
-264.459054016527,-276.244299665242,5.61718263114985,-6.86169767680113,12.1343586502075,2.50750929421095,0.123269575010532,1.0123307106229,0.0501833603105719
-264.447114698501,-276.186845042167,5.60524331312362,-7.04078040302783,12.1343586502075,2.50750929421095,0.123269575010532,1.0123307106229,0.0501833603105719
-264.426946919271,-276.131653664704,5.5850755338937,-7.46601168882676,12.1343586502075,2.50750929421095,0.123269575010532,1.0123307106229,0.0501833603105719
-264.410044422185,-276.079200341804,5.56817303680851,-7.51507989047976,12.1343586502075,2.50750929421095,0.123269575010532,1.0123307106229,0.0501833603105719
-264.399406332605,-276.029060098384,5.55753494722844,-7.57854510447624,11.9473087844849,2.50750929421095,0.123269575010532,1.0123307106229,0.0501833603105719
-264.396841118984,-275.981095939153,5.55496973360697,-7.09378595696993,11.9473087844849,2.50750929421095,0.123269575010532,1.0123307106229,0.0501833603105719
-264.376638969157,-275.936428201903,5.53476758377969,-7.09909638865382,11.9473087844849,2.50750929421095,0.123269575010532,1.0123307106229,0.0501833603105719
-264.355717391658,-275.8941654327,5.51384600628074,-7.42743786246696,11.7837002334595,2.50750929421095,0.123269575010532,1.0123307106229,0.0501833603105719
-264.348015157456,-275.855052141302,5.50614377207953,-7.79953914511559,11.7837002334595,2.50750929421095,0.123269575010532,1.0123307106229,0.0501833603105719
-264.325286466624,-275.819019582231,5.48341508124695,-7.76061008788356,11.7837002334595,2.50750929421095,0.123269575010532,1.0123307106229,0.0501833603105719
-264.318996370351,-275.786039477017,5.47712498497405,-6.6936710795292,11.7837002334595,2.50750929421095,0.123269575010532,1.0123307106229,0.0501833603105719
-264.310641937131,-275.756405607786,5.46877055175421,-7.06991558042662,11.6421463546753,2.50750929421095,0.123269575010532,1.0123307106229,0.0501833603105719
-264.288665597901,-275.730088806784,5.44679421252409,-7.39819658738972,11.6421463546753,2.50750929421095,0.123269575010532,1.0123307106229,0.0501833603105719
-264.27537399561,-275.70744721011,5.43350261023318,-7.18487266187434,11.6421463546753,2.50750929421095,0.123269575010532,1.0123307106229,0.0501833603105719
-264.270280533142,-275.688368112039,5.42840914776504,-7.10946019103649,11.5016748962402,2.50750929421095,0.123269575010532,1.0123307106229,0.0501833603105719
-264.246998865911,-275.673007348457,5.40512748053384,-6.73807102695458,11.5016748962402,2.50750929421095,0.123269575010532,1.0123307106229,0.0501833603105719
-264.248652803256,-275.661443617508,5.40678141787926,-6.28383330715206,11.4559443054199,2.50750929421095,0.123269575010532,1.0123307106229,0.0501833603105719
-264.21770836514,-275.653752688731,5.37583697976335,-6.38448220426106,11.4326822814941,2.50750929421095,0.123269575010532,1.0123307106229,0.0501833603105719
-264.206616560097,-275.650075554634,5.36474517472052,-6.39969388752203,11.4326822814941,2.50750929421095,0.123269575010532,1.0123307106229,0.0501833603105719
-264.181836855368,-275.650419968032,5.33996546999144,-6.41439017827312,11.4326822814941,2.50750929421095,0.123269575010532,1.0123307106229,0.0501833603105719
-264.174521536274,-275.654842149588,5.3326501508969,-5.80532668545595,11.3397247848511,2.50750929421095,0.123269575010532,1.0123307106229,0.0501833603105719
-264.166213740592,-275.663478394571,5.32434235521517,-5.46236527096611,11.3397247848511,2.50750929421095,0.123269575010532,1.0123307106229,0.0501833603105719
-264.164001817693,-275.676354464028,5.322130432316,-5.40035495680213,11.3397247848511,2.50750929421095,0.123269575010532,1.0123307106229,0.0501833603105719
-264.153954784787,-275.69343397238,5.31208339941008,-5.762241570723,11.3397247848511,2.50750929421095,0.123269575010532,1.0123307106229,0.0501833603105719
-264.136099164058,-275.714933018147,5.29422777868155,-6.17654946514241,11.3173353729248,2.50750929421095,0.123269575010532,1.0123307106229,0.0501833603105719
-264.137412324106,-275.740718975531,5.29554093872919,-5.91720721893594,11.3173353729248,2.50750929421095,0.123269575010532,1.0123307106229,0.0501833603105719
-264.119111804015,-275.770936984878,5.27724041863853,-5.35003924928233,11.3173353729248,2.50750929421095,0.123269575010532,1.0123307106229,0.0501833603105719
-264.108682086501,-275.805732256418,5.26681070112378,-4.71211900299323,11.3401901779175,2.50750929421095,0.123269575010532,1.0123307106229,0.0501833603105719
-264.101055008528,-275.84480923088,5.2591836231512,-4.12132682205438,11.3401901779175,2.50750929421095,0.123269575010532,1.0123307106229,0.0501833603105719
-264.091109692589,-275.888306139416,5.24923830721202,-4.10445011266655,11.3401901779175,2.50750929421095,0.123269575010532,1.0123307106229,0.0501833603105719
-264.078629155796,-275.93596135272,5.23675777041954,-3.62306109502159,11.505423789978,2.50750929421095,0.123269575010532,1.0123307106229,0.0501833603105719
-264.088861962062,-275.988684570714,5.2469905766856,-3.37998603917139,11.505423789978,2.50750929421095,0.123269575010532,1.0123307106229,0.0501833603105719
-264.064990224062,-276.045165278077,5.2231188386852,-3.75262006680223,11.505423789978,2.50750929421095,0.123269575010532,1.0123307106229,0.0501833603105719
-264.067425869675,-276.1066348398,5.22555448429812,-3.74337871164634,11.505423789978,2.50750929421095,0.123269575010532,1.0123307106229,0.0501833603105719
-264.058170803177,-276.172639480198,5.21629941779994,-2.91210925069747,11.6664555130005,2.50750929421095,0.123269575010532,1.0123307106229,0.0501833603105719
-264.047523889832,-276.242254924985,5.20565250445554,-2.40970870155862,11.6664555130005,2.50750929421095,0.123269575010532,1.0123307106229,0.0501833603105719
-264.054184456825,-276.316919690461,5.2123130714477,-1.10904270799352,11.6664555130005,2.50750929421095,0.123269575010532,1.0123307106229,0.0501833603105719
-264.040073986534,-276.394716134386,5.19820260115755,-0.256401224427304,11.8731377182007,2.50750929421095,0.123269575010532,1.0123307106229,0.0501833603105719
-264.028773391265,-276.477457235946,5.18690200588806,0.681538719650303,11.8731377182007,2.50750929421095,0.123269575010532,1.0123307106229,0.0501833603105719
-264.037488548856,-276.565496419963,5.19561716347927,1.42629019354086,11.8731377182007,2.50750929421095,0.123269575010532,1.0123307106229,0.0501833603105719
-264.04724681889,-276.657701312393,5.20537543351324,1.02570027123172,12.1074345169067,2.50750929421095,0.123269575010532,1.0123307106229,0.0501833603105719
-264.047874350865,-276.75143506437,5.20600296548807,2.55762583922905,12.1074345169067,2.50750929421095,0.123269575010532,1.0123307106229,0.0501833603105719
-264.051688776042,-276.849401962038,5.20981739066556,4.907210995491,12.1074345169067,2.50750929421095,0.123269575010532,1.0123307106229,0.0501833603105719
-264.063713392875,-276.952008760837,5.2218420074977,5.10511079706312,12.1074345169067,2.50750929421095,0.123269575010532,1.0123307106229,0.0501833603105719
-264.070031412623,-277.058066771682,5.22816002724602,5.54145010181571,12.3658020553589,2.50750929421095,0.123269575010532,1.0123307106229,0.0501833603105719
-264.083732500249,-277.168308975217,5.2418611148724,6.70957726041369,12.3658020553589,2.50750929421095,0.123269575010532,1.0123307106229,0.0501833603105719
-264.096545288576,-277.281444042639,5.25467390319906,8.0799816291823,12.3658020553589,2.50750929421095,0.123269575010532,1.0123307106229,0.0501833603105719
-264.1097193637,-277.397735564912,5.26784797832353,7.44605960138124,12.5995667037964,2.50750929421095,0.123269575010532,1.0123307106229,0.0501833603105719
-264.115031880712,-277.517462655729,5.27316049533533,6.92956010444188,12.5995667037964,2.50750929421095,0.123269575010532,1.0123307106229,0.0501833603105719
-264.135320643706,-277.64030351689,5.29344925832953,6.51814129621018,12.5995667037964,2.50750929421095,0.123269575010532,1.0123307106229,0.0501833603105719
-264.157629883049,-277.766274219451,5.31575849767213,5.91670323245845,12.8361103591919,2.50750929421095,0.123269575010532,1.0123307106229,0.0501833603105719
-264.169421955932,-277.895336206635,5.32755057055467,6.92334468683527,12.8361103591919,2.50750929421095,0.123269575010532,1.0123307106229,0.0501833603105719
-264.193652504299,-278.026392135259,5.35178111892204,7.63362813049211,12.8361103591919,2.50750929421095,0.123269575010532,1.0123307106229,0.0501833603105719
-264.202431547724,-278.160682868827,5.36056016234698,7.79412927324535,12.8361103591919,2.50750929421095,0.123269575010532,1.0123307106229,0.0501833603105719
-264.211964444144,-278.296548956247,5.3700930587674,8.40038271704928,13.1419308242798,2.50750929421095,0.123269575010532,1.0123307106229,0.0501833603105719
-264.234866207257,-278.43513654293,5.39299482188005,8.97607453490432,13.1419308242798,2.50750929421095,0.123269575010532,1.0123307106229,0.0501833603105719
-264.254250370458,-278.575510440216,5.41237898508129,8.9272503952584,13.1419308242798,2.50750929421095,0.123269575010532,1.0123307106229,0.0501833603105719
-264.268735566132,-278.719333571696,5.42686418075505,9.01101184094367,13.4927704391479,2.50750929421095,0.123269575010532,1.0123307106229,0.0501833603105719
-264.275376744572,-278.862843965031,5.4335053591949,8.14323042815478,13.4927704391479,2.50750929421095,0.123269575010532,1.0123307106229,0.0501833603105719
-264.292481623375,-279.007785891426,5.45061023799781,9.03623075796836,13.4927704391479,2.50750929421095,0.123269575010532,1.0123307106229,0.0501833603105719
-264.310864731175,-279.154980844791,5.46899334579781,8.88497731553294,13.9352791366577,2.50750929421095,0.123269575010532,1.0123307106229,0.0501833603105719
-264.328913961524,-279.302250995868,5.48704257614735,9.3812114640705,13.9352791366577,2.50750929421095,0.123269575010532,1.0123307106229,0.0501833603105719
-264.329749495555,-279.450939611084,5.48787811017826,9.68287453979574,13.9352791366577,2.50750929421095,0.123269575010532,1.0123307106229,0.0501833603105719
-264.348703758342,-279.601172604585,5.50683237296545,9.52947283556654,13.9352791366577,2.50750929421095,0.123269575010532,1.0123307106229,0.0501833603105719
-264.391480952799,-279.751084400991,5.54960956742184,9.67430796598824,14.4255592880249,2.50750929421095,0.123269575010532,1.0123307106229,0.0501833603105719
-264.396840314503,-279.901681861079,5.55496892912605,10.2767469253291,14.4255592880249,2.50750929421095,0.123269575010532,1.0123307106229,0.0501833603105719
-264.416822501595,-280.052003600816,5.57495111621809,10.4312342183845,14.4255592880249,2.50750929421095,0.123269575010532,1.0123307106229,0.0501833603105719
-264.439955378972,-280.203027721692,5.59808399359496,11.3819514012798,14.8679974136353,2.50750929421095,0.123269575010532,1.0123307106229,0.0501833603105719
-264.446505699251,-280.353862201533,5.60463431387453,12.3195098210988,14.8679974136353,2.50750929421095,0.123269575010532,1.0123307106229,0.0501833603105719
-264.473579054858,-280.503690390774,5.63170766948135,13.0578880095625,14.8679974136353,2.50750929421095,0.123269575010532,1.0123307106229,0.0501833603105719
-264.496039214788,-280.65275736507,5.65416782941103,13.4551579260395,15.3822891769409,2.50750929421095,0.123269575010532,1.0123307106229,0.0501833603105719
-264.527578994848,-280.802277475487,5.68570760947135,13.383447574718,15.3822891769409,2.50750929421095,0.123269575010532,1.0123307106229,0.0501833603105719
-264.547593640007,-280.950389104772,5.70572225463006,13.7089842420294,15.3822891769409,2.50750929421095,0.123269575010532,1.0123307106229,0.0501833603105719
-264.591783227225,-281.097212391328,5.74991184184825,13.6988827118967,15.3822891769409,2.50750929421095,0.123269575010532,1.0123307106229,0.0501833603105719
-264.607748849391,-281.242568260426,5.76587746401458,13.8669083774698,15.8947231826782,2.50750929421095,0.123269575010532,1.0123307106229,0.0501833603105719
-264.644827488544,-281.387168886996,5.80295610316733,14.9936981323111,15.8947231826782,2.50750929421095,0.123269575010532,1.0123307106229,0.0501833603105719
-264.673640040714,-281.529292724491,5.83176865533713,14.5995195092033,15.8947231826782,2.50750929421095,0.123269575010532,1.0123307106229,0.0501833603105719
-264.710652509901,-281.669510623236,5.86878112452438,15.7009517435941,16.3641169128418,2.50750929421095,0.123269575010532,1.0123307106229,0.0501833603105719
-264.734107988861,-281.808752693979,5.89223660348387,17.2102155299669,16.3641169128418,2.50750929421095,0.123269575010532,1.0123307106229,0.0501833603105719
-264.764115137433,-281.944755788469,5.92224375205574,17.3330131764618,16.3641169128418,2.50750929421095,0.123269575010532,1.0123307106229,0.0501833603105719
-264.80659029412,-282.078137253895,5.96471890874267,16.1377178342691,16.8325464782715,2.50750929421095,0.123269575010532,1.0123307106229,0.0501833603105719
-264.838349184174,-282.209453983979,5.99647779879681,16.9858840457694,16.8325464782715,2.50750929421095,0.123269575010532,1.0123307106229,0.0501833603105719
-264.855945043444,-282.33877041391,6.01407365806672,17.054528297235,16.8325464782715,2.50750929421095,0.123269575010532,1.0123307106229,0.0501833603105719
-264.908854357452,-282.464320163814,6.06698297207514,16.5939225898604,16.8325464782715,2.50750929421095,0.123269575010532,1.0123307106229,0.0501833603105719
-264.929579597909,-282.587444951924,6.08770821253224,16.3893219220303,17.2993929443359,2.50750929421095,0.123269575010532,1.0123307106229,0.0501833603105719
-264.972019876594,-282.70720643911,6.1301484912169,17.2943646256417,17.2993929443359,2.50750929421095,0.123269575010532,1.0123307106229,0.0501833603105719
-265.009142929929,-282.823356708792,6.1672715445521,15.6907326655806,17.2993929443359,2.50750929421095,0.123269575010532,1.0123307106229,0.0501833603105719
-265.021232476916,-282.936789831487,6.17936109153949,15.956995518217,17.6507914123535,2.50750929421095,0.123269575010532,1.0123307106229,0.0501833603105719
-265.072253417699,-283.047562069777,6.23038203232185,17.7806347765551,17.6507914123535,2.50750929421095,0.123269575010532,1.0123307106229,0.0501833603105719
-265.104813585399,-283.155165138541,6.26294220002205,16.2828041913459,17.6507914123535,2.50750929421095,0.123269575010532,1.0123307106229,0.0501833603105719
-265.128736981458,-283.25992889381,6.28686559608144,15.361293681246,18.0485117492676,2.50750929421095,0.123269575010532,1.0123307106229,0.0501833603105719
-265.155281641755,-283.356368071031,6.31341025637799,15.4459288815313,18.0485117492676,2.50750929421095,0.123269575010532,1.0123307106229,0.0501833603105719
-265.195884640486,-283.449761441933,6.35401325510959,15.5791278094507,18.0485117492676,2.50750929421095,0.123269575010532,1.0123307106229,0.0501833603105719
-265.209781809238,-283.54062180135,6.36791042386065,14.5551489580889,18.0485117492676,2.50750929421095,0.123269575010532,1.0123307106229,0.0501833603105719
-265.24848836217,-283.62777143241,6.40661697679334,13.8915156035219,18.3290941772461,2.50750929421095,0.123269575010532,1.0123307106229,0.0501833603105719
-265.276691873072,-283.710251784908,6.43482048769478,13.9762375514604,18.3290941772461,2.50750929421095,0.123269575010532,1.0123307106229,0.0501833603105719
-265.302801512031,-283.789555181253,6.46093012665405,13.0984280629338,18.3290941772461,2.50750929421095,0.123269575010532,1.0123307106229,0.0501833603105719
-265.330952342182,-283.863187184803,6.48908095680534,13.205582803919,18.5856745300293,2.50750929421095,0.123269575010532,1.0123307106229,0.0501833603105719
-265.365958703451,-283.933343416282,6.52408731807458,13.2899500976894,18.5856745300293,2.50750929421095,0.123269575010532,1.0123307106229,0.0501833603105719
-265.373381822215,-283.999187378679,6.53151043683764,13.5767498781906,18.5856745300293,2.50750929421095,0.123269575010532,1.0123307106229,0.0501833603105719
-265.408795846357,-284.060251108212,6.56692446098017,12.2626559042495,18.890041595459,2.50750929421095,0.123269575010532,1.0123307106229,0.0501833603105719
-265.416566320859,-284.117224238993,6.57469493548174,11.7814624788019,18.890041595459,2.50750929421095,0.123269575010532,1.0123307106229,0.0501833603105719
-265.433904414876,-284.169706699049,6.59203302949884,12.2545600779619,18.890041595459,2.50750929421095,0.123269575010532,1.0123307106229,0.0501833603105719
-265.465598502362,-284.21773252807,6.62372711698533,11.8731034124384,18.890041595459,2.50750929421095,0.123269575010532,1.0123307106229,0.0501833603105719
-265.477162788159,-284.261542585483,6.63529140278246,11.182904550642,19.0789606628418,2.50750929421095,0.123269575010532,1.0123307106229,0.0501833603105719
-265.509569546332,-284.3004449639,6.66769816095475,10.7342845432303,19.0789606628418,2.50750929421095,0.123269575010532,1.0123307106229,0.0501833603105719
-265.527494508543,-284.335215480092,6.68562312316562,10.1294743092607,19.0789606628418,2.50750929421095,0.123269575010532,1.0123307106229,0.0501833603105719
-265.553611860967,-284.365615212722,6.71174047558987,10.1496310021529,19.2197916564941,2.50750929421095,0.123269575010532,1.0123307106229,0.0501833603105719
-265.561524039896,-284.391501091698,6.71965265451957,9.97375184381814,19.2197916564941,2.50750929421095,0.123269575010532,1.0123307106229,0.0501833603105719
-265.585618367243,-284.413083711054,6.74374698186658,10.0452839987743,19.2197916564941,2.50750929421095,0.123269575010532,1.0123307106229,0.0501833603105719
-265.607447712686,-284.430351339104,6.76557632730873,9.53738811205697,19.3367464599609,2.50750929421095,0.123269575010532,1.0123307106229,0.0501833603105719
-265.623885583911,-284.443098196964,6.78201419853402,8.84167380020114,19.3367464599609,2.50750929421095,0.123269575010532,1.0123307106229,0.0501833603105719
-265.640178734496,-284.451817022911,6.79830734911879,9.02785033756133,19.3367464599609,2.50750929421095,0.123269575010532,1.0123307106229,0.0501833603105719
-265.654756062374,-284.4563267053,6.81288467699753,8.36516719839957,19.3367464599609,2.50750929421095,0.123269575010532,1.0123307106229,0.0501833603105719
-265.678191941016,-284.456727644914,6.83632055563938,7.27465610179404,19.3826372680664,2.50750929421095,0.123269575010532,1.0123307106229,0.0501833603105719
-265.689205377111,-284.453083622937,6.84733399173415,6.7223962962883,19.3826372680664,2.50750929421095,0.123269575010532,1.0123307106229,0.0501833603105719
-265.69801539255,-284.445449852767,6.85614400717299,6.53502476517779,19.3826372680664,2.50750929421095,0.123269575010532,1.0123307106229,0.0501833603105719
-265.701378086676,-284.43404208453,6.85950670129937,6.34976034120629,19.2902491149902,2.50750929421095,0.123269575010532,1.0123307106229,0.0501833603105719
-265.725673417888,-284.418727241112,6.88380203251121,5.50458511730091,19.2902491149902,2.50750929421095,0.123269575010532,1.0123307106229,0.0501833603105719
-265.737104839758,-284.399723764884,6.89523345438109,5.68291876974493,19.2902491149902,2.50750929421095,0.123269575010532,1.0123307106229,0.0501833603105719
-265.737573804926,-284.377091490988,6.8957024195494,5.16171521239397,19.1517489013672,2.50750929421095,0.123269575010532,1.0123307106229,0.0501833603105719
-265.750515477501,-284.350941984057,6.90864409212416,4.521356825131,19.1517489013672,2.50750929421095,0.123269575010532,1.0123307106229,0.0501833603105719
-265.753674681861,-284.321321160425,6.91180329648372,3.83600350712356,19.1517489013672,2.50750929421095,0.123269575010532,1.0123307106229,0.0501833603105719
-265.770099297998,-284.288525248385,6.92822791262143,3.35839774199649,19.1517489013672,2.50750929421095,0.123269575010532,1.0123307106229,0.0501833603105719
-265.768415132982,-284.252423430769,6.92654374760537,3.08065115404687,18.8268549499512,2.50750929421095,0.123269575010532,1.0123307106229,0.0501833603105719
-265.769260486572,-284.213269294938,6.92738910119545,2.30069688596897,18.8268549499512,2.50750929421095,0.123269575010532,1.0123307106229,0.0501833603105719
-265.779187258811,-284.171323509376,6.93731587343377,1.07193692055767,18.8268549499512,2.50750929421095,0.123269575010532,1.0123307106229,0.0501833603105719
-265.773883894445,-284.126298148105,6.93201250906777,0.116255505612321,18.501068359375,2.50750929421095,0.123269575010532,1.0123307106229,0.0501833603105719
-265.773704184389,-284.078439669959,6.93183279901211,-0.97067679486472,18.501068359375,2.50750929421095,0.123269575010532,1.0123307106229,0.0501833603105719
-265.769195946156,-284.028404188769,6.92732456077888,-1.86957692823472,18.501068359375,2.50750929421095,0.123269575010532,1.0123307106229,0.0501833603105719
-265.774330473159,-283.975558870923,6.93245908778256,-2.8535768701973,18.1968843994141,2.50750929421095,0.123269575010532,1.0123307106229,0.0501833603105719
-265.763172426192,-283.92049976948,6.92130104081534,-4.90077609955219,18.1968843994141,2.50750929421095,0.123269575010532,1.0123307106229,0.0501833603105719
-265.75905529421,-283.863483947617,6.91718390883306,-5.83326951350419,18.1968843994141,2.50750929421095,0.123269575010532,1.0123307106229,0.0501833603105719
-265.752043658616,-283.804013401016,6.91017227323887,-6.79676554580139,18.1968843994141,2.50750929421095,0.123269575010532,1.0123307106229,0.0501833603105719
-265.739423910775,-283.742892112542,6.89755252539781,-7.23091070484863,18.0090487060547,2.50750929421095,0.123269575010532,1.0123307106229,0.0501833603105719
-265.732698796393,-283.679614497602,6.89082741101577,-7.34498588893765,18.0090487060547,2.50750929421095,0.123269575010532,1.0123307106229,0.0501833603105719
-265.719454455844,-283.615057520809,6.87758307046682,-7.42330637145391,18.0090487060547,2.50750929421095,0.123269575010532,1.0123307106229,0.0501833603105719
-265.685824343858,-283.548701528141,6.8439529584815,-7.34203573996829,17.8192865905762,2.50750929421095,0.123269575010532,1.0123307106229,0.0501833603105719
-265.678609499686,-283.480536918968,6.83673811430879,-6.60911555987837,17.8192865905762,2.50750929421095,0.123269575010532,1.0123307106229,0.0501833603105719
-265.664682262378,-283.411543394338,6.82281087700076,-6.33160672656343,17.8192865905762,2.50750929421095,0.123269575010532,1.0123307106229,0.0501833603105719
-265.647887003047,-283.338988360388,6.80601561766969,-6.93598852865384,17.7005960998535,2.50750929421095,0.123269575010532,1.0123307106229,0.0501833603105719
-265.630118421364,-283.269286428883,6.78824703598679,-7.54499248180042,17.7005960998535,2.50750929421095,0.123269575010532,1.0123307106229,0.0501833603105719
-265.612895825856,-283.19791995229,6.7710244404795,-7.6325242520832,17.7005960998535,2.50750929421095,0.123269575010532,1.0123307106229,0.0501833603105719
-265.610357085239,-283.125153336776,6.76848569986172,-7.20642061951018,17.7005960998535,2.50750929421095,0.123269575010532,1.0123307106229,0.0501833603105719
-265.576473576483,-283.051244300959,6.73460219110644,-7.14409306927216,17.6043894348145,2.50750929421095,0.123269575010532,1.0123307106229,0.0501833603105719
-265.572360911237,-282.976910637225,6.73048952585986,-6.88820288883428,17.6043894348145,2.50750929421095,0.123269575010532,1.0123307106229,0.0501833603105719
-265.550415165755,-282.902518572203,6.70854378037844,-6.82670763253005,17.6043894348145,2.50750929421095,0.123269575010532,1.0123307106229,0.0501833603105719
-265.541979384506,-282.827045411411,6.70010799912918,-6.30040360582355,17.4164736328125,2.50750929421095,0.123269575010532,1.0123307106229,0.0501833603105719
-265.542344529229,-282.752476206605,6.70047314385191,-6.23555860335026,17.4164736328125,2.50750929421095,0.123269575010532,1.0123307106229,0.0501833603105719
-265.529283299894,-282.676681199261,6.68741191451744,-6.49377723291749,17.4164736328125,2.50750929421095,0.123269575010532,1.0123307106229,0.0501833603105719
-265.522952045589,-282.601167881403,6.68108066021206,-5.63087395435066,17.1838419494629,2.50750929421095,0.123269575010532,1.0123307106229,0.0501833603105719
-265.51786496864,-282.526300253223,6.67599358326265,-5.3900190152893,17.1838419494629,2.50750929421095,0.123269575010532,1.0123307106229,0.0501833603105719
-265.505734910267,-282.451090523143,6.66386352489012,-4.92296728624916,17.1838419494629,2.50750929421095,0.123269575010532,1.0123307106229,0.0501833603105719
-265.502912173462,-282.376413118826,6.66104078808466,-3.98651474578261,17.1838419494629,2.50750929421095,0.123269575010532,1.0123307106229,0.0501833603105719
-265.503820364803,-282.301493337807,6.66194897942574,-4.20567766725457,16.880348449707,2.50750929421095,0.123269575010532,1.0123307106229,0.0501833603105719
-265.484896789425,-282.226751972946,6.64302540404826,-4.77428924951907,16.880348449707,2.50750929421095,0.123269575010532,1.0123307106229,0.0501833603105719
-265.485073462733,-282.153755630898,6.64320207735575,-4.36055164563388,16.880348449707,2.50750929421095,0.123269575010532,1.0123307106229,0.0501833603105719
-265.473045443413,-282.08055204649,6.63117405803637,-4.25560232076583,16.6485903320313,2.50750929421095,0.123269575010532,1.0123307106229,0.0501833603105719
-265.473447503101,-282.007719846277,6.63157611772397,-4.43247787780103,16.6485903320313,2.50750929421095,0.123269575010532,1.0123307106229,0.0501833603105719
-265.46250204769,-281.935526905602,6.62063066231316,-5.31867079369344,16.6485903320313,2.50750929421095,0.123269575010532,1.0123307106229,0.0501833603105719
-265.439137018625,-281.864752538012,6.59726563324808,-5.93013855111763,16.3901598510742,2.50750929421095,0.123269575010532,1.0123307106229,0.0501833603105719
-265.427866702795,-281.793873511307,6.5859953174186,-6.18561690401299,16.3901598510742,2.50750929421095,0.123269575010532,1.0123307106229,0.0501833603105719
-265.425051766889,-281.724273213283,6.58318038151245,-6.37237427079837,16.3901598510742,2.50750929421095,0.123269575010532,1.0123307106229,0.0501833603105719
-265.408847877299,-281.65549690675,6.56697649192239,-6.08262069534858,16.3901598510742,2.50750929421095,0.123269575010532,1.0123307106229,0.0501833603105719
-265.391095765222,-281.587389482943,6.54922437984495,-6.1029615389733,16.2029345092773,2.50750929421095,0.123269575010532,1.0123307106229,0.0501833603105719
-265.387522024909,-281.520420762356,6.54565063953222,-6.45593133542457,16.2029345092773,2.50750929421095,0.123269575010532,1.0123307106229,0.0501833603105719
-265.361365340387,-281.453643269081,6.51949395500978,-6.88906334278555,16.2029345092773,2.50750929421095,0.123269575010532,1.0123307106229,0.0501833603105719
-265.358624224621,-281.388563164104,6.51675283924397,-6.7196118343106,16.0627367553711,2.50750929421095,0.123269575010532,1.0123307106229,0.0501833603105719
-265.350385943023,-281.324425474579,6.50851455764573,-7.03441382096284,16.0627367553711,2.50750929421095,0.123269575010532,1.0123307106229,0.0501833603105719
-265.323854809011,-281.261053395342,6.4819834236346,-7.4722678037619,16.0627367553711,2.50750929421095,0.123269575010532,1.0123307106229,0.0501833603105719
-265.309688541533,-281.19834988469,6.4678171561558,-7.29697258383836,15.9449436721802,2.50750929421095,0.123269575010532,1.0123307106229,0.0501833603105719
-265.278846724784,-281.136372329949,6.4369753394074,-7.06818925459037,15.9449436721802,2.50750929421095,0.123269575010532,1.0123307106229,0.0501833603105719
-265.279148059808,-281.076010504081,6.43727667443067,-6.8279905550533,15.9449436721802,2.50750929421095,0.123269575010532,1.0123307106229,0.0501833603105719
-265.268279251517,-281.016305899711,6.42640786614057,-6.29781942253253,15.9449436721802,2.50750929421095,0.123269575010532,1.0123307106229,0.0501833603105719
-265.250521226738,-280.957033835812,6.40864984136125,-6.35411007063203,15.7824909744263,2.50750929421095,0.123269575010532,1.0123307106229,0.0501833603105719
-265.231918686295,-280.899269404434,6.39004730091769,-6.75688190236258,15.7824909744263,2.50750929421095,0.123269575010532,1.0123307106229,0.0501833603105719
-265.215350638977,-280.841852972067,6.37347925359966,-6.74130619775816,15.7824909744263,2.50750929421095,0.123269575010532,1.0123307106229,0.0501833603105719
-265.213915503043,-280.785434631863,6.37204411766612,-6.17151496540871,15.6660721359253,2.50750929421095,0.123269575010532,1.0123307106229,0.0501833603105719
-265.210257418712,-280.729179813035,6.36838603333484,-5.92545864326627,15.6660721359253,2.50750929421095,0.123269575010532,1.0123307106229,0.0501833603105719
-265.186861224376,-280.674550090511,6.34498983899878,-6.26925960899843,15.6660721359253,2.50750929421095,0.123269575010532,1.0123307106229,0.0501833603105719
-265.177054948693,-280.62018364744,6.33518356331581,-5.53830109542481,15.5264141616821,2.50750929421095,0.123269575010532,1.0123307106229,0.0501833603105719
-265.170138680106,-280.566539353157,6.32826729472868,-5.40551475024307,15.5264141616821,2.50750929421095,0.123269575010532,1.0123307106229,0.0501833603105719
-265.152556836002,-280.513905602341,6.31068545062513,-5.36014269068796,15.5264141616821,2.50750929421095,0.123269575010532,1.0123307106229,0.0501833603105719
-265.147759559955,-280.461197468434,6.30588817457828,-4.82042408044553,15.5264141616821,2.50750929421095,0.123269575010532,1.0123307106229,0.0501833603105719
-265.139647239399,-280.409391217168,6.29777585402236,-4.70433705169361,15.3652126846313,2.50750929421095,0.123269575010532,1.0123307106229,0.0501833603105719
-265.130118787808,-280.357648948481,6.28824740243117,-5.00616583680004,15.3652126846313,2.50750929421095,0.123269575010532,1.0123307106229,0.0501833603105719
-265.117324913498,-280.306438345415,6.27545352812064,-4.97205556488287,15.3652126846313,2.50750929421095,0.123269575010532,1.0123307106229,0.0501833603105719
-265.110046834535,-280.255751502979,6.26817544915831,-4.85735164247567,15.2004826126099,2.50750929421095,0.123269575010532,1.0123307106229,0.0501833603105719
-265.095504248498,-280.204910382232,6.25363286312142,-4.98438681151942,15.2004826126099,2.50750929421095,0.123269575010532,1.0123307106229,0.0501833603105719
-265.089648472802,-280.154260351609,6.24777708742469,-4.77115300654972,15.2004826126099,2.50750929421095,0.123269575010532,1.0123307106229,0.0501833603105719
-265.085420985092,-280.103060611802,6.24354959971557,-4.53934860462719,15.061539894104,2.50750929421095,0.123269575010532,1.0123307106229,0.0501833603105719
-265.078993936526,-280.052950354552,6.23712255114922,-4.69519761614449,15.061539894104,2.50750929421095,0.123269575010532,1.0123307106229,0.0501833603105719
-265.069856150675,-280.003684966694,6.22798476529762,-5.19889133996334,15.061539894104,2.50750929421095,0.123269575010532,1.0123307106229,0.0501833603105719
-265.068198696082,-279.953055856264,6.22632731070549,-4.93541766524693,15.061539894104,2.50750929421095,0.123269575010532,1.0123307106229,0.0501833603105719
-265.051135468082,-279.902540099664,6.20926408270472,-4.82602449985111,14.968127494812,2.50750929421095,0.123269575010532,1.0123307106229,0.0501833603105719
-265.03600512395,-279.852046907328,6.19413373857353,-4.46656481502417,14.968127494812,2.50750929421095,0.123269575010532,1.0123307106229,0.0501833603105719
-265.023144410819,-279.801067519807,6.18127302544186,-4.30594807169195,14.968127494812,2.50750929421095,0.123269575010532,1.0123307106229,0.0501833603105719
-265.011007692361,-279.749910810824,6.16913630698412,-4.46063182720223,14.8969852981567,2.50750929421095,0.123269575010532,1.0123307106229,0.0501833603105719
-265.004861447006,-279.698477182491,6.16299006162946,-4.67772384829604,14.8969852981567,2.50750929421095,0.123269575010532,1.0123307106229,0.0501833603105719
-265.00912420556,-279.646512369204,6.16725282018282,-5.29295506839332,14.8969852981567,2.50750929421095,0.123269575010532,1.0123307106229,0.0501833603105719
-264.99605370906,-279.593844856918,6.15418232368353,-5.1199448655485,14.7316601333618,2.50750929421095,0.123269575010532,1.0123307106229,0.0501833603105719
-264.987862672874,-279.540801942645,6.14599128749732,-4.95290179892644,14.7316601333618,2.50750929421095,0.123269575010532,1.0123307106229,0.0501833603105719
-264.972143136809,-279.487427750562,6.1302717514321,-4.9245724391976,14.7316601333618,2.50750929421095,0.123269575010532,1.0123307106229,0.0501833603105719
-264.979802978612,-279.433071555887,6.13793159323511,-4.70604176158454,14.7316601333618,2.50750929421095,0.123269575010532,1.0123307106229,0.0501833603105719
-264.94788898675,-279.378096743068,6.10601760137292,-4.67361235323427,14.5911877212524,2.50750929421095,0.123269575010532,1.0123307106229,0.0501833603105719
-264.942580574861,-279.322583630694,6.10070918948435,-4.30207929263396,14.5911877212524,2.50750929421095,0.123269575010532,1.0123307106229,0.0501833603105719
-264.940593684563,-279.266304541014,6.09872229918618,-4.23901532434138,14.5911877212524,2.50750929421095,0.123269575010532,1.0123307106229,0.0501833603105719
-264.922890016912,-279.208550714635,6.08101863153504,-4.33750338979694,14.404521232605,2.50750929421095,0.123269575010532,1.0123307106229,0.0501833603105719
-264.915336521258,-279.150836374793,6.07346513588158,-4.18011746845772,14.404521232605,2.50750929421095,0.123269575010532,1.0123307106229,0.0501833603105719
-264.915038768035,-279.091792969958,6.07316738265834,-4.63448934415811,14.404521232605,2.50750929421095,0.123269575010532,1.0123307106229,0.0501833603105719
-264.90646209218,-279.031957403067,6.06459070680299,-4.43552145551849,14.311467414856,2.50750929421095,0.123269575010532,1.0123307106229,0.0501833603105719
-264.894181158815,-278.971533277517,6.05230977343774,-4.71038705539253,14.311467414856,2.50750929421095,0.123269575010532,1.0123307106229,0.0501833603105719
-264.888236287166,-278.909780043383,6.04636490178884,-4.93141482765282,14.311467414856,2.50750929421095,0.123269575010532,1.0123307106229,0.0501833603105719
-264.872822816123,-278.846751342431,6.03095143074656,-4.52553566912413,14.311467414856,2.50750929421095,0.123269575010532,1.0123307106229,0.0501833603105719
-264.871537023431,-278.783676472804,6.02966563805446,-4.3788482894568,14.1465084609985,2.50750929421095,0.123269575010532,1.0123307106229,0.0501833603105719
-264.867876734002,-278.719063105402,6.02600534862485,-4.30641765054526,14.1465084609985,2.50750929421095,0.123269575010532,1.0123307106229,0.0501833603105719
-264.859484920373,-278.653657811291,6.01761353499603,-4.45983804658104,14.1465084609985,2.50750929421095,0.123269575010532,1.0123307106229,0.0501833603105719
-264.840932261262,-278.587722605079,5.99906087588481,-5.00566620277541,13.9598877487183,2.50750929421095,0.123269575010532,1.0123307106229,0.0501833603105719
-264.835381985082,-278.520409553031,5.99351059970532,-4.98719524627526,13.9598877487183,2.50750929421095,0.123269575010532,1.0123307106229,0.0501833603105719
-264.835534579182,-278.45255202332,5.99366319380462,-4.90199557353001,13.9598877487183,2.50750929421095,0.123269575010532,1.0123307106229,0.0501833603105719
-264.807509609832,-278.383593078923,5.96563822445534,-4.92266551492034,13.7730667648315,2.50750929421095,0.123269575010532,1.0123307106229,0.0501833603105719
-264.816850003259,-278.313738021187,5.97497861788254,-4.88688816786318,13.7730667648315,2.50750929421095,0.123269575010532,1.0123307106229,0.0501833603105719
-264.791324261558,-278.243510542179,5.94945287618098,-5.29351469039971,13.7730667648315,2.50750929421095,0.123269575010532,1.0123307106229,0.0501833603105719
-264.786467097665,-278.171778048625,5.94459571228828,-5.75024166174909,13.7730667648315,2.50750929421095,0.123269575010532,1.0123307106229,0.0501833603105719
-264.785243692777,-278.099909065514,5.94337230739983,-5.44346237998078,13.6320107040405,2.50750929421095,0.123269575010532,1.0123307106229,0.0501833603105719
-264.766520943415,-278.02756242987,5.92464955803834,-5.42755155053258,13.6320107040405,2.50750929421095,0.123269575010532,1.0123307106229,0.0501833603105719
-264.747199179438,-277.954334195814,5.905327794061,-5.67286528372832,13.6320107040405,2.50750929421095,0.123269575010532,1.0123307106229,0.0501833603105719
-264.750480735726,-277.880438191405,5.90860935034926,-5.90830547742094,13.4443142471313,2.50750929421095,0.123269575010532,1.0123307106229,0.0501833603105719
-264.735608994436,-277.806054194944,5.8937376090592,-5.74673642620115,13.4443142471313,2.50750929421095,0.123269575010532,1.0123307106229,0.0501833603105719
-264.72031043195,-277.731780087112,5.87843904657276,-5.34437504161665,13.4443142471313,2.50750929421095,0.123269575010532,1.0123307106229,0.0501833603105719
-264.704554768733,-277.65684844746,5.86268338335621,-5.33266259892432,13.1860649642944,2.50750929421095,0.123269575010532,1.0123307106229,0.0501833603105719
-264.696663733575,-277.581587925932,5.85479234819786,-6.23500309176303,13.1860649642944,2.50750929421095,0.123269575010532,1.0123307106229,0.0501833603105719
-264.681509969817,-277.506335512184,5.83963858443964,-6.06793270331151,13.1860649642944,2.50750929421095,0.123269575010532,1.0123307106229,0.0501833603105719
-264.679668637673,-277.431109952094,5.83779725229616,-5.48016476316264,13.0453732070923,2.50750929421095,0.123269575010532,1.0123307106229,0.0501833603105719
-264.661376443213,-277.355646038142,5.81950505783646,-5.8193313935324,13.0453732070923,2.50750929421095,0.123269575010532,1.0123307106229,0.0501833603105719
-264.638446779119,-277.280151095472,5.7965753937419,-6.34343260967784,13.0453732070923,2.50750929421095,0.123269575010532,1.0123307106229,0.0501833603105719
-264.637323675306,-277.205247353643,5.79545228992884,-6.38485004481225,13.0453732070923,2.50750929421095,0.123269575010532,1.0123307106229,0.0501833603105719
-264.628252885768,-277.130557200649,5.78638150039112,-6.40842425020725,12.8837044296265,2.50750929421095,0.123269575010532,1.0123307106229,0.0501833603105719
-264.605812283696,-277.056518562093,5.76394089831883,-6.06252309342115,12.8837044296265,2.50750929421095,0.123269575010532,1.0123307106229,0.0501833603105719
-264.600285318929,-276.982688642531,5.75841393355198,-6.7944983218526,12.8837044296265,2.50750929421095,0.123269575010532,1.0123307106229,0.0501833603105719
-264.587893531093,-276.908371061966,5.74602214571562,-6.9163365860161,12.6720116195679,2.50750929421095,0.123269575010532,1.0123307106229,0.0501833603105719
-264.571525238626,-276.835941452654,5.72965385324925,-6.75214756818884,12.6720116195679,2.50750929421095,0.123269575010532,1.0123307106229,0.0501833603105719
-264.571657936779,-276.766209556563,5.72978655140216,-6.92281179541306,12.6720116195679,2.50750929421095,0.123269575010532,1.0123307106229,0.0501833603105719
-264.552891327242,-276.695888089187,5.71101994186557,-6.7350452128547,12.6720116195679,2.50750929421095,0.123269575010532,1.0123307106229,0.0501833603105719
-264.543292568934,-276.62697271838,5.70142118355749,-6.85820607204613,12.4632389602661,2.50750929421095,0.123269575010532,1.0123307106229,0.0501833603105719
-264.529212531099,-276.559321126904,5.68734114572239,-7.00354816245539,12.4632389602661,2.50750929421095,0.123269575010532,1.0123307106229,0.0501833603105719
-264.504512643312,-276.492804552034,5.66264125793531,-6.92638014219062,12.4632389602661,2.50750929421095,0.123269575010532,1.0123307106229,0.0501833603105719
-264.503542199694,-276.427923465688,5.6616708143174,-6.66730528280323,12.2999374923706,2.50750929421095,0.123269575010532,1.0123307106229,0.0501833603105719
-264.485597729476,-276.365062559471,5.64372634409888,-7.10649610425395,12.2999374923706,2.50750929421095,0.123269575010532,1.0123307106229,0.0501833603105719
-264.470700558386,-276.303956116561,5.6288291730095,-7.52980449751561,12.2999374923706,2.50750929421095,0.123269575010532,1.0123307106229,0.0501833603105719
-264.462454010456,-276.244570903125,5.6205826250787,-7.39678257839981,12.0902817306519,2.50750929421095,0.123269575010532,1.0123307106229,0.0501833603105719
-264.445655328758,-276.187066107705,5.60378394338135,-7.32052992084898,12.0902817306519,2.50750929421095,0.123269575010532,1.0123307106229,0.0501833603105719
-264.427830338643,-276.132084366667,5.58595895326575,-7.54259842543563,12.0902817306519,2.50750929421095,0.123269575010532,1.0123307106229,0.0501833603105719
-264.409542820392,-276.079022212321,5.56767143501469,-7.52624440170142,11.9487888870239,2.50750929421095,0.123269575010532,1.0123307106229,0.0501833603105719
-264.394976359288,-276.028709603143,5.55310497391076,-7.38698300716288,11.9487888870239,2.50750929421095,0.123269575010532,1.0123307106229,0.0501833603105719
-264.383925982377,-275.981189865436,5.54205459700008,-6.86341303085093,11.9487888870239,2.50750929421095,0.123269575010532,1.0123307106229,0.0501833603105719
-264.358731684986,-275.936246363167,5.51686029960902,-6.79453976541859,11.9487888870239,2.50750929421095,0.123269575010532,1.0123307106229,0.0501833603105719
-264.355330897398,-275.894116937821,5.51345951202131,-7.05539618880055,11.7851803359985,2.50750929421095,0.123269575010532,1.0123307106229,0.0501833603105719
-264.339316134959,-275.854877037911,5.4974447495823,-7.42280391709897,11.7851803359985,2.50750929421095,0.123269575010532,1.0123307106229,0.0501833603105719
-264.32934357957,-275.818830202184,5.4874721941936,-7.2365660114229,11.7851803359985,2.50750929421095,0.123269575010532,1.0123307106229,0.0501833603105719
-264.325502927586,-275.785942504855,5.48363154220954,-7.02072417902067,11.6439106521606,2.50750929421095,0.123269575010532,1.0123307106229,0.0501833603105719
-264.305579461401,-275.756239170865,5.46370807602364,-7.36582930394804,11.6439106521606,2.50750929421095,0.123269575010532,1.0123307106229,0.0501833603105719
-264.289260782936,-275.730123793656,5.44738939755884,-7.62061680875476,11.6439106521606,2.50750929421095,0.123269575010532,1.0123307106229,0.0501833603105719
-264.272069664604,-275.70750451641,5.43019827922703,-6.73244836032395,11.5268795547485,2.50750929421095,0.123269575010532,1.0123307106229,0.0501833603105719
-264.261247642262,-275.688403039119,5.41937625688538,-6.79162447843868,11.5268795547485,2.50750929421095,0.123269575010532,1.0123307106229,0.0501833603105719
-264.230483280962,-275.672997712045,5.38861189558465,-6.62717318444172,11.5268795547485,2.50750929421095,0.123269575010532,1.0123307106229,0.0501833603105719
-264.227192058661,-275.661436732727,5.38532067328445,-6.21629335800625,11.5268795547485,2.50750929421095,0.123269575010532,1.0123307106229,0.0501833603105719
-264.227592277513,-275.653764894374,5.38572089213657,-6.10115138567514,11.4332678375244,2.50750929421095,0.123269575010532,1.0123307106229,0.0501833603105719
-264.209956247837,-275.650075554634,5.3680848624601,-6.56752275101444,11.4332678375244,2.50750929421095,0.123269575010532,1.0123307106229,0.0501833603105719
-264.191714046785,-275.650414261324,5.34984266140803,-6.61269226141352,11.4332678375244,2.50750929421095,0.123269575010532,1.0123307106229,0.0501833603105719
-264.175499264787,-275.654881837785,5.33362787941016,-6.28693770730698,11.3400347290039,2.50750929421095,0.123269575010532,1.0123307106229,0.0501833603105719
-264.183271111568,-275.663507827246,5.34139972619119,-5.98825406529235,11.3400347290039,2.50750929421095,0.123269575010532,1.0123307106229,0.0501833603105719
-264.167938615279,-275.676343740798,5.32606722990248,-5.6918694889087,11.3400347290039,2.50750929421095,0.123269575010532,1.0123307106229,0.0501833603105719
-264.16479019309,-275.69343857051,5.32291880771324,-5.32283607664129,11.3167765197754,2.50750929421095,0.123269575010532,1.0123307106229,0.0501833603105719
-264.144300813852,-275.714947109566,5.30242942847531,-5.47482352565211,11.3167765197754,2.50750929421095,0.123269575010532,1.0123307106229,0.0501833603105719
-264.124363412657,-275.740712296488,5.28249202728059,-5.37852670392381,11.3167765197754,2.50750929421095,0.123269575010532,1.0123307106229,0.0501833603105719
-264.120831136776,-275.770979504607,5.27895975139958,-4.48732506611939,11.3167765197754,2.50750929421095,0.123269575010532,1.0123307106229,0.0501833603105719
-264.10362621468,-275.805666334733,5.26175482930319,-4.22123031277456,11.3877623138428,2.50750929421095,0.123269575010532,1.0123307106229,0.0501833603105719
-264.103127072655,-275.844868329508,5.26125568727781,-4.2393713236662,11.3877623138428,2.50750929421095,0.123269575010532,1.0123307106229,0.0501833603105719
-264.089081775287,-275.888480705502,5.24721038990988,-3.92264710899601,11.3877623138428,2.50750929421095,0.123269575010532,1.0123307106229,0.0501833603105719
-264.082754927137,-275.936547762374,5.24088354176017,-3.71262330615276,11.5285151062012,2.50750929421095,0.123269575010532,1.0123307106229,0.0501833603105719
-264.086096195617,-275.988873465936,5.24422481024017,-3.71194545692464,11.5285151062012,2.50750929421095,0.123269575010532,1.0123307106229,0.0501833603105719
-264.070243689268,-276.045883305824,5.22837230389123,-3.78326144035745,11.5285151062012,2.50750929421095,0.123269575010532,1.0123307106229,0.0501833603105719
-264.059360572266,-276.107088687528,5.21748918688886,-3.12524493860985,11.7129528579712,2.50750929421095,0.123269575010532,1.0123307106229,0.0501833603105719
-264.061255278204,-276.172518206853,5.21938389282695,-2.67042588363787,11.7129528579712,2.50750929421095,0.123269575010532,1.0123307106229,0.0501833603105719
-264.057309562839,-276.242358107198,5.21543817746167,-1.7977996989203,11.7129528579712,2.50750929421095,0.123269575010532,1.0123307106229,0.0501833603105719
-264.055421039776,-276.316819476474,5.21354965439946,-0.666923528392454,11.7129528579712,2.50750929421095,0.123269575010532,1.0123307106229,0.0501833603105719
-264.057023422584,-276.395263972431,5.21515203720663,-0.157689890518802,11.9224979934692,2.50750929421095,0.123269575010532,1.0123307106229,0.0501833603105719
-264.050567295723,-276.478023258276,5.2086959103459,0.524694528621269,11.9224979934692,2.50750929421095,0.123269575010532,1.0123307106229,0.0501833603105719
-264.059739522226,-276.564373100175,5.21786813684882,1.01500589270109,11.9224979934692,2.50750929421095,0.123269575010532,1.0123307106229,0.0501833603105719
-264.045649460166,-276.656515479716,5.20377807478867,1.25972258749478,12.1089375076294,2.50750929421095,0.123269575010532,1.0123307106229,0.0501833603105719
-264.069799194994,-276.752867475492,5.22792780961723,3.30187170301549,12.1089375076294,2.50750929421095,0.123269575010532,1.0123307106229,0.0501833603105719
-264.049308147655,-276.849606011476,5.20743676227858,4.71294695181825,12.1089375076294,2.50750929421095,0.123269575010532,1.0123307106229,0.0501833603105719
-264.070061574302,-276.951373928959,5.22819018892517,5.47003179024429,12.3657581863403,2.50750929421095,0.123269575010532,1.0123307106229,0.0501833603105719
-264.07696642528,-277.057886426118,5.23509503990294,6.11782340437821,12.3657581863403,2.50750929421095,0.123269575010532,1.0123307106229,0.0501833603105719
-264.087175918189,-277.167750232301,5.24530453281208,6.51535101486086,12.3657581863403,2.50750929421095,0.123269575010532,1.0123307106229,0.0501833603105719
-264.098877807403,-277.281498885032,5.25700642202587,7.62188103979605,12.3657581863403,2.50750929421095,0.123269575010532,1.0123307106229,0.0501833603105719
-264.116866013595,-277.397735564912,5.2749946282179,7.33311795278738,12.6013824996948,2.50750929421095,0.123269575010532,1.0123307106229,0.0501833603105719
-264.135444417362,-277.517882518743,5.29357303198508,6.64391752717678,12.6013824996948,2.50750929421095,0.123269575010532,1.0123307106229,0.0501833603105719
-264.139983843376,-277.640629951764,5.29811245799949,6.33201698480919,12.6013824996948,2.50750929421095,0.123269575010532,1.0123307106229,0.0501833603105719
-264.149878698953,-277.766547488772,5.30800731357656,6.38997308963389,12.7893517074585,2.50750929421095,0.123269575010532,1.0123307106229,0.0501833603105719
-264.179068642291,-277.895739434168,5.33719725691439,7.1236601099585,12.7893517074585,2.50750929421095,0.123269575010532,1.0123307106229,0.0501833603105719
-264.189147987119,-278.026439582094,5.34727660174233,7.6280184456486,12.7893517074585,2.50750929421095,0.123269575010532,1.0123307106229,0.0501833603105719
-264.211238557938,-278.160731186519,5.3693671725612,7.75158382966988,13.0969154891968,2.50750929421095,0.123269575010532,1.0123307106229,0.0501833603105719
-264.222623666224,-278.297138488994,5.38075228084722,8.15647023379015,13.0969154891968,2.50750929421095,0.123269575010532,1.0123307106229,0.0501833603105719
-264.245635833994,-278.435236300784,5.40376444861684,8.26394110320436,13.0969154891968,2.50750929421095,0.123269575010532,1.0123307106229,0.0501833603105719
-264.252132101504,-278.57519017101,5.41026071612755,8.3991476872269,13.0969154891968,2.50750929421095,0.123269575010532,1.0123307106229,0.0501833603105719
-264.263464571181,-278.718548446384,5.42159318580437,8.49925355813138,13.4708111343384,2.50750929421095,0.123269575010532,1.0123307106229,0.0501833603105719
-264.286784267255,-278.86154978502,5.44491288187787,8.77131565810629,13.4708111343384,2.50750929421095,0.123269575010532,1.0123307106229,0.0501833603105719
-264.289910623735,-279.00792527851,5.44803923835846,8.6761251256137,13.4708111343384,2.50750929421095,0.123269575010532,1.0123307106229,0.0501833603105719
-264.313517129774,-279.154418630386,5.47164574439707,8.85965707340093,13.8897717056274,2.50750929421095,0.123269575010532,1.0123307106229,0.0501833603105719
-264.335063163518,-279.302233303136,5.49319177814078,9.20454158078018,13.8897717056274,2.50750929421095,0.123269575010532,1.0123307106229,0.0501833603105719
-264.344572108915,-279.450637108938,5.50270072353815,9.02540041107249,13.8897717056274,2.50750929421095,0.123269575010532,1.0123307106229,0.0501833603105719
-264.361167753569,-279.600922369666,5.51929636819165,9.23532079199118,14.3326141891479,2.50750929421095,0.123269575010532,1.0123307106229,0.0501833603105719
-264.373869242394,-279.750546483772,5.53199785701736,9.73157438804332,14.3326141891479,2.50750929421095,0.123269575010532,1.0123307106229,0.0501833603105719
-264.38571665494,-279.901484247981,5.54384526956342,9.92996819280303,14.3326141891479,2.50750929421095,0.123269575010532,1.0123307106229,0.0501833603105719
-264.418284060837,-280.052596819929,5.57641267546005,10.4484238687695,14.3326141891479,2.50750929421095,0.123269575010532,1.0123307106229,0.0501833603105719
-264.431336094128,-280.203045686844,5.58946470875138,11.364073097543,14.8443310317993,2.50750929421095,0.123269575010532,1.0123307106229,0.0501833603105719
-264.456573741664,-280.353557370234,5.61470235628747,12.088757053685,14.8443310317993,2.50750929421095,0.123269575010532,1.0123307106229,0.0501833603105719
-264.461584523039,-280.503654641067,5.61971313766163,11.8502923632993,14.8443310317993,2.50750929421095,0.123269575010532,1.0123307106229,0.0501833603105719
-264.503829481981,-280.653611570236,5.66195809660391,12.2991636284396,15.3825409469604,2.50750929421095,0.123269575010532,1.0123307106229,0.0501833603105719
-264.524710283223,-280.801658161725,5.68283889784571,13.1403974219242,15.3825409469604,2.50750929421095,0.123269575010532,1.0123307106229,0.0501833603105719
-264.554615422324,-280.949844404072,5.71274403694749,13.9102622897254,15.3825409469604,2.50750929421095,0.123269575010532,1.0123307106229,0.0501833603105719
-264.580267501615,-281.097613166316,5.73839611623855,14.0733343017934,15.9195931015015,2.50750929421095,0.123269575010532,1.0123307106229,0.0501833603105719
-264.60912244553,-281.24267180928,5.76725106015302,13.8947414160625,15.9195931015015,2.50750929421095,0.123269575010532,1.0123307106229,0.0501833603105719
-264.637747121503,-281.386076430857,5.79587573612589,15.425734439317,15.9195931015015,2.50750929421095,0.123269575010532,1.0123307106229,0.0501833603105719
-264.672511544556,-281.5292084262,5.83064015917922,15.0447101668681,15.9195931015015,2.50750929421095,0.123269575010532,1.0123307106229,0.0501833603105719
-264.701281612809,-281.669760068386,5.85941022743219,15.6271820831024,16.3868525085449,2.50750929421095,0.123269575010532,1.0123307106229,0.0501833603105719
-264.729951282851,-281.807835469225,5.88807989747414,16.7306019478494,16.3868525085449,2.50750929421095,0.123269575010532,1.0123307106229,0.0501833603105719
-264.758584293425,-281.944691353738,5.91671290804802,16.4562225544418,16.3868525085449,2.50750929421095,0.123269575010532,1.0123307106229,0.0501833603105719
-264.787228023506,-282.077251243644,5.94535663812912,15.856719667601,16.8103869018555,2.50750929421095,0.123269575010532,1.0123307106229,0.0501833603105719
-264.831825418657,-282.208461068362,5.98995403328051,17.1294989814393,16.8103869018555,2.50750929421095,0.123269575010532,1.0123307106229,0.0501833603105719
-264.863246498883,-282.337798439663,6.02137511350564,17.3608837029641,16.8103869018555,2.50750929421095,0.123269575010532,1.0123307106229,0.0501833603105719
-264.902341616894,-282.463889682592,6.0604702315169,16.7722785080783,17.2071154174805,2.50750929421095,0.123269575010532,1.0123307106229,0.0501833603105719
-264.922155166548,-282.587401502532,6.08028378117076,16.4352794310629,17.2071154174805,2.50750929421095,0.123269575010532,1.0123307106229,0.0501833603105719
-264.964511004302,-282.706557457831,6.12263961892479,17.5909191390865,17.2071154174805,2.50750929421095,0.123269575010532,1.0123307106229,0.0501833603105719
-264.999830201368,-282.823576180439,6.15795881599063,15.9152316410368,17.2071154174805,2.50750929421095,0.123269575010532,1.0123307106229,0.0501833603105719
-265.036031788126,-282.936803142115,6.19416040274928,16.01579196756,17.5816881713867,2.50750929421095,0.123269575010532,1.0123307106229,0.0501833603105719
-265.051857692614,-283.046814554472,6.20998630723701,17.3274712786165,17.5816881713867,2.50750929421095,0.123269575010532,1.0123307106229,0.0501833603105719
-265.095780116065,-283.153334812085,6.25390873068826,15.2472545291218,17.5816881713867,2.50750929421095,0.123269575010532,1.0123307106229,0.0501833603105719
-265.134113634906,-283.256305163922,6.29224224952873,15.2454118453278,17.9547693786621,2.50750929421095,0.123269575010532,1.0123307106229,0.0501833603105719
-265.15602900089,-283.359240654017,6.31415761551296,15.9395118543617,17.9547693786621,2.50750929421095,0.123269575010532,1.0123307106229,0.0501833603105719
-265.198664131593,-283.450293316145,6.35679274621659,16.2393375335364,17.9547693786621,2.50750929421095,0.123269575010532,1.0123307106229,0.0501833603105719
-265.212258867214,-283.540738441681,6.37038748183727,14.3790201732715,18.2366602478027,2.50750929421095,0.123269575010532,1.0123307106229,0.0501833603105719
-265.236035888767,-283.628084965329,6.3941645033897,13.6553695920939,18.2366602478027,2.50750929421095,0.123269575010532,1.0123307106229,0.0501833603105719
-265.279518095957,-283.710713509785,6.43764671058045,14.341561203703,18.2366602478027,2.50750929421095,0.123269575010532,1.0123307106229,0.0501833603105719
-265.300332126532,-283.789017427492,6.45846074115547,13.6362368116073,18.2366602478027,2.50750929421095,0.123269575010532,1.0123307106229,0.0501833603105719
-265.314267448062,-283.863169969429,6.47239606268474,13.2331959893512,18.5437815246582,2.50750929421095,0.123269575010532,1.0123307106229,0.0501833603105719
-265.33689603827,-283.933270591151,6.49502465289259,12.5596279532276,18.5437815246582,2.50750929421095,0.123269575010532,1.0123307106229,0.0501833603105719
-265.375510044152,-283.998960247533,6.53363865877493,12.0899409998545,18.5437815246582,2.50750929421095,0.123269575010532,1.0123307106229,0.0501833603105719
-265.398297205215,-284.060222914178,6.55642581983856,11.9182033699594,18.8229868469238,2.50750929421095,0.123269575010532,1.0123307106229,0.0501833603105719
-265.407518984765,-284.117439400567,6.56564759938788,12.1690335915287,18.8229868469238,2.50750929421095,0.123269575010532,1.0123307106229,0.0501833603105719
-265.445104606083,-284.169814551234,6.60323322070638,12.1716791712931,18.8229868469238,2.50750929421095,0.123269575010532,1.0123307106229,0.0501833603105719
-265.456532410507,-284.21773252807,6.61466102513059,11.0943013613952,19.0567972717285,2.50750929421095,0.123269575010532,1.0123307106229,0.0501833603105719
-265.495183151112,-284.26129107643,6.65331176573497,11.2650211018952,19.0567972717285,2.50750929421095,0.123269575010532,1.0123307106229,0.0501833603105719
-265.501586499408,-284.300466982237,6.65971511403102,11.1046230239277,19.0567972717285,2.50750929421095,0.123269575010532,1.0123307106229,0.0501833603105719
-265.529134824595,-284.335335580989,6.68726343921761,10.4719660174859,19.0567972717285,2.50750929421095,0.123269575010532,1.0123307106229,0.0501833603105719
-265.54292715776,-284.365491300263,6.70105577238334,10.1464484872996,19.1739008483887,2.50750929421095,0.123269575010532,1.0123307106229,0.0501833603105719
-265.569176423333,-284.391359732408,6.72730503795654,9.87278835060908,19.1739008483887,2.50750929421095,0.123269575010532,1.0123307106229,0.0501833603105719
-265.576588082452,-284.412843565721,6.73471669707554,9.26302879983877,19.1739008483887,2.50750929421095,0.123269575010532,1.0123307106229,0.0501833603105719
-265.592595267889,-284.430130737946,6.75072388251252,9.28431586994094,19.2662165222168,2.50750929421095,0.123269575010532,1.0123307106229,0.0501833603105719
-265.614432012183,-284.443112364776,6.77256062680581,9.05298948466833,19.2662165222168,2.50750929421095,0.123269575010532,1.0123307106229,0.0501833603105719
-265.621056023034,-284.451820949813,6.77918463765709,9.00298337636277,19.2662165222168,2.50750929421095,0.123269575010532,1.0123307106229,0.0501833603105719
-265.640761705416,-284.45633136605,6.79889032003866,8.80662209639359,19.3369028625488,2.50750929421095,0.123269575010532,1.0123307106229,0.0501833603105719
-265.654867593201,-284.456733658261,6.81299620782405,7.789922825133,19.3369028625488,2.50750929421095,0.123269575010532,1.0123307106229,0.0501833603105719
-265.66728177699,-284.453113158683,6.82541039161261,6.99362307443588,19.3369028625488,2.50750929421095,0.123269575010532,1.0123307106229,0.0501833603105719
-265.683582529523,-284.445509158844,6.8417111441465,6.40345169431539,19.3369028625488,2.50750929421095,0.123269575010532,1.0123307106229,0.0501833603105719
-265.704697258846,-284.433997347616,6.86282587346865,6.08636539201922,19.268646484375,2.50750929421095,0.123269575010532,1.0123307106229,0.0501833603105719
-265.709372697763,-284.418700640509,6.86750131238612,5.48279352534001,19.268646484375,2.50750929421095,0.123269575010532,1.0123307106229,0.0501833603105719
-265.719414166014,-284.399701417455,6.87754278063724,5.35079553530328,19.268646484375,2.50750929421095,0.123269575010532,1.0123307106229,0.0501833603105719
-265.732436328524,-284.377001308834,6.89056494314683,5.21876251484541,19.0814173278809,2.50750929421095,0.123269575010532,1.0123307106229,0.0501833603105719
-265.750205778584,-284.35084895995,6.90833439320671,5.04020029180874,19.0814173278809,2.50750929421095,0.123269575010532,1.0123307106229,0.0501833603105719
-265.752202765361,-284.321522130587,6.91033137998398,4.30490398932976,19.0814173278809,2.50750929421095,0.123269575010532,1.0123307106229,0.0501833603105719
-265.757616246457,-284.288467710687,6.91574486107965,3.52030945301646,18.8269312438965,2.50750929421095,0.123269575010532,1.0123307106229,0.0501833603105719
-265.759042331926,-284.252401010914,6.91717094654892,2.7473052458799,18.8269312438965,2.50750929421095,0.123269575010532,1.0123307106229,0.0501833603105719
-265.776098483267,-284.213414595385,6.9342270978901,2.74007968579277,18.8269312438965,2.50750929421095,0.123269575010532,1.0123307106229,0.0501833603105719
-265.772740821264,-284.171276811107,6.93086943588683,1.71066144605956,18.8269312438965,2.50750929421095,0.123269575010532,1.0123307106229,0.0501833603105719
-265.778202678291,-284.126403029224,6.93633129291427,0.333427503119701,18.5016062316895,2.50750929421095,0.123269575010532,1.0123307106229,0.0501833603105719
-265.782320382411,-284.07887159061,6.94044899703422,-1.09744944030856,18.5016062316895,2.50750929421095,0.123269575010532,1.0123307106229,0.0501833603105719
-265.77128203952,-284.028146354408,6.92941065414343,-2.558059259739,18.5016062316895,2.50750929421095,0.123269575010532,1.0123307106229,0.0501833603105719
-265.77386013249,-283.975597420447,6.93198874711265,-2.06645871509133,18.2211229858398,2.50750929421095,0.123269575010532,1.0123307106229,0.0501833603105719
-265.761874128683,-283.920814436292,6.92000274330623,-3.73074564767941,18.2211229858398,2.50750929421095,0.123269575010532,1.0123307106229,0.0501833603105719
-265.75583675205,-283.863615991677,6.91396536667282,-5.94777478994349,18.2211229858398,2.50750929421095,0.123269575010532,1.0123307106229,0.0501833603105719
-265.757095093468,-283.804056541943,6.91522370809083,-6.58269130040582,17.985500579834,2.50750929421095,0.123269575010532,1.0123307106229,0.0501833603105719
-265.747385560809,-283.742892112542,6.90551417543212,-6.57936064093094,17.985500579834,2.50750929421095,0.123269575010532,1.0123307106229,0.0501833603105719
-265.722975018889,-283.680010854092,6.8811036335123,-6.73844579874859,17.985500579834,2.50750929421095,0.123269575010532,1.0123307106229,0.0501833603105719
-265.710992820957,-283.614823057166,6.86912143558022,-7.83542811086527,17.985500579834,2.50750929421095,0.123269575010532,1.0123307106229,0.0501833603105719
-265.695760478243,-283.548781453509,6.85388909286616,-8.05153523585991,17.8911173400879,2.50750929421095,0.123269575010532,1.0123307106229,0.0501833603105719
-265.673554796775,-283.481238233831,6.83168341139834,-6.92190792665309,17.8911173400879,2.50750929421095,0.123269575010532,1.0123307106229,0.0501833603105719
-265.65851712187,-283.411983387939,6.81664573649299,-6.04463178804452,17.8911173400879,2.50750929421095,0.123269575010532,1.0123307106229,0.0501833603105719
-265.653222361235,-283.34206723207,6.81135097585833,-6.19503030916359,17.7718088684082,2.50750929421095,0.123269575010532,1.0123307106229,0.0501833603105719
-265.643454636419,-283.268191682019,6.80158325104235,-6.93054561516752,17.7718088684082,2.50750929421095,0.123269575010532,1.0123307106229,0.0501833603105719
-265.606395332655,-283.197565174862,6.764523947278,-7.28525737390556,17.7718088684082,2.50750929421095,0.123269575010532,1.0123307106229,0.0501833603105719
-265.602490443542,-283.12477748317,6.76061905816522,-7.17680467197506,17.6516878662109,2.50750929421095,0.123269575010532,1.0123307106229,0.0501833603105719
-265.597996342802,-283.051640957999,6.75612495742534,-7.17405216487977,17.6516878662109,2.50750929421095,0.123269575010532,1.0123307106229,0.0501833603105719
-265.579469696775,-282.977176888559,6.73759831139814,-6.9666919305051,17.6516878662109,2.50750929421095,0.123269575010532,1.0123307106229,0.0501833603105719
-265.560950669347,-282.902384742119,6.71907928397009,-7.3089436442409,17.6516878662109,2.50750929421095,0.123269575010532,1.0123307106229,0.0501833603105719
-265.547193209371,-282.827708167897,6.70532182399391,-6.61022125823562,17.486908203125,2.50750929421095,0.123269575010532,1.0123307106229,0.0501833603105719
-265.54858745455,-282.752287672909,6.70671606917361,-5.38264106823005,17.486908203125,2.50750929421095,0.123269575010532,1.0123307106229,0.0501833603105719
-265.534974255432,-282.677112600197,6.69310287005487,-5.0235858175295,17.486908203125,2.50750929421095,0.123269575010532,1.0123307106229,0.0501833603105719
-265.521475666806,-282.601724994428,6.67960428142883,-5.8710129599445,17.2075426635742,2.50750929421095,0.123269575010532,1.0123307106229,0.0501833603105719
-265.531794987779,-282.526201551568,6.68992360240184,-5.88272924119183,17.2075426635742,2.50750929421095,0.123269575010532,1.0123307106229,0.0501833603105719
-265.520873033471,-282.451403759529,6.67900164809404,-4.83615179507074,17.2075426635742,2.50750929421095,0.123269575010532,1.0123307106229,0.0501833603105719
-265.521431754979,-282.376056466898,6.67956036960188,-4.28462014934413,16.9035608825684,2.50750929421095,0.123269575010532,1.0123307106229,0.0501833603105719
-265.499134880247,-282.301360235589,6.65726349487056,-4.56069586344939,16.9035608825684,2.50750929421095,0.123269575010532,1.0123307106229,0.0501833603105719
-265.480265133954,-282.227228347865,6.6383937485775,-4.59297785360696,16.9035608825684,2.50750929421095,0.123269575010532,1.0123307106229,0.0501833603105719
-265.479001273947,-282.153659245346,6.63712988857046,-4.48192010377522,16.9035608825684,2.50750929421095,0.123269575010532,1.0123307106229,0.0501833603105719
-265.476631819426,-282.080378149565,6.63476043404909,-4.55655177428642,16.6001741943359,2.50750929421095,0.123269575010532,1.0123307106229,0.0501833603105719
-265.470368627266,-282.007797428448,6.62849724188896,-4.55029617711433,16.6001741943359,2.50750929421095,0.123269575010532,1.0123307106229,0.0501833603105719
-265.451929744365,-281.935723304488,6.61005835898837,-5.16988599712279,16.6001741943359,2.50750929421095,0.123269575010532,1.0123307106229,0.0501833603105719
-265.446988190821,-281.864558127069,6.60511680544379,-6.23805716040392,16.3669741210938,2.50750929421095,0.123269575010532,1.0123307106229,0.0501833603105719
-265.438686525231,-281.793773188369,6.59681513985411,-6.99131055302263,16.3669741210938,2.50750929421095,0.123269575010532,1.0123307106229,0.0501833603105719
-265.414297201363,-281.724273213283,6.57242581598649,-6.81545296551362,16.3669741210938,2.50750929421095,0.123269575010532,1.0123307106229,0.0501833603105719
-265.409858524802,-281.655423434883,6.56798713942486,-6.75770464072106,16.1336786804199,2.50750929421095,0.123269575010532,1.0123307106229,0.0501833603105719
-265.394917164924,-281.587478140208,6.55304577954663,-6.9583763604777,16.1336786804199,2.50750929421095,0.123269575010532,1.0123307106229,0.0501833603105719
-265.381941922611,-281.520548019787,6.54007053723421,-6.73398489341567,16.1336786804199,2.50750929421095,0.123269575010532,1.0123307106229,0.0501833603105719
-265.363151772554,-281.453925663742,6.52128038717736,-7.32335508245172,16.1336786804199,2.50750929421095,0.123269575010532,1.0123307106229,0.0501833603105719
-265.342584314177,-281.388570898581,6.50071292880006,-7.55710442724621,15.9931252059937,2.50750929421095,0.123269575010532,1.0123307106229,0.0501833603105719
-265.337482136258,-281.324280619405,6.49561075088151,-7.37070714333746,15.9931252059937,2.50750929421095,0.123269575010532,1.0123307106229,0.0501833603105719
-265.304375082688,-281.260948212242,6.46250369731111,-7.36175491277211,15.9931252059937,2.50750929421095,0.123269575010532,1.0123307106229,0.0501833603105719
-265.306466113115,-281.198053809772,6.46459472773847,-7.56938422791151,15.8767845687866,2.50750929421095,0.123269575010532,1.0123307106229,0.0501833603105719
-265.28083379,-281.136591085417,6.4389624046231,-7.86295849426185,15.8767845687866,2.50750929421095,0.123269575010532,1.0123307106229,0.0501833603105719
-265.265730713274,-281.07607515963,6.42385932789735,-7.66072264454842,15.8767845687866,2.50750929421095,0.123269575010532,1.0123307106229,0.0501833603105719
-265.266898039049,-281.016171425526,6.42502665367234,-7.15266250325468,15.7125675735474,2.50750929421095,0.123269575010532,1.0123307106229,0.0501833603105719
-265.240898429953,-280.957229092171,6.39902704457618,-7.08500833319337,15.7125675735474,2.50750929421095,0.123269575010532,1.0123307106229,0.0501833603105719
-265.222512156129,-280.899111328257,6.38064077075234,-6.92006079236874,15.7125675735474,2.50750929421095,0.123269575010532,1.0123307106229,0.0501833603105719
-265.214448030005,-280.84156163819,6.37257664462781,-6.37622390125065,15.7125675735474,2.50750929421095,0.123269575010532,1.0123307106229,0.0501833603105719
-265.196177391059,-280.785748708189,6.35430600568176,-5.90713573621447,15.5964558181763,2.50750929421095,0.123269575010532,1.0123307106229,0.0501833603105719
-265.182917940831,-280.729423741771,6.34104655545426,-5.93348282154039,15.5964558181763,2.50750929421095,0.123269575010532,1.0123307106229,0.0501833603105719
-265.177449721539,-280.674387368381,6.33557833616227,-5.98138033395787,15.5964558181763,2.50750929421095,0.123269575010532,1.0123307106229,0.0501833603105719
-265.165764988703,-280.620665932717,6.32389360332569,-6.41680169884487,15.4800713119507,2.50750929421095,0.123269575010532,1.0123307106229,0.0501833603105719
-265.162849961055,-280.566869927544,6.32097857567776,-6.06722706369954,15.4800713119507,2.50750929421095,0.123269575010532,1.0123307106229,0.0501833603105719
-265.131034586099,-280.513968505535,6.28916320072176,-5.07951611282447,15.4800713119507,2.50750929421095,0.123269575010532,1.0123307106229,0.0501833603105719
-265.14493418499,-280.461409260121,6.30306279961301,-4.90568738128143,15.3641159591675,2.50750929421095,0.123269575010532,1.0123307106229,0.0501833603105719
-265.11394270041,-280.409131881428,6.27207131503349,-5.23313486951973,15.3641159591675,2.50750929421095,0.123269575010532,1.0123307106229,0.0501833603105719
-265.110994461601,-280.357857266604,6.26912307622396,-4.93553007896215,15.3641159591675,2.50750929421095,0.123269575010532,1.0123307106229,0.0501833603105719
-265.112165921448,-280.306560069568,6.27029453607114,-4.77326044933225,15.3641159591675,2.50750929421095,0.123269575010532,1.0123307106229,0.0501833603105719
-265.101992922363,-280.255594134375,6.26012153698641,-4.66808109080456,15.1786263046265,2.50750929421095,0.123269575010532,1.0123307106229,0.0501833603105719
-265.090448220882,-280.20510925032,6.2485768355055,-4.38719896601502,15.1786263046265,2.50750929421095,0.123269575010532,1.0123307106229,0.0501833603105719
-265.076081969159,-280.154680867527,6.2342105837816,-4.21070636866993,15.1786263046265,2.50750929421095,0.123269575010532,1.0123307106229,0.0501833603105719
-265.078391675217,-280.10390602933,6.23652028984012,-4.43464282920477,15.0602848587036,2.50750929421095,0.123269575010532,1.0123307106229,0.0501833603105719
-265.063111714406,-280.05264475679,6.22124032902877,-5.07078873208992,15.0602848587036,2.50750929421095,0.123269575010532,1.0123307106229,0.0501833603105719
-265.057133568506,-280.00277359317,6.21526218312934,-4.50267746314811,15.0602848587036,2.50750929421095,0.123269575010532,1.0123307106229,0.0501833603105719
-265.047723447298,-279.952725460568,6.2058520619212,-4.53947857419489,14.9197323379517,2.50750929421095,0.123269575010532,1.0123307106229,0.0501833603105719
-265.035292408124,-279.902690747819,6.19342102274745,-4.32883687359811,14.9197323379517,2.50750929421095,0.123269575010532,1.0123307106229,0.0501833603105719
-265.029349733565,-279.852028751066,6.18747834818856,-4.26555779215785,14.9197323379517,2.50750929421095,0.123269575010532,1.0123307106229,0.0501833603105719
-265.028443624562,-279.800690202134,6.18657223918473,-4.37555238408874,14.9197323379517,2.50750929421095,0.123269575010532,1.0123307106229,0.0501833603105719
-265.005181087575,-279.749818916646,6.16330970219792,-4.45510516101334,14.8016064224243,2.50750929421095,0.123269575010532,1.0123307106229,0.0501833603105719
-265.004880183163,-279.69819318537,6.1630087977862,-4.64418716825749,14.8016064224243,2.50750929421095,0.123269575010532,1.0123307106229,0.0501833603105719
-264.995338407833,-279.646163589406,6.15346702245617,-4.52952759226681,14.8016064224243,2.50750929421095,0.123269575010532,1.0123307106229,0.0501833603105719
-264.979080808591,-279.59363731258,6.13720942321444,-4.33765805907195,14.6616394577026,2.50750929421095,0.123269575010532,1.0123307106229,0.0501833603105719
-264.974674749111,-279.540649390537,6.13280336373406,-4.48179768844301,14.6616394577026,2.50750929421095,0.123269575010532,1.0123307106229,0.0501833603105719
-264.963810235713,-279.486951983209,6.12193885033568,-4.42363099805274,14.6616394577026,2.50750929421095,0.123269575010532,1.0123307106229,0.0501833603105719
-264.96368699348,-279.43272663176,6.12181560810338,-4.57929475482552,14.5688946304321,2.50750929421095,0.123269575010532,1.0123307106229,0.0501833603105719
-264.946390835651,-279.377773737649,6.10451945027457,-4.57511837210873,14.5688946304321,2.50750929421095,0.123269575010532,1.0123307106229,0.0501833603105719
-264.945973182645,-279.322189479991,6.10410179726806,-4.74968050945982,14.5688946304321,2.50750929421095,0.123269575010532,1.0123307106229,0.0501833603105719
-264.92288387182,-279.265762654005,6.08101248644327,-4.62863482649542,14.5688946304321,2.50750929421095,0.123269575010532,1.0123307106229,0.0501833603105719
-264.928978310904,-279.208832424639,6.0871069255275,-4.24939086920845,14.4042103347778,2.50750929421095,0.123269575010532,1.0123307106229,0.0501833603105719
-264.90945367813,-279.150376238809,6.06758229275267,-4.24474477233394,14.4042103347778,2.50750929421095,0.123269575010532,1.0123307106229,0.0501833603105719
-264.90423239079,-279.091637308931,6.06236100541346,-4.2300942229198,14.4042103347778,2.50750929421095,0.123269575010532,1.0123307106229,0.0501833603105719
-264.894721433951,-279.032108217326,6.05285004857431,-4.811219182443,14.2405293045044,2.50750929421095,0.123269575010532,1.0123307106229,0.0501833603105719
-264.891518623488,-278.971343742584,6.04964723811113,-5.05062731847819,14.2405293045044,2.50750929421095,0.123269575010532,1.0123307106229,0.0501833603105719
-264.878097217272,-278.910068622754,6.03622583189473,-4.63553921627073,14.2405293045044,2.50750929421095,0.123269575010532,1.0123307106229,0.0501833603105719
-264.872625417193,-278.847059296973,6.03075403181574,-4.80970928552143,14.0778133926392,2.50750929421095,0.123269575010532,1.0123307106229,0.0501833603105719
-264.865665211183,-278.783120047725,6.02379382580626,-4.65581081623448,14.0778133926392,2.50750929421095,0.123269575010532,1.0123307106229,0.0501833603105719
-264.858644389806,-278.719472936966,6.01677300442882,-4.67159300556324,14.0778133926392,2.50750929421095,0.123269575010532,1.0123307106229,0.0501833603105719
-264.845899015652,-278.653697027065,6.00402763027502,-5.22643520081591,14.0778133926392,2.50750929421095,0.123269575010532,1.0123307106229,0.0501833603105719
-264.836635670385,-278.587301169247,5.9947642850085,-5.06169210212245,13.9136192855835,2.50750929421095,0.123269575010532,1.0123307106229,0.0501833603105719
-264.823464689457,-278.520586827934,5.98159330408049,-4.79213537111961,13.9136192855835,2.50750929421095,0.123269575010532,1.0123307106229,0.0501833603105719
-264.824249319196,-278.452707093288,5.98237793381867,-4.98207507343049,13.9136192855835,2.50750929421095,0.123269575010532,1.0123307106229,0.0501833603105719
-264.805158047827,-278.383593078923,5.9632866624505,-5.41532092571929,13.7264359054565,2.50750929421095,0.123269575010532,1.0123307106229,0.0501833603105719
-264.803027498951,-278.313788176104,5.96115611357456,-5.5491281260962,13.7264359054565,2.50750929421095,0.123269575010532,1.0123307106229,0.0501833603105719
-264.783465699743,-278.24348518945,5.94159431436569,-5.56743637113042,13.7264359054565,2.50750929421095,0.123269575010532,1.0123307106229,0.0501833603105719
-264.770804109695,-278.172290331331,5.92893272431816,-5.29209782858691,13.5610115585327,2.50750929421095,0.123269575010532,1.0123307106229,0.0501833603105719
-264.766241023102,-278.100193496702,5.92436963772469,-5.37231388699018,13.5610115585327,2.50750929421095,0.123269575010532,1.0123307106229,0.0501833603105719
-264.741955095445,-278.027301617307,5.90008371006767,-5.73399400633834,13.5610115585327,2.50750929421095,0.123269575010532,1.0123307106229,0.0501833603105719
-264.738803539066,-277.954404285362,5.89693215368892,-5.96603221739741,13.5610115585327,2.50750929421095,0.123269575010532,1.0123307106229,0.0501833603105719
-264.726379670754,-277.880473476412,5.88450828537684,-5.99879096754673,13.3969719467163,2.50750929421095,0.123269575010532,1.0123307106229,0.0501833603105719
-264.729087834141,-277.806542203229,5.88721644876389,-5.57378328338304,13.3969719467163,2.50750929421095,0.123269575010532,1.0123307106229,0.0501833603105719
-264.706792041331,-277.731940568358,5.86492065595406,-5.84458153249556,13.3969719467163,2.50750929421095,0.123269575010532,1.0123307106229,0.0501833603105719
-264.696144420832,-277.656687362921,5.85427303545521,-6.50222639460562,13.1868641433716,2.50750929421095,0.123269575010532,1.0123307106229,0.0501833603105719
-264.675476371351,-277.581273882896,5.83360498597457,-6.23771223671597,13.1868641433716,2.50750929421095,0.123269575010532,1.0123307106229,0.0501833603105719
-264.668060016223,-277.506272613005,5.82618863084572,-5.54974461743175,13.1868641433716,2.50750929421095,0.123269575010532,1.0123307106229,0.0501833603105719
-264.669229150977,-277.430714498956,5.82735776560017,-5.76725755437815,13.045727973938,2.50750929421095,0.123269575010532,1.0123307106229,0.0501833603105719
-264.647524358585,-277.355681950371,5.80565297320845,-6.07982678495916,13.045727973938,2.50750929421095,0.123269575010532,1.0123307106229,0.0501833603105719
-264.642297288928,-277.280312312048,5.80042590355118,-6.42223438352091,13.045727973938,2.50750929421095,0.123269575010532,1.0123307106229,0.0501833603105719
-264.622879535784,-277.205220586152,5.78100815040689,-6.16630351341996,13.045727973938,2.50750929421095,0.123269575010532,1.0123307106229,0.0501833603105719
-264.614497706824,-277.13083234847,5.77262632144721,-5.84392994449027,12.7882778701782,2.50750929421095,0.123269575010532,1.0123307106229,0.0501833603105719
-264.609395855162,-277.056862379457,5.76752446978496,-6.17236409659618,12.7882778701782,2.50750929421095,0.123269575010532,1.0123307106229,0.0501833603105719
-264.595615774975,-276.982714867822,5.7537443895983,-6.32834376800341,12.7882778701782,2.50750929421095,0.123269575010532,1.0123307106229,0.0501833603105719
-264.57585930042,-276.910119045739,5.73398791504293,-6.79875461973626,12.6023247299194,2.50750929421095,0.123269575010532,1.0123307106229,0.0501833603105719
-264.563077615447,-276.836514299454,5.72120623006961,-6.84403337106099,12.6023247299194,2.50750929421095,0.123269575010532,1.0123307106229,0.0501833603105719
-264.561268577564,-276.764632432986,5.71939719218695,-6.53455572366896,12.6023247299194,2.50750929421095,0.123269575010532,1.0123307106229,0.0501833603105719
-264.531065353686,-276.694949897793,5.68919396830958,-6.92236034981774,12.4155857620239,2.50750929421095,0.123269575010532,1.0123307106229,0.0501833603105719
-264.514493943633,-276.626752478804,5.67262255825607,-7.24203184008172,12.4155857620239,2.50750929421095,0.123269575010532,1.0123307106229,0.0501833603105719
-264.5190852936,-276.558977326572,5.67721390822323,-7.29644387945868,12.4155857620239,2.50750929421095,0.123269575010532,1.0123307106229,0.0501833603105719
-264.506205810719,-276.492515294117,5.66433442534231,-6.7990132503068,12.4155857620239,2.50750929421095,0.123269575010532,1.0123307106229,0.0501833603105719
-264.502308324943,-276.427725217196,5.66043693956647,-7.10838138501903,12.2292740402222,2.50750929421095,0.123269575010532,1.0123307106229,0.0501833603105719
-264.475736300709,-276.364743615209,5.63386491533219,-7.37998860841892,12.2292740402222,2.50750929421095,0.123269575010532,1.0123307106229,0.0501833603105719
-264.462908956844,-276.303395004405,5.62103757146726,-7.02021776868773,12.2292740402222,2.50750929421095,0.123269575010532,1.0123307106229,0.0501833603105719
-264.440640967379,-276.24441789163,5.59876958200251,-6.73999871216898,12.0408680496216,2.50750929421095,0.123269575010532,1.0123307106229,0.0501833603105719
-264.43102531802,-276.186737871156,5.58915393264275,-7.10042147462759,12.0408680496216,2.50750929421095,0.123269575010532,1.0123307106229,0.0501833603105719
-264.423704741808,-276.131910782296,5.58183335643114,-7.56190886677696,12.0408680496216,2.50750929421095,0.123269575010532,1.0123307106229,0.0501833603105719
-264.39638953015,-276.079132771984,5.55451814477265,-7.59927027897388,11.8761093673706,2.50750929421095,0.123269575010532,1.0123307106229,0.0501833603105719
-264.387732646814,-276.029025042899,5.54586126143702,-7.36050661655259,11.8761093673706,2.50750929421095,0.123269575010532,1.0123307106229,0.0501833603105719
-264.382038662199,-275.9808860266,5.54016727682244,-7.33042671314442,11.8761093673706,2.50750929421095,0.123269575010532,1.0123307106229,0.0501833603105719
-264.351060627947,-275.936173641503,5.50918924257027,-7.26641488638951,11.8761093673706,2.50750929421095,0.123269575010532,1.0123307106229,0.0501833603105719
-264.343603578106,-275.894252734076,5.50173219272959,-7.44376499270055,11.7128098068237,2.50750929421095,0.123269575010532,1.0123307106229,0.0501833603105719
-264.328893075531,-275.854930908795,5.48702169015441,-7.21547696055616,11.7128098068237,2.50750929421095,0.123269575010532,1.0123307106229,0.0501833603105719
-264.316001648096,-275.81866971601,5.47413026271892,-6.93421416415958,11.7128098068237,2.50750929421095,0.123269575010532,1.0123307106229,0.0501833603105719
-264.305020214283,-275.78599098697,5.46314882890636,-7.34122666183359,11.5975668487549,2.50750929421095,0.123269575010532,1.0123307106229,0.0501833603105719
-264.285187319155,-275.756289089216,5.44331593377795,-7.70655347136427,11.5975668487549,2.50750929421095,0.123269575010532,1.0123307106229,0.0501833603105719
-264.269606649156,-275.730123793656,5.42773526377888,-6.80714625206331,11.5975668487549,2.50750929421095,0.123269575010532,1.0123307106229,0.0501833603105719
-264.25788350874,-275.707325213407,5.4160121233634,-6.67291313094486,11.5036652145386,2.50750929421095,0.123269575010532,1.0123307106229,0.0501833603105719
-264.251518130688,-275.688357842269,5.40964674531141,-6.58662821599496,11.5036652145386,2.50750929421095,0.123269575010532,1.0123307106229,0.0501833603105719
-264.234306858757,-275.673020200031,5.39243547338003,-6.41868506525184,11.5036652145386,2.50750929421095,0.123269575010532,1.0123307106229,0.0501833603105719
-264.228556560598,-275.661409213493,5.38668517522112,-6.47742688900156,11.4106133041382,2.50750929421095,0.123269575010532,1.0123307106229,0.0501833603105719
-264.212444153014,-275.653785277713,5.37057276763747,-6.43718081151743,11.4106133041382,2.50750929421095,0.123269575010532,1.0123307106229,0.0501833603105719
-264.200694865886,-275.65007799305,5.35882348050898,-6.04436705468045,11.4106133041382,2.50750929421095,0.123269575010532,1.0123307106229,0.0501833603105719
-264.179514024648,-275.650404048155,5.33764263927122,-5.91224079833421,11.4106133041382,2.50750929421095,0.123269575010532,1.0123307106229,0.0501833603105719
-264.173652305641,-275.654874043621,5.33178092026421,-5.7655614970898,11.3632710037231,2.50750929421095,0.123269575010532,1.0123307106229,0.0501833603105719
-264.153616174446,-275.663542419248,5.31174478906871,-6.00607209686348,11.3632710037231,2.50750929421095,0.123269575010532,1.0123307106229,0.0501833603105719
-264.143108125149,-275.676320514652,5.30123673977179,-5.89436285677035,11.3632710037231,2.50750929421095,0.123269575010532,1.0123307106229,0.0501833603105719
-264.139191048036,-275.693528283209,5.29731966265867,-5.1728395825987,11.3401672897339,2.50750929421095,0.123269575010532,1.0123307106229,0.0501833603105719
-264.140018854288,-275.714930200049,5.29814746891061,-4.92808014210864,11.3401672897339,2.50750929421095,0.123269575010532,1.0123307106229,0.0501833603105719
-264.119734150802,-275.740645519802,5.27786276542497,-4.95076639921496,11.3401672897339,2.50750929421095,0.123269575010532,1.0123307106229,0.0501833603105719
-264.103602162814,-275.771130317605,5.26173077743702,-4.58752209332673,11.3401672897339,2.50750929421095,0.123269575010532,1.0123307106229,0.0501833603105719
-264.107586659259,-275.80563997003,5.2657152738817,-4.31445665579432,11.3636543807983,2.50750929421095,0.123269575010532,1.0123307106229,0.0501833603105719
-264.093017023995,-275.844676292226,5.25114563861817,-4.35834934932985,11.3636543807983,2.50750929421095,0.123269575010532,1.0123307106229,0.0501833603105719
-264.085989093289,-275.88849707439,5.24411770791239,-4.00213454486511,11.3636543807983,2.50750929421095,0.123269575010532,1.0123307106229,0.0501833603105719
-264.094859755224,-275.936445994792,5.25298836984689,-3.65017774400643,11.5274641571045,2.50750929421095,0.123269575010532,1.0123307106229,0.0501833603105719
-264.081490220785,-275.988814837617,5.23961883540791,-3.28023355707469,11.5274641571045,2.50750929421095,0.123269575010532,1.0123307106229,0.0501833603105719
-264.073593715746,-276.045749506161,5.23172233036873,-3.08200424184061,11.5274641571045,2.50750929421095,0.123269575010532,1.0123307106229,0.0501833603105719
-264.058098831838,-276.106763407237,5.21622744646077,-2.59920245055277,11.7124264297485,2.50750929421095,0.123269575010532,1.0123307106229,0.0501833603105719
-264.057333123934,-276.172308032633,5.21546173855703,-1.90173439013031,11.7124264297485,2.50750929421095,0.123269575010532,1.0123307106229,0.0501833603105719
-264.051268807841,-276.242039990319,5.20939742246407,-0.758047360593271,11.7124264297485,2.50750929421095,0.123269575010532,1.0123307106229,0.0501833603105719
-264.058753981874,-276.316336729735,5.21688259649672,-0.197106014754615,11.7124264297485,2.50750929421095,0.123269575010532,1.0123307106229,0.0501833603105719
-264.055972874997,-276.394994834809,5.21410148961998,0.883968506606073,11.922400718689,2.50750929421095,0.123269575010532,1.0123307106229,0.0501833603105719
-264.052885576263,-276.478245674527,5.21101419088615,0.842569046839029,11.922400718689,2.50750929421095,0.123269575010532,1.0123307106229,0.0501833603105719
-264.049320885836,-276.564161225666,5.20744950045871,0.496856548175933,11.922400718689,2.50750929421095,0.123269575010532,1.0123307106229,0.0501833603105719
-264.05362994364,-276.655529625587,5.21175855826311,1.81920232604622,12.1545994338989,2.50750929421095,0.123269575010532,1.0123307106229,0.0501833603105719
-264.061485041968,-276.750903902061,5.21961365659152,5.30031056586862,12.1545994338989,2.50750929421095,0.123269575010532,1.0123307106229,0.0501833603105719
-264.073676586531,-276.851443157561,5.23180520115368,5.76372492569242,12.1545994338989,2.50750929421095,0.123269575010532,1.0123307106229,0.0501833603105719
-264.079615265827,-276.95174734294,5.23774388044979,5.26631655048069,12.3647072372437,2.50750929421095,0.123269575010532,1.0123307106229,0.0501833603105719
-264.088691306023,-277.058646521502,5.24681992064613,5.97720288848944,12.3647072372437,2.50750929421095,0.123269575010532,1.0123307106229,0.0501833603105719
-264.08321023658,-277.167869955599,5.24133885120287,6.60739458510444,12.3647072372437,2.50750929421095,0.123269575010532,1.0123307106229,0.0501833603105719
-264.109051746442,-277.281375490718,5.26718036106483,7.41304051035535,12.3647072372437,2.50750929421095,0.123269575010532,1.0123307106229,0.0501833603105719
-264.119880852831,-277.398821499281,5.27800946745444,7.14818757416985,12.5315392074585,2.50750929421095,0.123269575010532,1.0123307106229,0.0501833603105719
-264.151576872256,-277.517520565671,5.30970548687926,6.52149867166361,12.5315392074585,2.50750929421095,0.123269575010532,1.0123307106229,0.0501833603105719
-264.154161161685,-277.640080959307,5.31228977630849,6.32025536055343,12.5315392074585,2.50750929421095,0.123269575010532,1.0123307106229,0.0501833603105719
-264.177394255183,-277.767033332843,5.33552286980615,6.55184573617106,12.7894337234497,2.50750929421095,0.123269575010532,1.0123307106229,0.0501833603105719
-264.180855187571,-277.895382731585,5.33898380219405,7.18894589839243,12.7894337234497,2.50750929421095,0.123269575010532,1.0123307106229,0.0501833603105719
-264.196015171327,-278.02648702925,5.35414378595017,7.38875247505659,12.7894337234497,2.50750929421095,0.123269575010532,1.0123307106229,0.0501833603105719
-264.218625501967,-278.160344653391,5.37675411658978,7.74798230147799,13.0717556533813,2.50750929421095,0.123269575010532,1.0123307106229,0.0501833603105719
-264.222203345829,-278.296139582186,5.38033196045218,8.24018994802559,13.0717556533813,2.50750929421095,0.123269575010532,1.0123307106229,0.0501833603105719
-264.252453588324,-278.435236300784,5.41058220294716,8.3347547341684,13.0717556533813,2.50750929421095,0.123269575010532,1.0123307106229,0.0501833603105719
-264.258818350558,-278.575830718898,5.41694696518086,8.41263770265532,13.0717556533813,2.50750929421095,0.123269575010532,1.0123307106229,0.0501833603105719
-264.277963903005,-278.717865769585,5.43609251762828,8.11346959330333,13.4693062362671,2.50750929421095,0.123269575010532,1.0123307106229,0.0501833603105719
-264.291810706001,-278.862516094796,5.4499393206241,8.30142219702256,13.4693062362671,2.50750929421095,0.123269575010532,1.0123307106229,0.0501833603105719
-264.291131763913,-279.007298046048,5.44926037853571,8.08351943840551,13.4693062362671,2.50750929421095,0.123269575010532,1.0123307106229,0.0501833603105719
-264.321129395689,-279.154067254743,5.47925801031168,8.27690154043036,13.8904621658325,2.50750929421095,0.123269575010532,1.0123307106229,0.0501833603105719
-264.323267425756,-279.302144839678,5.4813960403795,9.02980523136764,13.8904621658325,2.50750929421095,0.123269575010532,1.0123307106229,0.0501833603105719
-264.342796641358,-279.451028582898,5.500925255981,9.1956953329045,13.8904621658325,2.50750929421095,0.123269575010532,1.0123307106229,0.0501833603105719
-264.348011951786,-279.602245057946,5.50614056640875,9.2576712212381,14.3555157241821,2.50750929421095,0.123269575010532,1.0123307106229,0.0501833603105719
-264.38668335788,-279.751389222916,5.54481197250328,9.54266869366812,14.3555157241821,2.50750929421095,0.123269575010532,1.0123307106229,0.0501833603105719
-264.397550420157,-279.901825579902,5.5556790347801,9.83874192781423,14.3555157241821,2.50750929421095,0.123269575010532,1.0123307106229,0.0501833603105719
-264.401724400507,-280.053459684117,5.55985301513018,10.4517223968867,14.3555157241821,2.50750929421095,0.123269575010532,1.0123307106229,0.0501833603105719
-264.435802387076,-280.202740278899,5.59393100169914,11.2927188843333,14.8206532058716,2.50750929421095,0.123269575010532,1.0123307106229,0.0501833603105719
-264.465434901104,-280.354310480023,5.62356351572746,11.5323504185686,14.8206532058716,2.50750929421095,0.123269575010532,1.0123307106229,0.0501833603105719
-264.476863570282,-280.50453049959,5.63499218490521,12.0202344562178,14.8206532058716,2.50750929421095,0.123269575010532,1.0123307106229,0.0501833603105719
-264.501802146215,-280.653042102877,5.65993076083826,12.8933112225723,15.3115799484253,2.50750929421095,0.123269575010532,1.0123307106229,0.0501833603105719
-264.529093697109,-280.802737526505,5.68722231173185,13.2019657591667,15.3115799484253,2.50750929421095,0.123269575010532,1.0123307106229,0.0501833603105719
-264.547731614637,-280.950318821677,5.7058602292604,13.9069988552212,15.3115799484253,2.50750929421095,0.123269575010532,1.0123307106229,0.0501833603105719
-264.587324307997,-281.096410811771,5.74545292262024,14.5460885961042,15.8719379959106,2.50750929421095,0.123269575010532,1.0123307106229,0.0501833603105719
-264.61289629897,-281.242585518622,5.77102491359305,14.7296829898447,15.8719379959106,2.50750929421095,0.123269575010532,1.0123307106229,0.0501833603105719
-264.629822228566,-281.387271299775,5.7879508431895,15.8146357351559,15.8719379959106,2.50750929421095,0.123269575010532,1.0123307106229,0.0501833603105719
-264.677195643451,-281.528719483188,5.83532425807431,14.9175084373797,15.8719379959106,2.50750929421095,0.123269575010532,1.0123307106229,0.0501833603105719
-264.707605304757,-281.669976248968,5.86573391937995,15.5450180395159,16.3864634094238,2.50750929421095,0.123269575010532,1.0123307106229,0.0501833603105719
-264.724253214559,-281.807999266495,5.88238182918194,17.0644370985323,16.3864634094238,2.50750929421095,0.123269575010532,1.0123307106229,0.0501833603105719
-264.765327674293,-281.944369172083,5.92345628891566,16.464682831279,16.3864634094238,2.50750929421095,0.123269575010532,1.0123307106229,0.0501833603105719
-264.793078895428,-282.07914970036,5.95120751005151,15.9373303574596,16.8320391235352,2.50750929421095,0.123269575010532,1.0123307106229,0.0501833603105719
-264.830416854626,-282.209485010099,5.98854546924887,17.230259170774,16.8320391235352,2.50750929421095,0.123269575010532,1.0123307106229,0.0501833603105719
-264.865347640638,-282.338436316197,6.02347625526095,17.6431445201891,16.8320391235352,2.50750929421095,0.123269575010532,1.0123307106229,0.0501833603105719
-264.905671954045,-282.464127193835,6.06380056866834,16.7362478533499,17.274318939209,2.50750929421095,0.123269575010532,1.0123307106229,0.0501833603105719
-264.935660675469,-282.587111829817,6.09378929009174,16.4080145185688,17.274318939209,2.50750929421095,0.123269575010532,1.0123307106229,0.0501833603105719
-264.974848355986,-282.707530893409,6.13297697060927,17.1832690434867,17.274318939209,2.50750929421095,0.123269575010532,1.0123307106229,0.0501833603105719
-265.015852621129,-282.823480163093,6.17398123575247,15.8391214873185,17.274318939209,2.50750929421095,0.123269575010532,1.0123307106229,0.0501833603105719
-265.042254973428,-282.937202438043,6.20038358805108,15.7576292597379,17.6025545654297,2.50750929421095,0.123269575010532,1.0123307106229,0.0501833603105719
-265.06961234033,-283.046943448646,6.22774095495326,17.4033633293959,17.6025545654297,2.50750929421095,0.123269575010532,1.0123307106229,0.0501833603105719
-265.095326915198,-283.153596356721,6.25345552982154,15.2828119563113,17.6025545654297,2.50750929421095,0.123269575010532,1.0123307106229,0.0501833603105719
-265.131373694506,-283.256281149318,6.28950230912939,15.4657192812497,17.9785158691406,2.50750929421095,0.123269575010532,1.0123307106229,0.0501833603105719
-265.164645600837,-283.3555945419,6.32277421546029,15.844766565816,17.9785158691406,2.50750929421095,0.123269575010532,1.0123307106229,0.0501833603105719
-265.199749098195,-283.453824756165,6.35787771281832,16.0445229852074,17.9785158691406,2.50750929421095,0.123269575010532,1.0123307106229,0.0501833603105719
-265.220148201034,-283.542381268641,6.37827681565672,14.5011673388154,18.3050234375,2.50750929421095,0.123269575010532,1.0123307106229,0.0501833603105719
-265.254127586851,-283.627781547255,6.41225620147456,13.6059011793022,18.3050234375,2.50750929421095,0.123269575010532,1.0123307106229,0.0501833603105719
-265.272507649698,-283.710290267224,6.43063626432139,13.9705406035326,18.3050234375,2.50750929421095,0.123269575010532,1.0123307106229,0.0501833603105719
-265.298295109938,-283.789126818174,6.45642372456112,13.4757453637515,18.3050234375,2.50750929421095,0.123269575010532,1.0123307106229,0.0501833603105719
-265.322166970629,-283.86348841428,6.48029558525187,13.3079929386218,18.5632135925293,2.50750929421095,0.123269575010532,1.0123307106229,0.0501833603105719
-265.352627427627,-283.933424327229,6.51075604225027,13.0753640966669,18.5632135925293,2.50750929421095,0.123269575010532,1.0123307106229,0.0501833603105719
-265.372435883705,-283.999179808544,6.53056449832801,12.4333383017093,18.5632135925293,2.50750929421095,0.123269575010532,1.0123307106229,0.0501833603105719
-265.40376603817,-284.060547085056,6.56189465279344,12.0500754953076,18.8455355224609,2.50750929421095,0.123269575010532,1.0123307106229,0.0501833603105719
-265.421722329523,-284.11754369666,6.57985094414587,11.9215214468991,18.8455355224609,2.50750929421095,0.123269575010532,1.0123307106229,0.0501833603105719
-265.442821396343,-284.169814551234,6.60095001096589,12.0220109738087,18.8455355224609,2.50750929421095,0.123269575010532,1.0123307106229,0.0501833603105719
-265.465917196633,-284.217787152016,6.62404581125597,11.4024694108131,19.0086329040527,2.50750929421095,0.123269575010532,1.0123307106229,0.0501833603105719
-265.478229815614,-284.261399590683,6.63635843023663,10.9414371132885,19.0086329040527,2.50750929421095,0.123269575010532,1.0123307106229,0.0501833603105719
-265.508286955162,-284.300550637545,6.6664155697852,11.1002579486637,19.0086329040527,2.50750929421095,0.123269575010532,1.0123307106229,0.0501833603105719
-265.524433232299,-284.335215480092,6.68256184692223,10.6872052118188,19.0086329040527,2.50750929421095,0.123269575010532,1.0123307106229,0.0501833603105719
-265.542095059534,-284.365508050188,6.70022367415696,10.1302686882217,19.1734736022949,2.50750929421095,0.123269575010532,1.0123307106229,0.0501833603105719
-265.566071806009,-284.391416294736,6.72420042063204,9.59524340948498,19.1734736022949,2.50750929421095,0.123269575010532,1.0123307106229,0.0501833603105719
-265.586701427139,-284.412961412425,6.7448300417623,9.00336939656531,19.1734736022949,2.50750929421095,0.123269575010532,1.0123307106229,0.0501833603105719
-265.603853006205,-284.430258189206,6.76198162082825,9.02433017297271,19.314358001709,2.50750929421095,0.123269575010532,1.0123307106229,0.0501833603105719
-265.622062511833,-284.443121376866,6.7801911264565,8.90935764749171,19.314358001709,2.50750929421095,0.123269575010532,1.0123307106229,0.0501833603105719
-265.64376336653,-284.451802087151,6.80189198115327,8.93013558023668,19.314358001709,2.50750929421095,0.123269575010532,1.0123307106229,0.0501833603105719
-265.653876590269,-284.456329037545,6.81200520489184,8.54604891008529,19.3366282043457,2.50750929421095,0.123269575010532,1.0123307106229,0.0501833603105719
-265.666968305421,-284.456728229265,6.82509692004413,7.73045286229589,19.3366282043457,2.50750929421095,0.123269575010532,1.0123307106229,0.0501833603105719
-265.68219455691,-284.453054652953,6.84032317153305,7.29908132862538,19.3366282043457,2.50750929421095,0.123269575010532,1.0123307106229,0.0501833603105719
-265.683525986949,-284.445486366498,6.8416546015721,6.7191126417392,19.292442565918,2.50750929421095,0.123269575010532,1.0123307106229,0.0501833603105719
-265.704888579702,-284.433941366889,6.86301719432558,6.40221603784902,19.292442565918,2.50750929421095,0.123269575010532,1.0123307106229,0.0501833603105719
-265.72177276984,-284.418647412556,6.87990138446348,5.51760676035336,19.292442565918,2.50750929421095,0.123269575010532,1.0123307106229,0.0501833603105719
-265.725637633095,-284.399666646511,6.88376624771819,4.83183053519564,19.292442565918,2.50750929421095,0.123269575010532,1.0123307106229,0.0501833603105719
-265.736416417167,-284.376986758828,6.89454503179054,4.73487614472481,19.1054232177734,2.50750929421095,0.123269575010532,1.0123307106229,0.0501833603105719
-265.734060777754,-284.350892154443,6.89218939237718,4.39287695589895,19.1054232177734,2.50750929421095,0.123269575010532,1.0123307106229,0.0501833603105719
-265.749908431255,-284.321157305706,6.90803704587778,3.93968930749338,19.1054232177734,2.50750929421095,0.123269575010532,1.0123307106229,0.0501833603105719
-265.769630871566,-284.288488260886,6.92775948618923,3.45194381611284,18.8261301574707,2.50750929421095,0.123269575010532,1.0123307106229,0.0501833603105719
-265.76100676266,-284.25250413319,6.91913537728339,3.0862408854975,18.8261301574707,2.50750929421095,0.123269575010532,1.0123307106229,0.0501833603105719
-265.768218755505,-284.213133647031,6.92634737012793,2.30653226616207,18.8261301574707,2.50750929421095,0.123269575010532,1.0123307106229,0.0501833603105719
-265.768745360426,-284.170986170659,6.92687397504882,0.992674796934766,18.8261301574707,2.50750929421095,0.123269575010532,1.0123307106229,0.0501833603105719
-265.781552849811,-284.126276066094,6.93968146443436,-0.00319864547644229,18.5010950622559,2.50750929421095,0.123269575010532,1.0123307106229,0.0501833603105719
-265.770005580252,-284.078702348435,6.92813419487526,-1.0089702507048,18.5010950622559,2.50750929421095,0.123269575010532,1.0123307106229,0.0501833603105719
-265.776480317967,-284.028520807831,6.93460893259051,-2.2703052601248,18.5010950622559,2.50750929421095,0.123269575010532,1.0123307106229,0.0501833603105719
-265.767182166958,-283.975256858322,6.92531078158148,-2.31387931038726,18.2211229858398,2.50750929421095,0.123269575010532,1.0123307106229,0.0501833603105719
-265.75155713274,-283.92070732345,6.90968574736334,-4.64896634646227,18.2211229858398,2.50750929421095,0.123269575010532,1.0123307106229,0.0501833603105719
-265.762962224327,-283.86326153355,6.92109083894971,-5.10986243952914,18.2211229858398,2.50750929421095,0.123269575010532,1.0123307106229,0.0501833603105719
-265.751906890435,-283.804178769168,6.9100355050577,-6.51023262589714,18.0328447875977,2.50750929421095,0.123269575010532,1.0123307106229,0.0501833603105719
-265.734243156565,-283.742877284959,6.8923717711884,-6.89949869202209,18.0328447875977,2.50750929421095,0.123269575010532,1.0123307106229,0.0501833603105719
-265.727910520566,-283.679698347639,6.88603913518948,-7.04215056055729,18.0328447875977,2.50750929421095,0.123269575010532,1.0123307106229,0.0501833603105719
-265.709365773474,-283.614846504424,6.86749438809731,-7.68577944416496,18.0319826660156,2.50750929421095,0.123269575010532,1.0123307106229,0.0501833603105719
-265.689571943987,-283.548693535493,6.84770055861023,-7.71211319198247,17.8901445922852,2.50750929421095,0.123269575010532,1.0123307106229,0.0501833603105719
-265.677310607124,-283.481001759144,6.83543922174662,-6.76267725881905,17.8901445922852,2.50750929421095,0.123269575010532,1.0123307106229,0.0501833603105719
-265.659513287721,-283.411576603028,6.81764190234402,-6.48072326762963,17.8901445922852,2.50750929421095,0.123269575010532,1.0123307106229,0.0501833603105719
-265.651423227853,-283.341443181728,6.80955184247584,-6.42925832539053,17.7714502868652,2.50750929421095,0.123269575010532,1.0123307106229,0.0501833603105719
-265.637056471049,-283.270466463675,6.7951850856719,-7.07318797469945,17.7714502868652,2.50750929421095,0.123269575010532,1.0123307106229,0.0501833603105719
-265.613994088779,-283.195565951728,6.77212270340177,-7.00129822108805,17.7714502868652,2.50750929421095,0.123269575010532,1.0123307106229,0.0501833603105719
-265.605349830731,-283.12385962627,6.76347844535391,-6.69622949544851,17.6512224731445,2.50750929421095,0.123269575010532,1.0123307106229,0.0501833603105719
-265.586896164022,-283.051358892434,6.74502477864491,-7.00310533552725,17.6512224731445,2.50750929421095,0.123269575010532,1.0123307106229,0.0501833603105719
-265.573315624442,-282.977487507846,6.73144423906474,-6.65268019661807,17.6512224731445,2.50750929421095,0.123269575010532,1.0123307106229,0.0501833603105719
-265.558635338547,-282.902795150931,6.71676395316995,-6.41195449932705,17.4870264587402,2.50750929421095,0.123269575010532,1.0123307106229,0.0501833603105719
-265.550520002987,-282.827009586219,6.7086486176105,-6.26762381289194,17.4870264587402,2.50750929421095,0.123269575010532,1.0123307106229,0.0501833603105719
-265.541325431483,-282.752233805988,6.699454046106,-6.23547703666612,17.4870264587402,2.50750929421095,0.123269575010532,1.0123307106229,0.0501833603105719
-265.532387712325,-282.676968800003,6.69051632694767,-5.60530326559815,17.4870264587402,2.50750929421095,0.123269575010532,1.0123307106229,0.0501833603105719
-265.535832955842,-282.601814851685,6.6939615704647,-5.10821765271402,17.2072336730957,2.50750929421095,0.123269575010532,1.0123307106229,0.0501833603105719
-265.517780593922,-282.526569440885,6.67590920854466,-5.17065450943247,17.2072336730957,2.50750929421095,0.123269575010532,1.0123307106229,0.0501833603105719
-265.519131596841,-282.451573803873,6.67726021146453,-4.86981719489122,17.2072336730957,2.50750929421095,0.123269575010532,1.0123307106229,0.0501833603105719
-265.515280601845,-282.376261540869,6.67340921646775,-4.20915730430383,16.9746325073242,2.50750929421095,0.123269575010532,1.0123307106229,0.0501833603105719
-265.497082547952,-282.301528831945,6.65521116257467,-3.94424597816971,16.9746325073242,2.50750929421095,0.123269575010532,1.0123307106229,0.0501833603105719
-265.492726704467,-282.227660630779,6.65085531908988,-4.3632004446203,16.9746325073242,2.50750929421095,0.123269575010532,1.0123307106229,0.0501833603105719
-265.49663353368,-282.15371181917,6.65476214830285,-4.7517419373746,16.9746325073242,2.50750929421095,0.123269575010532,1.0123307106229,0.0501833603105719
-265.475109278303,-282.080604216228,6.63323789292619,-4.66208977520214,16.6954462585449,2.50750929421095,0.123269575010532,1.0123307106229,0.0501833603105719
-265.47029788022,-282.007599164393,6.62842649484302,-4.16258908749194,16.6954462585449,2.50750929421095,0.123269575010532,1.0123307106229,0.0501833603105719
-265.463664703438,-281.935851393572,6.62179331806129,-4.54716943337792,16.6954462585449,2.50750929421095,0.123269575010532,1.0123307106229,0.0501833603105719
-265.446645452982,-281.864744085245,6.60477406760474,-5.51943935149364,16.4608728942871,2.50750929421095,0.123269575010532,1.0123307106229,0.0501833603105719
-265.430124032379,-281.793764828198,6.5882526470018,-6.37620934128761,16.4608728942871,2.50750929421095,0.123269575010532,1.0123307106229,0.0501833603105719
-265.414970582322,-281.72414925584,6.57309919694482,-6.95642314160311,16.4608728942871,2.50750929421095,0.123269575010532,1.0123307106229,0.0501833603105719
-265.413896529537,-281.654917322196,6.57202514416022,-6.50359511202251,16.2279627380371,2.50750929421095,0.123269575010532,1.0123307106229,0.0501833603105719
-265.405240711427,-281.587107401748,6.56336932604967,-6.62298413472272,16.2279627380371,2.50750929421095,0.123269575010532,1.0123307106229,0.0501833603105719
-265.38549613279,-281.519514148247,6.54362474741327,-6.58919573000201,16.2279627380371,2.50750929421095,0.123269575010532,1.0123307106229,0.0501833603105719
-265.358372694159,-281.453486390462,6.51650130878195,-6.929013657423,16.0174105224609,2.50750929421095,0.123269575010532,1.0123307106229,0.0501833603105719
-265.360860307877,-281.388393008953,6.51898892249975,-6.8653245366837,16.0174105224609,2.50750929421095,0.123269575010532,1.0123307106229,0.0501833603105719
-265.3567825622,-281.324021416815,6.51491117682312,-6.97453253687303,16.0174105224609,2.50750929421095,0.123269575010532,1.0123307106229,0.0501833603105719
-265.325082594431,-281.260527505785,6.48321120905376,-7.00981835543063,16.0174105224609,2.50750929421095,0.123269575010532,1.0123307106229,0.0501833603105719
-265.309052159801,-281.198290668022,6.46718077442404,-7.4138071338646,15.9234726486206,2.50750929421095,0.123269575010532,1.0123307106229,0.0501833603105719
-265.29135919278,-281.136255665158,6.44948780740356,-7.467294279281,15.9234726486206,2.50750929421095,0.123269575010532,1.0123307106229,0.0501833603105719
-265.272164595809,-281.075988952462,6.43029321043187,-6.97835161122164,15.9234726486206,2.50750929421095,0.123269575010532,1.0123307106229,0.0501833603105719
-265.269373614383,-281.016107728807,6.42750222900579,-6.56267440216325,15.8068974075317,2.50750929421095,0.123269575010532,1.0123307106229,0.0501833603105719
-265.244902326586,-280.957054755678,6.40303094120925,-6.80628325041684,15.8068974075317,2.50750929421095,0.123269575010532,1.0123307106229,0.0501833603105719
-265.241584118254,-280.899076964698,6.39971273287693,-7.0281516658217,15.8068974075317,2.50750929421095,0.123269575010532,1.0123307106229,0.0501833603105719
-265.229438655274,-280.841690364522,6.38756726989664,-6.58903749838182,15.6668102798462,2.50750929421095,0.123269575010532,1.0123307106229,0.0501833603105719
-265.212551462057,-280.785414585253,6.3706800766799,-6.28759434471388,15.6668102798462,2.50750929421095,0.123269575010532,1.0123307106229,0.0501833603105719
-265.20769998564,-280.729430334635,6.36582860026341,-5.79114895438467,15.6668102798462,2.50750929421095,0.123269575010532,1.0123307106229,0.0501833603105719
-265.181754755318,-280.674953667573,6.3398833699409,-6.00541201613679,15.6668102798462,2.50750929421095,0.123269575010532,1.0123307106229,0.0501833603105719
-265.189689177221,-280.620273670156,6.34781779184457,-5.75379698946814,15.5283081588745,2.50750929421095,0.123269575010532,1.0123307106229,0.0501833603105719
-265.176240358144,-280.566335934015,6.3343689727669,-5.70370697914479,15.5283081588745,2.50750929421095,0.123269575010532,1.0123307106229,0.0501833603105719
-265.15896474583,-280.513735767541,6.31709336045322,-5.61822198244323,15.5283081588745,2.50750929421095,0.123269575010532,1.0123307106229,0.0501833603105719
-265.156267576441,-280.461097804512,6.31439619106405,-5.17074152428629,15.3416664657593,2.50750929421095,0.123269575010532,1.0123307106229,0.0501833603105719
-265.148064805221,-280.408971345643,6.30619341984451,-5.10911583544531,15.3416664657593,2.50750929421095,0.123269575010532,1.0123307106229,0.0501833603105719
-265.13335166899,-280.357655075398,6.29148028361304,-4.88884749172344,15.3416664657593,2.50750929421095,0.123269575010532,1.0123307106229,0.0501833603105719
-265.122905477634,-280.306584414612,6.28103409225683,-4.83191829064069,15.202092414856,2.50750929421095,0.123269575010532,1.0123307106229,0.0501833603105719
-265.103754534206,-280.25547913577,6.26188314882958,-4.9568070460767,15.202092414856,2.50750929421095,0.123269575010532,1.0123307106229,0.0501833603105719
-265.102822561781,-280.204747674163,6.26095117640396,-4.92307311134813,15.202092414856,2.50750929421095,0.123269575010532,1.0123307106229,0.0501833603105719
-265.086453937306,-280.154368483428,6.24458255192917,-4.35750766084804,15.202092414856,2.50750929421095,0.123269575010532,1.0123307106229,0.0501833603105719
-265.079491410451,-280.103792106775,6.23762002507389,-4.52060396827339,15.1073696670532,2.50750929421095,0.123269575010532,1.0123307106229,0.0501833603105719
-265.069565335784,-280.053687384393,6.22769395040734,-4.95417010817243,15.1073696670532,2.50750929421095,0.123269575010532,1.0123307106229,0.0501833603105719
-265.06653094948,-280.002024092665,6.22465956410284,-4.84786890810777,15.1073696670532,2.50750929421095,0.123269575010532,1.0123307106229,0.0501833603105719
-265.059473793919,-279.95225088267,6.21760240854169,-4.81064613008295,14.9444267807007,2.50750929421095,0.123269575010532,1.0123307106229,0.0501833603105719
-265.047951639249,-279.902515995803,6.20608025387176,-4.6290790228476,14.9444267807007,2.50750929421095,0.123269575010532,1.0123307106229,0.0501833603105719
-265.03679479833,-279.851913760664,6.19492341295347,-4.60251895563671,14.9444267807007,2.50750929421095,0.123269575010532,1.0123307106229,0.0501833603105719
-265.031660078258,-279.801091862298,6.1897886928815,-4.68410391225024,14.8500969467163,2.50750929421095,0.123269575010532,1.0123307106229,0.0501833603105719
-265.023463248357,-279.749616745281,6.18159186298034,-4.59402143443822,14.8500969467163,2.50750929421095,0.123269575010532,1.0123307106229,0.0501833603105719
-265.005494761647,-279.698143793252,6.16362337627024,-4.85600602230109,14.8500969467163,2.50750929421095,0.123269575010532,1.0123307106229,0.0501833603105719
-265.008485160977,-279.646344210208,6.16661377560029,-4.76146931227312,14.8500969467163,2.50750929421095,0.123269575010532,1.0123307106229,0.0501833603105719
-264.991976307504,-279.593687627122,6.15010492212664,-4.91064118832572,14.7094242630005,2.50750929421095,0.123269575010532,1.0123307106229,0.0501833603105719
-264.983018722272,-279.540909997474,6.14114733689519,-4.87822753608805,14.7094242630005,2.50750929421095,0.123269575010532,1.0123307106229,0.0501833603105719
-264.965922419602,-279.487054856025,6.1240510342247,-4.28609086644919,14.7094242630005,2.50750929421095,0.123269575010532,1.0123307106229,0.0501833603105719
-264.958960412133,-279.432850286938,6.1170890267559,-4.46802629158443,14.6157257614136,2.50750929421095,0.123269575010532,1.0123307106229,0.0501833603105719
-264.956188709832,-279.378063784465,6.11431732445533,-4.56666226040282,14.6157257614136,2.50750929421095,0.123269575010532,1.0123307106229,0.0501833603105719
-264.953052130642,-279.322723912506,6.11118074526523,-4.59387927842046,14.6157257614136,2.50750929421095,0.123269575010532,1.0123307106229,0.0501833603105719
-264.937515461948,-279.265545878849,6.09564407657098,-4.88582427765,14.4750168380737,2.50750929421095,0.123269575010532,1.0123307106229,0.0501833603105719
-264.920428929966,-279.20859881287,6.07855754458947,-4.81304339844159,14.4750168380737,2.50750929421095,0.123269575010532,1.0123307106229,0.0501833603105719
-264.917006756693,-279.150676030407,6.07513537131571,-4.77800203640028,14.4750168380737,2.50750929421095,0.123269575010532,1.0123307106229,0.0501833603105719
-264.920640229766,-279.091665611387,6.07876884438951,-3.94561113709573,14.4750168380737,2.50750929421095,0.123269575010532,1.0123307106229,0.0501833603105719
-264.900862374126,-279.031727580003,6.05899098874868,-3.5990220309519,14.3340351638794,2.50750929421095,0.123269575010532,1.0123307106229,0.0501833603105719
-264.897651987272,-278.971496829174,6.05578060189549,-3.93699930771131,14.3340351638794,2.50750929421095,0.123269575010532,1.0123307106229,0.0501833603105719
-264.879707751921,-278.909602446129,6.03783636654448,-4.47775786894674,14.3340351638794,2.50750929421095,0.123269575010532,1.0123307106229,0.0501833603105719
-264.876306635385,-278.846661205185,6.03443525000796,-4.6396564988551,14.1705086288452,2.50750929421095,0.123269575010532,1.0123307106229,0.0501833603105719
-264.876694794337,-278.783531656632,6.03482340895972,-4.27195495862835,14.1705086288452,2.50750929421095,0.123269575010532,1.0123307106229,0.0501833603105719
-264.868584518401,-278.719434275192,6.02671313302372,-4.7209164120677,14.1705086288452,2.50750929421095,0.123269575010532,1.0123307106229,0.0501833603105719
-264.861891853518,-278.653971528353,6.02002046814076,-4.95114833436408,14.0540382919312,2.50750929421095,0.123269575010532,1.0123307106229,0.0501833603105719
-264.850435939182,-278.587396591839,6.00856455380522,-5.01737672211705,14.0540382919312,2.50750929421095,0.123269575010532,1.0123307106229,0.0501833603105719
-264.841041161883,-278.520296738565,5.99916977650633,-5.17533640386609,14.0540382919312,2.50750929421095,0.123269575010532,1.0123307106229,0.0501833603105719
-264.82818531951,-278.452380625074,5.9863139341329,-4.79278485680144,14.0540382919312,2.50750929421095,0.123269575010532,1.0123307106229,0.0501833603105719
-264.824630571609,-278.383700488673,5.98275918623248,-4.4871717025619,13.8664772567749,2.50750929421095,0.123269575010532,1.0123307106229,0.0501833603105719
-264.801902271989,-278.313972074001,5.96003088661173,-4.82169858029869,13.8664772567749,2.50750929421095,0.123269575010532,1.0123307106229,0.0501833603105719
-264.808643479223,-278.243130241147,5.96677209384611,-4.92692882439468,13.8664772567749,2.50750929421095,0.123269575010532,1.0123307106229,0.0501833603105719
-264.789847700879,-278.172102498528,5.94797631550242,-4.95454619873367,13.6783516464233,2.50750929421095,0.123269575010532,1.0123307106229,0.0501833603105719
-264.781748226773,-278.100038353672,5.93987684139635,-5.57015111668449,13.6783516464233,2.50750929421095,0.123269575010532,1.0123307106229,0.0501833603105719
-264.764771853903,-278.027249453878,5.92290046852656,-5.58312415607669,13.6783516464233,2.50750929421095,0.123269575010532,1.0123307106229,0.0501833603105719
-264.756338778258,-277.954027548313,5.91446739288071,-5.61659553420036,13.5141594467163,2.50750929421095,0.123269575010532,1.0123307106229,0.0501833603105719
-264.753705431284,-277.880420548862,5.91183404590739,-5.56300561227064,13.5141594467163,2.50750929421095,0.123269575010532,1.0123307106229,0.0501833603105719
-264.736105024193,-277.806178416855,5.89423363881653,-5.89650328653995,13.5141594467163,2.50750929421095,0.123269575010532,1.0123307106229,0.0501833603105719
-264.725212956653,-277.731566109819,5.88334157127607,-5.61172567013181,13.5141594467163,2.50750929421095,0.123269575010532,1.0123307106229,0.0501833603105719
-264.715552301157,-277.656920040234,5.87368091578017,-5.0616697420812,13.3274185714722,2.50750929421095,0.123269575010532,1.0123307106229,0.0501833603105719
-264.709039232209,-277.581291828285,5.86716784683228,-5.96142255683777,13.3274185714722,2.50750929421095,0.123269575010532,1.0123307106229,0.0501833603105719
-264.697486545178,-277.50570651841,5.85561515980149,-5.98611145745518,13.3274185714722,2.50750929421095,0.123269575010532,1.0123307106229,0.0501833603105719
-264.682555395305,-277.430858299998,5.8406840099281,-5.70543317308491,13.1163094100952,2.50750929421095,0.123269575010532,1.0123307106229,0.0501833603105719
-264.669434279315,-277.35547545546,5.82756289393788,-5.9062641421021,13.1163094100952,2.50750929421095,0.123269575010532,1.0123307106229,0.0501833603105719
-264.664962936982,-277.279712233548,5.82309155160537,-6.11016986569116,13.1163094100952,2.50750929421095,0.123269575010532,1.0123307106229,0.0501833603105719
-264.647203859952,-277.205291966225,5.80533247457465,-6.24471241819724,12.8594181594849,2.50750929421095,0.123269575010532,1.0123307106229,0.0501833603105719
-264.645047693907,-277.13059270325,5.80317630852967,-6.10944984457571,12.8594181594849,2.50750929421095,0.123269575010532,1.0123307106229,0.0501833603105719
-264.619235842006,-277.056686061347,5.77736445662919,-6.27979465076576,12.8594181594849,2.50750929421095,0.123269575010532,1.0123307106229,0.0501833603105719
-264.618414781916,-276.982662417326,5.77654339653944,-5.91643452497943,12.8594181594849,2.50750929421095,0.123269575010532,1.0123307106229,0.0501833603105719
-264.610222376342,-276.908656592098,5.76835099096523,-6.4668309865712,12.6723206100464,2.50750929421095,0.123269575010532,1.0123307106229,0.0501833603105719
-264.578772989166,-276.83731809373,5.73690160378909,-6.56417331899147,12.6723206100464,2.50750929421095,0.123269575010532,1.0123307106229,0.0501833603105719
-264.573160701816,-276.765214306008,5.73128931643924,-6.8521694474696,12.6723206100464,2.50750929421095,0.123269575010532,1.0123307106229,0.0501833603105719
-264.564158589661,-276.693215217424,5.72228720428453,-7.16191091695358,12.5103809890747,2.50750929421095,0.123269575010532,1.0123307106229,0.0501833603105719
-264.545324903532,-276.625349785823,5.70345351815549,-7.11872840739529,12.5103809890747,2.50750929421095,0.123269575010532,1.0123307106229,0.0501833603105719
-264.535623166898,-276.559089257463,5.69375178152065,-7.2041830440688,12.5103809890747,2.50750929421095,0.123269575010532,1.0123307106229,0.0501833603105719
-264.519566509521,-276.492413670121,5.67769512414384,-7.45207546548833,12.3223297653198,2.50750929421095,0.123269575010532,1.0123307106229,0.0501833603105719
-264.505716126155,-276.427816714493,5.66384474077797,-7.66956814231307,12.3223297653198,2.50750929421095,0.123269575010532,1.0123307106229,0.0501833603105719
-264.486994799396,-276.364862286581,5.64512341401929,-7.30350293933744,12.3223297653198,2.50750929421095,0.123269575010532,1.0123307106229,0.0501833603105719
-264.488594799742,-276.303452546639,5.64672341436495,-7.4543259651163,12.3223297653198,2.50750929421095,0.123269575010532,1.0123307106229,0.0501833603105719
-264.466654972377,-276.244320528103,5.62478358699986,-7.63566271072004,12.1117336807251,2.50750929421095,0.123269575010532,1.0123307106229,0.0501833603105719
-264.451591970829,-276.186771361235,5.60972058545178,-7.58020947304056,12.1117336807251,2.50750929421095,0.123269575010532,1.0123307106229,0.0501833603105719
-264.429423920194,-276.131987927921,5.58755253481735,-7.38668461226693,12.1117336807251,2.50750929421095,0.123269575010532,1.0123307106229,0.0501833603105719
-264.427868219045,-276.079071348549,5.58599683366795,-7.58903610881926,11.995190864563,2.50750929421095,0.123269575010532,1.0123307106229,0.0501833603105719
-264.408966910263,-276.028692081858,5.56709552488566,-7.98119138371762,11.995190864563,2.50750929421095,0.123269575010532,1.0123307106229,0.0501833603105719
-264.394245358444,-275.981383278179,5.5523739730669,-7.83656432720981,11.995190864563,2.50750929421095,0.123269575010532,1.0123307106229,0.0501833603105719
-264.37199202274,-275.936126896035,5.5301206373628,-7.51431683992834,11.7603085098267,2.50750929421095,0.123269575010532,1.0123307106229,0.0501833603105719
-264.36257821663,-275.894044203384,5.52070683125278,-7.63895911970036,11.7603085098267,2.50750929421095,0.123269575010532,1.0123307106229,0.0501833603105719
-264.341020393752,-275.854957846598,5.49914900837506,-7.6632718335876,11.7603085098267,2.50750929421095,0.123269575010532,1.0123307106229,0.0501833603105719
-264.326933945244,-275.818821970446,5.48506255986736,-7.29775733397553,11.7603085098267,2.50750929421095,0.123269575010532,1.0123307106229,0.0501833603105719
-264.311000295813,-275.78602082606,5.46912891043622,-7.01273628611837,11.6678402481079,2.50750929421095,0.123269575010532,1.0123307106229,0.0501833603105719
-264.296054363122,-275.756282432806,5.45418297774469,-7.27616157866937,11.6678402481079,2.50750929421095,0.123269575010532,1.0123307106229,0.0501833603105719
-264.292959321009,-275.730120877809,5.45108793563181,-7.02730551852063,11.6678402481079,2.50750929421095,0.123269575010532,1.0123307106229,0.0501833603105719
-264.276536883646,-275.707551876895,5.43466549826915,-6.72732308400853,11.5023691711426,2.50750929421095,0.123269575010532,1.0123307106229,0.0501833603105719
-264.26247687269,-275.688357842269,5.4206054873131,-7.20439996275481,11.5023691711426,2.50750929421095,0.123269575010532,1.0123307106229,0.0501833603105719
-264.25697738632,-275.673025020263,5.41510600094286,-7.3304942500345,11.5023691711426,2.50750929421095,0.123269575010532,1.0123307106229,0.0501833603105719
-264.236266928613,-275.661442469907,5.39439554323606,-6.64995987473032,11.3861258087158,2.50750929421095,0.123269575010532,1.0123307106229,0.0501833603105719
-264.220101424619,-275.653777797929,5.37823003924176,-6.4739881597459,11.3861258087158,2.50750929421095,0.123269575010532,1.0123307106229,0.0501833603105719
-264.207448243362,-275.650074136045,5.36557685798489,-6.50886627653241,11.3861258087158,2.50750929421095,0.123269575010532,1.0123307106229,0.0501833603105719
-264.192506184829,-275.650411132599,5.35063479945252,-6.25141142075918,11.3861258087158,2.50750929421095,0.123269575010532,1.0123307106229,0.0501833603105719
-264.193034381809,-275.65484758785,5.35116299643246,-5.82545387683206,11.316594367981,2.50750929421095,0.123269575010532,1.0123307106229,0.0501833603105719
-264.17287747121,-275.663527039611,5.33100608583331,-5.77413729010474,11.316594367981,2.50750929421095,0.123269575010532,1.0123307106229,0.0501833603105719
-264.14689028739,-275.676374128972,5.3050189020134,-5.86203499262712,11.316594367981,2.50750929421095,0.123269575010532,1.0123307106229,0.0501833603105719
-264.143827016688,-275.693498368583,5.30195563131142,-5.64295668919628,11.2941238937378,2.50750929421095,0.123269575010532,1.0123307106229,0.0501833603105719
-264.135770119702,-275.714913292766,5.29389873432479,-5.56036831409723,11.2941238937378,2.50750929421095,0.123269575010532,1.0123307106229,0.0501833603105719
-264.123121222018,-275.740722315146,5.28124983664141,-5.10331907500437,11.2941238937378,2.50750929421095,0.123269575010532,1.0123307106229,0.0501833603105719
-264.1260787593,-275.771060699737,5.28420737392327,-4.4747074773631,11.3878433761597,2.50750929421095,0.123269575010532,1.0123307106229,0.0501833603105719
-264.104982330923,-275.805653152098,5.26311094554582,-4.73993785351676,11.3878433761597,2.50750929421095,0.123269575010532,1.0123307106229,0.0501833603105719
-264.104045159276,-275.844691060913,5.2621737738992,-4.74546726033246,11.3878433761597,2.50750929421095,0.123269575010532,1.0123307106229,0.0501833603105719
-264.089587148251,-275.888109829922,5.24771576287386,-4.37180887011938,11.3878433761597,2.50750929421095,0.123269575010532,1.0123307106229,0.0501833603105719
-264.081843630389,-275.936272433372,5.23997224501205,-3.9508048381073,11.5283138809204,2.50750929421095,0.123269575010532,1.0123307106229,0.0501833603105719
-264.077809334592,-275.988599910728,5.23593794921484,-3.73891529081036,11.5283138809204,2.50750929421095,0.123269575010532,1.0123307106229,0.0501833603105719
-264.07456418903,-276.045503092297,5.23269280365291,-3.05842203275713,11.5283138809204,2.50750929421095,0.123269575010532,1.0123307106229,0.0501833603105719
-264.070134937267,-276.107013030678,5.22826355188982,-2.84771919570679,11.6658470687866,2.50750929421095,0.123269575010532,1.0123307106229,0.0501833603105719
-264.058876299201,-276.172202961176,5.21700491382387,-2.54480203839051,11.6658470687866,2.50750929421095,0.123269575010532,1.0123307106229,0.0501833603105719
-264.062592753994,-276.242117362397,5.22072136861701,-1.94711631827285,11.6658470687866,2.50750929421095,0.123269575010532,1.0123307106229,0.0501833603105719
-264.048083872943,-276.316254770731,5.20621248756575,-1.00965980296297,11.9218647537231,2.50750929421095,0.123269575010532,1.0123307106229,0.0501833603105719
-264.048109612092,-276.394975612481,5.20623822671468,0.0546566417967189,11.9218647537231,2.50750929421095,0.123269575010532,1.0123307106229,0.0501833603105719
-264.046285475304,-276.478094024003,5.20441408992711,0.0502133066724651,11.9218647537231,2.50750929421095,0.123269575010532,1.0123307106229,0.0501833603105719
-264.040902234813,-276.564076482317,5.19903084943646,1.50832408272194,11.9218647537231,2.50750929421095,0.123269575010532,1.0123307106229,0.0501833603105719
-264.045276520324,-276.655186343278,5.20340513494738,1.97832975542085,12.1069977340698,2.50750929421095,0.123269575010532,1.0123307106229,0.0501833603105719
-264.055784154286,-276.750234342327,5.21391276890898,3.11311176813503,12.1069977340698,2.50750929421095,0.123269575010532,1.0123307106229,0.0501833603105719
-264.060039867803,-276.84943796963,5.21816848242634,4.77986626029686,12.1069977340698,2.50750929421095,0.123269575010532,1.0123307106229,0.0501833603105719
-264.072655100699,-276.955247280262,5.23078371532187,5.4330571319074,12.3410427627563,2.50750929421095,0.123269575010532,1.0123307106229,0.0501833603105719
-264.07731845106,-277.059548559636,5.23544706568269,6.27868942427595,12.3410427627563,2.50750929421095,0.123269575010532,1.0123307106229,0.0501833603105719
-264.102179892779,-277.167457592175,5.26030850740228,7.06698388465451,12.3410427627563,2.50750929421095,0.123269575010532,1.0123307106229,0.0501833603105719
-264.100769191974,-277.282472464301,5.25889780659672,7.6969216892301,12.5776073989868,2.50750929421095,0.123269575010532,1.0123307106229,0.0501833603105719
-264.114953515271,-277.397904783567,5.27308212989436,7.47642151161333,12.5776073989868,2.50750929421095,0.123269575010532,1.0123307106229,0.0501833603105719
-264.134669188285,-277.516898070637,5.29279780290764,6.724290291877,12.5776073989868,2.50750929421095,0.123269575010532,1.0123307106229,0.0501833603105719
-264.151511834432,-277.640704144342,5.30964044905463,6.30671405403593,12.5776073989868,2.50750929421095,0.123269575010532,1.0123307106229,0.0501833603105719
-264.172013146434,-277.766729675507,5.33014176105751,6.65915697368176,12.7905285415649,2.50750929421095,0.123269575010532,1.0123307106229,0.0501833603105719
-264.187780614055,-277.895150110241,5.34590922867839,7.18333255437371,12.7905285415649,2.50750929421095,0.123269575010532,1.0123307106229,0.0501833603105719
-264.191987397029,-278.02593349905,5.35011601165203,7.26587444946258,12.7905285415649,2.50750929421095,0.123269575010532,1.0123307106229,0.0501833603105719
-264.21051107565,-278.160360758554,5.36863969027262,7.69597232376272,13.0496990737915,2.50750929421095,0.123269575010532,1.0123307106229,0.0501833603105719
-264.220598322891,-278.296074084138,5.37872693751401,8.34758084289092,13.0496990737915,2.50750929421095,0.123269575010532,1.0123307106229,0.0501833603105719
-264.247746619746,-278.43493703032,5.40587523436936,8.90082780743836,13.0496990737915,2.50750929421095,0.123269575010532,1.0123307106229,0.0501833603105719
-264.264387620624,-278.575375588869,5.42251623524664,8.78086452204367,13.4470360336304,2.50750929421095,0.123269575010532,1.0123307106229,0.0501833603105719
-264.264790441999,-278.71766097396,5.42291905662251,8.0816627918263,13.4470360336304,2.50750929421095,0.123269575010532,1.0123307106229,0.0501833603105719
-264.276935026281,-278.861256454165,5.43506364090368,8.82457508360445,13.4470360336304,2.50750929421095,0.123269575010532,1.0123307106229,0.0501833603105719
-264.304251768988,-279.006444351884,5.46238038361146,8.59921586188622,13.4470360336304,2.50750929421095,0.123269575010532,1.0123307106229,0.0501833603105719
-264.318901272123,-279.153487498998,5.47702988674642,8.68985752385375,13.8892605361938,2.50750929421095,0.123269575010532,1.0123307106229,0.0501833603105719
-264.334225292481,-279.302197917713,5.49235390710412,8.83787573082363,13.8892605361938,2.50750929421095,0.123269575010532,1.0123307106229,0.0501833603105719
-264.352241117112,-279.450405785873,5.51036973173546,8.70461252494134,13.8892605361938,2.50750929421095,0.123269575010532,1.0123307106229,0.0501833603105719
-264.347620252675,-279.600118053919,5.50574886729777,9.04006324411304,14.3326847610474,2.50750929421095,0.123269575010532,1.0123307106229,0.0501833603105719
-264.381781623883,-279.749793407884,5.53991023850625,9.99222095632332,14.3326847610474,2.50750929421095,0.123269575010532,1.0123307106229,0.0501833603105719
-264.395379698434,-279.900550081445,5.5535083130574,10.0837281879031,14.3326847610474,2.50750929421095,0.123269575010532,1.0123307106229,0.0501833603105719
-264.425197626207,-280.052273245865,5.58332624082991,10.5378699901335,14.7973110733032,2.50750929421095,0.123269575010532,1.0123307106229,0.0501833603105719
-264.431164746346,-280.202201321812,5.58929336096875,11.5921011364641,14.7973110733032,2.50750929421095,0.123269575010532,1.0123307106229,0.0501833603105719
-264.469859620031,-280.352678730139,5.62798823465427,11.8520627345648,14.7973110733032,2.50750929421095,0.123269575010532,1.0123307106229,0.0501833603105719
-264.483866510209,-280.504262381696,5.64199512483227,12.0958962018888,14.7973110733032,2.50750929421095,0.123269575010532,1.0123307106229,0.0501833603105719
-264.498071601255,-280.652383642525,5.65620021587782,12.2849423345149,15.3578484115601,2.50750929421095,0.123269575010532,1.0123307106229,0.0501833603105719
-264.540166779253,-280.802171308579,5.69829539387628,13.0244489685251,15.3578484115601,2.50750929421095,0.123269575010532,1.0123307106229,0.0501833603105719
-264.560221489457,-280.949071254047,5.71835010408062,13.428870608506,15.3578484115601,2.50750929421095,0.123269575010532,1.0123307106229,0.0501833603105719
-264.591562327972,-281.096010007209,5.74969094259542,13.9559377591594,15.8485710678101,2.50750929421095,0.123269575010532,1.0123307106229,0.0501833603105719
-264.608992230347,-281.241549989376,5.76712084497055,14.5223728082885,15.8485710678101,2.50750929421095,0.123269575010532,1.0123307106229,0.0501833603105719
-264.650394164958,-281.38559845074,5.80852277958066,15.2760916995504,15.8485710678101,2.50750929421095,0.123269575010532,1.0123307106229,0.0501833603105719
-264.67291303332,-281.528196795598,5.83104164794351,14.8066639361561,16.3634035644531,2.50750929421095,0.123269575010532,1.0123307106229,0.0501833603105719
-264.706942261363,-281.668612567345,5.86507087598603,15.6013288537008,16.3634035644531,2.50750929421095,0.123269575010532,1.0123307106229,0.0501833603105719
-264.733422573903,-281.806770711381,5.89155118852658,17.2579878343477,16.3634035644531,2.50750929421095,0.123269575010532,1.0123307106229,0.0501833603105719
-264.765675978587,-281.943370324211,5.92380459321013,16.3406500410156,16.3634035644531,2.50750929421095,0.123269575010532,1.0123307106229,0.0501833603105719
-264.809286041485,-282.077536044823,5.96741465610795,16.3372046971817,16.8316805419922,2.50750929421095,0.123269575010532,1.0123307106229,0.0501833603105719
-264.836829306026,-282.209112686687,5.99495792064869,17.0170573122203,16.8316805419922,2.50750929421095,0.123269575010532,1.0123307106229,0.0501833603105719
-264.876035218086,-282.337464285773,6.03416383270894,16.4806102803522,16.8316805419922,2.50750929421095,0.123269575010532,1.0123307106229,0.0501833603105719
-264.909027795583,-282.464008439556,6.06715641020561,16.392969507444,17.2283747253418,2.50750929421095,0.123269575010532,1.0123307106229,0.0501833603105719
-264.933435676337,-282.586749714224,6.09156429095969,16.6338133354533,17.2283747253418,2.50750929421095,0.123269575010532,1.0123307106229,0.0501833603105719
-264.972239710822,-282.706698548961,6.13036832544545,17.3328986827672,17.2283747253418,2.50750929421095,0.123269575010532,1.0123307106229,0.0501833603105719
-265.010466003114,-282.823027478478,6.168594617737,15.85649952062,17.579853302002,2.50750929421095,0.123269575010532,1.0123307106229,0.0501833603105719
-265.031603473509,-282.936377177546,6.18973208813223,16.0488281971315,17.579853302002,2.50750929421095,0.123269575010532,1.0123307106229,0.0501833603105719
-265.069569470598,-283.04622157567,6.22769808522128,17.87078446441,17.579853302002,2.50750929421095,0.123269575010532,1.0123307106229,0.0501833603105719
-265.096726445815,-283.152512664026,6.25485506043855,15.0713903307684,17.579853302002,2.50750929421095,0.123269575010532,1.0123307106229,0.0501833603105719
-265.124643668577,-283.255932913322,6.28277228320012,14.8479880957847,17.9786722717285,2.50750929421095,0.123269575010532,1.0123307106229,0.0501833603105719
-265.16407604342,-283.354670600145,6.3222046580429,15.3759223353667,17.9786722717285,2.50750929421095,0.123269575010532,1.0123307106229,0.0501833603105719
-265.176937735198,-283.44968386607,6.33506634982095,14.9987313367176,17.9786722717285,2.50750929421095,0.123269575010532,1.0123307106229,0.0501833603105719
-265.219610271533,-283.543440422143,6.37773888615639,14.5058370595701,18.2356073913574,2.50750929421095,0.123269575010532,1.0123307106229,0.0501833603105719
-265.24584322861,-283.628337773397,6.40397184323349,14.1806778560401,18.2356073913574,2.50750929421095,0.123269575010532,1.0123307106229,0.0501833603105719
-265.26713091601,-283.709732180337,6.42525953063355,14.3457742381909,18.2356073913574,2.50750929421095,0.123269575010532,1.0123307106229,0.0501833603105719
-265.298123719052,-283.789300002296,6.45625233367486,13.3717917007232,18.4936449584961,2.50750929421095,0.123269575010532,1.0123307106229,0.0501833603105719
-265.322253129291,-283.863109713692,6.48038174391452,12.909793380403,18.4936449584961,2.50750929421095,0.123269575010532,1.0123307106229,0.0501833603105719
-265.346917504253,-283.933108739622,6.50504611887592,13.1094532127217,18.4936449584961,2.50750929421095,0.123269575010532,1.0123307106229,0.0501833603105719
-265.365592935418,-283.998573996023,6.52372155004116,12.3361402283179,18.4936449584961,2.50750929421095,0.123269575010532,1.0123307106229,0.0501833603105719
-265.392994734831,-284.060138326063,6.55112334945407,11.621386198905,18.751182800293,2.50750929421095,0.123269575010532,1.0123307106229,0.0501833603105719
-265.419752604066,-284.117250322834,6.57788121868952,11.5000405513129,18.751182800293,2.50750929421095,0.123269575010532,1.0123307106229,0.0501833603105719
-265.437323424122,-284.169424988597,6.59545203874556,11.3669563963489,18.751182800293,2.50750929421095,0.123269575010532,1.0123307106229,0.0501833603105719
-265.460923067396,-284.217563153676,6.61905168201921,11.1878162680415,18.9617769775391,2.50750929421095,0.123269575010532,1.0123307106229,0.0501833603105719
-265.474881013715,-284.261172662375,6.63300962833813,11.1760656097744,18.9617769775391,2.50750929421095,0.123269575010532,1.0123307106229,0.0501833603105719
-265.491423432009,-284.300537430325,6.6495520466317,11.0606462899783,18.9617769775391,2.50750929421095,0.123269575010532,1.0123307106229,0.0501833603105719
-265.520115664742,-284.335203854222,6.6782442793647,10.5607036626098,19.1260531005859,2.50750929421095,0.123269575010532,1.0123307106229,0.0501833603105719
-265.541402729475,-284.365420933524,6.69953134409851,10.1613491408899,19.1260531005859,2.50750929421095,0.123269575010532,1.0123307106229,0.0501833603105719
-265.560321591438,-284.391308805096,6.7184502060616,10.0994909955045,19.1260531005859,2.50750929421095,0.123269575010532,1.0123307106229,0.0501833603105719
-265.573997552484,-284.412852814382,6.73212616710689,9.03711489998704,19.1260531005859,2.50750929421095,0.123269575010532,1.0123307106229,0.0501833603105719
-265.584884283031,-284.430114560235,6.74301289765433,8.55630664045311,19.2425730285645,2.50750929421095,0.123269575010532,1.0123307106229,0.0501833603105719
-265.613550007043,-284.443056940119,6.77167862166655,8.49370909767919,19.2425730285645,2.50750929421095,0.123269575010532,1.0123307106229,0.0501833603105719
-265.622855715951,-284.451755571119,6.78098433057367,8.36929902057109,19.2425730285645,2.50750929421095,0.123269575010532,1.0123307106229,0.0501833603105719
-265.649392364853,-284.456308208138,6.80752097947596,8.3856089134525,19.2904779968262,2.50750929421095,0.123269575010532,1.0123307106229,0.0501833603105719
-265.658837127757,-284.456743240826,6.81696574237994,8.09346015085795,19.2904779968262,2.50750929421095,0.123269575010532,1.0123307106229,0.0501833603105719
-265.670049746378,-284.453125878995,6.82817836100152,7.18129997288685,19.2904779968262,2.50750929421095,0.123269575010532,1.0123307106229,0.0501833603105719
-265.682840030824,-284.445484086048,6.84096864544675,6.48429830983368,19.267238861084,2.50750929421095,0.123269575010532,1.0123307106229,0.0501833603105719
-265.694160539073,-284.434035696136,6.85228915369651,6.0003812348275,19.267238861084,2.50750929421095,0.123269575010532,1.0123307106229,0.0501833603105719
-265.72108524053,-284.418766102876,6.87921385515361,6.08098455086918,19.267238861084,2.50750929421095,0.123269575010532,1.0123307106229,0.0501833603105719
-265.723868661823,-284.399810631971,6.88199727644656,5.09262632544214,19.267238861084,2.50750929421095,0.123269575010532,1.0123307106229,0.0501833603105719
-265.732239249837,-284.377178718305,6.89036786446018,4.58192107953563,19.1273806152344,2.50750929421095,0.123269575010532,1.0123307106229,0.0501833603105719
-265.733828300903,-284.351064850447,6.89195691552619,4.32369572651258,19.1273806152344,2.50750929421095,0.123269575010532,1.0123307106229,0.0501833603105719
-265.743974253986,-284.321488645071,6.90210286860893,3.78396554361811,19.1273806152344,2.50750929421095,0.123269575010532,1.0123307106229,0.0501833603105719
-265.75556208912,-284.288512919627,6.91369070374337,3.74631548934566,18.8716700134277,2.50750929421095,0.123269575010532,1.0123307106229,0.0501833603105719
-265.74739118316,-284.252656532424,6.90551979778331,3.45625194441355,18.8716700134277,2.50750929421095,0.123269575010532,1.0123307106229,0.0501833603105719
-265.759073585878,-284.213564699403,6.91720220050135,3.39266710990294,18.8716700134277,2.50750929421095,0.123269575010532,1.0123307106229,0.0501833603105719
-265.765791698409,-284.1713805806,6.92392031303213,1.62697169417519,18.5219805297852,2.50750929421095,0.123269575010532,1.0123307106229,0.0501833603105719
-265.75829291306,-284.126430627202,6.9164215276829,0.655213622932985,18.5219805297852,2.50750929421095,0.123269575010532,1.0123307106229,0.0501833603105719
-265.766082558607,-284.078819070491,6.92421117323,-0.420464900229571,18.5219805297852,2.50750929421095,0.123269575010532,1.0123307106229,0.0501833603105719
-265.763536906789,-284.028741735593,6.92166552141221,-2.42205225326379,18.5219805297852,2.50750929421095,0.123269575010532,1.0123307106229,0.0501833603105719
-265.764382702535,-283.97580942147,6.9225113171581,-2.06193865050736,18.2427713928223,2.50750929421095,0.123269575010532,1.0123307106229,0.0501833603105719
-265.766095924579,-283.920948316057,6.92422453920205,-2.41272971004583,18.2427713928223,2.50750929421095,0.123269575010532,1.0123307106229,0.0501833603105719
-265.754041912452,-283.86367158599,6.91217052707538,-5.33027405993472,18.2427713928223,2.50750929421095,0.123269575010532,1.0123307106229,0.0501833603105719
-265.747529835083,-283.804322555674,6.90565844970598,-6.3954372929082,17.9867746887207,2.50750929421095,0.123269575010532,1.0123307106229,0.0501833603105719
-265.739128102552,-283.743144165673,6.89725671717528,-6.7216141508801,17.9867746887207,2.50750929421095,0.123269575010532,1.0123307106229,0.0501833603105719
-265.728538972375,-283.680003232462,6.88666758699763,-6.83938477334155,17.9867746887207,2.50750929421095,0.123269575010532,1.0123307106229,0.0501833603105719
-265.712107333751,-283.615307593467,6.87023594837383,-7.37961233664902,17.8218386230469,2.50750929421095,0.123269575010532,1.0123307106229,0.0501833603105719
-265.701753594096,-283.548733498531,6.85988220871941,-7.5061425822975,17.8218386230469,2.50750929421095,0.123269575010532,1.0123307106229,0.0501833603105719
-265.682559174127,-283.481173000981,6.84068778875008,-6.94660475449981,17.8218386230469,2.50750929421095,0.123269575010532,1.0123307106229,0.0501833603105719
-265.664012920271,-283.411750944296,6.82214153489408,-6.75793677582416,17.8218386230469,2.50750929421095,0.123269575010532,1.0123307106229,0.0501833603105719
-265.650064896831,-283.34222744812,6.8081935114539,-6.76664213427656,17.7026369628906,2.50750929421095,0.123269575010532,1.0123307106229,0.0501833603105719
-265.637983584086,-283.270415162982,6.79611219870896,-7.30399394892571,17.7026369628906,2.50750929421095,0.123269575010532,1.0123307106229,0.0501833603105719
-265.618067077513,-283.198620798057,6.776195692136,-7.00400305554703,17.7026369628906,2.50750929421095,0.123269575010532,1.0123307106229,0.0501833603105719
-265.602682409004,-283.124523990445,6.76081102362747,-6.75451147312124,17.5821535644531,2.50750929421095,0.123269575010532,1.0123307106229,0.0501833603105719
-265.59553330382,-283.050750660713,6.75366191844357,-7.01225325947155,17.5821535644531,2.50750929421095,0.123269575010532,1.0123307106229,0.0501833603105719
-265.567644192448,-282.977833617253,6.72577280707132,-6.88085424138606,17.5821535644531,2.50750929421095,0.123269575010532,1.0123307106229,0.0501833603105719
-265.548400177604,-282.903036038297,6.70652879222744,-7.30839582370373,17.4400446472168,2.50750929421095,0.123269575010532,1.0123307106229,0.0501833603105719
-265.553263479019,-282.828111186595,6.71139209364186,-7.03461878007532,17.4400446472168,2.50750929421095,0.123269575010532,1.0123307106229,0.0501833603105719
-265.538731565937,-282.752969981426,6.69686018056048,-6.31456731181652,17.4400446472168,2.50750929421095,0.123269575010532,1.0123307106229,0.0501833603105719
-265.540252086219,-282.677822611902,6.69838070084233,-6.16210926333699,17.4400446472168,2.50750929421095,0.123269575010532,1.0123307106229,0.0501833603105719
-265.520029998739,-282.601832823147,6.67815861336241,-6.0166005030911,17.2073061523438,2.50750929421095,0.123269575010532,1.0123307106229,0.0501833603105719
-265.515162073763,-282.526874522586,6.6732906883864,-4.84077772060762,17.2073061523438,2.50750929421095,0.123269575010532,1.0123307106229,0.0501833603105719
-265.50747834599,-282.451708050269,6.66560696061302,-4.05680545627104,17.2073061523438,2.50750929421095,0.123269575010532,1.0123307106229,0.0501833603105719
-265.505163384739,-282.376885693813,6.66329199936183,-4.08493158842757,17.0203898010254,2.50750929421095,0.123269575010532,1.0123307106229,0.0501833603105719
-265.490169072448,-282.302300851735,6.6482976870707,-4.7566043388994,17.0203898010254,2.50750929421095,0.123269575010532,1.0123307106229,0.0501833603105719
-265.486505176932,-282.227890011866,6.64463379155489,-4.92594211143293,17.0203898010254,2.50750929421095,0.123269575010532,1.0123307106229,0.0501833603105719
-265.493444730168,-282.154316437787,6.65157334479105,-4.7680983704537,16.7187540588379,2.50750929421095,0.123269575010532,1.0123307106229,0.0501833603105719
-265.475898012753,-282.080908545781,6.63402662737628,-4.83974932713569,16.7187540588379,2.50750929421095,0.123269575010532,1.0123307106229,0.0501833603105719
-265.467786046686,-282.008306041299,6.62591466130869,-4.56987274062799,16.7187540588379,2.50750929421095,0.123269575010532,1.0123307106229,0.0501833603105719
-265.45493541798,-281.936491872776,6.61306403260331,-4.37343978629529,16.7187540588379,2.50750929421095,0.123269575010532,1.0123307106229,0.0501833603105719
-265.445520112319,-281.864997672898,6.60364872694241,-4.74742235099921,16.4606859741211,2.50750929421095,0.123269575010532,1.0123307106229,0.0501833603105719
-265.442139803738,-281.793898592295,6.60026841836081,-5.71499446579905,16.4606859741211,2.50750929421095,0.123269575010532,1.0123307106229,0.0501833603105719
-265.426236261315,-281.724942629191,6.58436487593772,-6.47383089626373,16.4606859741211,2.50750929421095,0.123269575010532,1.0123307106229,0.0501833603105719
-265.410076588914,-281.655815296247,6.56820520353713,-6.54454841117769,16.2499697265625,2.50750929421095,0.123269575010532,1.0123307106229,0.0501833603105719
-265.409148544657,-281.587961752016,6.56727715928002,-6.98615270406476,16.2499697265625,2.50750929421095,0.123269575010532,1.0123307106229,0.0501833603105719
-265.378041254132,-281.520723004119,6.53616986875544,-6.72620133367098,16.2499697265625,2.50750929421095,0.123269575010532,1.0123307106229,0.0501833603105719
-265.368840163909,-281.454208075306,6.52696877853204,-6.85931069421234,16.0875361022949,2.50750929421095,0.123269575010532,1.0123307106229,0.0501833603105719
-265.361838844517,-281.388926698752,6.51996745914024,-6.90052214827806,16.0875361022949,2.50750929421095,0.123269575010532,1.0123307106229,0.0501833603105719
-265.351198522418,-281.324669451994,6.50932713704105,-6.77783892749691,16.0875361022949,2.50750929421095,0.123269575010532,1.0123307106229,0.0501833603105719
-265.325804858844,-281.261023342763,6.4839334734671,-7.02361319894916,16.0875361022949,2.50750929421095,0.123269575010532,1.0123307106229,0.0501833603105719
-265.317651934793,-281.198601564929,6.47578054941583,-7.42233970598135,15.9228298721313,2.50750929421095,0.123269575010532,1.0123307106229,0.0501833603105719
-265.29311311951,-281.136984874787,6.45124173413303,-6.98947206424737,15.9228298721313,2.50750929421095,0.123269575010532,1.0123307106229,0.0501833603105719
-265.278416498113,-281.076247579502,6.43654511273628,-6.8728231078096,15.9228298721313,2.50750929421095,0.123269575010532,1.0123307106229,0.0501833603105719
-265.2715375811,-281.016044033105,6.42966619572288,-7.00536669756737,15.759709602356,2.50750929421095,0.123269575010532,1.0123307106229,0.0501833603105719
-265.250010298233,-280.957773071068,6.40813891285608,-7.08283352145599,15.759709602356,2.50750929421095,0.123269575010532,1.0123307106229,0.0501833603105719
-265.247696249325,-280.899585575541,6.40582486394825,-7.14766486694969,15.759709602356,2.50750929421095,0.123269575010532,1.0123307106229,0.0501833603105719
-265.229841825133,-280.841764892168,6.38797043975659,-6.91593067903218,15.6441681442261,2.50750929421095,0.123269575010532,1.0123307106229,0.0501833603105719
-265.206754543498,-280.785828901736,6.36488315812128,-6.26019628562194,15.6441681442261,2.50750929421095,0.123269575010532,1.0123307106229,0.0501833603105719
-265.202725444734,-280.730023734639,6.36085405935694,-6.56738741658986,15.6441681442261,2.50750929421095,0.123269575010532,1.0123307106229,0.0501833603105719
-265.189684300528,-280.674712818708,6.34781291515152,-6.11179185595962,15.6441681442261,2.50750929421095,0.123269575010532,1.0123307106229,0.0501833603105719
-265.183892932182,-280.620710948611,6.34202154680541,-6.09948784269657,15.4793293533325,2.50750929421095,0.123269575010532,1.0123307106229,0.0501833603105719
-265.163767077849,-280.566819068473,6.32189569247216,-5.57646462723823,15.4793293533325,2.50750929421095,0.123269575010532,1.0123307106229,0.0501833603105719
-265.144818898905,-280.513911892626,6.30294751352772,-5.4569674441274,15.4793293533325,2.50750929421095,0.123269575010532,1.0123307106229,0.0501833603105719
-265.145599104826,-280.461552535485,6.30372771944909,-5.38203083406587,15.3640415725708,2.50750929421095,0.123269575010532,1.0123307106229,0.0501833603105719
-265.143202840592,-280.409471489934,6.30133145521561,-5.38956045427093,15.3640415725708,2.50750929421095,0.123269575010532,1.0123307106229,0.0501833603105719
-265.116489631664,-280.357985936729,6.27461824628744,-5.24659639333559,15.3640415725708,2.50750929421095,0.123269575010532,1.0123307106229,0.0501833603105719
-265.106970808814,-280.30668788184,6.26509942343695,-5.41918456837695,15.2243835983276,2.50750929421095,0.123269575010532,1.0123307106229,0.0501833603105719
-265.103745979957,-280.255866504641,6.26187459457977,-5.17993674241536,15.2243835983276,2.50750929421095,0.123269575010532,1.0123307106229,0.0501833603105719
-265.1118390051,-280.20514540847,6.26996761972348,-4.29503411041296,15.2243835983276,2.50750929421095,0.123269575010532,1.0123307106229,0.0501833603105719
-265.081569484569,-280.154740941953,6.23969809919239,-4.35769005361971,15.2243835983276,2.50750929421095,0.123269575010532,1.0123307106229,0.0501833603105719
-265.083651899636,-280.104349730824,6.24178051425933,-4.99477187945304,15.0826752243042,2.50750929421095,0.123269575010532,1.0123307106229,0.0501833603105719
-265.074585710978,-280.053735321294,6.2327143256013,-5.1326929880652,15.0826752243042,2.50750929421095,0.123269575010532,1.0123307106229,0.0501833603105719
-265.057033652927,-280.003858844818,6.2151622675502,-4.51405282179991,15.0826752243042,2.50750929421095,0.123269575010532,1.0123307106229,0.0501833603105719
-265.045378820478,-279.953073877692,6.20350743510117,-4.66755833250918,14.9654915390015,2.50750929421095,0.123269575010532,1.0123307106229,0.0501833603105719
-265.049677204544,-279.901612069954,6.20780581916741,-4.64209991927253,14.9654915390015,2.50750929421095,0.123269575010532,1.0123307106229,0.0501833603105719
-265.037031506242,-279.851998490558,6.1951601208648,-4.21930695397399,14.9654915390015,2.50750929421095,0.123269575010532,1.0123307106229,0.0501833603105719
-265.024722262866,-279.800824090998,6.18285087748888,-4.82283585148353,14.8015320358276,2.50750929421095,0.123269575010532,1.0123307106229,0.0501833603105719
-265.018535089076,-279.749959820568,6.17666370369924,-5.10543960992021,14.8015320358276,2.50750929421095,0.123269575010532,1.0123307106229,0.0501833603105719
-265.002142667743,-279.69842161885,6.16027128236663,-4.8730745693712,14.8015320358276,2.50750929421095,0.123269575010532,1.0123307106229,0.0501833603105719
-264.995721033735,-279.646543509209,6.15384964835786,-4.38856656061105,14.8015320358276,2.50750929421095,0.123269575010532,1.0123307106229,0.0501833603105719
-264.996108238314,-279.593983215191,6.15423685293692,-4.3105315587265,14.6839897689819,2.50750929421095,0.123269575010532,1.0123307106229,0.0501833603105719
-264.970723518119,-279.540979914017,6.12885213274245,-4.9444669893079,14.6839897689819,2.50750929421095,0.123269575010532,1.0123307106229,0.0501833603105719
-264.971521995157,-279.487254165513,6.12965060978016,-4.91195765157455,14.6839897689819,2.50750929421095,0.123269575010532,1.0123307106229,0.0501833603105719
-264.961467981831,-279.433169170977,6.11959659645456,-4.80730791376202,14.5899365005493,2.50750929421095,0.123269575010532,1.0123307106229,0.0501833603105719
-264.954429946082,-279.378347220044,6.11255856070553,-5.12447303315723,14.5899365005493,2.50750929421095,0.123269575010532,1.0123307106229,0.0501833603105719
-264.939740848574,-279.322510147835,6.09786946319668,-4.61061472910391,14.5899365005493,2.50750929421095,0.123269575010532,1.0123307106229,0.0501833603105719
-264.937150706626,-279.265830393856,6.09527932124881,-4.55657058663474,14.3793404159546,2.50750929421095,0.123269575010532,1.0123307106229,0.0501833603105719
-264.934751347091,-279.208873648828,6.09287996171409,-4.24470632923847,14.3793404159546,2.50750929421095,0.123269575010532,1.0123307106229,0.0501833603105719
-264.91831197231,-279.150620256934,6.0764405869333,-4.10863290402986,14.3793404159546,2.50750929421095,0.123269575010532,1.0123307106229,0.0501833603105719
-264.90494600183,-279.091785894588,6.06307461645289,-4.34339523718565,14.3793404159546,2.50750929421095,0.123269575010532,1.0123307106229,0.0501833603105719
-264.893112552292,-279.032136943211,6.05124116691558,-4.76967893950007,14.1939709243774,2.50750929421095,0.123269575010532,1.0123307106229,0.0501833603105719
-264.889657655386,-278.971460380507,6.04778627000896,-4.80928610055422,14.1939709243774,2.50750929421095,0.123269575010532,1.0123307106229,0.0501833603105719
-264.880366401562,-278.909876238731,6.03849501618559,-4.58984999692951,14.1939709243774,2.50750929421095,0.123269575010532,1.0123307106229,0.0501833603105719
-264.872015744594,-278.846593600999,6.03014435921689,-4.96853430584308,14.0524780807495,2.50750929421095,0.123269575010532,1.0123307106229,0.0501833603105719
-264.867573836392,-278.783539278655,6.0257024510148,-5.1816505185859,14.0524780807495,2.50750929421095,0.123269575010532,1.0123307106229,0.0501833603105719
-264.855133689977,-278.719472936966,6.01326230460048,-4.88376127435096,14.0524780807495,2.50750929421095,0.123269575010532,1.0123307106229,0.0501833603105719
-264.848518490069,-278.653649968097,6.00664710469184,-5.17272430421662,13.9121601638794,2.50750929421095,0.123269575010532,1.0123307106229,0.0501833603105719
-264.826179722126,-278.587810068375,5.98430833674879,-5.32032256842184,13.9121601638794,2.50750929421095,0.123269575010532,1.0123307106229,0.0501833603105719
-264.824951321425,-278.520433727239,5.98307993604791,-4.77044559110932,13.9121601638794,2.50750929421095,0.123269575010532,1.0123307106229,0.0501833603105719
-264.826780000616,-278.452372463119,5.98490861523926,-4.90297149386628,13.9121601638794,2.50750929421095,0.123269575010532,1.0123307106229,0.0501833603105719
-264.806635313958,-278.383733537427,5.96476392858142,-5.33376839020685,13.7716076431274,2.50750929421095,0.123269575010532,1.0123307106229,0.0501833603105719
-264.802577298343,-278.31380489432,5.96070591296566,-5.11066047102031,13.7716076431274,2.50750929421095,0.123269575010532,1.0123307106229,0.0501833603105719
-264.784700938232,-278.243409130685,5.94282955285524,-5.26709383902891,13.7716076431274,2.50750929421095,0.123269575010532,1.0123307106229,0.0501833603105719
-264.774345754062,-278.172264718052,5.93247436868477,-5.42716745346406,13.5847866592407,2.50750929421095,0.123269575010532,1.0123307106229,0.0501833603105719
-264.761501967928,-278.100159020733,5.91963058255124,-5.4775595443966,13.5847866592407,2.50750929421095,0.123269575010532,1.0123307106229,0.0501833603105719
-264.751662293103,-278.027614591466,5.90979090772598,-5.59689028226251,13.5847866592407,2.50750929421095,0.123269575010532,1.0123307106229,0.0501833603105719
-264.743563198217,-277.954334195814,5.90169181284061,-5.83166567955782,13.4436504898071,2.50750929421095,0.123269575010532,1.0123307106229,0.0501833603105719
-264.732549805814,-277.880473476412,5.89067842043695,-5.95779647035659,13.4436504898071,2.50750929421095,0.123269575010532,1.0123307106229,0.0501833603105719
-264.726220020685,-277.806373620479,5.88434863530796,-5.41892871948151,13.4436504898071,2.50750929421095,0.123269575010532,1.0123307106229,0.0501833603105719
-264.70843135779,-277.73158394136,5.86655997241276,-5.83605649706325,13.4436504898071,2.50750929421095,0.123269575010532,1.0123307106229,0.0501833603105719
-264.696474907528,-277.65699163279,5.85460352215139,-6.10157639557738,13.2551682052612,2.50750929421095,0.123269575010532,1.0123307106229,0.0501833603105719
-264.682579653322,-277.581408473096,5.84070826794553,-5.48319352819122,13.2551682052612,2.50750929421095,0.123269575010532,1.0123307106229,0.0501833603105719
-264.667045895924,-277.505634633128,5.82517451054665,-5.43832737080335,13.2551682052612,2.50750929421095,0.123269575010532,1.0123307106229,0.0501833603105719
-264.659893930484,-277.430660573594,5.81802254510722,-5.65634931442519,13.0461571273804,2.50750929421095,0.123269575010532,1.0123307106229,0.0501833603105719
-264.650606734528,-277.35528691748,5.80873534915155,-6.07135868788501,13.0461571273804,2.50750929421095,0.123269575010532,1.0123307106229,0.0501833603105719
-264.642010363604,-277.280142139027,5.8001389782274,-6.08755158513417,13.0461571273804,2.50750929421095,0.123269575010532,1.0123307106229,0.0501833603105719
-264.618015314432,-277.205140283938,5.77614392905507,-6.09145377342638,12.8122742233276,2.50750929421095,0.123269575010532,1.0123307106229,0.0501833603105719
-264.613627008144,-277.130796845182,5.77175562276683,-5.98350394419877,12.8122742233276,2.50750929421095,0.123269575010532,1.0123307106229,0.0501833603105719
-264.604363387704,-277.056606719237,5.76249200232709,-6.2945669789461,12.8122742233276,2.50750929421095,0.123269575010532,1.0123307106229,0.0501833603105719
-264.590999488275,-276.982732351398,5.74912810289807,-6.15904984799874,12.8122742233276,2.50750929421095,0.123269575010532,1.0123307106229,0.0501833603105719
-264.580659888283,-276.909617102156,5.73878850290627,-6.64379503358992,12.6023228225708,2.50750929421095,0.123269575010532,1.0123307106229,0.0501833603105719
-264.553996001787,-276.837463473082,5.71212461641046,-6.56662489358,12.6023228225708,2.50750929421095,0.123269575010532,1.0123307106229,0.0501833603105719
-264.553405883579,-276.766327650805,5.71153449820167,-6.45892817171115,12.6023228225708,2.50750929421095,0.123269575010532,1.0123307106229,0.0501833603105719
-264.541610909667,-276.695174048164,5.6997395242902,-6.64560217556317,12.4138443527222,2.50750929421095,0.123269575010532,1.0123307106229,0.0501833603105719
-264.534739571045,-276.624762773706,5.69286818566811,-7.04259440181113,12.4138443527222,2.50750929421095,0.123269575010532,1.0123307106229,0.0501833603105719
-264.509549884797,-276.558993316456,5.66767849942035,-7.38882509463668,12.4138443527222,2.50750929421095,0.123269575010532,1.0123307106229,0.0501833603105719
-264.505725238586,-276.492937464437,5.66385385320928,-7.10084032101965,12.2047112045288,2.50750929421095,0.123269575010532,1.0123307106229,0.0501833603105719
-264.494874898903,-276.428152234017,5.65300351352593,-6.97064069542966,12.2047112045288,2.50750929421095,0.123269575010532,1.0123307106229,0.0501833603105719
-264.478122220985,-276.365255432585,5.63625083560854,-7.06586921500749,12.2047112045288,2.50750929421095,0.123269575010532,1.0123307106229,0.0501833603105719
-264.468854456869,-276.30363237751,5.62698307149229,-7.33204811711849,12.2047112045288,2.50750929421095,0.123269575010532,1.0123307106229,0.0501833603105719
-264.456867287549,-276.244515260932,5.6149959021719,-7.00917113227487,12.0879337844849,2.50750929421095,0.123269575010532,1.0123307106229,0.0501833603105719
-264.432638338704,-276.187126404226,5.59076695332728,-7.00081852335353,12.0879337844849,2.50750929421095,0.123269575010532,1.0123307106229,0.0501833603105719
-264.420443916073,-276.132103655312,5.57857253069632,-7.25430581578927,12.0879337844849,2.50750929421095,0.123269575010532,1.0123307106229,0.0501833603105719
-264.412988482875,-276.079218770672,5.57111709749847,-7.69567621232126,12.0879337844849,2.50750929421095,0.123269575010532,1.0123307106229,0.0501833603105719
-264.385429346233,-276.029036727914,5.54355796085576,-7.62146954014145,11.9005501327515,2.50750929421095,0.123269575010532,1.0123307106229,0.0501833603105719
-264.381423195918,-275.981515931365,5.53955181054139,-7.34026745337407,11.9005501327515,2.50750929421095,0.123269575010532,1.0123307106229,0.0501833603105719
-264.362084749205,-275.936308702312,5.52021336382769,-7.43010146662014,11.7833645401001,2.50750929421095,0.123269575010532,1.0123307106229,0.0501833603105719
-264.344043606524,-275.894189681716,5.50217222114713,-7.64345468514756,11.7833645401001,2.50750929421095,0.123269575010532,1.0123307106229,0.0501833603105719
-264.322482554988,-275.855029688434,5.48061116961107,-7.55902721121583,11.7833645401001,2.50750929421095,0.123269575010532,1.0123307106229,0.0501833603105719
-264.316673970198,-275.819007228433,5.47480258482069,-6.96933007659063,11.7833645401001,2.50750929421095,0.123269575010532,1.0123307106229,0.0501833603105719
-264.305805482656,-275.786002176277,5.46393409727874,-7.07257195067127,11.6650822219849,2.50750929421095,0.123269575010532,1.0123307106229,0.0501833603105719
-264.281604415669,-275.756412267784,5.43973303029238,-7.04269219953343,11.6650822219849,2.50750929421095,0.123269575010532,1.0123307106229,0.0501833603105719
-264.281131005503,-275.730100468276,5.43925962012587,-6.68480795961556,11.6650822219849,2.50750929421095,0.123269575010532,1.0123307106229,0.0501833603105719
-264.264311673874,-275.707511993149,5.42244028849753,-7.15429184692788,11.5245306549072,2.50750929421095,0.123269575010532,1.0123307106229,0.0501833603105719
-264.247720314864,-275.688339360005,5.40584892948714,-6.83149480359113,11.5245306549072,2.50750929421095,0.123269575010532,1.0123307106229,0.0501833603105719
-264.2365338991,-275.673092554559,5.39466251372356,-6.52183025663153,11.5245306549072,2.50750929421095,0.123269575010532,1.0123307106229,0.0501833603105719
-264.217672972658,-275.661470027592,5.37580158728079,-6.45832915877306,11.3853037414551,2.50750929421095,0.123269575010532,1.0123307106229,0.0501833603105719
-264.21112335411,-275.653787999325,5.36925196873322,-6.36661406148388,11.3853037414551,2.50750929421095,0.123269575010532,1.0123307106229,0.0501833603105719
-264.196670802668,-275.650071508991,5.3547994172915,-6.26719712602069,11.3853037414551,2.50750929421095,0.123269575010532,1.0123307106229,0.0501833603105719
-264.188036632122,-275.650397562723,5.34616524674542,-6.02433548988885,11.3853037414551,2.50750929421095,0.123269575010532,1.0123307106229,0.0501833603105719
-264.165798196364,-275.654835161809,5.32392681098687,-5.83218200668616,11.3631155548096,2.50750929421095,0.123269575010532,1.0123307106229,0.0501833603105719
-264.160436580402,-275.663472000373,5.3185651950251,-5.50358663470643,11.3631155548096,2.50750929421095,0.123269575010532,1.0123307106229,0.0501833603105719
-264.155310934783,-275.676252681822,5.31343954940583,-5.14884030718782,11.3631155548096,2.50750929421095,0.123269575010532,1.0123307106229,0.0501833603105719
-264.139131607793,-275.693424776859,5.29726022241583,-5.24883075590941,11.3165133056641,2.50750929421095,0.123269575010532,1.0123307106229,0.0501833603105719
-264.126953543863,-275.714918928279,5.28508215848589,-5.2099273096981,11.3165133056641,2.50750929421095,0.123269575010532,1.0123307106229,0.0501833603105719
-264.117782726595,-275.740795802481,5.27591134121808,-4.60849108455701,11.3165133056641,2.50750929421095,0.123269575010532,1.0123307106229,0.0501833603105719
-264.108544343682,-275.770867423531,5.26667295830513,-4.12295367433962,11.3395235595703,2.50750929421095,0.123269575010532,1.0123307106229,0.0501833603105719
-264.111770350885,-275.805591640636,5.2698989655085,-4.22042476622986,11.3395235595703,2.50750929421095,0.123269575010532,1.0123307106229,0.0501833603105719
-264.100628097022,-275.844538478557,5.25875671164483,-4.65887917149446,11.3395235595703,2.50750929421095,0.123269575010532,1.0123307106229,0.0501833603105719
-264.0944225719,-275.888038960511,5.2525511865229,-4.46941300189522,11.3395235595703,2.50750929421095,0.123269575010532,1.0123307106229,0.0501833603105719
-264.074736848554,-275.936188664098,5.23286546317692,-3.99347266184413,11.4799673614502,2.50750929421095,0.123269575010532,1.0123307106229,0.0501833603105719
-264.06593952842,-275.988404582122,5.22406814304333,-3.21981983286061,11.4799673614502,2.50750929421095,0.123269575010532,1.0123307106229,0.0501833603105719
-264.063930260943,-276.045580528385,5.22205887556576,-2.67484341151509,11.4799673614502,2.50750929421095,0.123269575010532,1.0123307106229,0.0501833603105719
-264.068011478738,-276.106839043546,5.22614009336159,-2.32716528371251,11.7120678482056,2.50750929421095,0.123269575010532,1.0123307106229,0.0501833603105719
-264.061113421574,-276.171984769186,5.21924203619756,-1.84023405084618,11.7120678482056,2.50750929421095,0.123269575010532,1.0123307106229,0.0501833603105719
-264.059275909377,-276.241997007971,5.21740452399994,-1.09499501619144,11.7120678482056,2.50750929421095,0.123269575010532,1.0123307106229,0.0501833603105719
-264.054584712172,-276.316109077919,5.2127133267949,-0.599617132739044,11.9219944534302,2.50750929421095,0.123269575010532,1.0123307106229,0.0501833603105719
-264.046351302373,-276.396283273791,5.20447991699652,-0.212362936781269,11.9219944534302,2.50750929421095,0.123269575010532,1.0123307106229,0.0501833603105719
-264.054895967523,-276.477709901752,5.21302458214584,0.36798055043059,11.9219944534302,2.50750929421095,0.123269575010532,1.0123307106229,0.0501833603105719
-264.056402152527,-276.564267160038,5.21453076715017,1.18346704770044,11.9219944534302,2.50750929421095,0.123269575010532,1.0123307106229,0.0501833603105719
-264.051265770922,-276.655208488885,5.20939438554524,1.81312565800453,12.1530373153687,2.50750929421095,0.123269575010532,1.0123307106229,0.0501833603105719
-264.057915549382,-276.750419029892,5.21604416400551,3.69432134066258,12.1530373153687,2.50750929421095,0.123269575010532,1.0123307106229,0.0501833603105719
-264.073508872422,-276.848573921376,5.23163748704553,5.1634130944857,12.1530373153687,2.50750929421095,0.123269575010532,1.0123307106229,0.0501833603105719
-264.061540269468,-276.951174794154,5.21966888409059,5.76905124521481,12.3407318649292,2.50750929421095,0.123269575010532,1.0123307106229,0.0501833603105719
-264.077184165422,-277.06257865571,5.23531278004508,6.79977353171984,12.3407318649292,2.50750929421095,0.123269575010532,1.0123307106229,0.0501833603105719
-264.085431982597,-277.168042896308,5.2435605972202,7.5310581989093,12.3407318649292,2.50750929421095,0.123269575010532,1.0123307106229,0.0501833603105719
-264.107528193782,-277.282198192337,5.26565680840546,6.88002025197692,12.5300133285522,2.50750929421095,0.123269575010532,1.0123307106229,0.0501833603105719
-264.137908171646,-277.398088111223,5.29603678626905,6.74283575711675,12.5300133285522,2.50750929421095,0.123269575010532,1.0123307106229,0.0501833603105719
-264.135039771126,-277.517983870525,5.29316838574917,6.1022591945312,12.5300133285522,2.50750929421095,0.123269575010532,1.0123307106229,0.0501833603105719
-264.145791690203,-277.640733821667,5.3039203048259,5.96031220078406,12.5300133285522,2.50750929421095,0.123269575010532,1.0123307106229,0.0501833603105719
-264.15509787797,-277.766866319332,5.31322649259269,6.42490455559485,12.7665779647827,2.50750929421095,0.123269575010532,1.0123307106229,0.0501833603105719
-264.181985668191,-277.895723924944,5.34011428281372,6.72457450216243,12.7665779647827,2.50750929421095,0.123269575010532,1.0123307106229,0.0501833603105719
-264.195627376259,-278.026661004899,5.35375599088256,7.89187555302531,12.7665779647827,2.50750929421095,0.123269575010532,1.0123307106229,0.0501833603105719
-264.22659743477,-278.160457390235,5.38472604939294,8.47447621257691,13.0479576644897,2.50750929421095,0.123269575010532,1.0123307106229,0.0501833603105719
-264.229939164681,-278.2967782142,5.38806777930401,8.2178496556453,13.0479576644897,2.50750929421095,0.123269575010532,1.0123307106229,0.0501833603105719
-264.231487068786,-278.43475414739,5.38961568340912,7.66953816941105,13.0479576644897,2.50750929421095,0.123269575010532,1.0123307106229,0.0501833603105719
-264.24773543933,-278.576370157041,5.40586405395327,8.50037542586427,13.3516075668335,2.50750929421095,0.123269575010532,1.0123307106229,0.0501833603105719
-264.269624093966,-278.717712172546,5.42775270858886,8.77760261502576,13.3516075668335,2.50750929421095,0.123269575010532,1.0123307106229,0.0501833603105719
-264.288820589004,-278.86201567606,5.44694920362687,8.73878322539579,13.3516075668335,2.50750929421095,0.123269575010532,1.0123307106229,0.0501833603105719
-264.296485449276,-279.007838161442,5.45461406389886,8.43129754034873,13.7941906509399,2.50750929421095,0.123269575010532,1.0123307106229,0.0501833603105719
-264.315946383063,-279.153540203341,5.47407499768621,7.84503498954764,13.7941906509399,2.50750929421095,0.123269575010532,1.0123307106229,0.0501833603105719
-264.328075284181,-279.302127147026,5.48620389880372,8.56734607271368,13.7941906509399,2.50750929421095,0.123269575010532,1.0123307106229,0.0501833603105719
-264.330973505284,-279.450726079833,5.48910211990661,8.88936786209103,13.7941906509399,2.50750929421095,0.123269575010532,1.0123307106229,0.0501833603105719
-264.357642632097,-279.600725757631,5.51577124671998,9.18077042006994,14.2830975112915,2.50750929421095,0.123269575010532,1.0123307106229,0.0501833603105719
-264.366069194789,-279.750689927885,5.52419780941227,9.73848758961944,14.2830975112915,2.50750929421095,0.123269575010532,1.0123307106229,0.0501833603105719
-264.39050996769,-279.901502212794,5.54863858231325,10.1654242179452,14.2830975112915,2.50750929421095,0.123269575010532,1.0123307106229,0.0501833603105719
-264.406377820401,-280.051590145086,5.56450643502443,10.3940733277873,14.7954952774048,2.50750929421095,0.123269575010532,1.0123307106229,0.0501833603105719
-264.441867898442,-280.203404989315,5.59999651306525,11.2370038294071,14.7954952774048,2.50750929421095,0.123269575010532,1.0123307106229,0.0501833603105719
-264.454488852887,-280.353826339108,5.61261746750968,11.7567871766442,14.7954952774048,2.50750929421095,0.123269575010532,1.0123307106229,0.0501833603105719
-264.478577929549,-280.504423252651,5.63670654417164,11.7684224787314,14.7954952774048,2.50750929421095,0.123269575010532,1.0123307106229,0.0501833603105719
-264.50049716116,-280.65364716158,5.65862577578263,12.3661444520057,15.2874939498901,2.50750929421095,0.123269575010532,1.0123307106229,0.0501833603105719
-264.526382819836,-280.801923583919,5.68451143445925,13.144467260211,15.2874939498901,2.50750929421095,0.123269575010532,1.0123307106229,0.0501833603105719
-264.546117699997,-280.949844404072,5.70424631462058,13.816005107119,15.2874939498901,2.50750929421095,0.123269575010532,1.0123307106229,0.0501833603105719
-264.581000073082,-281.097369217498,5.73912868770488,14.2460703734277,15.8254406509399,2.50750929421095,0.123269575010532,1.0123307106229,0.0501833603105719
-264.60904890789,-281.242758099409,5.76717752251349,14.2726748706773,15.8254406509399,2.50750929421095,0.123269575010532,1.0123307106229,0.0501833603105719
-264.628175668981,-281.386503183105,5.78630428360449,15.6609384533063,15.8254406509399,2.50750929421095,0.123269575010532,1.0123307106229,0.0501833603105719
-264.664944864978,-281.528753204104,5.82307347960065,15.0504528788767,16.3157503662109,2.50750929421095,0.123269575010532,1.0123307106229,0.0501833603105719
-264.70235609145,-281.670192424709,5.86048470607325,15.6926253989197,16.3157503662109,2.50750929421095,0.123269575010532,1.0123307106229,0.0501833603105719
-264.728094806608,-281.807671668854,5.88622342123152,16.261416508877,16.3157503662109,2.50750929421095,0.123269575010532,1.0123307106229,0.0501833603105719
-264.763309039358,-281.943193095886,5.92143765398118,16.8027393162868,16.3157503662109,2.50750929421095,0.123269575010532,1.0123307106229,0.0501833603105719
-264.793568827897,-282.077678441089,5.95169744251967,15.7201086111119,16.7606089172363,2.50750929421095,0.123269575010532,1.0123307106229,0.0501833603105719
-264.834296480446,-282.209733213617,5.99242509506903,16.9054769651119,16.7606089172363,2.50750929421095,0.123269575010532,1.0123307106229,0.0501833603105719
-264.864269202044,-282.338815971193,6.02239781666686,17.1989732130417,16.7606089172363,2.50750929421095,0.123269575010532,1.0123307106229,0.0501833603105719
-264.904303075619,-282.463949061409,6.06243169024206,16.9872018474111,17.1818964538574,2.50750929421095,0.123269575010532,1.0123307106229,0.0501833603105719
-264.93464409007,-282.587242184712,6.09277270469327,16.4319712674798,17.1818964538574,2.50750929421095,0.123269575010532,1.0123307106229,0.0501833603105719
-264.965454530909,-282.707347509174,6.1235831455318,16.9948234345194,17.1818964538574,2.50750929421095,0.123269575010532,1.0123307106229,0.0501833603105719
-264.994061867542,-282.823781924042,6.15219048216509,15.8117617557404,17.5562861022949,2.50750929421095,0.123269575010532,1.0123307106229,0.0501833603105719
-265.026259636143,-282.936936245689,6.18438825076562,16.6229313069631,17.5562861022949,2.50750929421095,0.123269575010532,1.0123307106229,0.0501833603105719
-265.056696159975,-283.047368763281,6.21482477459839,17.8319899346778,17.5562861022949,2.50750929421095,0.123269575010532,1.0123307106229,0.0501833603105719
-265.090210914618,-283.152836567814,6.24833952924159,15.6875766537077,17.8839609680176,2.50750929421095,0.123269575010532,1.0123307106229,0.0501833603105719
-265.12764013703,-283.255884877213,6.2857687516526,15.1315951950043,17.8839609680176,2.50750929421095,0.123269575010532,1.0123307106229,0.0501833603105719
-265.165104993218,-283.35512106592,6.32323360784143,15.6105156846147,17.8839609680176,2.50750929421095,0.123269575010532,1.0123307106229,0.0501833603105719
-265.18611623719,-283.449938747797,6.34424485181306,14.9460743529384,17.8839609680176,2.50750929421095,0.123269575010532,1.0123307106229,0.0501833603105719
-265.219701680097,-283.540950497148,6.37783029471978,14.3035796766812,18.1896975097656,2.50750929421095,0.123269575010532,1.0123307106229,0.0501833603105719
-265.248684879204,-283.629914467499,6.40681349382727,13.2264836578056,18.1896975097656,2.50750929421095,0.123269575010532,1.0123307106229,0.0501833603105719
-265.265420536653,-283.711319315341,6.4235491512758,13.4745872759073,18.1896975097656,2.50750929421095,0.123269575010532,1.0123307106229,0.0501833603105719
-265.296867028014,-283.789518730016,6.45499564263669,13.5348215683135,18.5154841003418,2.50750929421095,0.123269575010532,1.0123307106229,0.0501833603105719
-265.317597994523,-283.86323882946,6.47572660914619,13.6300966857159,18.5154841003418,2.50750929421095,0.123269575010532,1.0123307106229,0.0501833603105719
-265.348309139305,-283.933812613833,6.50643775392806,13.5852116368107,18.5154841003418,2.50750929421095,0.123269575010532,1.0123307106229,0.0501833603105719
-265.374504656775,-283.999164668085,6.53263327139764,12.284842038797,18.7263109741211,2.50750929421095,0.123269575010532,1.0123307106229,0.0501833603105719
-265.399613255737,-284.060568222031,6.55774187035985,11.7756717645682,18.7263109741211,2.50750929421095,0.123269575010532,1.0123307106229,0.0501833603105719
-265.403635234723,-284.117348128269,6.56176384934598,11.7528157701049,18.7263109741211,2.50750929421095,0.123269575010532,1.0123307106229,0.0501833603105719
-265.430001836688,-284.169724675833,6.58813045131107,11.264274208301,18.7263109741211,2.50750929421095,0.123269575010532,1.0123307106229,0.0501833603105719
-265.46741124991,-284.217743453365,6.62553986453335,11.0292640082933,18.9139940795898,2.50750929421095,0.123269575010532,1.0123307106229,0.0501833603105719
-265.472512768704,-284.261286143238,6.63064138332681,11.4305834367629,18.9139940795898,2.50750929421095,0.123269575010532,1.0123307106229,0.0501833603105719
-265.490220992256,-284.300480192483,6.64834960687927,11.4479249486363,18.9139940795898,2.50750929421095,0.123269575010532,1.0123307106229,0.0501833603105719
-265.526565250802,-284.335227105398,6.6846938654252,10.3683702250919,19.1256640014648,2.50750929421095,0.123269575010532,1.0123307106229,0.0501833603105719
-265.547059334297,-284.365424284946,6.70518794892033,10.2948136891786,19.1256640014648,2.50750929421095,0.123269575010532,1.0123307106229,0.0501833603105719
-265.555387959761,-284.391441739687,6.71351657438418,10.3511235329039,19.1256640014648,2.50750929421095,0.123269575010532,1.0123307106229,0.0501833603105719
-265.568335893783,-284.413120597444,6.7264645084063,9.40673386722139,19.2420618591309,2.50750929421095,0.123269575010532,1.0123307106229,0.0501833603105719
-265.592168494811,-284.430220524316,6.75029710943442,8.75436381124392,19.2420618591309,2.50750929421095,0.123269575010532,1.0123307106229,0.0501833603105719
-265.604968492788,-284.443089177293,6.76309710741069,8.82713771641096,19.2420618591309,2.50750929421095,0.123269575010532,1.0123307106229,0.0501833603105719
-265.615805596667,-284.451806019692,6.77393421128991,8.57694587715362,19.2420618591309,2.50750929421095,0.123269575010532,1.0123307106229,0.0501833603105719
-265.647348592998,-284.456330784274,6.80547720762081,8.59132493037196,19.358864074707,2.50750929421095,0.123269575010532,1.0123307106229,0.0501833603105719
-265.663143194179,-284.456728423933,6.82127180880243,7.83988095404295,19.358864074707,2.50750929421095,0.123269575010532,1.0123307106229,0.0501833603105719
-265.660766328,-284.453057352235,6.81889494262339,6.78012356091953,19.358864074707,2.50750929421095,0.123269575010532,1.0123307106229,0.0501833603105719
-265.686678785668,-284.445466975624,6.84480740029103,6.64115029620697,19.2904512939453,2.50750929421095,0.123269575010532,1.0123307106229,0.0501833603105719
-265.695382851231,-284.433874102632,6.85351146585389,6.3825155956142,19.2904512939453,2.50750929421095,0.123269575010532,1.0123307106229,0.0501833603105719
-265.702444816974,-284.418714965018,6.86057343159663,6.38837062001605,19.2904512939453,2.50750929421095,0.123269575010532,1.0123307106229,0.0501833603105719
-265.730064097085,-284.399721282042,6.88819271170826,5.39808635653442,19.1278193054199,2.50750929421095,0.123269575010532,1.0123307106229,0.0501833603105719
-265.737088652167,-284.377010038239,6.89521726678977,4.99532889169295,19.1278193054199,2.50750929421095,0.123269575010532,1.0123307106229,0.0501833603105719
-265.742218949851,-284.350878864703,6.90034756447444,4.72759664118186,19.1278193054199,2.50750929421095,0.123269575010532,1.0123307106229,0.0501833603105719
-265.740139142901,-284.321269034695,6.89826775752456,3.67543303249478,19.1278193054199,2.50750929421095,0.123269575010532,1.0123307106229,0.0501833603105719
-265.7533706911,-284.288471820817,6.91149930572321,3.20168754402939,18.849327331543,2.50750929421095,0.123269575010532,1.0123307106229,0.0501833603105719
-265.750941244722,-284.252539996383,6.90906985934547,3.07528221390429,18.849327331543,2.50750929421095,0.123269575010532,1.0123307106229,0.0501833603105719
-265.773881526959,-284.213390381273,6.93201014158246,2.89353775968569,18.849327331543,2.50750929421095,0.123269575010532,1.0123307106229,0.0501833603105719
-265.759461563396,-284.171318320841,6.91759017801891,1.52838893964458,18.4993250427246,2.50750929421095,0.123269575010532,1.0123307106229,0.0501833603105719
-265.769468897054,-284.126342310275,6.9275975116771,0.264833383496866,18.4993250427246,2.50750929421095,0.123269575010532,1.0123307106229,0.0501833603105719
-265.763001396536,-284.078608960186,6.92113001115907,-0.291226640122189,18.4993250427246,2.50750929421095,0.123269575010532,1.0123307106229,0.0501833603105719
-265.767571799919,-284.028483982124,6.92570041454249,-1.80914202255748,18.4993250427246,2.50750929421095,0.123269575010532,1.0123307106229,0.0501833603105719
-265.773347616915,-283.975758030602,6.93147623153823,-1.98938090406733,18.2195818481445,2.50750929421095,0.123269575010532,1.0123307106229,0.0501833603105719
-265.760632251348,-283.920854601539,6.91876086597082,-2.59701814133334,18.2195818481445,2.50750929421095,0.123269575010532,1.0123307106229,0.0501833603105719
-265.755463129325,-283.863136412364,6.9135917439479,-5.71409429106214,18.2195818481445,2.50750929421095,0.123269575010532,1.0123307106229,0.0501833603105719
-265.76165755246,-283.804013401016,6.91978616708339,-6.62521147402362,18.0330431518555,2.50750929421095,0.123269575010532,1.0123307106229,0.0501833603105719
-265.747198865997,-283.742855043391,6.90532748062045,-6.72408052262877,18.0330431518555,2.50750929421095,0.123269575010532,1.0123307106229,0.0501833603105719
-265.724805507181,-283.679629743279,6.88293412180407,-7.08814442949333,18.0330431518555,2.50750929421095,0.123269575010532,1.0123307106229,0.0501833603105719
-265.709972349415,-283.615127856028,6.868100964038,-7.52558163691377,17.8673708496094,2.50750929421095,0.123269575010532,1.0123307106229,0.0501833603105719
-265.694657966477,-283.548933306134,6.85278658110006,-7.41860416012039,17.8673708496094,2.50750929421095,0.123269575010532,1.0123307106229,0.0501833603105719
-265.681918866962,-283.481254541859,6.84004748158512,-6.25115416237064,17.8673708496094,2.50750929421095,0.123269575010532,1.0123307106229,0.0501833603105719
-265.667084403652,-283.412124508088,6.82521301827527,-6.30044235061936,17.7714502868652,2.50750929421095,0.123269575010532,1.0123307106229,0.0501833603105719
-265.654217613362,-283.341864846253,6.81234622798504,-7.02934651187526,17.7714502868652,2.50750929421095,0.123269575010532,1.0123307106229,0.0501833603105719
-265.642042157378,-283.270449363496,6.8001707720014,-7.92299949202351,17.7714502868652,2.50750929421095,0.123269575010532,1.0123307106229,0.0501833603105719
-265.615671179149,-283.198473713137,6.77379979377224,-7.48582873897767,17.7714502868652,2.50750929421095,0.123269575010532,1.0123307106229,0.0501833603105719
-265.60596460272,-283.125013486354,6.76409321734334,-6.87646339964308,17.6494371948242,2.50750929421095,0.123269575010532,1.0123307106229,0.0501833603105719
-265.593625843766,-283.048864019531,6.75175445838932,-6.78235039005238,17.6494371948242,2.50750929421095,0.123269575010532,1.0123307106229,0.0501833603105719
-265.577906246082,-282.97566805513,6.73603486070501,-6.37108699278176,17.6494371948242,2.50750929421095,0.123269575010532,1.0123307106229,0.0501833603105719
-265.557119321565,-282.902259833061,6.71524793618766,-6.38684865973786,17.509929901123,2.50750929421095,0.123269575010532,1.0123307106229,0.0501833603105719
-265.553141910584,-282.827591739019,6.71127052520726,-6.43859218388141,17.509929901123,2.50750929421095,0.123269575010532,1.0123307106229,0.0501833603105719
-265.539764635189,-282.752763494462,6.69789324981257,-6.58155508019128,17.509929901123,2.50750929421095,0.123269575010532,1.0123307106229,0.0501833603105719
-265.535756540524,-282.677211462762,6.69388515514702,-6.00537758792964,17.509929901123,2.50750929421095,0.123269575010532,1.0123307106229,0.0501833603105719
-265.527071421802,-282.601671080116,6.68520003642498,-5.51035752288517,17.3236200866699,2.50750929421095,0.123269575010532,1.0123307106229,0.0501833603105719
-265.524981451364,-282.526443819734,6.68311006598726,-5.19681750342865,17.3236200866699,2.50750929421095,0.123269575010532,1.0123307106229,0.0501833603105719
-265.517116420879,-282.451314262996,6.67524503550193,-4.32669820615561,17.3236200866699,2.50750929421095,0.123269575010532,1.0123307106229,0.0501833603105719
-265.498724061584,-282.376092131764,6.65685267620741,-3.97235127997169,16.9965784606934,2.50750929421095,0.123269575010532,1.0123307106229,0.0501833603105719
-265.490308605859,-282.301697430334,6.64843722048175,-3.94685769220403,16.9965784606934,2.50750929421095,0.123269575010532,1.0123307106229,0.0501833603105719
-265.4861615564,-282.227493008979,6.64429017102319,-3.87391417420266,16.9965784606934,2.50750929421095,0.123269575010532,1.0123307106229,0.0501833603105719
-265.488215695252,-282.153843254924,6.64634430987471,-4.32195570568784,16.6926806030273,2.50750929421095,0.123269575010532,1.0123307106229,0.0501833603105719
-265.483228715229,-282.080586826281,6.64135732985233,-4.64640263815489,16.6926806030273,2.50750929421095,0.123269575010532,1.0123307106229,0.0501833603105719
-265.474371757719,-282.008047420559,6.63250037234225,-4.86491333846539,16.6926806030273,2.50750929421095,0.123269575010532,1.0123307106229,0.0501833603105719
-265.4610108234,-281.936218594763,6.61913943802317,-4.75145607222965,16.4605143127441,2.50750929421095,0.123269575010532,1.0123307106229,0.0501833603105719
-265.45692780971,-281.864651105512,6.61505642433285,-5.16249039111242,16.4605143127441,2.50750929421095,0.123269575010532,1.0123307106229,0.0501833603105719
-265.454713580998,-281.793982196319,6.61284219562081,-6.17697996595441,16.4605143127441,2.50750929421095,0.123269575010532,1.0123307106229,0.0501833603105719
-265.433020994655,-281.724702952902,6.59114960927842,-6.32759594543963,16.4605143127441,2.50750929421095,0.123269575010532,1.0123307106229,0.0501833603105719
-265.423144399106,-281.655570379603,6.58127301372918,-6.08625091088512,16.2734873352051,2.50750929421095,0.123269575010532,1.0123307106229,0.0501833603105719
-265.408790922963,-281.587462020592,6.56691953758654,-6.34770400070322,16.2734873352051,2.50750929421095,0.123269575010532,1.0123307106229,0.0501833603105719
-265.388656072697,-281.520500297866,6.54678468731973,-6.0967903608252,16.2734873352051,2.50750929421095,0.123269575010532,1.0123307106229,0.0501833603105719
-265.368545267321,-281.45394135283,6.52667388194372,-6.46969809283746,16.0857927856445,2.50750929421095,0.123269575010532,1.0123307106229,0.0501833603105719
-265.358252134111,-281.388509023137,6.51638074873412,-7.01996421527164,16.0857927856445,2.50750929421095,0.123269575010532,1.0123307106229,0.0501833603105719
-265.356703679402,-281.323708869348,6.51483229402511,-7.18630258086815,16.0857927856445,2.50750929421095,0.123269575010532,1.0123307106229,0.0501833603105719
-265.338967001358,-281.260076794933,6.49709561598089,-7.31246150989066,15.9457314071655,2.50750929421095,0.123269575010532,1.0123307106229,0.0501833603105719
-265.32719440596,-281.197920582929,6.48532302058302,-7.40954029510244,15.9457314071655,2.50750929421095,0.123269575010532,1.0123307106229,0.0501833603105719
-265.294862878804,-281.136233790881,6.4529914934271,-7.59137116346211,15.9457314071655,2.50750929421095,0.123269575010532,1.0123307106229,0.0501833603105719
-265.286645740099,-281.075773442612,6.44477435472252,-7.21032571956331,15.9457314071655,2.50750929421095,0.123269575010532,1.0123307106229,0.0501833603105719
-265.264453433551,-281.016029878642,6.42258204817453,-6.79860698612943,15.8063118515015,2.50750929421095,0.123269575010532,1.0123307106229,0.0501833603105719
-265.256220950107,-280.957256986718,6.41434956472975,-6.45964625652634,15.8063118515015,2.50750929421095,0.123269575010532,1.0123307106229,0.0501833603105719
-265.240645195406,-280.899021983617,6.39877381002946,-6.33638670358779,15.8063118515015,2.50750929421095,0.123269575010532,1.0123307106229,0.0501833603105719
-265.23190304889,-280.841771667476,6.39003166351287,-6.75569957473451,15.7135689315796,2.50750929421095,0.123269575010532,1.0123307106229,0.0501833603105719
-265.228540608526,-280.785521501638,6.38666922314934,-6.71422931564997,15.7135689315796,2.50750929421095,0.123269575010532,1.0123307106229,0.0501833603105719
-265.216771072465,-280.729911641574,6.37489968708843,-6.19683140949173,15.7135689315796,2.50750929421095,0.123269575010532,1.0123307106229,0.0501833603105719
-265.18397891407,-280.674693291004,6.34210752869319,-6.31418623971033,15.5502693710327,2.50750929421095,0.123269575010532,1.0123307106229,0.0501833603105719
-265.177666000853,-280.620755964948,6.33579461547618,-5.97445239305834,15.5502693710327,2.50750929421095,0.123269575010532,1.0123307106229,0.0501833603105719
-265.175084295473,-280.566825425827,6.33321291009642,-5.73772683251785,15.5502693710327,2.50750929421095,0.123269575010532,1.0123307106229,0.0501833603105719
-265.16324269711,-280.513710607304,6.32137131173338,-4.4885863952749,15.5502693710327,2.50750929421095,0.123269575010532,1.0123307106229,0.0501833603105719
-265.151554875912,-280.460991913527,6.30968349053462,-4.68557815135943,15.4334671554565,2.50750929421095,0.123269575010532,1.0123307106229,0.0501833603105719
-265.140007944943,-280.409273897286,6.29813655956629,-5.39695258159551,15.4334671554565,2.50750929421095,0.123269575010532,1.0123307106229,0.0501833603105719
-265.122619723772,-280.357918537801,6.28074833839554,-5.13974214823762,15.4334671554565,2.50750929421095,0.123269575010532,1.0123307106229,0.0501833603105719
-265.131887866226,-280.306572242081,6.29001648084909,-5.26758247850954,15.2228729782104,2.50750929421095,0.123269575010532,1.0123307106229,0.0501833603105719
-265.108591469002,-280.255539661191,6.26672008362528,-5.4245727321433,15.2228729782104,2.50750929421095,0.123269575010532,1.0123307106229,0.0501833603105719
-265.116095757814,-280.204801909968,6.27422437243758,-5.17716797308889,15.2228729782104,2.50750929421095,0.123269575010532,1.0123307106229,0.0501833603105719
-265.085031391395,-280.154686874961,6.24316000601854,-4.66453002945528,15.0829861221313,2.50750929421095,0.123269575010532,1.0123307106229,0.0501833603105719
-265.095270596681,-280.104025948161,6.2533992113043,-4.56096918736722,15.0829861221313,2.50750929421095,0.123269575010532,1.0123307106229,0.0501833603105719
-265.084078940746,-280.05363345538,6.24220755536892,-4.70132317246645,15.0829861221313,2.50750929421095,0.123269575010532,1.0123307106229,0.0501833603105719
-265.068713407471,-280.003654987631,6.226842022094,-4.84712290250788,15.0829861221313,2.50750929421095,0.123269575010532,1.0123307106229,0.0501833603105719
-265.056521296416,-279.953218048528,6.21464991103876,-4.83599430031558,15.0129425582886,2.50750929421095,0.123269575010532,1.0123307106229,0.0501833603105719
-265.044164852463,-279.901684386254,6.20229346708601,-4.5048783573659,15.0129425582886,2.50750929421095,0.123269575010532,1.0123307106229,0.0501833603105719
-265.048872561875,-279.850939316615,6.20700117649858,-4.21245525655585,15.0129425582886,2.50750929421095,0.123269575010532,1.0123307106229,0.0501833603105719
-265.052690108615,-279.800939720565,6.21081872323792,-4.466931755471,14.8956005630493,2.50750929421095,0.123269575010532,1.0123307106229,0.0501833603105719
-265.024505381703,-279.750039460684,6.18263399632624,-4.66668782687974,14.8956005630493,2.50750929421095,0.123269575010532,1.0123307106229,0.0501833603105719
-265.015461285819,-279.698156141318,6.17358990044248,-5.1888349211824,14.8956005630493,2.50750929421095,0.123269575010532,1.0123307106229,0.0501833603105719
-265.01596928397,-279.646325525565,6.1740978985933,-4.8839873017637,14.7327320632935,2.50750929421095,0.123269575010532,1.0123307106229,0.0501833603105719
-264.989489754038,-279.593599576352,6.14761836866085,-4.57988097923044,14.7327320632935,2.50750929421095,0.123269575010532,1.0123307106229,0.0501833603105719
-264.991827434951,-279.540770161353,6.14995604957364,-4.55605465023561,14.7327320632935,2.50750929421095,0.123269575010532,1.0123307106229,0.0501833603105719
-264.978380962681,-279.487402034674,6.13650957730405,-4.36773561979082,14.7327320632935,2.50750929421095,0.123269575010532,1.0123307106229,0.0501833603105719
-264.97155781789,-279.432700598645,6.12968643251277,-4.66720593814505,14.6608746109009,2.50750929421095,0.123269575010532,1.0123307106229,0.0501833603105719
-264.963471182657,-279.377971499004,6.12159979728,-4.62112778522516,14.6608746109009,2.50750929421095,0.123269575010532,1.0123307106229,0.0501833603105719
-264.951799439266,-279.32236985873,6.10992805388921,-4.47571651435199,14.6608746109009,2.50750929421095,0.123269575010532,1.0123307106229,0.0501833603105719
-264.938589613964,-279.265925227739,6.09671822858732,-5.07611519825702,14.4741566238403,2.50750929421095,0.123269575010532,1.0123307106229,0.0501833603105719
-264.936057591244,-279.208846166083,6.09418620586727,-4.6873147724208,14.4741566238403,2.50750929421095,0.123269575010532,1.0123307106229,0.0501833603105719
-264.917441514078,-279.150550538995,6.07557012870158,-4.30839344199853,14.4741566238403,2.50750929421095,0.123269575010532,1.0123307106229,0.0501833603105719
-264.919347087237,-279.091722215698,6.07747570186035,-3.9304791772445,14.2880756912231,2.50750929421095,0.123269575010532,1.0123307106229,0.0501833603105719
-264.906844889829,-279.031799401119,6.06497350445201,-4.010436356065,14.2880756912231,2.50750929421095,0.123269575010532,1.0123307106229,0.0501833603105719
-264.909747416341,-278.971248971818,6.06787603096443,-4.90427996352339,14.2880756912231,2.50750929421095,0.123269575010532,1.0123307106229,0.0501833603105719
-264.884000428553,-278.909876238731,6.04212904317564,-4.66070402534703,14.2880756912231,2.50750929421095,0.123269575010532,1.0123307106229,0.0501833603105719
-264.879905670162,-278.846841477771,6.03803428478528,-4.60271104873836,14.1474506912231,2.50750929421095,0.123269575010532,1.0123307106229,0.0501833603105719
-264.889588206072,-278.783257254985,6.04771682069494,-4.46859371799734,14.1474506912231,2.50750929421095,0.123269575010532,1.0123307106229,0.0501833603105719
-264.870143688096,-278.719395613089,6.02827230271935,-4.31235837980896,14.1474506912231,2.50750929421095,0.123269575010532,1.0123307106229,0.0501833603105719
-264.864218204619,-278.653814672431,6.02234681924241,-4.59176231821037,13.9598305282593,2.50750929421095,0.123269575010532,1.0123307106229,0.0501833603105719
-264.849076432146,-278.587945235867,6.00720504676933,-5.10453879655419,13.9598305282593,2.50750929421095,0.123269575010532,1.0123307106229,0.0501833603105719
-264.84348904045,-278.520441785283,6.0016176550729,-5.46941234198863,13.9598305282593,2.50750929421095,0.123269575010532,1.0123307106229,0.0501833603105719
-264.830761999675,-278.452396948948,5.98889061429825,-5.22866127425691,13.9598305282593,2.50750929421095,0.123269575010532,1.0123307106229,0.0501833603105719
-264.825344557094,-278.38353524208,5.98347317171755,-4.80649693241396,13.7962200698853,2.50750929421095,0.123269575010532,1.0123307106229,0.0501833603105719
-264.804412515063,-278.313554116354,5.96254112968586,-5.43870230997815,13.7962200698853,2.50750929421095,0.123269575010532,1.0123307106229,0.0501833603105719
-264.805296966115,-278.243764064185,5.96342558073826,-5.7396687582414,13.7962200698853,2.50750929421095,0.123269575010532,1.0123307106229,0.0501833603105719
-264.780327235789,-278.172239104684,5.93845585041192,-5.24370814747973,13.6088116226196,2.50750929421095,0.123269575010532,1.0123307106229,0.0501833603105719
-264.778245369343,-278.099762536408,5.93637398396618,-5.16430158273036,13.6088116226196,2.50750929421095,0.123269575010532,1.0123307106229,0.0501833603105719
-264.765646847929,-278.027266841721,5.92377546255229,-5.38193841528982,13.6088116226196,2.50750929421095,0.123269575010532,1.0123307106229,0.0501833603105719
-264.751914187049,-277.954456852203,5.91004280167229,-5.84200946328965,13.4673988876343,2.50750929421095,0.123269575010532,1.0123307106229,0.0501833603105719
-264.736861697623,-277.880570509632,5.89499031224622,-5.98383417924356,13.4673988876343,2.50750929421095,0.123269575010532,1.0123307106229,0.0501833603105719
-264.7347523285,-277.806417984558,5.89288094312307,-6.26975174500596,13.4673988876343,2.50750929421095,0.123269575010532,1.0123307106229,0.0501833603105719
-264.718028039601,-277.731093567339,5.87615665422364,-5.77549960413651,13.3035633621216,2.50750929421095,0.123269575010532,1.0123307106229,0.0501833603105719
-264.71089844594,-277.656767905328,5.86902706056258,-5.2225061308904,13.3035633621216,2.50750929421095,0.123269575010532,1.0123307106229,0.0501833603105719
-264.705917482519,-277.581794295614,5.86404609714186,-6.19342437685416,13.3035633621216,2.50750929421095,0.123269575010532,1.0123307106229,0.0501833603105719
-264.685552164637,-277.50656913732,5.84368077926001,-6.2677117387453,13.3035633621216,2.50750929421095,0.123269575010532,1.0123307106229,0.0501833603105719
-264.683156626132,-277.430507785157,5.84128524075544,-5.74187034077208,13.0926563796997,2.50750929421095,0.123269575010532,1.0123307106229,0.0501833603105719
-264.668769665879,-277.355574213774,5.82689828050248,-5.63077007392047,13.0926563796997,2.50750929421095,0.123269575010532,1.0123307106229,0.0501833603105719
-264.652454409576,-277.280070487585,5.81058302419912,-5.63563367215442,13.0926563796997,2.50750929421095,0.123269575010532,1.0123307106229,0.0501833603105719
-264.647783369149,-277.205550721568,5.80591198377245,-6.23738339404542,12.9285423812866,2.50750929421095,0.123269575010532,1.0123307106229,0.0501833603105719
-264.623408389252,-277.130397440205,5.78153700387496,-6.31131893711979,12.9285423812866,2.50750929421095,0.123269575010532,1.0123307106229,0.0501833603105719
-264.625311236617,-277.056721324714,5.78343985124025,-5.98027203423824,12.9285423812866,2.50750929421095,0.123269575010532,1.0123307106229,0.0501833603105719
-264.604965669962,-276.983143226501,5.76309428458482,-6.01725729295108,12.7433064041138,2.50750929421095,0.123269575010532,1.0123307106229,0.0501833603105719
-264.593512194208,-276.909591140592,5.75164080883112,-6.34761503155912,12.7433064041138,2.50750929421095,0.123269575010532,1.0123307106229,0.0501833603105719
-264.585978777907,-276.837198372385,5.74410739252967,-6.4626373444923,12.7433064041138,2.50750929421095,0.123269575010532,1.0123307106229,0.0501833603105719
-264.561256443292,-276.766226426992,5.71938505791531,-6.58307882164806,12.7433064041138,2.50750929421095,0.123269575010532,1.0123307106229,0.0501833603105719
-264.54990365216,-276.695821661594,5.70803226678301,-6.37835256019625,12.5796234664917,2.50750929421095,0.123269575010532,1.0123307106229,0.0501833603105719
-264.559447673329,-276.625472092033,5.71757628795227,-6.61089349187198,12.5796234664917,2.50750929421095,0.123269575010532,1.0123307106229,0.0501833603105719
-264.532635429517,-276.557186971248,5.69076404413993,-6.79069514640768,12.5796234664917,2.50750929421095,0.123269575010532,1.0123307106229,0.0501833603105719
-264.528098492146,-276.491960316166,5.68622710676897,-6.98759414906701,12.3688728866577,2.50750929421095,0.123269575010532,1.0123307106229,0.0501833603105719
-264.504510371416,-276.427885339723,5.66263898603897,-7.32681824954326,12.3688728866577,2.50750929421095,0.123269575010532,1.0123307106229,0.0501833603105719
-264.492501399796,-276.364788116201,5.65063001441873,-7.23282798603264,12.3688728866577,2.50750929421095,0.123269575010532,1.0123307106229,0.0501833603105719
-264.486475377332,-276.303934532219,5.64460399195488,-6.95605539377748,12.1592304763794,2.50750929421095,0.123269575010532,1.0123307106229,0.0501833603105719
-264.472559879106,-276.244612636008,5.63068849372877,-7.30075057958589,12.1592304763794,2.50750929421095,0.123269575010532,1.0123307106229,0.0501833603105719
-264.452461489071,-276.186952221198,5.61059010369452,-7.11117612053619,12.1592304763794,2.50750929421095,0.123269575010532,1.0123307106229,0.0501833603105719
-264.438088686055,-276.132058648939,5.59621730067811,-6.99998512153735,12.1592304763794,2.50750929421095,0.123269575010532,1.0123307106229,0.0501833603105719
-264.423716259075,-276.079409220738,5.58184487369823,-7.27451695064465,12.0182468948364,2.50750929421095,0.123269575010532,1.0123307106229,0.0501833603105719
-264.420118729929,-276.029252927219,5.57824734455209,-7.51239492086398,12.0182468948364,2.50750929421095,0.123269575010532,1.0123307106229,0.0501833603105719
-264.398968232972,-275.981283802867,5.5570968475947,-7.18447755812076,12.0182468948364,2.50750929421095,0.123269575010532,1.0123307106229,0.0501833603105719
-264.376907840056,-275.936194418315,5.53503645467895,-7.1341268368124,11.8328793106079,2.50750929421095,0.123269575010532,1.0123307106229,0.0501833603105719
-264.370551841892,-275.894383711675,5.52868045651522,-7.4142924527005,11.8328793106079,2.50750929421095,0.123269575010532,1.0123307106229,0.0501833603105719
-264.35361838688,-275.854899483348,5.51174700150275,-7.56113659604153,11.8328793106079,2.50750929421095,0.123269575010532,1.0123307106229,0.0501833603105719
-264.338419522091,-275.818752007995,5.49654813671402,-7.20412269605015,11.7142651138306,2.50750929421095,0.123269575010532,1.0123307106229,0.0501833603105719
-264.317856769407,-275.786095436927,5.47598538403032,-6.95837711655919,11.7142651138306,2.50750929421095,0.123269575010532,1.0123307106229,0.0501833603105719
-264.307886075998,-275.756478878422,5.46601469062119,-7.14361622274053,11.7142651138306,2.50750929421095,0.123269575010532,1.0123307106229,0.0501833603105719
-264.300464950304,-275.730255058494,5.45859356492734,-7.27803368600518,11.7142651138306,2.50750929421095,0.123269575010532,1.0123307106229,0.0501833603105719
-264.281786636918,-275.707429774457,5.43991525154142,-6.82684593307026,11.5494253692627,2.50750929421095,0.123269575010532,1.0123307106229,0.0501833603105719
-264.275407453204,-275.688372220316,5.43353606782721,-6.8318846493051,11.5494253692627,2.50750929421095,0.123269575010532,1.0123307106229,0.0501833603105719
-264.249725028048,-275.673060383486,5.4078536426716,-6.99394863683799,11.5494253692627,2.50750929421095,0.123269575010532,1.0123307106229,0.0501833603105719
-264.245882607171,-275.661476921985,5.40401122179462,-6.67920747362929,11.4088270721436,2.50750929421095,0.123269575010532,1.0123307106229,0.0501833603105719
-264.222836557853,-275.653822778967,5.38096517247638,-6.3976934196547,11.4088270721436,2.50750929421095,0.123269575010532,1.0123307106229,0.0501833603105719
-264.222327483489,-275.650079623257,5.38045609811216,-6.54815203448076,11.4088270721436,2.50750929421095,0.123269575010532,1.0123307106229,0.0501833603105719
-264.210626418186,-275.650404613566,5.36875503280898,-6.35904871194887,11.4088270721436,2.50750929421095,0.123269575010532,1.0123307106229,0.0501833603105719
-264.194141800462,-275.654834385686,5.35227041508513,-6.48055330131379,11.3852808532715,2.50750929421095,0.123269575010532,1.0123307106229,0.0501833603105719
-264.177026156692,-275.663493746779,5.33515477131552,-6.11866131981537,11.3852808532715,2.50750929421095,0.123269575010532,1.0123307106229,0.0501833603105719
-264.177450341565,-275.676302655386,5.3355789561878,-5.73281707465989,11.3852808532715,2.50750929421095,0.123269575010532,1.0123307106229,0.0501833603105719
-264.156519142299,-275.693422478132,5.31464775692175,-5.54047260154278,11.3631660995483,2.50750929421095,0.123269575010532,1.0123307106229,0.0501833603105719
-264.140841095096,-275.714966840159,5.29896970971921,-5.23272244619624,11.3631660995483,2.50750929421095,0.123269575010532,1.0123307106229,0.0501833603105719
-264.13787140265,-275.740722315146,5.29600001727298,-5.21863477175457,11.3631660995483,2.50750929421095,0.123269575010532,1.0123307106229,0.0501833603105719
-264.12474883297,-275.770848104545,5.28287744759298,-4.7930010771442,11.3859474716187,2.50750929421095,0.123269575010532,1.0123307106229,0.0501833603105719
-264.125546138597,-275.805516964757,5.28367475322056,-4.52701455335211,11.3859474716187,2.50750929421095,0.123269575010532,1.0123307106229,0.0501833603105719
-264.10301356539,-275.844592613735,5.26114218001333,-4.70476340786304,11.3859474716187,2.50750929421095,0.123269575010532,1.0123307106229,0.0501833603105719
-264.09325060587,-275.888022607548,5.25137922049329,-4.41077467794507,11.4556353149414,2.50750929421095,0.123269575010532,1.0123307106229,0.0501833603105719
-264.095716233311,-275.936296369722,5.25384484793434,-4.13920615969174,11.4556353149414,2.50750929421095,0.123269575010532,1.0123307106229,0.0501833603105719
-264.084159734956,-275.988801809794,5.24228834957957,-3.8427069874936,11.4556353149414,2.50750929421095,0.123269575010532,1.0123307106229,0.0501833603105719
-264.084920414606,-276.045186387237,5.2430490292289,-3.41643013267829,11.4556353149414,2.50750929421095,0.123269575010532,1.0123307106229,0.0501833603105719
-264.077832068731,-276.107164350603,5.23596068335452,-2.80202815152982,11.642142539978,2.50750929421095,0.123269575010532,1.0123307106229,0.0501833603105719
-264.063256689113,-276.17192820824,5.22138530373573,-2.85106591992268,11.642142539978,2.50750929421095,0.123269575010532,1.0123307106229,0.0501833603105719
-264.063825727617,-276.242512897023,5.22195434223999,-2.39140531140416,11.642142539978,2.50750929421095,0.123269575010532,1.0123307106229,0.0501833603105719
-264.05290457293,-276.316181922392,5.21103318755356,-1.27465253331348,11.8738777694702,2.50750929421095,0.123269575010532,1.0123307106229,0.0501833603105719
-264.053352610886,-276.39464886938,5.2114812255088,-0.717853017151603,11.8738777694702,2.50750929421095,0.123269575010532,1.0123307106229,0.0501833603105719
-264.057865665423,-276.47741681282,5.21599428004571,0.0929807429820803,11.8738777694702,2.50750929421095,0.123269575010532,1.0123307106229,0.0501833603105719
-264.049120182109,-276.564330723429,5.20724879673162,0.795390493141612,11.8738777694702,2.50750929421095,0.123269575010532,1.0123307106229,0.0501833603105719
-264.055147081881,-276.654776690316,5.21327569650437,1.48861207065315,12.1077911911011,2.50750929421095,0.123269575010532,1.0123307106229,0.0501833603105719
-264.067408226254,-276.750765357209,5.2255368408769,1.7482426748227,12.1077911911011,2.50750929421095,0.123269575010532,1.0123307106229,0.0501833603105719
-264.063394706703,-276.848513928407,5.22152332132569,4.04534555925422,12.1077911911011,2.50750929421095,0.123269575010532,1.0123307106229,0.0501833603105719
-264.07339266716,-276.95136148264,5.23152128178267,6.04022513235559,12.2708885726929,2.50750929421095,0.123269575010532,1.0123307106229,0.0501833603105719
-264.077347595264,-277.05850479535,5.23547620988757,6.6693763726076,12.2708885726929,2.50750929421095,0.123269575010532,1.0123307106229,0.0501833603105719
-264.091801376693,-277.171383616409,5.24992999131579,6.58224701234164,12.2708885726929,2.50750929421095,0.123269575010532,1.0123307106229,0.0501833603105719
-264.089878459484,-277.282568463987,5.24800707410694,7.38203472164983,12.5067417678833,2.50750929421095,0.123269575010532,1.0123307106229,0.0501833603105719
-264.115904382536,-277.398045804153,5.27403299715928,7.38105022917991,12.5067417678833,2.50750929421095,0.123269575010532,1.0123307106229,0.0501833603105719
-264.126505726987,-277.517231022989,5.28463434161014,6.84341349840785,12.5067417678833,2.50750929421095,0.123269575010532,1.0123307106229,0.0501833603105719
-264.147523206833,-277.640199655509,5.30565182145581,6.08753130413093,12.7184345779419,2.50750929421095,0.123269575010532,1.0123307106229,0.0501833603105719
-264.156308230231,-277.766835953758,5.31443684485383,6.37847292020683,12.7184345779419,2.50750929421095,0.123269575010532,1.0123307106229,0.0501833603105719
-264.180469754863,-277.894622866699,5.33859836948586,7.03977052240652,12.7184345779419,2.50750929421095,0.123269575010532,1.0123307106229,0.0501833603105719
-264.196407361775,-278.026787535351,5.35453597639807,7.51625829538021,12.7184345779419,2.50750929421095,0.123269575010532,1.0123307106229,0.0501833603105719
-264.218855005344,-278.160151394036,5.37698361996669,7.81364145263191,13.001200920105,2.50750929421095,0.123269575010532,1.0123307106229,0.0501833603105719
-264.214465531261,-278.296303329481,5.3725941458842,8.33358420577529,13.001200920105,2.50750929421095,0.123269575010532,1.0123307106229,0.0501833603105719
-264.240933592867,-278.435369312861,5.39906220748992,8.40827124524375,13.001200920105,2.50750929421095,0.123269575010532,1.0123307106229,0.0501833603105719
-264.254634914396,-278.575055323654,5.41276352901887,8.85043852807299,13.3748943862915,2.50750929421095,0.123269575010532,1.0123307106229,0.0501833603105719
-264.26260452503,-278.717114869034,5.42073313965274,8.8750871489924,13.3748943862915,2.50750929421095,0.123269575010532,1.0123307106229,0.0501833603105719
-264.297375681643,-278.86249883868,5.45550429626601,8.90630862832995,13.3748943862915,2.50750929421095,0.123269575010532,1.0123307106229,0.0501833603105719
-264.300059023332,-279.006740526408,5.4581876379553,8.58037451611445,13.3748943862915,2.50750929421095,0.123269575010532,1.0123307106229,0.0501833603105719
-264.323640602726,-279.153329386836,5.48176921734894,8.51267678298976,13.7940361557007,2.50750929421095,0.123269575010532,1.0123307106229,0.0501833603105719
-264.335237796839,-279.302481002609,5.49336641146203,9.04724693328018,13.7940361557007,2.50750929421095,0.123269575010532,1.0123307106229,0.0501833603105719
-264.343427368277,-279.450761668267,5.50155598289975,8.81566179010327,13.7940361557007,2.50750929421095,0.123269575010532,1.0123307106229,0.0501833603105719
-264.355879620001,-279.599992939615,5.51400823462361,9.30881610381764,14.285115486145,2.50750929421095,0.123269575010532,1.0123307106229,0.0501833603105719
-264.374409746489,-279.750671997352,5.53253836111178,9.91415798788744,14.285115486145,2.50750929421095,0.123269575010532,1.0123307106229,0.0501833603105719
-264.396564872921,-279.900981234312,5.55469348754367,9.92939959697191,14.285115486145,2.50750929421095,0.123269575010532,1.0123307106229,0.0501833603105719
-264.415186567095,-280.051212642043,5.57331518171761,10.4568446923019,14.7745354232788,2.50750929421095,0.123269575010532,1.0123307106229,0.0501833603105719
-264.431515438997,-280.201806085086,5.58964405362045,11.4417330476515,14.7745354232788,2.50750929421095,0.123269575010532,1.0123307106229,0.0501833603105719
-264.44808258929,-280.352858045493,5.60621120391264,11.9692645658065,14.7745354232788,2.50750929421095,0.123269575010532,1.0123307106229,0.0501833603105719
-264.47654331707,-280.503368642246,5.63467193169326,12.2553675067142,14.7745354232788,2.50750929421095,0.123269575010532,1.0123307106229,0.0501833603105719
-264.497517761144,-280.653255654427,5.65564637576688,13.0273993153239,15.2883160171509,2.50750929421095,0.123269575010532,1.0123307106229,0.0501833603105719
-264.534044221237,-280.802861384846,5.6921728358596,13.4714710014197,15.2883160171509,2.50750929421095,0.123269575010532,1.0123307106229,0.0501833603105719
-264.546090333049,-280.950494528933,5.70421894767198,13.5328184088969,15.2883160171509,2.50750929421095,0.123269575010532,1.0123307106229,0.0501833603105719
-264.581654994783,-281.096184271273,5.7397836094058,13.8190501172926,15.8033249435425,2.50750929421095,0.123269575010532,1.0123307106229,0.0501833603105719
-264.610895545282,-281.242205833425,5.76902415990549,14.24774287777,15.8033249435425,2.50750929421095,0.123269575010532,1.0123307106229,0.0501833603105719
-264.637330893286,-281.386605601438,5.795459507909,15.3542271557174,15.8033249435425,2.50750929421095,0.123269575010532,1.0123307106229,0.0501833603105719
-264.674288229842,-281.5292084262,5.83241684446506,14.985356013295,16.2935640869141,2.50750929421095,0.123269575010532,1.0123307106229,0.0501833603105719
-264.699934793633,-281.670026136108,5.85806340825601,15.8247873955149,16.2935640869141,2.50750929421095,0.123269575010532,1.0123307106229,0.0501833603105719
-264.729685469534,-281.807638908407,5.88781408415739,17.0685506318662,16.2935640869141,2.50750929421095,0.123269575010532,1.0123307106229,0.0501833603105719
-264.759760400715,-281.943531437372,5.9178890153378,16.819089103279,16.7380640563965,2.50750929421095,0.123269575010532,1.0123307106229,0.0501833603105719
-264.801634040897,-282.077773370332,5.95976265551967,16.0185400100271,16.7380640563965,2.50750929421095,0.123269575010532,1.0123307106229,0.0501833603105719
-264.83856948854,-282.209345391369,5.99669810316295,17.1353958886342,16.7380640563965,2.50750929421095,0.123269575010532,1.0123307106229,0.0501833603105719
-264.865381637211,-282.337479475005,6.02351025183428,16.6786685985999,16.7380640563965,2.50750929421095,0.123269575010532,1.0123307106229,0.0501833603105719
-264.890684272813,-282.464809978843,6.04881288743592,16.5922075032237,17.157921081543,2.50750929421095,0.123269575010532,1.0123307106229,0.0501833603105719
-264.938661836916,-282.586517945843,6.09679045153921,16.5819088870577,17.157921081543,2.50750929421095,0.123269575010532,1.0123307106229,0.0501833603105719
-264.980931322585,-282.706769092808,6.13905993720854,16.9077554303086,17.157921081543,2.50750929421095,0.123269575010532,1.0123307106229,0.0501833603105719
-265.008100004358,-282.823891649584,6.16622861898125,15.9187790339581,17.5808680114746,2.50750929421095,0.123269575010532,1.0123307106229,0.0501833603105719
-265.03256029569,-282.936776520809,6.19068891031344,16.5169404789621,17.5808680114746,2.50750929421095,0.123269575010532,1.0123307106229,0.0501833603105719
-265.054569715597,-283.046840333714,6.21269833021992,17.7826232980658,17.5808680114746,2.50750929421095,0.123269575010532,1.0123307106229,0.0501833603105719
-265.102968971858,-283.152674620353,6.26109758648108,15.4748392641304,17.5808680114746,2.50750929421095,0.123269575010532,1.0123307106229,0.0501833603105719
-265.127727440091,-283.255860858835,6.28585605471438,15.822512334516,17.9085924682617,2.50750929421095,0.123269575010532,1.0123307106229,0.0501833603105719
-265.154705967093,-283.354451112021,6.31283458171561,15.982245090183,17.9085924682617,2.50750929421095,0.123269575010532,1.0123307106229,0.0501833603105719
-265.194130917917,-283.449174012985,6.35225953254032,14.9211039454227,17.9085924682617,2.50750929421095,0.123269575010532,1.0123307106229,0.0501833603105719
-265.214525713563,-283.540865677727,6.3726543281864,14.0242117265377,18.2362749633789,2.50750929421095,0.123269575010532,1.0123307106229,0.0501833603105719
-265.245040304287,-283.628256878804,6.40316891891057,13.8534373870595,18.2362749633789,2.50750929421095,0.123269575010532,1.0123307106229,0.0501833603105719
-265.278213741544,-283.713125709924,6.43634235616719,13.2858701322691,18.2362749633789,2.50750929421095,0.123269575010532,1.0123307106229,0.0501833603105719
-265.303598968503,-283.790575423422,6.46172758312608,13.0533550324428,18.5161440429688,2.50750929421095,0.123269575010532,1.0123307106229,0.0501833603105719
-265.319681736217,-283.863247436689,6.47781035083966,13.5751065655282,18.5161440429688,2.50750929421095,0.123269575010532,1.0123307106229,0.0501833603105719
-265.361401532342,-283.933197761019,6.5195301469656,13.8613496555295,18.5161440429688,2.50750929421095,0.123269575010532,1.0123307106229,0.0501833603105719
-265.367030465099,-283.998551270305,6.52515907972234,12.5599198947818,18.5161440429688,2.50750929421095,0.123269575010532,1.0123307106229,0.0501833603105719
-265.404135589412,-284.060187670226,6.56226420403477,11.9374429606222,18.7497980651855,2.50750929421095,0.123269575010532,1.0123307106229,0.0501833603105719
-265.411618360258,-284.117302487495,6.5697469748815,11.8463230337119,18.7497980651855,2.50750929421095,0.123269575010532,1.0123307106229,0.0501833603105719
-265.430983826189,-284.16973666004,6.58911244081245,11.3988533097589,18.7497980651855,2.50750929421095,0.123269575010532,1.0123307106229,0.0501833603105719
-265.454878759702,-284.217830846623,6.61300737432513,11.1872667548025,18.9373362121582,2.50750929421095,0.123269575010532,1.0123307106229,0.0501833603105719
-265.489578153155,-284.261172662375,6.64770676777815,10.7401380506289,18.9373362121582,2.50750929421095,0.123269575010532,1.0123307106229,0.0501833603105719
-265.508099509187,-284.300436156124,6.66622812381013,10.2133517610856,18.9373362121582,2.50750929421095,0.123269575010532,1.0123307106229,0.0501833603105719
-265.519379800682,-284.335207729575,6.67750841530546,10.2121508607542,19.1720850524902,2.50750929421095,0.123269575010532,1.0123307106229,0.0501833603105719
-265.55013611877,-284.365420933524,6.7082647333932,10.2890837400191,19.1720850524902,2.50750929421095,0.123269575010532,1.0123307106229,0.0501833603105719
-265.563930610456,-284.391379532046,6.72205922507912,10.2966356762145,19.1720850524902,2.50750929421095,0.123269575010532,1.0123307106229,0.0501833603105719
-265.580726515352,-284.412905975082,6.73885512997496,9.55182925042645,19.1720850524902,2.50750929421095,0.123269575010532,1.0123307106229,0.0501833603105719
-265.597901370905,-284.430087586425,6.75602998552854,9.3384163759482,19.3118975219727,2.50750929421095,0.123269575010532,1.0123307106229,0.0501833603105719
-265.602393397763,-284.443058230328,6.76052201238581,8.93151455434179,19.3118975219727,2.50750929421095,0.123269575010532,1.0123307106229,0.0501833603105719
-265.635017011419,-284.451786342153,6.79314562604216,8.40124647827239,19.3118975219727,2.50750929421095,0.123269575010532,1.0123307106229,0.0501833603105719
-265.645023498275,-284.456320858321,6.80315211289806,7.88921762491749,19.3118746337891,2.50750929421095,0.123269575010532,1.0123307106229,0.0501833603105719
-265.670534673527,-284.456734622984,6.82866328815041,7.52350235059502,19.3118746337891,2.50750929421095,0.123269575010532,1.0123307106229,0.0501833603105719
-265.670239488423,-284.453102431047,6.82836810304605,6.32900651157165,19.3118746337891,2.50750929421095,0.123269575010532,1.0123307106229,0.0501833603105719
-265.693798239952,-284.445487506641,6.85192685457481,6.14260818405024,19.2671167907715,2.50750929421095,0.123269575010532,1.0123307106229,0.0501833603105719
-265.697084801766,-284.434010133916,6.85521341638939,6.69676431475225,19.2671167907715,2.50750929421095,0.123269575010532,1.0123307106229,0.0501833603105719
-265.706115523982,-284.418753832798,6.8642441386052,6.68135561699283,19.2671167907715,2.50750929421095,0.123269575010532,1.0123307106229,0.0501833603105719
-265.719198709129,-284.399756037153,6.87732732375168,5.53636272272684,19.1260798034668,2.50750929421095,0.123269575010532,1.0123307106229,0.0501833603105719
-265.731117317919,-284.37693727946,6.88924593254253,4.50691946999635,19.1260798034668,2.50750929421095,0.123269575010532,1.0123307106229,0.0501833603105719
-265.743335419175,-284.350932019008,6.90146403379771,4.51258054448554,19.1260798034668,2.50750929421095,0.123269575010532,1.0123307106229,0.0501833603105719
-265.749478987789,-284.321328606207,6.90760760241188,3.90166622234791,19.1260798034668,2.50750929421095,0.123269575010532,1.0123307106229,0.0501833603105719
-265.746856649076,-284.288582777189,6.90498526369931,3.1186234886101,18.847431427002,2.50750929421095,0.123269575010532,1.0123307106229,0.0501833603105719
-265.76366749736,-284.252365136873,6.92179611198296,2.82855147186718,18.847431427002,2.50750929421095,0.123269575010532,1.0123307106229,0.0501833603105719
-265.756690806614,-284.213371009227,6.9148194212369,2.55152887202925,18.847431427002,2.50750929421095,0.123269575010532,1.0123307106229,0.0501833603105719
-265.770249439548,-284.171411708301,6.92837805417107,0.988887887983332,18.5217516479492,2.50750929421095,0.123269575010532,1.0123307106229,0.0501833603105719
-265.771009805331,-284.126309188879,6.92913841995363,0.21016261515328,18.5217516479492,2.50750929421095,0.123269575010532,1.0123307106229,0.0501833603105719
-265.766785958123,-284.07887159061,6.92491457274619,-0.582946322083099,18.5217516479492,2.50750929421095,0.123269575010532,1.0123307106229,0.0501833603105719
-265.765791350025,-284.028606729577,6.92391996464825,-2.13610873169901,18.2418520507813,2.50750929421095,0.123269575010532,1.0123307106229,0.0501833603105719
-265.767288078405,-283.975963581328,6.92541669302793,-1.92074940692577,18.2418520507813,2.50750929421095,0.123269575010532,1.0123307106229,0.0501833603105719
-265.761734472039,-283.920506465239,6.91986308666187,-3.265962474111,18.2418520507813,2.50750929421095,0.123269575010532,1.0123307106229,0.0501833603105719
-265.75521426933,-283.863852254463,6.91334288395301,-5.82950052708079,18.2418520507813,2.50750929421095,0.123269575010532,1.0123307106229,0.0501833603105719
-265.761007865179,-283.803970259094,6.91913647980175,-7.00284913714249,18.0078165588379,2.50750929421095,0.123269575010532,1.0123307106229,0.0501833603105719
-265.737068478938,-283.743003316127,6.89519709356134,-7.24277854524577,18.0078165588379,2.50750929421095,0.123269575010532,1.0123307106229,0.0501833603105719
-265.720111040529,-283.679927014845,6.87823965515222,-7.80947701882519,18.0078165588379,2.50750929421095,0.123269575010532,1.0123307106229,0.0501833603105719
-265.707740554827,-283.614932476004,6.86586916945042,-7.84608509483767,17.844158416748,2.50750929421095,0.123269575010532,1.0123307106229,0.0501833603105719
-265.692686308428,-283.548917321991,6.85081492305073,-7.08810703073763,17.844158416748,2.50750929421095,0.123269575010532,1.0123307106229,0.0501833603105719
-265.675708237424,-283.481238233831,6.83383685204725,-6.06373971951089,17.844158416748,2.50750929421095,0.123269575010532,1.0123307106229,0.0501833603105719
-265.644601605502,-283.412390132999,6.80273022012462,-6.12068991401888,17.844158416748,2.50750929421095,0.123269575010532,1.0123307106229,0.0501833603105719
-265.659742033094,-283.342151556974,6.81787064771683,-6.42746717919241,17.7718088684082,2.50750929421095,0.123269575010532,1.0123307106229,0.0501833603105719
-265.632731106201,-283.270868302836,6.79085972082377,-6.88447122017399,17.7718088684082,2.50750929421095,0.123269575010532,1.0123307106229,0.0501833603105719
-265.623854766866,-283.198690013355,6.7819833814895,-6.86433028088166,17.7718088684082,2.50750929421095,0.123269575010532,1.0123307106229,0.0501833603105719
-265.609336237127,-283.125441770473,6.76746485175034,-7.02384842755538,17.6513788757324,2.50750929421095,0.123269575010532,1.0123307106229,0.0501833603105719
-265.58799429154,-283.051896572843,6.74612290616311,-7.40464853447983,17.6513788757324,2.50750929421095,0.123269575010532,1.0123307106229,0.0501833603105719
-265.576835396311,-282.975170987378,6.73496401093421,-6.46832663560404,17.6513788757324,2.50750929421095,0.123269575010532,1.0123307106229,0.0501833603105719
-265.559585936762,-282.900859002557,6.71771455138481,-6.17295010589937,17.4855997619629,2.50750929421095,0.123269575010532,1.0123307106229,0.0501833603105719
-265.550817117761,-282.828012671536,6.70894573238456,-6.03156328093,17.4855997619629,2.50750929421095,0.123269575010532,1.0123307106229,0.0501833603105719
-265.54769282861,-282.752583939775,6.70582144323284,-6.09664377749257,17.4855997619629,2.50750929421095,0.123269575010532,1.0123307106229,0.0501833603105719
-265.537336732871,-282.677517037605,6.69546534749449,-5.68380406453692,17.4855997619629,2.50750929421095,0.123269575010532,1.0123307106229,0.0501833603105719
-265.529956339172,-282.602300082389,6.68808495379497,-5.20135990993378,17.2760012207031,2.50750929421095,0.123269575010532,1.0123307106229,0.0501833603105719
-265.532795045115,-282.527412908134,6.69092365973784,-5.03874051676177,17.2760012207031,2.50750929421095,0.123269575010532,1.0123307106229,0.0501833603105719
-265.509381996808,-282.451958645575,6.66751061143084,-4.36747278848694,17.2760012207031,2.50750929421095,0.123269575010532,1.0123307106229,0.0501833603105719
-265.509705264125,-282.376894610444,6.66783387874847,-3.95852749218728,17.0432932434082,2.50750929421095,0.123269575010532,1.0123307106229,0.0501833603105719
-265.507492281599,-282.302123372153,6.66562089622219,-4.28576024132602,17.0432932434082,2.50750929421095,0.123269575010532,1.0123307106229,0.0501833603105719
-265.500494105641,-282.228313496436,6.65862272026413,-4.14474284977152,17.0432932434082,2.50750929421095,0.123269575010532,1.0123307106229,0.0501833603105719
-265.481780655369,-282.154404066673,6.63990926999186,-4.30785144213449,16.7401087341309,2.50750929421095,0.123269575010532,1.0123307106229,0.0501833603105719
-265.474933541122,-282.081430277723,6.63306215574538,-4.8515190646138,16.7401087341309,2.50750929421095,0.123269575010532,1.0123307106229,0.0501833603105719
-265.470476728358,-282.008038800012,6.62860534298093,-4.72447268085352,16.7401087341309,2.50750929421095,0.123269575010532,1.0123307106229,0.0501833603105719
-265.455922018617,-281.93667121704,6.61405063324,-4.3217963844797,16.7401087341309,2.50750929421095,0.123269575010532,1.0123307106229,0.0501833603105719
-265.455712338649,-281.865285083841,6.61384095327172,-4.70379690000202,16.5302050170898,2.50750929421095,0.123269575010532,1.0123307106229,0.0501833603105719
-265.438043082799,-281.794768129133,6.59617169742233,-6.42188010955603,16.5302050170898,2.50750929421095,0.123269575010532,1.0123307106229,0.0501833603105719
-265.422323110792,-281.724884775388,6.58045172541527,-6.8783597865261,16.5302050170898,2.50750929421095,0.123269575010532,1.0123307106229,0.0501833603105719
-265.414539711745,-281.656166362568,6.57266832636777,-6.30036938773708,16.2718241271973,2.50750929421095,0.123269575010532,1.0123307106229,0.0501833603105719
-265.408607652001,-281.587703820097,6.56673626662391,-6.39037653124853,16.2718241271973,2.50750929421095,0.123269575010532,1.0123307106229,0.0501833603105719
-265.390843329147,-281.520738912094,6.54897194376963,-6.19705488468499,16.2718241271973,2.50750929421095,0.123269575010532,1.0123307106229,0.0501833603105719
-265.372554601778,-281.454466967421,6.53068321640077,-6.68820784852407,16.1311152038574,2.50750929421095,0.123269575010532,1.0123307106229,0.0501833603105719
-265.359871419159,-281.388880288452,6.51800003378256,-7.04418264786588,16.1311152038574,2.50750929421095,0.123269575010532,1.0123307106229,0.0501833603105719
-265.343297780651,-281.324234876659,6.50142639527401,-7.1704222387516,16.1311152038574,2.50750929421095,0.123269575010532,1.0123307106229,0.0501833603105719
-265.330175016083,-281.261083448133,6.48830363070629,-7.12489939910709,16.1311152038574,2.50750929421095,0.123269575010532,1.0123307106229,0.0501833603105719
-265.315526511904,-281.198409102201,6.47365512652759,-7.09786832439122,15.9918701705933,2.50750929421095,0.123269575010532,1.0123307106229,0.0501833603105719
-265.305270558452,-281.136547333386,6.46339917307531,-7.41099197361189,15.9918701705933,2.50750929421095,0.123269575010532,1.0123307106229,0.0501833603105719
-265.283813764209,-281.07607515963,6.44194237883189,-7.20321428053895,15.9918701705933,2.50750929421095,0.123269575010532,1.0123307106229,0.0501833603105719
-265.274916151301,-281.016093574119,6.43304476592443,-6.99248760178923,15.804236656189,2.50750929421095,0.123269575010532,1.0123307106229,0.0501833603105719
-265.26329944186,-280.957501072335,6.42142805648283,-6.76578909089141,15.804236656189,2.50750929421095,0.123269575010532,1.0123307106229,0.0501833603105719
-265.252981409628,-280.899255658432,6.41111002425065,-6.51813759504238,15.804236656189,2.50750929421095,0.123269575010532,1.0123307106229,0.0501833603105719
-265.233976474322,-280.842456032208,6.39210508894533,-6.53558883724182,15.6649963912964,2.50750929421095,0.123269575010532,1.0123307106229,0.0501833603105719
-265.212653722331,-280.785421267446,6.37078233695404,-6.45443599287162,15.6649963912964,2.50750929421095,0.123269575010532,1.0123307106229,0.0501833603105719
-265.206067636487,-280.729746804245,6.36419625110984,-5.77476056212564,15.6649963912964,2.50750929421095,0.123269575010532,1.0123307106229,0.0501833603105719
-265.20603300901,-280.675357281961,6.3641616236329,-5.98164781385401,15.6649963912964,2.50750929421095,0.123269575010532,1.0123307106229,0.0501833603105719
-265.186423750298,-280.620794550734,6.34455236492087,-5.70368871185566,15.5254719314575,2.50750929421095,0.123269575010532,1.0123307106229,0.0501833603105719
-265.179157861615,-280.567391263939,6.33728647623788,-5.93007431974624,15.5254719314575,2.50750929421095,0.123269575010532,1.0123307106229,0.0501833603105719
-265.167715264671,-280.514075442719,6.32584387929391,-5.31787234699718,15.5254719314575,2.50750929421095,0.123269575010532,1.0123307106229,0.0501833603105719
-265.151662719197,-280.461365655299,6.30979133382059,-5.12569958874112,15.4100296554565,2.50750929421095,0.123269575010532,1.0123307106229,0.0501833603105719
-265.141743728174,-280.409483839682,6.29987234279733,-4.98678565121524,15.4100296554565,2.50750929421095,0.123269575010532,1.0123307106229,0.0501833603105719
-265.1347988601,-280.358126863825,6.29292747472338,-4.71332211457211,15.4100296554565,2.50750929421095,0.123269575010532,1.0123307106229,0.0501833603105719
-265.126043090426,-280.306767004703,6.28417170504864,-5.0867858472423,15.2238152084351,2.50750929421095,0.123269575010532,1.0123307106229,0.0501833603105719
-265.124283873157,-280.25602993028,6.28241248778055,-5.50055856068199,15.2238152084351,2.50750929421095,0.123269575010532,1.0123307106229,0.0501833603105719
-265.113159369688,-280.205338253579,6.27128798431131,-5.59300920576988,15.2238152084351,2.50750929421095,0.123269575010532,1.0123307106229,0.0501833603105719
-265.096236571302,-280.154915158814,6.25436518592531,-4.76293554901888,15.2238152084351,2.50750929421095,0.123269575010532,1.0123307106229,0.0501833603105719
-265.095230927899,-280.104313754841,6.25335954252204,-4.41417591158725,15.1067860183716,2.50750929421095,0.123269575010532,1.0123307106229,0.0501833603105719
-265.083739699632,-280.054214690333,6.24186831425549,-4.83596646890601,15.1067860183716,2.50750929421095,0.123269575010532,1.0123307106229,0.0501833603105719
-265.080387347304,-280.003966768794,6.23851596192698,-4.69677353208469,15.1067860183716,2.50750929421095,0.123269575010532,1.0123307106229,0.0501833603105719
-265.067774875366,-279.953194020127,6.22590348998903,-4.75008223770941,14.9907524642944,2.50750929421095,0.123269575010532,1.0123307106229,0.0501833603105719
-265.042523412099,-279.903088450898,6.20065202672188,-4.74006906950632,14.9907524642944,2.50750929421095,0.123269575010532,1.0123307106229,0.0501833603105719
-265.050491331795,-279.852083219755,6.2086199464183,-4.50097088201056,14.9907524642944,2.50750929421095,0.123269575010532,1.0123307106229,0.0501833603105719
-265.024559939109,-279.800306781249,6.18268855373233,-4.77813865604119,14.826224571228,2.50750929421095,0.123269575010532,1.0123307106229,0.0501833603105719
-265.01899350352,-279.749328794338,6.17712211814303,-4.9113043607862,14.826224571228,2.50750929421095,0.123269575010532,1.0123307106229,0.0501833603105719
-265.005765861295,-279.698180837377,6.16389447591853,-5.05059878561091,14.826224571228,2.50750929421095,0.123269575010532,1.0123307106229,0.0501833603105719
-264.998312887077,-279.646306840861,6.15644150170008,-5.2075338346511,14.7083733139038,2.50750929421095,0.123269575010532,1.0123307106229,0.0501833603105719
-264.996126484389,-279.594209611667,6.15425509901202,-4.75154395465963,14.7083733139038,2.50750929421095,0.123269575010532,1.0123307106229,0.0501833603105719
-264.971961251882,-279.541087964866,6.13008986650526,-4.8343200593197,14.7083733139038,2.50750929421095,0.123269575010532,1.0123307106229,0.0501833603105719
-264.970880498313,-279.487312027929,6.12900911293629,-4.65381256571471,14.7083733139038,2.50750929421095,0.123269575010532,1.0123307106229,0.0501833603105719
-264.954079033173,-279.433130125203,6.11220764779635,-4.533678193264,14.6144001541138,2.50750929421095,0.123269575010532,1.0123307106229,0.0501833603105719
-264.943756666379,-279.378340628735,6.10188528100186,-4.84186764914741,14.6144001541138,2.50750929421095,0.123269575010532,1.0123307106229,0.0501833603105719
-264.952654498643,-279.32267047238,6.1107831132664,-4.4356982615542,14.6144001541138,2.50750929421095,0.123269575010532,1.0123307106229,0.0501833603105719
-264.931327474926,-279.266108115371,6.08945608954875,-4.74225613879152,14.4738018569946,2.50750929421095,0.123269575010532,1.0123307106229,0.0501833603105719
-264.941113715129,-279.209011059724,6.09924232975179,-4.84455605595252,14.4738018569946,2.50750929421095,0.123269575010532,1.0123307106229,0.0501833603105719
-264.91732571953,-279.150522651477,6.07545433415313,-4.79386909071281,14.4738018569946,2.50750929421095,0.123269575010532,1.0123307106229,0.0501833603105719
-264.904742531521,-279.091892023816,6.0628711461444,-4.5885926171889,14.3338348922729,2.50750929421095,0.123269575010532,1.0123307106229,0.0501833603105719
-264.902378074584,-279.032330837576,6.06050668920716,-4.15741795774332,14.3338348922729,2.50750929421095,0.123269575010532,1.0123307106229,0.0501833603105719
-264.896624066123,-278.971431221339,6.05475268074585,-4.5950095724731,14.3338348922729,2.50750929421095,0.123269575010532,1.0123307106229,0.0501833603105719
-264.886927580034,-278.90949884423,6.04505619465678,-4.09741840974984,14.3338348922729,2.50750929421095,0.123269575010532,1.0123307106229,0.0501833603105719
-264.875030790973,-278.847322167393,6.03315940559634,-4.12948947638105,14.1459381637573,2.50750929421095,0.123269575010532,1.0123307106229,0.0501833603105719
-264.877218098122,-278.783950848228,6.03534671274519,-4.59398958704591,14.1459381637573,2.50750929421095,0.123269575010532,1.0123307106229,0.0501833603105719
-264.870406233332,-278.719465204637,6.02853484795496,-4.54848913255776,14.1459381637573,2.50750929421095,0.123269575010532,1.0123307106229,0.0501833603105719
-264.852312218503,-278.654426381019,6.01044083312641,-4.85099714628716,13.9822533187866,2.50750929421095,0.123269575010532,1.0123307106229,0.0501833603105719
-264.846323334428,-278.588040645981,6.00445194905125,-5.07776061665868,13.9822533187866,2.50750929421095,0.123269575010532,1.0123307106229,0.0501833603105719
-264.833815505235,-278.520780211807,5.9919441198581,-5.32377257381221,13.9822533187866,2.50750929421095,0.123269575010532,1.0123307106229,0.0501833603105719
-264.831737540414,-278.452772384588,5.98986615503738,-4.94971896728328,13.9822533187866,2.50750929421095,0.123269575010532,1.0123307106229,0.0501833603105719
-264.813386709939,-278.382634565432,5.97151532456175,-4.6268956089684,13.8414280471802,2.50750929421095,0.123269575010532,1.0123307106229,0.0501833603105719
-264.8174244826,-278.314097455805,5.9755530972227,-4.85895344761462,13.8414280471802,2.50750929421095,0.123269575010532,1.0123307106229,0.0501833603105719
-264.789757465804,-278.243764064185,5.94788608042679,-5.21232950295714,13.8414280471802,2.50750929421095,0.123269575010532,1.0123307106229,0.0501833603105719
-264.797411103531,-278.172307406799,5.9555397181546,-5.05243010092863,13.6071541366577,2.50750929421095,0.123269575010532,1.0123307106229,0.0501833603105719
-264.772720625285,-278.10009006835,5.93084923990783,-5.20378136878001,13.6071541366577,2.50750929421095,0.123269575010532,1.0123307106229,0.0501833603105719
-264.7643349375,-278.027414637022,5.92246355212272,-5.12413041235791,13.6071541366577,2.50750929421095,0.123269575010532,1.0123307106229,0.0501833603105719
-264.753382287216,-277.954693399597,5.91151090183889,-5.36740164770955,13.4890244064331,2.50750929421095,0.123269575010532,1.0123307106229,0.0501833603105719
-264.739342410777,-277.880773394667,5.89747102540011,-5.66485327629494,13.4890244064331,2.50750929421095,0.123269575010532,1.0123307106229,0.0501833603105719
-264.726964481715,-277.805974337418,5.88509309633811,-5.87134866483938,13.4890244064331,2.50750929421095,0.123269575010532,1.0123307106229,0.0501833603105719
-264.720531750891,-277.731869243542,5.87866036551415,-5.60253764242998,13.4890244064331,2.50750929421095,0.123269575010532,1.0123307106229,0.0501833603105719
-264.709940716963,-277.656857396569,5.86806933158585,-5.00889549355343,13.3250324783325,2.50750929421095,0.123269575010532,1.0123307106229,0.0501833603105719
-264.711226664562,-277.581659706823,5.86935527918547,-5.9432623154642,13.3250324783325,2.50750929421095,0.123269575010532,1.0123307106229,0.0501833603105719
-264.695306031758,-277.506596094027,5.85343464638144,-5.89523760088433,13.3250324783325,2.50750929421095,0.123269575010532,1.0123307106229,0.0501833603105719
-264.681274739714,-277.431002101153,5.83940335433747,-5.58898229680494,13.1158669052124,2.50750929421095,0.123269575010532,1.0123307106229,0.0501833603105719
-264.667348834727,-277.355251005576,5.8254774493498,-5.677585735837,13.1158669052124,2.50750929421095,0.123269575010532,1.0123307106229,0.0501833603105719
-264.652736380467,-277.279998836354,5.8108649950902,-5.8064680422279,13.1158669052124,2.50750929421095,0.123269575010532,1.0123307106229,0.0501833603105719
-264.651218802622,-277.205729175883,5.80934741724515,-6.18198279863359,12.9039013442993,2.50750929421095,0.123269575010532,1.0123307106229,0.0501833603105719
-264.630703300535,-277.130610454588,5.78883191515828,-6.22975134418279,12.9039013442993,2.50750929421095,0.123269575010532,1.0123307106229,0.0501833603105719
-264.626547154019,-277.056536193458,5.78467576864161,-5.81709345812357,12.9039013442993,2.50750929421095,0.123269575010532,1.0123307106229,0.0501833603105719
-264.614668569581,-276.982977125498,5.77279718420365,-5.98669832212381,12.9039013442993,2.50750929421095,0.123269575010532,1.0123307106229,0.0501833603105719
-264.59785800839,-276.909738257471,5.75598662301341,-6.41744763175923,12.7418758926392,2.50750929421095,0.123269575010532,1.0123307106229,0.0501833603105719
-264.569880510362,-276.837412162292,5.72800912498528,-6.49360571028966,12.7418758926392,2.50750929421095,0.123269575010532,1.0123307106229,0.0501833603105719
-264.565264431733,-276.766260168026,5.72339304635588,-6.77606179824708,12.7418758926392,2.50750929421095,0.123269575010532,1.0123307106229,0.0501833603105719
-264.569577698869,-276.696170418283,5.72770631349184,-6.76944307486653,12.4850132522583,2.50750929421095,0.123269575010532,1.0123307106229,0.0501833603105719
-264.547095594362,-276.627192971348,5.70522420898473,-6.73915163576285,12.4850132522583,2.50750929421095,0.123269575010532,1.0123307106229,0.0501833603105719
-264.527442989663,-276.5580980074,5.68557160428646,-6.65252842807182,12.4850132522583,2.50750929421095,0.123269575010532,1.0123307106229,0.0501833603105719
-264.52210393738,-276.490639759898,5.68023255200295,-7.33057324960687,12.2994148788452,2.50750929421095,0.123269575010532,1.0123307106229,0.0501833603105719
-264.517467623442,-276.428007344912,5.67559623806485,-7.80806012423729,12.2994148788452,2.50750929421095,0.123269575010532,1.0123307106229,0.0501833603105719
-264.485496191694,-276.364995799755,5.64362480631692,-7.12813190105645,12.2994148788452,2.50750929421095,0.123269575010532,1.0123307106229,0.0501833603105719
-264.487412823031,-276.303934532219,5.64554143765367,-7.02780015345718,12.2994148788452,2.50750929421095,0.123269575010532,1.0123307106229,0.0501833603105719
-264.470841458682,-276.244563947748,5.62897007330548,-7.38914542139939,12.1590969619751,2.50750929421095,0.123269575010532,1.0123307106229,0.0501833603105719
-264.448753095578,-276.187260405577,5.60688171020135,-7.36559519510964,12.1590969619751,2.50750929421095,0.123269575010532,1.0123307106229,0.0501833603105719
-264.428391530006,-276.132270836064,5.58652014462951,-7.09032603728717,12.1590969619751,2.50750929421095,0.123269575010532,1.0123307106229,0.0501833603105719
-264.427192853092,-276.079372356811,5.5853214677149,-7.41044191478304,12.0176060256958,2.50750929421095,0.123269575010532,1.0123307106229,0.0501833603105719
-264.411141178301,-276.02907178384,5.56926979292416,-7.703870525805,12.0176060256958,2.50750929421095,0.123269575010532,1.0123307106229,0.0501833603105719
-264.395808267932,-275.98120644182,5.55393688255551,-7.60413885471648,12.0176060256958,2.50750929421095,0.123269575010532,1.0123307106229,0.0501833603105719
-264.378288827498,-275.936433398022,5.53641744212119,-7.38915860810652,11.8300659713745,2.50750929421095,0.123269575010532,1.0123307106229,0.0501833603105719
-264.362805853165,-275.894058749515,5.52093446778773,-7.66914238606415,11.8300659713745,2.50750929421095,0.123269575010532,1.0123307106229,0.0501833603105719
-264.344984486867,-275.855146455283,5.50311310149026,-7.60525345186278,11.8300659713745,2.50750929421095,0.123269575010532,1.0123307106229,0.0501833603105719
-264.330831818257,-275.818974286969,5.48896043287983,-7.21664815035509,11.8300659713745,2.50750929421095,0.123269575010532,1.0123307106229,0.0501833603105719
-264.315753491784,-275.785908944961,5.47388210640676,-7.04291603260229,11.6907646713257,2.50750929421095,0.123269575010532,1.0123307106229,0.0501833603105719
-264.30617538324,-275.756329031751,5.46430399786291,-7.03514899847041,11.6907646713257,2.50750929421095,0.123269575010532,1.0123307106229,0.0501833603105719
-264.299569205884,-275.730237550672,5.45769782050698,-7.20388654787764,11.6907646713257,2.50750929421095,0.123269575010532,1.0123307106229,0.0501833603105719
-264.280279712765,-275.707444719148,5.43840832738851,-7.04457187917312,11.5494253692627,2.50750929421095,0.123269575010532,1.0123307106229,0.0501833603105719
-264.277215099045,-275.688503796556,5.43534371366783,-6.98256808951081,11.5494253692627,2.50750929421095,0.123269575010532,1.0123307106229,0.0501833603105719
-264.251125295375,-275.673068424229,5.40925390999847,-7.38775313157654,11.5494253692627,2.50750929421095,0.123269575010532,1.0123307106229,0.0501833603105719
-264.233070339976,-275.661436732727,5.39119895459933,-6.70042010897414,11.5494253692627,2.50750929421095,0.123269575010532,1.0123307106229,0.0501833603105719
-264.226710883047,-275.653811169459,5.38483949767005,-6.42034215370752,11.4568359909058,2.50750929421095,0.123269575010532,1.0123307106229,0.0501833603105719
-264.211311988102,-275.650079215361,5.36944060272554,-6.33167877032688,11.4568359909058,2.50750929421095,0.123269575010532,1.0123307106229,0.0501833603105719
-264.209641160247,-275.650417968026,5.36776977487047,-5.88133942954126,11.4568359909058,2.50750929421095,0.123269575010532,1.0123307106229,0.0501833603105719
-264.189695989207,-275.654902130381,5.34782460383049,-6.14789851362341,11.3630917129517,2.50750929421095,0.123269575010532,1.0123307106229,0.0501833603105719
-264.176713419359,-275.663463051023,5.33484203398238,-6.27152849343175,11.3630917129517,2.50750929421095,0.123269575010532,1.0123307106229,0.0501833603105719
-264.163446319503,-275.676290157521,5.32157493412594,-6.56103436119302,11.3404657897949,2.50750929421095,0.123269575010532,1.0123307106229,0.0501833603105719
-264.154773472244,-275.693358138752,5.31290208686719,-5.69850720923155,11.3404657897949,2.50750929421095,0.123269575010532,1.0123307106229,0.0501833603105719
-264.147196846519,-275.714783744442,5.30532546114221,-4.94300572806996,11.3404657897949,2.50750929421095,0.123269575010532,1.0123307106229,0.0501833603105719
-264.145709244919,-275.740789120565,5.30383785954192,-4.97037907061173,11.3404657897949,2.50750929421095,0.123269575010532,1.0123307106229,0.0501833603105719
-264.13222048308,-275.770983370414,5.29034909770293,-4.8534689378684,11.3386051712036,2.50750929421095,0.123269575010532,1.0123307106229,0.0501833603105719
-264.113646358232,-275.805477437843,5.27177497285486,-4.57686606854094,11.3386051712036,2.50750929421095,0.123269575010532,1.0123307106229,0.0501833603105719
-264.119186970879,-275.844553241938,5.27731558550193,-4.70052172184174,11.3386051712036,2.50750929421095,0.123269575010532,1.0123307106229,0.0501833603105719
-264.101520983678,-275.888006255154,5.25964959830072,-4.34084892560281,11.4795868453979,2.50750929421095,0.123269575010532,1.0123307106229,0.0501833603105719
-264.091976955857,-275.936009200172,5.25010557048,-4.19287606056774,11.4795868453979,2.50750929421095,0.123269575010532,1.0123307106229,0.0501833603105719
-264.085697454091,-275.988775754903,5.24382606871432,-3.78291924082122,11.4795868453979,2.50750929421095,0.123269575010532,1.0123307106229,0.0501833603105719
-264.070726805134,-276.045031599824,5.22885541975759,-2.96862018764115,11.4795868453979,2.50750929421095,0.123269575010532,1.0123307106229,0.0501833603105719
-264.064458551331,-276.106339958952,5.22258716595392,-2.55915673779794,11.5715906677246,2.50750929421095,0.123269575010532,1.0123307106229,0.0501833603105719
-264.063196034591,-276.1721059814,5.2213246492146,-2.72741448428288,11.5715906677246,2.50750929421095,0.123269575010532,1.0123307106229,0.0501833603105719
-264.067769397231,-276.242598899929,5.22589801185441,-2.21950642766549,11.5715906677246,2.50750929421095,0.123269575010532,1.0123307106229,0.0501833603105719
-264.052650238186,-276.316081762239,5.21077885280913,-1.09018680214743,11.828120475769,2.50750929421095,0.123269575010532,1.0123307106229,0.0501833603105719
-264.045031838968,-276.394389445999,5.20316045359071,-0.354054208692846,11.828120475769,2.50750929421095,0.123269575010532,1.0123307106229,0.0501833603105719
-264.048883608882,-276.477406707185,5.20701222350478,0.342283544193094,11.828120475769,2.50750929421095,0.123269575010532,1.0123307106229,0.0501833603105719
-264.048236669961,-276.564150632545,5.20636528458368,0.15158411727187,12.0605213699341,2.50750929421095,0.123269575010532,1.0123307106229,0.0501833603105719
-264.046078271857,-276.65524170772,5.2042068864796,0.495819775506447,12.0605213699341,2.50750929421095,0.123269575010532,1.0123307106229,0.0501833603105719
-264.056154304636,-276.750095835937,5.21428291925918,2.04694329331998,12.0605213699341,2.50750929421095,0.123269575010532,1.0123307106229,0.0501833603105719
-264.051841337344,-276.848657913798,5.2099699519671,4.09664348961484,12.0605213699341,2.50750929421095,0.123269575010532,1.0123307106229,0.0501833603105719
-264.054926552102,-276.951436161341,5.21305516672554,5.2928519577576,12.2929451522827,2.50750929421095,0.123269575010532,1.0123307106229,0.0501833603105719
-264.069437276578,-277.057718971324,5.22756589120127,5.7452421766197,12.2929451522827,2.50750929421095,0.123269575010532,1.0123307106229,0.0501833603105719
-264.074417847458,-277.168002986173,5.23254646208143,6.41470095557648,12.2929451522827,2.50750929421095,0.123269575010532,1.0123307106229,0.0501833603105719
-264.103942130748,-277.287426345568,5.26207074537111,7.19967567184681,12.5758659896851,2.50750929421095,0.123269575010532,1.0123307106229,0.0501833603105719
-264.1096474914,-277.398934339209,5.26777610602297,7.15573782001516,12.5758659896851,2.50750929421095,0.123269575010532,1.0123307106229,0.0501833603105719
-264.130176361408,-277.517694299718,5.28830497603144,7.01559732778797,12.5758659896851,2.50750929421095,0.123269575010532,1.0123307106229,0.0501833603105719
-264.128376135002,-277.639932592833,5.28650474962516,6.73010128822607,12.5758659896851,2.50750929421095,0.123269575010532,1.0123307106229,0.0501833603105719
-264.151233237234,-277.766835953758,5.30936185185726,7.11301026518106,12.8114883956909,2.50750929421095,0.123269575010532,1.0123307106229,0.0501833603105719
-264.162976119013,-277.895413748407,5.32110473363617,6.7606305145186,12.8114883956909,2.50750929421095,0.123269575010532,1.0123307106229,0.0501833603105719
-264.18644914307,-278.026170720934,5.3445777576932,7.32997807228638,12.8114883956909,2.50750929421095,0.123269575010532,1.0123307106229,0.0501833603105719
-264.202853668365,-278.160843928968,5.36098228298837,7.9560763393859,13.024768119812,2.50750929421095,0.123269575010532,1.0123307106229,0.0501833603105719
-264.219262267526,-278.297220371725,5.37739088214911,8.52475269983574,13.024768119812,2.50750929421095,0.123269575010532,1.0123307106229,0.0501833603105719
-264.232092162855,-278.434787398574,5.39022077747792,8.15725176941186,13.024768119812,2.50750929421095,0.123269575010532,1.0123307106229,0.0501833603105719
-264.253712776897,-278.57495418924,5.41184139152007,8.71396474150814,13.376481300354,2.50750929421095,0.123269575010532,1.0123307106229,0.0501833603105719
-264.265557209948,-278.717848703152,5.42368582457131,9.28464748626817,13.376481300354,2.50750929421095,0.123269575010532,1.0123307106229,0.0501833603105719
-264.284561953161,-278.861584294936,5.44269056778418,9.06291464233671,13.376481300354,2.50750929421095,0.123269575010532,1.0123307106229,0.0501833603105719
-264.303924762617,-279.006304977508,5.46205337724021,9.00809683995057,13.376481300354,2.50750929421095,0.123269575010532,1.0123307106229,0.0501833603105719
-264.322019794601,-279.15294289593,5.48014840922445,8.99413821907184,13.7961342391968,2.50750929421095,0.123269575010532,1.0123307106229,0.0501833603105719
-264.334741284514,-279.301808681602,5.49286989913672,9.62954187532253,13.7961342391968,2.50750929421095,0.123269575010532,1.0123307106229,0.0501833603105719
-264.347276373169,-279.450370197871,5.50540498779234,9.04822945421391,13.7961342391968,2.50750929421095,0.123269575010532,1.0123307106229,0.0501833603105719
-264.357967611595,-279.600189547985,5.51609622621807,9.30538645593407,14.2166588363647,2.50750929421095,0.123269575010532,1.0123307106229,0.0501833603105719
-264.386000838347,-279.749560314913,5.54412945297034,9.81671081027049,14.2166588363647,2.50750929421095,0.123269575010532,1.0123307106229,0.0501833603105719
-264.383193738738,-279.900172823983,5.5413223533608,9.52389604273485,14.2166588363647,2.50750929421095,0.123269575010532,1.0123307106229,0.0501833603105719
-264.422181573933,-280.05157216875,5.58031018855643,10.3196926394634,14.7516338882446,2.50750929421095,0.123269575010532,1.0123307106229,0.0501833603105719
-264.431667664452,-280.202237252359,5.58979627907524,11.3363373002493,14.7516338882446,2.50750929421095,0.123269575010532,1.0123307106229,0.0501833603105719
-264.457240362794,-280.352194576003,5.61536897741738,12.194404607963,14.7516338882446,2.50750929421095,0.123269575010532,1.0123307106229,0.0501833603105719
-264.471269656183,-280.502117373127,5.62939827080572,12.5018265977684,14.7516338882446,2.50750929421095,0.123269575010532,1.0123307106229,0.0501833603105719
-264.503216401409,-280.652045508524,5.66134501603233,12.5373388443714,15.2881977615356,2.50750929421095,0.123269575010532,1.0123307106229,0.0501833603105719
-264.524069177591,-280.803038324191,5.68219779221457,13.3138129549169,15.2881977615356,2.50750929421095,0.123269575010532,1.0123307106229,0.0501833603105719
-264.548476617676,-280.949264544462,5.70660523229949,13.5826755599272,15.2881977615356,2.50750929421095,0.123269575010532,1.0123307106229,0.0501833603105719
-264.587042678742,-281.09616684495,5.74517129336477,13.948268115476,15.7789928970337,2.50750929421095,0.123269575010532,1.0123307106229,0.0501833603105719
-264.609343628343,-281.241273835359,5.76747224296653,13.9338090201043,15.7789928970337,2.50750929421095,0.123269575010532,1.0123307106229,0.0501833603105719
-264.629223899303,-281.386503183105,5.78735251392587,14.9954124890277,15.7789928970337,2.50750929421095,0.123269575010532,1.0123307106229,0.0501833603105719
-264.680242030552,-281.528550877039,5.83837064517551,14.6215195416922,16.2937166748047,2.50750929421095,0.123269575010532,1.0123307106229,0.0501833603105719
-264.692575873345,-281.668146875868,5.85070448796837,15.7707827899874,16.2937166748047,2.50750929421095,0.123269575010532,1.0123307106229,0.0501833603105719
-264.733377439639,-281.807458723734,5.89150605426175,17.1008520348191,16.2937166748047,2.50750929421095,0.123269575010532,1.0123307106229,0.0501833603105719
-264.755629213343,-281.943789211498,5.91375782796627,17.1041726912612,16.2937166748047,2.50750929421095,0.123269575010532,1.0123307106229,0.0501833603105719
-264.809393226414,-282.076998077363,5.96752184103672,16.3878964521281,16.7600977478027,2.50750929421095,0.123269575010532,1.0123307106229,0.0501833603105719
-264.836086390557,-282.208228331387,5.99421500517977,17.2339473740088,16.7600977478027,2.50750929421095,0.123269575010532,1.0123307106229,0.0501833603105719
-264.874412378223,-282.337950321412,6.03254099284639,16.7154817142703,16.7600977478027,2.50750929421095,0.123269575010532,1.0123307106229,0.0501833603105719
-264.902958002844,-282.463310703959,6.06108661746674,16.4200590974496,17.183555847168,2.50750929421095,0.123269575010532,1.0123307106229,0.0501833603105719
-264.931076735603,-282.586329625759,6.08920535022661,16.1908048195415,17.183555847168,2.50750929421095,0.123269575010532,1.0123307106229,0.0501833603105719
-264.961835194166,-282.706091824618,6.11996380878888,16.9202949841792,17.183555847168,2.50750929421095,0.123269575010532,1.0123307106229,0.0501833603105719
-265.007960275386,-282.823205814968,6.16608889000925,15.6884387279791,17.5341684875488,2.50750929421095,0.123269575010532,1.0123307106229,0.0501833603105719
-265.04164404448,-282.936723277604,6.19977265910321,16.4627986945833,17.5341684875488,2.50750929421095,0.123269575010532,1.0123307106229,0.0501833603105719
-265.052800681385,-283.046286035108,6.21092929600814,18.0393268779064,17.5341684875488,2.50750929421095,0.123269575010532,1.0123307106229,0.0501833603105719
-265.0953935917,-283.152425453102,6.25352220632291,15.6818168841926,17.5341684875488,2.50750929421095,0.123269575010532,1.0123307106229,0.0501833603105719
-265.128659677308,-283.255068131416,6.28678829193091,15.5897460159639,17.8843195495605,2.50750929421095,0.123269575010532,1.0123307106229,0.0501833603105719
-265.172652495129,-283.354069848413,6.33078110975177,15.8951456421211,17.8843195495605,2.50750929421095,0.123269575010532,1.0123307106229,0.0501833603105719
-265.189264968886,-283.448697303126,6.34739358350933,15.1889497006008,17.8843195495605,2.50750929421095,0.123269575010532,1.0123307106229,0.0501833603105719
-265.224331092537,-283.5401657768,6.38245970716056,14.0806730401198,18.1894342956543,2.50750929421095,0.123269575010532,1.0123307106229,0.0501833603105719
-265.251693390296,-283.626921576049,6.4098220049193,13.8265349726742,18.1894342956543,2.50750929421095,0.123269575010532,1.0123307106229,0.0501833603105719
-265.268531912649,-283.709732180337,6.4266605272722,13.5512285808171,18.1894342956543,2.50750929421095,0.123269575010532,1.0123307106229,0.0501833603105719
-265.291120042176,-283.791312804842,6.44924865679886,13.3717572852307,18.493442779541,2.50750929421095,0.123269575010532,1.0123307106229,0.0501833603105719
-265.322461401016,-283.863815378642,6.48059001563933,13.5025322165461,18.493442779541,2.50750929421095,0.123269575010532,1.0123307106229,0.0501833603105719
-265.346670100961,-283.933084459763,6.50479871558413,13.6021561194009,18.493442779541,2.50750929421095,0.123269575010532,1.0123307106229,0.0501833603105719
-265.367567931084,-283.998483089788,6.52569654570728,12.7155060078852,18.493442779541,2.50750929421095,0.123269575010532,1.0123307106229,0.0501833603105719
-265.398411091249,-284.060187670226,6.55653970587205,12.1198477970085,18.7256662902832,2.50750929421095,0.123269575010532,1.0123307106229,0.0501833603105719
-265.414772966988,-284.117074237368,6.57290158161061,11.7963348950686,18.7256662902832,2.50750929421095,0.123269575010532,1.0123307106229,0.0501833603105719
-265.430754776961,-284.169335051657,6.58888339158448,11.2792976361311,18.7256662902832,2.50750929421095,0.123269575010532,1.0123307106229,0.0501833603105719
-265.451245559601,-284.217426517185,6.60937417422386,11.0868133005197,18.961445098877,2.50750929421095,0.123269575010532,1.0123307106229,0.0501833603105719
-265.476381324449,-284.260822141087,6.63450993907172,11.0490481907534,18.961445098877,2.50750929421095,0.123269575010532,1.0123307106229,0.0501833603105719
-265.486916904361,-284.300176213286,6.64504551898432,10.3515716909169,18.961445098877,2.50750929421095,0.123269575010532,1.0123307106229,0.0501833603105719
-265.512657027942,-284.334994491892,6.67078564256463,10.3954219248755,19.1238977966309,2.50750929421095,0.123269575010532,1.0123307106229,0.0501833603105719
-265.547372767766,-284.365347186438,6.70550138238935,10.4632177591068,19.1238977966309,2.50750929421095,0.123269575010532,1.0123307106229,0.0501833603105719
-265.56404828395,-284.391311634918,6.72217689857285,10.1455963495788,19.1238977966309,2.50750929421095,0.123269575010532,1.0123307106229,0.0501833603105719
-265.576592789854,-284.412850502309,6.73472140447712,8.89245063197019,19.1238977966309,2.50750929421095,0.123269575010532,1.0123307106229,0.0501833603105719
-265.587732314953,-284.430074993959,6.74586092957574,8.79710065225792,19.2660143432617,2.50750929421095,0.123269575010532,1.0123307106229,0.0501833603105719
-265.612106769965,-284.443019497889,6.77023538458799,8.86473197982848,19.2660143432617,2.50750929421095,0.123269575010532,1.0123307106229,0.0501833603105719
-265.625769985794,-284.451734215209,6.78389860041678,8.66117698953722,19.2660143432617,2.50750929421095,0.123269575010532,1.0123307106229,0.0501833603105719
-265.645702820745,-284.456324953662,6.80383143536861,8.42643811362173,19.3364145812988,2.50750929421095,0.123269575010532,1.0123307106229,0.0501833603105719
-265.651828867803,-284.45673327197,6.8099574824258,7.9134941247623,19.3364145812988,2.50750929421095,0.123269575010532,1.0123307106229,0.0501833603105719
-265.675010330049,-284.453067466503,6.83313894467252,6.19812013352933,19.3364145812988,2.50750929421095,0.123269575010532,1.0123307106229,0.0501833603105719
-265.680977268718,-284.445534204891,6.83910588334086,6.26240036530784,19.2429316101074,2.50750929421095,0.123269575010532,1.0123307106229,0.0501833603105719
-265.703805061675,-284.434002142884,6.86193367629823,6.74362085008522,19.2429316101074,2.50750929421095,0.123269575010532,1.0123307106229,0.0501833603105719
-265.703421248642,-284.418696547317,6.8615498632647,6.56860944485691,19.2429316101074,2.50750929421095,0.123269575010532,1.0123307106229,0.0501833603105719
-265.708070358183,-284.39984288085,6.86619897280638,5.40611227693266,19.2429316101074,2.50750929421095,0.123269575010532,1.0123307106229,0.0501833603105719
-265.724933345254,-284.377129295015,6.88306195987748,4.71165869405305,19.1040728149414,2.50750929421095,0.123269575010532,1.0123307106229,0.0501833603105719
-265.730266494046,-284.351041610547,6.88839510866879,4.98058473909025,19.1040728149414,2.50750929421095,0.123269575010532,1.0123307106229,0.0501833603105719
-265.741280155684,-284.321373276952,6.89940877030709,4.10739790969455,19.1040728149414,2.50750929421095,0.123269575010532,1.0123307106229,0.0501833603105719
-265.762770291926,-284.288570450337,6.92089890654896,2.76094344036093,18.8492434082031,2.50750929421095,0.123269575010532,1.0123307106229,0.0501833603105719
-265.760758687064,-284.2529298278,6.91888730168672,2.70050409112554,18.8492434082031,2.50750929421095,0.123269575010532,1.0123307106229,0.0501833603105719
-265.766272981851,-284.213748642713,6.92440159647389,2.20530087496157,18.8492434082031,2.50750929421095,0.123269575010532,1.0123307106229,0.0501833603105719
-265.767304219554,-284.171619189172,6.92543283417746,1.45393165117242,18.5480539855957,2.50750929421095,0.123269575010532,1.0123307106229,0.0501833603105719
-265.764154817138,-284.126176689401,6.92228343176138,0.562424442089783,18.5480539855957,2.50750929421095,0.123269575010532,1.0123307106229,0.0501833603105719
-265.77423102366,-284.078760711304,6.93235963828331,0.047698652005259,18.5480539855957,2.50750929421095,0.123269575010532,1.0123307106229,0.0501833603105719
-265.772123996458,-284.028594455462,6.93025261108066,-1.73423592224265,18.5480539855957,2.50750929421095,0.123269575010532,1.0123307106229,0.0501833603105719
-265.766300191749,-283.975764454577,6.92442880637256,-2.33538714863875,18.2441790161133,2.50750929421095,0.123269575010532,1.0123307106229,0.0501833603105719
-265.762625943298,-283.921042024428,6.92075455792079,-3.49097299786945,18.2441790161133,2.50750929421095,0.123269575010532,1.0123307106229,0.0501833603105719
-265.755909192082,-283.863553445819,6.91403780670469,-5.50704547302201,18.2441790161133,2.50750929421095,0.123269575010532,1.0123307106229,0.0501833603105719
-265.746828291314,-283.804358500573,6.90495690593723,-6.58028757955099,18.0110857543945,2.50750929421095,0.123269575010532,1.0123307106229,0.0501833603105719
-265.740836444457,-283.742677102497,6.89896505908039,-6.86298172750764,18.0110857543945,2.50750929421095,0.123269575010532,1.0123307106229,0.0501833603105719
-265.719983965653,-283.679957502179,6.87811258027582,-7.13601556379972,18.0110857543945,2.50750929421095,0.123269575010532,1.0123307106229,0.0501833603105719
-265.707566566528,-283.615034075338,6.8656951811516,-7.50024342261012,17.8680307922363,2.50750929421095,0.123269575010532,1.0123307106229,0.0501833603105719
-265.687688821314,-283.548909329889,6.84581743593665,-7.38461289035044,17.8680307922363,2.50750929421095,0.123269575010532,1.0123307106229,0.0501833603105719
-265.680581567359,-283.48125454186,6.83871018198184,-6.64387264669379,17.8680307922363,2.50750929421095,0.123269575010532,1.0123307106229,0.0501833603105719
-265.666200958562,-283.412273924193,6.82432957318535,-6.36881245447124,17.8680307922363,2.50750929421095,0.123269575010532,1.0123307106229,0.0501833603105719
-265.648811575123,-283.341957607479,6.80694018974637,-6.59495664638811,17.7952501831055,2.50750929421095,0.123269575010532,1.0123307106229,0.0501833603105719
-265.63065173409,-283.270457913592,6.78878034871305,-7.24140594779758,17.7952501831055,2.50750929421095,0.123269575010532,1.0123307106229,0.0501833603105719
-265.615569399362,-283.198629450009,6.77369801398542,-6.87875132254888,17.7952501831055,2.50750929421095,0.123269575010532,1.0123307106229,0.0501833603105719
-265.609522201909,-283.12509215252,6.76765081653252,-6.40416555404042,17.6530611572266,2.50750929421095,0.123269575010532,1.0123307106229,0.0501833603105719
-265.591863625428,-283.051764359109,6.74999224005107,-6.61196767202342,17.6530611572266,2.50750929421095,0.123269575010532,1.0123307106229,0.0501833603105719
-265.568009713228,-282.977727123088,6.72613832785129,-6.45222812874599,17.6530611572266,2.50750929421095,0.123269575010532,1.0123307106229,0.0501833603105719
-265.560151076661,-282.901153454472,6.71827969128413,-6.88242808729278,17.51156640625,2.50750929421095,0.123269575010532,1.0123307106229,0.0501833603105719
-265.555977497655,-282.826857328563,6.71410611227785,-6.79315622485149,17.51156640625,2.50750929421095,0.123269575010532,1.0123307106229,0.0501833603105719
-265.537018362665,-282.752754516745,6.69514697728835,-6.36689304642136,17.51156640625,2.50750929421095,0.123269575010532,1.0123307106229,0.0501833603105719
-265.524921443941,-282.677400200229,6.68305005856429,-5.67560180770643,17.2781755981445,2.50750929421095,0.123269575010532,1.0123307106229,0.0501833603105719
-265.535126194988,-282.602533712894,6.69325480961108,-5.38567740867266,17.2781755981445,2.50750929421095,0.123269575010532,1.0123307106229,0.0501833603105719
-265.523763424104,-282.52690144168,6.68189203872699,-5.23753251770524,17.2781755981445,2.50750929421095,0.123269575010532,1.0123307106229,0.0501833603105719
-265.515998394156,-282.451546954685,6.67412700877917,-4.3639733765803,17.2781755981445,2.50750929421095,0.123269575010532,1.0123307106229,0.0501833603105719
-265.500710143313,-282.376707362133,6.65883875793644,-4.05435825792891,17.0434458312988,2.50750929421095,0.123269575010532,1.0123307106229,0.0501833603105719
-265.502849355854,-282.302274229654,6.66097797047743,-4.03664465236808,17.0434458312988,2.50750929421095,0.123269575010532,1.0123307106229,0.0501833603105719
-265.488734714826,-282.227881189434,6.64686332944892,-3.90907329391234,17.0434458312988,2.50750929421095,0.123269575010532,1.0123307106229,0.0501833603105719
-265.488673429667,-282.153922117197,6.64680204429041,-4.34900046131965,16.7659533081055,2.50750929421095,0.123269575010532,1.0123307106229,0.0501833603105719
-265.472049601871,-282.080578131321,6.63017821649453,-4.70390262197439,16.7659533081055,2.50750929421095,0.123269575010532,1.0123307106229,0.0501833603105719
-265.466949063778,-282.008254316483,6.62507767840159,-4.91263093638273,16.7659533081055,2.50750929421095,0.123269575010532,1.0123307106229,0.0501833603105719
-265.460741401162,-281.936090499222,6.61887001578537,-4.35798906597951,16.5092318115234,2.50750929421095,0.123269575010532,1.0123307106229,0.0501833603105719
-265.461880153064,-281.864997672897,6.62000876768754,-4.42525046115481,16.5092318115234,2.50750929421095,0.123269575010532,1.0123307106229,0.0501833603105719
-265.447735003121,-281.79422465435,6.60586361774451,-5.7794354926625,16.5092318115234,2.50750929421095,0.123269575010532,1.0123307106229,0.0501833603105719
-265.438942447497,-281.724702952902,6.59707106211976,-6.40265640351699,16.5092318115234,2.50750929421095,0.123269575010532,1.0123307106229,0.0501833603105719
-265.402061931091,-281.655341800635,6.56019054571449,-6.41306725077764,16.2977144775391,2.50750929421095,0.123269575010532,1.0123307106229,0.0501833603105719
-265.403922913006,-281.587961752016,6.56205152762906,-6.35411062419926,16.2977144775391,2.50750929421095,0.123269575010532,1.0123307106229,0.0501833603105719
-265.391604338602,-281.520436669355,6.54973295322542,-6.25849439056315,16.2977144775391,2.50750929421095,0.123269575010532,1.0123307106229,0.0501833603105719
-265.377262485276,-281.454412049725,6.53539109989898,-6.57454138618619,16.1331865844727,2.50750929421095,0.123269575010532,1.0123307106229,0.0501833603105719
-265.363726871205,-281.389151021886,6.52185548582779,-7.04935748495923,16.1331865844727,2.50750929421095,0.123269575010532,1.0123307106229,0.0501833603105719
-265.348069856176,-281.324776196377,6.50619847079903,-7.4261241717499,16.1331865844727,2.50750929421095,0.123269575010532,1.0123307106229,0.0501833603105719
-265.340390230034,-281.260895621665,6.49851884465708,-7.29609481943511,16.1331865844727,2.50750929421095,0.123269575010532,1.0123307106229,0.0501833603105719
-265.321042329411,-281.198712605166,6.47917094403422,-7.12319604446072,15.9927685317993,2.50750929421095,0.123269575010532,1.0123307106229,0.0501833603105719
-265.292715124385,-281.136394204969,6.45084373900856,-7.23799844367587,15.9927685317993,2.50750929421095,0.123269575010532,1.0123307106229,0.0501833603105719
-265.293471495791,-281.07635534567,6.45160011041374,-6.85959989701197,15.9927685317993,2.50750929421095,0.123269575010532,1.0123307106229,0.0501833603105719
-265.283756941138,-281.016228045683,6.4418855557607,-6.92205751442788,15.804724937439,2.50750929421095,0.123269575010532,1.0123307106229,0.0501833603105719
-265.249527810728,-280.957333697729,6.40765642535124,-6.64230456628252,15.804724937439,2.50750929421095,0.123269575010532,1.0123307106229,0.0501833603105719
-265.239189321114,-280.899290023527,6.39731793573667,-6.26772865017895,15.804724937439,2.50750929421095,0.123269575010532,1.0123307106229,0.0501833603105719
-265.224740304668,-280.842035913382,6.38286891929135,-6.93797873523468,15.6191055831909,2.50750929421095,0.123269575010532,1.0123307106229,0.0501833603105719
-265.221793018518,-280.785187397169,6.37992163314077,-6.84846280187362,15.6191055831909,2.50750929421095,0.123269575010532,1.0123307106229,0.0501833603105719
-265.20283681289,-280.729865486472,6.36096542751319,-6.02721757050953,15.6191055831909,2.50750929421095,0.123269575010532,1.0123307106229,0.0501833603105719
-265.193174213273,-280.674908100552,6.35130282789581,-6.04602777596486,15.5509827194214,2.50750929421095,0.123269575010532,1.0123307106229,0.0501833603105719
-265.182755175099,-280.620672363532,6.34088378972242,-6.25311706943868,15.5509827194214,2.50750929421095,0.123269575010532,1.0123307106229,0.0501833603105719
-265.162948681834,-280.566914429672,6.32107729645676,-6.19324945565833,15.5509827194214,2.50750929421095,0.123269575010532,1.0123307106229,0.0501833603105719
-265.167977774816,-280.513993667026,6.32610638943926,-5.12489853952319,15.5509827194214,2.50750929421095,0.123269575010532,1.0123307106229,0.0501833603105719
-265.151053824475,-280.461427948006,6.30918243909762,-5.00381989364822,15.3863728103638,2.50750929421095,0.123269575010532,1.0123307106229,0.0501833603105719
-265.146017846491,-280.40950236435,6.3041464611136,-5.11154660481695,15.3863728103638,2.50750929421095,0.123269575010532,1.0123307106229,0.0501833603105719
-265.13882233328,-280.357630567764,6.29695094790322,-4.58178116004378,15.3863728103638,2.50750929421095,0.123269575010532,1.0123307106229,0.0501833603105719
-265.12024702204,-280.306706140896,6.27837563666306,-4.94366378822148,15.2934277114868,2.50750929421095,0.123269575010532,1.0123307106229,0.0501833603105719
-265.108159731112,-280.255660713105,6.26628834573462,-5.22443818750904,15.2934277114868,2.50750929421095,0.123269575010532,1.0123307106229,0.0501833603105719
-265.103097059971,-280.205073092267,6.26122567459408,-5.22606114720617,15.2934277114868,2.50750929421095,0.123269575010532,1.0123307106229,0.0501833603105719
-265.089096594288,-280.154668852663,6.24722520891124,-4.50269764213171,15.2934277114868,2.50750929421095,0.123269575010532,1.0123307106229,0.0501833603105719
-265.09034965033,-280.104547599317,6.24847826495328,-4.12848940158682,15.1304848251343,2.50750929421095,0.123269575010532,1.0123307106229,0.0501833603105719
-265.071812600518,-280.053693376505,6.22994121514076,-4.93368364939547,15.1304848251343,2.50750929421095,0.123269575010532,1.0123307106229,0.0501833603105719
-265.079593857458,-280.00376890795,6.23772247208065,-5.21023082996801,15.1304848251343,2.50750929421095,0.123269575010532,1.0123307106229,0.0501833603105719
-265.065429439886,-279.953296140633,6.22355805450875,-5.05344885735372,14.9672310409546,2.50750929421095,0.123269575010532,1.0123307106229,0.0501833603105719
-265.051273286282,-279.903160759295,6.20940190090502,-4.75487322687252,14.9672310409546,2.50750929421095,0.123269575010532,1.0123307106229,0.0501833603105719
-265.053094492482,-279.852210312242,6.2112231071052,-4.2499202676481,14.9672310409546,2.50750929421095,0.123269575010532,1.0123307106229,0.0501833603105719
-265.032173968602,-279.800854519986,6.19030258322501,-4.54658701147202,14.8724720535278,2.50750929421095,0.123269575010532,1.0123307106229,0.0501833603105719
-265.023978685181,-279.748305555174,6.18210729980434,-4.62346698994624,14.8724720535278,2.50750929421095,0.123269575010532,1.0123307106229,0.0501833603105719
-265.001347371855,-279.698051181981,6.15947598647765,-4.71808504351809,14.8724720535278,2.50750929421095,0.123269575010532,1.0123307106229,0.0501833603105719
-265.00613021187,-279.646344210208,6.16425882649291,-4.69177976265867,14.7781403121948,2.50750929421095,0.123269575010532,1.0123307106229,0.0501833603105719
-264.992924908581,-279.594140436015,6.15105352320411,-4.61254043127845,14.7781403121948,2.50750929421095,0.123269575010532,1.0123307106229,0.0501833603105719
-264.980821605191,-279.540986270016,6.1389502198137,-4.80443530921531,14.7781403121948,2.50750929421095,0.123269575010532,1.0123307106229,0.0501833603105719
-264.981444877004,-279.487119150359,6.1395734916268,-4.46682189077759,14.7781403121948,2.50750929421095,0.123269575010532,1.0123307106229,0.0501833603105719
-264.975563993667,-279.433169170977,6.13369260829011,-4.45591321822802,14.5919506607056,2.50750929421095,0.123269575010532,1.0123307106229,0.0501833603105719
-264.962727022159,-279.378156067906,6.12085563678194,-4.76584178259196,14.5919506607056,2.50750929421095,0.123269575010532,1.0123307106229,0.0501833603105719
-264.946484033749,-279.322590310888,6.10461264837159,-4.64867151171936,14.5919506607056,2.50750929421095,0.123269575010532,1.0123307106229,0.0501833603105719
-264.942150761658,-279.266304541014,6.10027937628127,-4.8819100139498,14.4274227676392,2.50750929421095,0.123269575010532,1.0123307106229,0.0501833603105719
-264.926655374631,-279.20886677816,6.08478398925461,-4.65692048648775,14.4274227676392,2.50750929421095,0.123269575010532,1.0123307106229,0.0501833603105719
-264.92324887349,-279.150947914907,6.08137748811316,-3.99192326635955,14.4274227676392,2.50750929421095,0.123269575010532,1.0123307106229,0.0501833603105719
-264.907315575626,-279.092083049319,6.0654441902494,-3.93532824959846,14.4274227676392,2.50750929421095,0.123269575010532,1.0123307106229,0.0501833603105719
-264.91189420378,-279.032244663455,6.07002281840274,-4.14158620019174,14.3113110122681,2.50750929421095,0.123269575010532,1.0123307106229,0.0501833603105719
-264.90918219457,-278.971365612448,6.06731080919293,-4.92094664710077,14.3113110122681,2.50750929421095,0.123269575010532,1.0123307106229,0.0501833603105719
-264.896302124634,-278.909950233639,6.05443073925743,-5.09052952060334,14.3113110122681,2.50750929421095,0.123269575010532,1.0123307106229,0.0501833603105719
-264.884480134872,-278.847517432064,6.0426087494948,-4.78765111913653,14.1469376144409,2.50750929421095,0.123269575010532,1.0123307106229,0.0501833603105719
-264.870974606066,-278.784034681739,6.02910322068922,-4.81676242015498,14.1469376144409,2.50750929421095,0.123269575010532,1.0123307106229,0.0501833603105719
-264.865656323565,-278.719372415669,6.02378493818767,-4.4356674869422,14.1469376144409,2.50750929421095,0.123269575010532,1.0123307106229,0.0501833603105719
-264.859686921217,-278.654418539103,6.01781553583991,-4.3635644859418,13.9830181655884,2.50750929421095,0.123269575010532,1.0123307106229,0.0501833603105719
-264.841238473655,-278.588175807145,5.99936708827842,-5.07833140658819,13.9830181655884,2.50750929421095,0.123269575010532,1.0123307106229,0.0501833603105719
-264.827770670475,-278.52081244175,5.9858992850983,-5.09203511863096,13.9830181655884,2.50750929421095,0.123269575010532,1.0123307106229,0.0501833603105719
-264.829068211348,-278.452902964847,5.98719682597099,-4.71447588682537,13.8658802566528,2.50750929421095,0.123269575010532,1.0123307106229,0.0501833603105719
-264.822165875258,-278.384295337432,5.98029448988119,-5.04243116280875,13.8658802566528,2.50750929421095,0.123269575010532,1.0123307106229,0.0501833603105719
-264.804939909813,-278.314348211811,5.96306852443573,-5.26914864468219,13.8658802566528,2.50750929421095,0.123269575010532,1.0123307106229,0.0501833603105719
-264.799665637754,-278.243552796514,5.95779425237752,-5.3616950091678,13.8658802566528,2.50750929421095,0.123269575010532,1.0123307106229,0.0501833603105719
-264.789743196157,-278.172230566874,5.94787181078049,-5.56500514800385,13.6319515762329,2.50750929421095,0.123269575010532,1.0123307106229,0.0501833603105719
-264.776719051288,-278.100710618385,5.9348476659114,-5.31680118099445,13.6319515762329,2.50750929421095,0.123269575010532,1.0123307106229,0.0501833603105719
-264.765017572749,-278.02777107442,5.92314618737194,-5.21605321005711,13.6319515762329,2.50750929421095,0.123269575010532,1.0123307106229,0.0501833603105719
-264.755400704517,-277.954132685649,5.91352931914008,-6.06679224361454,13.4440548477173,2.50750929421095,0.123269575010532,1.0123307106229,0.0501833603105719
-264.744035144065,-277.880738110567,5.90216375868824,-6.27865280316363,13.4440548477173,2.50750929421095,0.123269575010532,1.0123307106229,0.0501833603105719
-264.729115036514,-277.806897107614,5.88724365113685,-5.99609057098961,13.4440548477173,2.50750929421095,0.123269575010532,1.0123307106229,0.0501833603105719
-264.721357889575,-277.732332849625,5.8794865041984,-5.23758791143268,13.3034279403687,2.50750929421095,0.123269575010532,1.0123307106229,0.0501833603105719
-264.699331819937,-277.657161664237,5.8574604345602,-5.50397107711946,13.3034279403687,2.50750929421095,0.123269575010532,1.0123307106229,0.0501833603105719
-264.693916302466,-277.581830185876,5.85204491708913,-6.23717294544562,13.3034279403687,2.50750929421095,0.123269575010532,1.0123307106229,0.0501833603105719
-264.680239701023,-277.506703920773,5.83836831564627,-5.75265619147886,13.3034279403687,2.50750929421095,0.123269575010532,1.0123307106229,0.0501833603105719
-264.669097549226,-277.431244765858,5.82722616384901,-5.40855535075811,13.0914604721069,2.50750929421095,0.123269575010532,1.0123307106229,0.0501833603105719
-264.65940448864,-277.356103921256,5.81753310326344,-5.62718395732639,13.0914604721069,2.50750929421095,0.123269575010532,1.0123307106229,0.0501833603105719
-264.658934107703,-277.280383964203,5.81706272232652,-6.02839239340553,13.0914604721069,2.50750929421095,0.123269575010532,1.0123307106229,0.0501833603105719
-264.645551240768,-277.205372269175,5.80367985539104,-6.67153346340785,12.9294350204468,2.50750929421095,0.123269575010532,1.0123307106229,0.0501833603105719
-264.637949521931,-277.1312406436,5.79607813655381,-6.77866398899314,12.9294350204468,2.50750929421095,0.123269575010532,1.0123307106229,0.0501833603105719
-264.613822169503,-277.056924091548,5.77195078412585,-6.43441752298381,12.9294350204468,2.50750929421095,0.123269575010532,1.0123307106229,0.0501833603105719
-264.618322512577,-276.983020835951,5.77645112720049,-6.35432514251701,12.9294350204468,2.50750929421095,0.123269575010532,1.0123307106229,0.0501833603105719
-264.594249351323,-276.910439270986,5.75237796594602,-6.25095182509085,12.6966297683716,2.50750929421095,0.123269575010532,1.0123307106229,0.0501833603105719
-264.579143222104,-276.83800226469,5.7372718367269,-6.32372871303167,12.6966297683716,2.50750929421095,0.123269575010532,1.0123307106229,0.0501833603105719
-264.569336265264,-276.76670725906,5.72746487988696,-6.29841194308193,12.6966297683716,2.50750929421095,0.123269575010532,1.0123307106229,0.0501833603105719
-264.549007271754,-276.696087378326,5.70713588637689,-6.51524276740581,12.4873097000122,2.50750929421095,0.123269575010532,1.0123307106229,0.0501833603105719
-264.540866973798,-276.627119552204,5.6989955884213,-6.76628064524756,12.4873097000122,2.50750929421095,0.123269575010532,1.0123307106229,0.0501833603105719
-264.525022055858,-276.559473050574,5.68315067048153,-6.86940671831537,12.4873097000122,2.50750929421095,0.123269575010532,1.0123307106229,0.0501833603105719
-264.51573936519,-276.492945283012,5.67386797981262,-7.39481914298649,12.3231899795532,2.50750929421095,0.123269575010532,1.0123307106229,0.0501833603105719
-264.502257235599,-276.425545550962,5.66038585022183,-7.54251123286756,12.3231899795532,2.50750929421095,0.123269575010532,1.0123307106229,0.0501833603105719
-264.484742046202,-276.364120698694,5.64287066082503,-7.42901412741533,12.3231899795532,2.50750929421095,0.123269575010532,1.0123307106229,0.0501833603105719
-264.470655482879,-276.303826614232,5.62878409750228,-7.16781085374098,12.3231899795532,2.50750929421095,0.123269575010532,1.0123307106229,0.0501833603105719
-264.45285087674,-276.244383118279,5.61097949136308,-7.23137147017801,12.113822227478,2.50750929421095,0.123269575010532,1.0123307106229,0.0501833603105719
-264.439165720817,-276.18728720735,5.59729433543993,-7.0669753994482,12.113822227478,2.50750929421095,0.123269575010532,1.0123307106229,0.0501833603105719
-264.42963943873,-276.13169222896,5.58776805335309,-6.9597711177862,12.113822227478,2.50750929421095,0.123269575010532,1.0123307106229,0.0501833603105719
-264.414424178428,-276.079243342985,5.57255279305119,-7.25213483405156,11.9497311172485,2.50750929421095,0.123269575010532,1.0123307106229,0.0501833603105719
-264.403751809854,-276.028890675812,5.56188042447697,-7.76830226870391,11.9497311172485,2.50750929421095,0.123269575010532,1.0123307106229,0.0501833603105719
-264.395302253846,-275.981305907412,5.55343086846899,-7.60820117016231,11.9497311172485,2.50750929421095,0.123269575010532,1.0123307106229,0.0501833603105719
-264.371478872692,-275.936516541395,5.52960748731496,-7.35785772241357,11.8316052017212,2.50750929421095,0.123269575010532,1.0123307106229,0.0501833603105719
-264.366754887246,-275.894626343684,5.5248835018693,-7.32963676203159,11.8316052017212,2.50750929421095,0.123269575010532,1.0123307106229,0.0501833603105719
-264.338484566936,-275.855236296042,5.49661318155931,-7.56739803986463,11.8316052017212,2.50750929421095,0.123269575010532,1.0123307106229,0.0501833603105719
-264.331457430582,-275.819155500936,5.48958604520555,-7.23466960741799,11.8316052017212,2.50750929421095,0.123269575010532,1.0123307106229,0.0501833603105719
-264.316718671668,-275.785994716692,5.47484728629088,-7.03574480281323,11.7624046859741,2.50750929421095,0.123269575010532,1.0123307106229,0.0501833603105719
-264.305035800815,-275.756492202876,5.46316441543787,-7.03045758084161,11.7624046859741,2.50750929421095,0.123269575010532,1.0123307106229,0.0501833603105719
-264.289147637146,-275.730292998279,5.44727625176916,-7.23034494326738,11.7624046859741,2.50750929421095,0.123269575010532,1.0123307106229,0.0501833603105719
-264.277112933394,-275.707564343263,5.43524154801683,-6.42637701058641,11.5983069000244,2.50750929421095,0.123269575010532,1.0123307106229,0.0501833603105719
-264.264503194851,-275.688444149312,5.42263180947461,-7.13151667737634,11.5983069000244,2.50750929421095,0.123269575010532,1.0123307106229,0.0501833603105719
-264.2450842315,-275.673087727521,5.40321284612283,-6.86711425046349,11.5983069000244,2.50750929421095,0.123269575010532,1.0123307106229,0.0501833603105719
-264.230533527731,-275.661522935426,5.38866214235428,-6.22156751956046,11.4806110916138,2.50750929421095,0.123269575010532,1.0123307106229,0.0501833603105719
-264.229775980342,-275.653823462386,5.38790459496558,-6.37648536139975,11.4806110916138,2.50750929421095,0.123269575010532,1.0123307106229,0.0501833603105719
-264.208203087203,-275.650082689805,5.36633170182577,-6.49903397512133,11.4806110916138,2.50750929421095,0.123269575010532,1.0123307106229,0.0501833603105719
-264.195943569626,-275.650410280537,5.35407218424871,-5.93379004589155,11.4806110916138,2.50750929421095,0.123269575010532,1.0123307106229,0.0501833603105719
-264.196157544615,-275.654835161809,5.35428615923844,-6.01605523134385,11.3871500549316,2.50750929421095,0.123269575010532,1.0123307106229,0.0501833603105719
-264.179223074171,-275.663420900927,5.33735168879368,-5.99278213226541,11.3871500549316,2.50750929421095,0.123269575010532,1.0123307106229,0.0501833603105719
-264.170080654157,-275.676218798365,5.32820926877991,-5.75828785982725,11.3871500549316,2.50750929421095,0.123269575010532,1.0123307106229,0.0501833603105719
-264.149963328434,-275.693390302416,5.3080919430567,-5.53972862189852,11.3651430664062,2.50750929421095,0.123269575010532,1.0123307106229,0.0501833603105719
-264.153052127544,-275.714811895956,5.31118074216713,-5.27278461518602,11.3651430664062,2.50750929421095,0.123269575010532,1.0123307106229,0.0501833603105719
-264.130413619049,-275.740588779265,5.28854223367231,-5.0524490687094,11.3651430664062,2.50750929421095,0.123269575010532,1.0123307106229,0.0501833603105719
-264.122974082355,-275.770840377391,5.28110269697807,-4.63355519947401,11.3406565246582,2.50750929421095,0.123269575010532,1.0123307106229,0.0501833603105719
-264.115041304331,-275.805468654778,5.27316991895455,-4.58251011351875,11.3406565246582,2.50750929421095,0.123269575010532,1.0123307106229,0.0501833603105719
-264.098295861744,-275.8445089535,5.25642447636687,-4.51934458357843,11.3406565246582,2.50750929421095,0.123269575010532,1.0123307106229,0.0501833603105719
-264.098808445783,-275.887886354977,5.25693706040592,-3.96984674311827,11.3406565246582,2.50750929421095,0.123269575010532,1.0123307106229,0.0501833603105719
-264.087971024286,-275.935716197929,5.24609963890921,-3.88426967525936,11.4579613265991,2.50750929421095,0.123269575010532,1.0123307106229,0.0501833603105719
-264.092483813318,-275.988541306198,5.25061242794078,-3.59715752195646,11.4579613265991,2.50750929421095,0.123269575010532,1.0123307106229,0.0501833603105719
-264.078977084361,-276.045123061448,5.23710569898428,-3.37303203632985,11.4579613265991,2.50750929421095,0.123269575010532,1.0123307106229,0.0501833603105719
-264.075173646601,-276.106604591253,5.23330226122426,-3.12164984921286,11.642709022522,2.50750929421095,0.123269575010532,1.0123307106229,0.0501833603105719
-264.058555384406,-276.172227207509,5.2166839990293,-2.91134802259077,11.642709022522,2.50750929421095,0.123269575010532,1.0123307106229,0.0501833603105719
-264.064913997517,-276.242461298214,5.22304261213996,-2.28073644411165,11.642709022522,2.50750929421095,0.123269575010532,1.0123307106229,0.0501833603105719
-264.061887486256,-276.316291196351,5.22001610087908,-1.26031171539591,11.8511784133911,2.50750929421095,0.123269575010532,1.0123307106229,0.0501833603105719
-264.050455570589,-276.39485067316,5.20858418521247,-0.403844782767014,11.8511784133911,2.50750929421095,0.123269575010532,1.0123307106229,0.0501833603105719
-264.044869949998,-276.477063150512,5.2029985646207,-0.0645343350476677,11.8511784133911,2.50750929421095,0.123269575010532,1.0123307106229,0.0501833603105719
-264.053718928512,-276.564648571506,5.21184754313536,-0.224253789075152,11.8511784133911,2.50750929421095,0.123269575010532,1.0123307106229,0.0501833603105719
-264.054128446439,-276.655075618633,5.21225706106249,1.06549596521747,12.0840904769897,2.50750929421095,0.123269575010532,1.0123307106229,0.0501833603105719
-264.057935349173,-276.750084294097,5.21606396379592,2.48829099521892,12.0840904769897,2.50750929421095,0.123269575010532,1.0123307106229,0.0501833603105719
-264.054782386916,-276.848537925433,5.2129110015392,4.45078884804153,12.0840904769897,2.50750929421095,0.123269575010532,1.0123307106229,0.0501833603105719
-264.071131703102,-276.951859376347,5.22926031772486,4.95943489777825,12.3174603042603,2.50750929421095,0.123269575010532,1.0123307106229,0.0501833603105719
-264.083089186486,-277.057654567927,5.24121780110925,5.54779992935545,12.3174603042603,2.50750929421095,0.123269575010532,1.0123307106229,0.0501833603105719
-264.092093193556,-277.166978778033,5.25022180817952,6.61025397617792,12.3174603042603,2.50750929421095,0.123269575010532,1.0123307106229,0.0501833603105719
-264.103522928339,-277.281389201007,5.26165154296226,7.5977235801833,12.5287964401245,2.50750929421095,0.123269575010532,1.0123307106229,0.0501833603105719
-264.113248023144,-277.401474012456,5.27137663776717,7.53990923472441,12.5287964401245,2.50750929421095,0.123269575010532,1.0123307106229,0.0501833603105719
-264.124070203427,-277.520489391312,5.2821988180502,6.8194634579122,12.5287964401245,2.50750929421095,0.123269575010532,1.0123307106229,0.0501833603105719
-264.141549359721,-277.640659628669,5.29967797434411,6.44810887253715,12.5287964401245,2.50750929421095,0.123269575010532,1.0123307106229,0.0501833603105719
-264.158744459693,-277.766000963069,5.31687307431644,6.50266192683239,12.7400600967407,2.50750929421095,0.123269575010532,1.0123307106229,0.0501833603105719
-264.172499660497,-277.895336206635,5.33062827512004,7.00510722871335,12.7400600967407,2.50750929421095,0.123269575010532,1.0123307106229,0.0501833603105719
-264.196515759077,-278.027056420132,5.3546443736997,7.59197374950881,12.7400600967407,2.50750929421095,0.123269575010532,1.0123307106229,0.0501833603105719
-264.212536967567,-278.160409074244,5.37066558218996,7.87973622465689,13.0022957382202,2.50750929421095,0.123269575010532,1.0123307106229,0.0501833603105719
-264.226567323929,-278.296417954435,5.38469593855218,8.27315246155328,13.0022957382202,2.50750929421095,0.123269575010532,1.0123307106229,0.0501833603105719
-264.23328888292,-278.434255393403,5.39141749754335,8.40500095114611,13.0022957382202,2.50750929421095,0.123269575010532,1.0123307106229,0.0501833603105719
-264.246156292244,-278.574785633984,5.40428490686695,8.86351360979424,13.3538525161743,2.50750929421095,0.123269575010532,1.0123307106229,0.0501833603105719
-264.276662535148,-278.717217261853,5.43479114977147,8.82899177034662,13.3538525161743,2.50750929421095,0.123269575010532,1.0123307106229,0.0501833603105719
-264.290717899236,-278.861014892191,5.44884651385941,9.11869490348004,13.3538525161743,2.50750929421095,0.123269575010532,1.0123307106229,0.0501833603105719
-264.307216531647,-279.006008810931,5.46534514626989,8.74003319638162,13.3538525161743,2.50750929421095,0.123269575010532,1.0123307106229,0.0501833603105719
-264.323185494949,-279.154278079357,5.4813141095717,8.52669970676304,13.7487442550659,2.50750929421095,0.123269575010532,1.0123307106229,0.0501833603105719
-264.329309831161,-279.301543297079,5.4874384457837,9.04451910137452,13.7487442550659,2.50750929421095,0.123269575010532,1.0123307106229,0.0501833603105719
-264.348703822086,-279.450014320232,5.50683243670924,8.95590238213051,13.7487442550659,2.50750929421095,0.123269575010532,1.0123307106229,0.0501833603105719
-264.356283493169,-279.600225295068,5.51441210779169,9.6152717767229,14.2157375869751,2.50750929421095,0.123269575010532,1.0123307106229,0.0501833603105719
-264.374547095562,-279.749865128984,5.53267571018562,10.1221800134699,14.2157375869751,2.50750929421095,0.123269575010532,1.0123307106229,0.0501833603105719
-264.390627694836,-279.900370434884,5.54875630945872,9.55015132478448,14.2157375869751,2.50750929421095,0.123269575010532,1.0123307106229,0.0501833603105719
-264.413745566325,-280.052075506162,5.57187418094796,10.1996708531378,14.7279808578491,2.50750929421095,0.123269575010532,1.0123307106229,0.0501833603105719
-264.429656158636,-280.201842015751,5.58778477325905,11.4195005925499,14.7279808578491,2.50750929421095,0.123269575010532,1.0123307106229,0.0501833603105719
-264.457044147443,-280.352911839994,5.61517276206558,11.9683810748482,14.7279808578491,2.50750929421095,0.123269575010532,1.0123307106229,0.0501833603105719
-264.474513169505,-280.50322564206,5.63264178412765,11.9568956183238,15.2887470779419,2.50750929421095,0.123269575010532,1.0123307106229,0.0501833603105719
-264.509205290549,-280.652721772651,5.66733390517188,12.5135175937718,15.2887470779419,2.50750929421095,0.123269575010532,1.0123307106229,0.0501833603105719
-264.532543145034,-280.800968049914,5.69067175965721,13.0777690647287,15.2887470779419,2.50750929421095,0.123269575010532,1.0123307106229,0.0501833603105719
-264.554827978842,-280.949299687965,5.71295659346471,13.5284492170548,15.2887470779419,2.50750929421095,0.123269575010532,1.0123307106229,0.0501833603105719
-264.576371390908,-281.098397262754,5.73450000553066,13.8841789456691,15.8033249435425,2.50750929421095,0.123269575010532,1.0123307106229,0.0501833603105719
-264.609186153309,-281.24217131608,5.76731476793169,14.0917768708482,15.8033249435425,2.50750929421095,0.123269575010532,1.0123307106229,0.0501833603105719
-264.636642142395,-281.386673879852,5.7947707570179,15.3160298549596,15.8033249435425,2.50750929421095,0.123269575010532,1.0123307106229,0.0501833603105719
-264.670208170621,-281.52922528591,5.82833678524425,15.2598036585504,16.2928965148926,2.50750929421095,0.123269575010532,1.0123307106229,0.0501833603105719
-264.695444228757,-281.668911928586,5.85357284338056,15.9123872265903,16.2928965148926,2.50750929421095,0.123269575010532,1.0123307106229,0.0501833603105719
-264.739516498327,-281.80704919916,5.8976451129501,17.2111205102907,16.2928965148926,2.50750929421095,0.123269575010532,1.0123307106229,0.0501833603105719
-264.762488807793,-281.943128648222,5.9206174224164,16.4971053910112,16.7609407958984,2.50750929421095,0.123269575010532,1.0123307106229,0.0501833603105719
-264.801241771267,-282.076523366041,5.95937038589023,16.163160061376,16.7609407958984,2.50750929421095,0.123269575010532,1.0123307106229,0.0501833603105719
-264.839113933354,-282.209159228303,5.99724254797734,17.237389521375,16.7609407958984,2.50750929421095,0.123269575010532,1.0123307106229,0.0501833603105719
-264.877321582269,-282.337494664197,6.03545019689233,16.7307697150383,16.7609407958984,2.50750929421095,0.123269575010532,1.0123307106229,0.0501833603105719
-264.89361223125,-282.463102849918,6.05174084587273,16.5793646164222,17.1808016357422,2.50750929421095,0.123269575010532,1.0123307106229,0.0501833603105719
-264.942642211809,-282.585938475725,6.10077082643162,16.8681817527717,17.1808016357422,2.50750929421095,0.123269575010532,1.0123307106229,0.0501833603105719
-264.977295500513,-282.706303482259,6.13542411513651,16.8518712052907,17.1808016357422,2.50750929421095,0.123269575010532,1.0123307106229,0.0501833603105719
-265.005236938704,-282.824083661953,6.16336555332681,16.3156091041975,17.5563318786621,2.50750929421095,0.123269575010532,1.0123307106229,0.0501833603105719
-265.036544940592,-282.936843073705,6.19467355521514,17.0371850363681,17.5563318786621,2.50750929421095,0.123269575010532,1.0123307106229,0.0501833603105719
-265.079359044629,-283.046543860127,6.23748765925219,18.5467425825065,17.5563318786621,2.50750929421095,0.123269575010532,1.0123307106229,0.0501833603105719
-265.111883014055,-283.153222714443,6.27001162867852,15.4726820089572,17.931862121582,2.50750929421095,0.123269575010532,1.0123307106229,0.0501833603105719
-265.140301977198,-283.255356423096,6.29843059182117,15.3951950333826,17.931862121582,2.50750929421095,0.123269575010532,1.0123307106229,0.0501833603105719
-265.17305670259,-283.354231603957,6.33118531721316,15.9452049240631,17.931862121582,2.50750929421095,0.123269575010532,1.0123307106229,0.0501833603105719
-265.185117893738,-283.449307029659,6.34324650836138,15.2095635539826,17.931862121582,2.50750929421095,0.123269575010532,1.0123307106229,0.0501833603105719
-265.221219800397,-283.540664216822,6.37934841501969,14.5258206810171,18.282676940918,2.50750929421095,0.123269575010532,1.0123307106229,0.0501833603105719
-265.246704290209,-283.627559007117,6.40483290483212,14.6147502305447,18.282676940918,2.50750929421095,0.123269575010532,1.0123307106229,0.0501833603105719
-265.278673230902,-283.709982382002,6.43680184552536,13.6273850218655,18.282676940918,2.50750929421095,0.123269575010532,1.0123307106229,0.0501833603105719
-265.308076564365,-283.789044775978,6.46620517898794,13.1703979547608,18.5412752685547,2.50750929421095,0.123269575010532,1.0123307106229,0.0501833603105719
-265.325599869383,-283.864486239458,6.48372848400652,13.295959881288,18.5412752685547,2.50750929421095,0.123269575010532,1.0123307106229,0.0501833603105719
-265.349816601361,-283.93436244301,6.50794521598452,13.1063663200873,18.5412752685547,2.50750929421095,0.123269575010532,1.0123307106229,0.0501833603105719
-265.381532689322,-283.998748207923,6.5396613039454,12.2762863091333,18.5412752685547,2.50750929421095,0.123269575010532,1.0123307106229,0.0501833603105719
-265.398306024426,-284.059736409334,6.5564346390492,12.209001688358,18.7742388305664,2.50750929421095,0.123269575010532,1.0123307106229,0.0501833603105719
-265.421610204331,-284.116800235454,6.57973881895396,12.3798400836402,18.7742388305664,2.50750929421095,0.123269575010532,1.0123307106229,0.0501833603105719
-265.443875858052,-284.169598826413,6.60200447267539,11.5698933432439,18.7742388305664,2.50750929421095,0.123269575010532,1.0123307106229,0.0501833603105719
-265.463670683097,-284.217983745895,6.62179929772,11.1375339665039,18.9847147521973,2.50750929421095,0.123269575010532,1.0123307106229,0.0501833603105719
-265.490792084102,-284.260930787367,6.64892069872491,10.8671197748272,18.9847147521973,2.50750929421095,0.123269575010532,1.0123307106229,0.0501833603105719
-265.507486677101,-284.300405326921,6.66561529172416,10.1547013211668,18.9847147521973,2.50750929421095,0.123269575010532,1.0123307106229,0.0501833603105719
-265.52616776553,-284.335122457301,6.68429638015261,10.346326717284,19.1704256591797,2.50750929421095,0.123269575010532,1.0123307106229,0.0501833603105719
-265.549175312226,-284.365471198292,6.70730392684948,10.3476829530462,19.1704256591797,2.50750929421095,0.123269575010532,1.0123307106229,0.0501833603105719
-265.562558067159,-284.391221049826,6.72068668178166,9.91083996104306,19.1704256591797,2.50750929421095,0.123269575010532,1.0123307106229,0.0501833603105719
-265.585518516242,-284.412827378197,6.74364713086484,9.29454294173724,19.1704256591797,2.50750929421095,0.123269575010532,1.0123307106229,0.0501833603105719
-265.594258821226,-284.430067796924,6.75238743584944,9.26723635930921,19.2875902709961,2.50750929421095,0.123269575010532,1.0123307106229,0.0501833603105719
-265.617897225213,-284.44306468047,6.77602583983589,9.01876932950218,19.2875902709961,2.50750929421095,0.123269575010532,1.0123307106229,0.0501833603105719
-265.63675885924,-284.451746875786,6.79488747386298,8.22667999216967,19.2875902709961,2.50750929421095,0.123269575010532,1.0123307106229,0.0501833603105719
-265.640784538909,-284.456316163903,6.79891315353176,8.02800286470328,19.3359339294434,2.50750929421095,0.123269575010532,1.0123307106229,0.0501833603105719
-265.667968587263,-284.45673923365,6.82609720188598,7.44747324341382,19.3359339294434,2.50750929421095,0.123269575010532,1.0123307106229,0.0501833603105719
-265.681324277318,-284.453080932454,6.83945289194116,6.09322587226453,19.3359339294434,2.50750929421095,0.123269575010532,1.0123307106229,0.0501833603105719
-265.689638428151,-284.445564906661,6.84776704277418,6.07582430883853,19.242954498291,2.50750929421095,0.123269575010532,1.0123307106229,0.0501833603105719
-265.70387809722,-284.434099541151,6.86200671184262,6.39877154056494,19.242954498291,2.50750929421095,0.123269575010532,1.0123307106229,0.0501833603105719
-265.713600152834,-284.418692453915,6.87172876745668,6.12301740591303,19.242954498291,2.50750929421095,0.123269575010532,1.0123307106229,0.0501833603105719
-265.726118123258,-284.399827997831,6.88424673788107,5.164874241832,19.242954498291,2.50750929421095,0.123269575010532,1.0123307106229,0.0501833603105719
-265.723492829487,-284.377254278923,6.88162144410964,4.5253554707328,19.1269495544434,2.50750929421095,0.123269575010532,1.0123307106229,0.0501833603105719
-265.737715553136,-284.351108003954,6.8958441677589,4.35761119341255,19.1269495544434,2.50750929421095,0.123269575010532,1.0123307106229,0.0501833603105719
-265.750135233211,-284.321429105872,6.90826384783372,3.83610668379974,19.1269495544434,2.50750929421095,0.123269575010532,1.0123307106229,0.0501833603105719
-265.749174899568,-284.288603321035,6.90730351419094,3.07569304635852,18.8480150756836,2.50750929421095,0.123269575010532,1.0123307106229,0.0501833603105719
-265.757178284384,-284.25257137438,6.91530689900688,2.83726286557972,18.8480150756836,2.50750929421095,0.123269575010532,1.0123307106229,0.0501833603105719
-265.766968338219,-284.213613111428,6.92509695284232,2.07258901415471,18.8480150756836,2.50750929421095,0.123269575010532,1.0123307106229,0.0501833603105719
-265.775636077228,-284.171728090776,6.93376469185114,0.808454986378204,18.5236132202148,2.50750929421095,0.123269575010532,1.0123307106229,0.0501833603105719
-265.772609030576,-284.126717588957,6.93073764519897,-0.460604162391977,18.5236132202148,2.50750929421095,0.123269575010532,1.0123307106229,0.0501833603105719
-265.766748649084,-284.078929942799,6.92487726370761,-0.313877452762211,18.5236132202148,2.50750929421095,0.123269575010532,1.0123307106229,0.0501833603105719
-265.765578520572,-284.028895130941,6.92370713519497,-2.0224017339743,18.2197382507324,2.50750929421095,0.123269575010532,1.0123307106229,0.0501833603105719
-265.759047470163,-283.976021386344,6.91717608478626,-2.14034052754473,18.2197382507324,2.50750929421095,0.123269575010532,1.0123307106229,0.0501833603105719
-265.761116222882,-283.920854601539,6.91924483750472,-3.83045475086677,18.2197382507324,2.50750929421095,0.123269575010532,1.0123307106229,0.0501833603105719
-265.748522785314,-283.863664636804,6.90665139993757,-6.16231331894229,18.2197382507324,2.50750929421095,0.123269575010532,1.0123307106229,0.0501833603105719
-265.738693821576,-283.804286610084,6.8968224361986,-6.9008491641355,17.9851152954102,2.50750929421095,0.123269575010532,1.0123307106229,0.0501833603105719
-265.729950970523,-283.743144165673,6.88807958514631,-7.48310204629799,17.9851152954102,2.50750929421095,0.123269575010532,1.0123307106229,0.0501833603105719
-265.722346576379,-283.68005658337,6.88047519100177,-7.50176288546529,17.9851152954102,2.50750929421095,0.123269575010532,1.0123307106229,0.0501833603105719
-265.696501833308,-283.615057520809,6.85463044793144,-7.76270315469113,17.8661921081543,2.50750929421095,0.123269575010532,1.0123307106229,0.0501833603105719
-265.686973960479,-283.549109126364,6.84510257510257,-7.19422284784809,17.8661921081543,2.50750929421095,0.123269575010532,1.0123307106229,0.0501833603105719
-265.669379008606,-283.481295311609,6.82750762322876,-6.8014174463931,17.8661921081543,2.50750929421095,0.123269575010532,1.0123307106229,0.0501833603105719
-265.657283498439,-283.412514638823,6.81541211306202,-6.3876792020805,17.8661921081543,2.50750929421095,0.123269575010532,1.0123307106229,0.0501833603105719
-265.641807504023,-283.342075664627,6.79993611864638,-6.62573353366678,17.7482874450684,2.50750929421095,0.123269575010532,1.0123307106229,0.0501833603105719
-265.637253937057,-283.270534863868,6.79538255167988,-6.73894077156005,17.7482874450684,2.50750929421095,0.123269575010532,1.0123307106229,0.0501833603105719
-265.616273900051,-283.198785183205,6.77440251467432,-6.54690436142325,17.7482874450684,2.50750929421095,0.123269575010532,1.0123307106229,0.0501833603105719
-265.601081729791,-283.125529172549,6.75921034441368,-6.68386057202332,17.6294634399414,2.50750929421095,0.123269575010532,1.0123307106229,0.0501833603105719
-265.585798968856,-283.052028784776,6.74392758347936,-6.59836082354791,17.6294634399414,2.50750929421095,0.123269575010532,1.0123307106229,0.0501833603105719
-265.565499598048,-282.978153094216,6.72362821267125,-6.48320767579535,17.6294634399414,2.50750929421095,0.123269575010532,1.0123307106229,0.0501833603105719
-265.55212153216,-282.903223392697,6.71025014678311,-6.29394358822061,17.4873087463379,2.50750929421095,0.123269575010532,1.0123307106229,0.0501833603105719
-265.550331121426,-282.827860420197,6.70845973604889,-6.38659953081156,17.4873087463379,2.50750929421095,0.123269575010532,1.0123307106229,0.0501833603105719
-265.533902084174,-282.750545942042,6.69203069879754,-6.14542459955862,17.4873087463379,2.50750929421095,0.123269575010532,1.0123307106229,0.0501833603105719
-265.539648415637,-282.677355262755,6.69777703026003,-5.33792295273196,17.4873087463379,2.50750929421095,0.123269575010532,1.0123307106229,0.0501833603105719
-265.513358283402,-282.6025696561,6.67148689802494,-5.02249348474364,17.2770502624512,2.50750929421095,0.123269575010532,1.0123307106229,0.0501833603105719
-265.522281385657,-282.527062956647,6.68041000028058,-5.12772907258006,17.2770502624512,2.50750929421095,0.123269575010532,1.0123307106229,0.0501833603105719
-265.513424110056,-282.451672251156,6.67155272467918,-4.1858596366118,17.2770502624512,2.50750929421095,0.123269575010532,1.0123307106229,0.0501833603105719
-265.50610503833,-282.376591447514,6.66423365295277,-3.86929021202585,17.0209238586426,2.50750929421095,0.123269575010532,1.0123307106229,0.0501833603105719
-265.498781268793,-282.302842178336,6.65690988341583,-4.22043547921134,17.0209238586426,2.50750929421095,0.123269575010532,1.0123307106229,0.0501833603105719
-265.502741425593,-282.228322319194,6.66087004021587,-4.22985660878154,17.0209238586426,2.50750929421095,0.123269575010532,1.0123307106229,0.0501833603105719
-265.48228362392,-282.154675721039,6.64041223854339,-4.47087145814939,16.7415392456055,2.50750929421095,0.123269575010532,1.0123307106229,0.0501833603105719
-265.480503190387,-282.080612911214,6.6386318050104,-4.48903136509751,16.7415392456055,2.50750929421095,0.123269575010532,1.0123307106229,0.0501833603105719
-265.46842717008,-282.007978456439,6.62655578470306,-4.58628077104118,16.7415392456055,2.50750929421095,0.123269575010532,1.0123307106229,0.0501833603105719
-265.454785500723,-281.936662676737,6.6129141153462,-4.32209814067645,16.5307619628906,2.50750929421095,0.123269575010532,1.0123307106229,0.0501833603105719
-265.442657613382,-281.864220034524,6.60078622800542,-4.72431544071718,16.5307619628906,2.50750929421095,0.123269575010532,1.0123307106229,0.0501833603105719
-265.435393845862,-281.794751406124,6.59352246048506,-6.18236887940983,16.5307619628906,2.50750929421095,0.123269575010532,1.0123307106229,0.0501833603105719
-265.431113148541,-281.724430229842,6.58924176316411,-6.5786586740305,16.5307619628906,2.50750929421095,0.123269575010532,1.0123307106229,0.0501833603105719
-265.413530615619,-281.656003073104,6.57165923024183,-6.51481015960349,16.3435328063965,2.50750929421095,0.123269575010532,1.0123307106229,0.0501833603105719
-265.408642399579,-281.587647399202,6.56677101420217,-6.5798103438074,16.3435328063965,2.50750929421095,0.123269575010532,1.0123307106229,0.0501833603105719
-265.389575548349,-281.520396901953,6.54770416297223,-6.34854107173002,16.3435328063965,2.50750929421095,0.123269575010532,1.0123307106229,0.0501833603105719
-265.370298626641,-281.454710182041,6.5284272412644,-6.63623440523624,16.1311495361328,2.50750929421095,0.123269575010532,1.0123307106229,0.0501833603105719
-265.364123752171,-281.388857083481,6.52225236679405,-6.71378134700268,16.1311495361328,2.50750929421095,0.123269575010532,1.0123307106229,0.0501833603105719
-265.340463343223,-281.323998546733,6.49859195784658,-6.59838078229312,16.1311495361328,2.50750929421095,0.123269575010532,1.0123307106229,0.0501833603105719
-265.340688350907,-281.260985777337,6.49881696553012,-6.66553800220945,15.9683849868774,2.50750929421095,0.123269575010532,1.0123307106229,0.0501833603105719
-265.321765822782,-281.198446113573,6.47989443740538,-7.17742696386113,15.9683849868774,2.50750929421095,0.123269575010532,1.0123307106229,0.0501833603105719
-265.296705121429,-281.136678590884,6.45483373605221,-7.21128333220563,15.9683849868774,2.50750929421095,0.123269575010532,1.0123307106229,0.0501833603105719
-265.297065578103,-281.076096711711,6.45519419272589,-6.95795790695308,15.9683849868774,2.50750929421095,0.123269575010532,1.0123307106229,0.0501833603105719
-265.273758217696,-281.015987415555,6.43188683231866,-6.92381299833432,15.8282482681274,2.50750929421095,0.123269575010532,1.0123307106229,0.0501833603105719
-265.264646037679,-280.957361593008,6.42277465230196,-6.55249233074185,15.8282482681274,2.50750929421095,0.123269575010532,1.0123307106229,0.0501833603105719
-265.249589778693,-280.899516840565,6.40771839331566,-6.13456256359851,15.8282482681274,2.50750929421095,0.123269575010532,1.0123307106229,0.0501833603105719
-265.217968994261,-280.842117223292,6.37609760888358,-6.70045604586314,15.6876957473755,2.50750929421095,0.123269575010532,1.0123307106229,0.0501833603105719
-265.22683185924,-280.785842267479,6.38496047386278,-6.47731273658839,15.6876957473755,2.50750929421095,0.123269575010532,1.0123307106229,0.0501833603105719
-265.209531975317,-280.729549007956,6.36766058994037,-5.77057242759499,15.6876957473755,2.50750929421095,0.123269575010532,1.0123307106229,0.0501833603105719
-265.198906383838,-280.674556599523,6.3570349984613,-5.96891244284876,15.5724308547974,2.50750929421095,0.123269575010532,1.0123307106229,0.0501833603105719
-265.182206969108,-280.620755964948,6.34033558373109,-6.01507267004917,15.5724308547974,2.50750929421095,0.123269575010532,1.0123307106229,0.0501833603105719
-265.172877667876,-280.566990719988,6.33100628249894,-6.39001487232655,15.5724308547974,2.50750929421095,0.123269575010532,1.0123307106229,0.0501833603105719
-265.168462102949,-280.513968505535,6.32659071757236,-5.19580208195985,15.5724308547974,2.50750929421095,0.123269575010532,1.0123307106229,0.0501833603105719
-265.154597663785,-280.461309592453,6.31272627840834,-4.78851853720503,15.3839047012329,2.50750929421095,0.123269575010532,1.0123307106229,0.0501833603105719
-265.144385972538,-280.4092245001,6.30251458716097,-4.96574318387139,15.3839047012329,2.50750929421095,0.123269575010532,1.0123307106229,0.0501833603105719
-265.144751382703,-280.357648948481,6.30287999732615,-4.69393355219752,15.3839047012329,2.50750929421095,0.123269575010532,1.0123307106229,0.0501833603105719
-265.133294794213,-280.306377484004,6.29142340883582,-4.97173408989349,15.2685787734985,2.50750929421095,0.123269575010532,1.0123307106229,0.0501833603105719
-265.129118080131,-280.255606239567,6.28724669475383,-4.98550100826076,15.2685787734985,2.50750929421095,0.123269575010532,1.0123307106229,0.0501833603105719
-265.112554870526,-280.204886277209,6.27068348514925,-5.23065129335564,15.2685787734985,2.50750929421095,0.123269575010532,1.0123307106229,0.0501833603105719
-265.104856065241,-280.154602771043,6.26298467986391,-4.60282116757159,15.1286461410522,2.50750929421095,0.123269575010532,1.0123307106229,0.0501833603105719
-265.099998344084,-280.104001964366,6.25812695870748,-4.29410855170811,15.1286461410522,2.50750929421095,0.123269575010532,1.0123307106229,0.0501833603105719
-265.085352285942,-280.053915084676,6.24348090056492,-4.66445148716588,15.1286461410522,2.50750929421095,0.123269575010532,1.0123307106229,0.0501833603105719
-265.081947103145,-280.003529075325,6.2400757177678,-4.83118141272513,15.1286461410522,2.50750929421095,0.123269575010532,1.0123307106229,0.0501833603105719
-265.071631237119,-279.953115927626,6.22975985174212,-4.76404149262267,14.9870483932495,2.50750929421095,0.123269575010532,1.0123307106229,0.0501833603105719
-265.050009181236,-279.902654592415,6.20813779585949,-4.9153588165058,14.9870483932495,2.50750929421095,0.123269575010532,1.0123307106229,0.0501833603105719
-265.047700944838,-279.852210312242,6.20582955946075,-4.45789775977347,14.9870483932495,2.50750929421095,0.123269575010532,1.0123307106229,0.0501833603105719
-265.038292557518,-279.801329197882,6.19642117214086,-4.44129865544373,14.8945057449341,2.50750929421095,0.123269575010532,1.0123307106229,0.0501833603105719
-265.02990738045,-279.749512594157,6.18803599507262,-4.73770787012628,14.8945057449341,2.50750929421095,0.123269575010532,1.0123307106229,0.0501833603105719
-265.023403913874,-279.696698901247,6.18153252849674,-4.85669166047472,14.8945057449341,2.50750929421095,0.123269575010532,1.0123307106229,0.0501833603105719
-265.008552622498,-279.645814788037,6.16668123712155,-5.02719590187913,14.7072403488159,2.50750929421095,0.123269575010532,1.0123307106229,0.0501833603105719
-264.994040134628,-279.593932903519,6.15216874925123,-4.98888661359329,14.7072403488159,2.50750929421095,0.123269575010532,1.0123307106229,0.0501833603105719
-264.988818360932,-279.540662103397,6.14694697555479,-4.70272064797383,14.7072403488159,2.50750929421095,0.123269575010532,1.0123307106229,0.0501833603105719
-264.978422985688,-279.487132009117,6.13655160031101,-4.75088942045007,14.7072403488159,2.50750929421095,0.123269575010532,1.0123307106229,0.0501833603105719
-264.967126423061,-279.433058540377,6.12525503768419,-4.62585771631766,14.5898544845581,2.50750929421095,0.123269575010532,1.0123307106229,0.0501833603105719
-264.974389768038,-279.377984682765,6.13251838266132,-4.87198322270743,14.5898544845581,2.50750929421095,0.123269575010532,1.0123307106229,0.0501833603105719
-264.950694547879,-279.322443344096,6.10882316250216,-4.87752688186547,14.5898544845581,2.50750929421095,0.123269575010532,1.0123307106229,0.0501833603105719
-264.942548745599,-279.266128435708,6.10067736022235,-4.84876083658241,14.4740994033813,2.50750929421095,0.123269575010532,1.0123307106229,0.0501833603105719
-264.933064868128,-279.208536972176,6.09119348275078,-4.98801301016822,14.4740994033813,2.50750929421095,0.123269575010532,1.0123307106229,0.0501833603105719
-264.921197729507,-279.150731803099,6.07932634412983,-4.51098397575952,14.4740994033813,2.50750929421095,0.123269575010532,1.0123307106229,0.0501833603105719
-264.921488317135,-279.091637308931,6.0796169317579,-4.25730954902256,14.4740994033813,2.50750929421095,0.123269575010532,1.0123307106229,0.0501833603105719
-264.900930997157,-279.031986130028,6.05905961178038,-4.27850360737142,14.2865955886841,2.50750929421095,0.123269575010532,1.0123307106229,0.0501833603105719
-264.897887997313,-278.971416641676,6.05601661193639,-4.8185675859675,14.2865955886841,2.50750929421095,0.123269575010532,1.0123307106229,0.0501833603105719
-264.889371852488,-278.90973564478,6.04750046711067,-5.04612952636409,14.2865955886841,2.50750929421095,0.123269575010532,1.0123307106229,0.0501833603105719
-264.885775587256,-278.847224531701,6.04390420187895,-4.80852505682578,14.1239292678833,2.50750929421095,0.123269575010532,1.0123307106229,0.0501833603105719
-264.869924054713,-278.783988954568,6.02805266933609,-4.85248083363934,14.1239292678833,2.50750929421095,0.123269575010532,1.0123307106229,0.0501833603105719
-264.855212404661,-278.719279624803,6.01334101928375,-4.80230074244496,14.1239292678833,2.50750929421095,0.123269575010532,1.0123307106229,0.0501833603105719
-264.855513685829,-278.654449906687,6.01364230045165,-4.82127409307047,13.9818756637573,2.50750929421095,0.123269575010532,1.0123307106229,0.0501833603105719
-264.838606765588,-278.588191708214,5.99673538021139,-5.17335024230776,13.9818756637573,2.50750929421095,0.123269575010532,1.0123307106229,0.0501833603105719
-264.832929116745,-278.52077215429,5.99105773136827,-5.20934141274356,13.9818756637573,2.50750929421095,0.123269575010532,1.0123307106229,0.0501833603105719
-264.822811711977,-278.452568346682,5.9809403266004,-4.91254744780083,13.8191826400757,2.50750929421095,0.123269575010532,1.0123307106229,0.0501833603105719
-264.813359975821,-278.383634390601,5.97148859044388,-5.22876044500682,13.8191826400757,2.50750929421095,0.123269575010532,1.0123307106229,0.0501833603105719
-264.80470041719,-278.313679506604,5.962829031813,-5.67398065391083,13.8191826400757,2.50750929421095,0.123269575010532,1.0123307106229,0.0501833603105719
-264.786026423077,-278.242927405089,5.94415503769963,-5.3999233392782,13.8191826400757,2.50750929421095,0.123269575010532,1.0123307106229,0.0501833603105719
-264.788057077223,-278.172204953386,5.94618569184602,-5.40433194683163,13.6548550186157,2.50750929421095,0.123269575010532,1.0123307106229,0.0501833603105719
-264.771671972219,-278.100219353581,5.92980058684217,-5.34799415791449,13.6548550186157,2.50750929421095,0.123269575010532,1.0123307106229,0.0501833603105719
-264.767476330235,-278.027588510706,5.925604944858,-4.95369339912901,13.6548550186157,2.50750929421095,0.123269575010532,1.0123307106229,0.0501833603105719
-264.745514968152,-277.954535701951,5.90364358277529,-5.54671605930853,13.4431126174927,2.50750929421095,0.123269575010532,1.0123307106229,0.0501833603105719
-264.743464318183,-277.88075575263,5.90159293280645,-6.17493148993381,13.4431126174927,2.50750929421095,0.123269575010532,1.0123307106229,0.0501833603105719
-264.733110100073,-277.806648675494,5.89123871469588,-5.82629465160005,13.4431126174927,2.50750929421095,0.123269575010532,1.0123307106229,0.0501833603105719
-264.72122641843,-277.731931652772,5.87935503305326,-5.39361235751952,13.27927709198,2.50750929421095,0.123269575010532,1.0123307106229,0.0501833603105719
-264.706151927937,-277.657018479943,5.86428054255983,-5.4366228990459,13.27927709198,2.50750929421095,0.123269575010532,1.0123307106229,0.0501833603105719
-264.701019240689,-277.581525117539,5.85914785531239,-6.51532183399102,13.27927709198,2.50750929421095,0.123269575010532,1.0123307106229,0.0501833603105719
-264.690278332306,-277.506856675107,5.84840694692901,-6.15862749711866,13.27927709198,2.50750929421095,0.123269575010532,1.0123307106229,0.0501833603105719
-264.681831923078,-277.430759436769,5.83996053770097,-5.51395496322708,13.1393673477173,2.50750929421095,0.123269575010532,1.0123307106229,0.0501833603105719
-264.668243952317,-277.355583191813,5.82637256694002,-5.57013742395763,13.1393673477173,2.50750929421095,0.123269575010532,1.0123307106229,0.0501833603105719
-264.654329427022,-277.280446660012,5.81245804164476,-5.74690172376983,13.1393673477173,2.50750929421095,0.123269575010532,1.0123307106229,0.0501833603105719
-264.645094691511,-277.204935068939,5.80322330613403,-6.02824028446619,12.8819630203247,2.50750929421095,0.123269575010532,1.0123307106229,0.0501833603105719
-264.618877063826,-277.130557200649,5.77700567844958,-6.06712853385562,12.8819630203247,2.50750929421095,0.123269575010532,1.0123307106229,0.0501833603105719
-264.61678083148,-277.056386327872,5.77490944610276,-5.97286291244633,12.8819630203247,2.50750929421095,0.123269575010532,1.0123307106229,0.0501833603105719
-264.612632839475,-276.98248758484,5.77076145409849,-5.95161152967054,12.694424873352,2.50750929421095,0.123269575010532,1.0123307106229,0.0501833603105719
-264.611450467246,-276.909790181855,5.76957908186876,-6.14301452409362,12.694424873352,2.50750929421095,0.123269575010532,1.0123307106229,0.0501833603105719
-264.583758940054,-276.837557544082,5.74188755467714,-6.45477055931965,12.694424873352,2.50750929421095,0.123269575010532,1.0123307106229,0.0501833603105719
-264.570749369105,-276.766251732745,5.72887798372779,-6.69332686828742,12.694424873352,2.50750929421095,0.123269575010532,1.0123307106229,0.0501833603105719
-264.545909484979,-276.696187026474,5.70403809960229,-6.60278663594466,12.5321247634888,2.50750929421095,0.123269575010532,1.0123307106229,0.0501833603105719
-264.539078972308,-276.62696456112,5.69720758693154,-6.51171036166818,12.5321247634888,2.50750929421095,0.123269575010532,1.0123307106229,0.0501833603105719
-264.531036020023,-276.559393089839,5.68916463464608,-6.23159974048768,12.5321247634888,2.50750929421095,0.123269575010532,1.0123307106229,0.0501833603105719
-264.517175640055,-276.492593468956,5.6753042546786,-6.62704022620183,12.3704578933716,2.50750929421095,0.123269575010532,1.0123307106229,0.0501833603105719
-264.506167147543,-276.427648972079,5.66429576216659,-7.13191729662593,12.3704578933716,2.50750929421095,0.123269575010532,1.0123307106229,0.0501833603105719
-264.48454458992,-276.362364165064,5.64267320454331,-7.46683289001552,12.3704578933716,2.50750929421095,0.123269575010532,1.0123307106229,0.0501833603105719
-264.474458892561,-276.303402197088,5.63258750718371,-7.30314617831081,12.3704578933716,2.50750929421095,0.123269575010532,1.0123307106229,0.0501833603105719
-264.464630657145,-276.244598724929,5.62275927176831,-7.2966416272462,12.2070858535767,2.50750929421095,0.123269575010532,1.0123307106229,0.0501833603105719
-264.452039999371,-276.187206803533,5.61016861399449,-7.30333879311584,12.2070858535767,2.50750929421095,0.123269575010532,1.0123307106229,0.0501833603105719
-264.438392763332,-276.132232253901,5.59652137795469,-6.97977553985504,12.2070858535767,2.50750929421095,0.123269575010532,1.0123307106229,0.0501833603105719
-264.42666147535,-276.079360069115,5.58479008997276,-7.15072106006554,12.0643150863647,2.50750929421095,0.123269575010532,1.0123307106229,0.0501833603105719
-264.411080538283,-276.029071783839,5.5692091529066,-7.53078988879709,12.0643150863647,2.50750929421095,0.123269575010532,1.0123307106229,0.0501833603105719
-264.401873910274,-275.981632021122,5.56000252489702,-7.28138782518807,12.0643150863647,2.50750929421095,0.123269575010532,1.0123307106229,0.0501833603105719
-264.385201995749,-275.936433398022,5.54333061037232,-6.98709729144058,11.8528969345093,2.50750929421095,0.123269575010532,1.0123307106229,0.0501833603105719
-264.3699704225,-275.894417673831,5.52809903712326,-7.29422324287958,11.8528969345093,2.50750929421095,0.123269575010532,1.0123307106229,0.0501833603105719
-264.345925472861,-275.854962336385,5.50405408748461,-7.45533203511936,11.8528969345093,2.50750929421095,0.123269575010532,1.0123307106229,0.0501833603105719
-264.335895513703,-275.818990757338,5.49402412832584,-7.42838143078903,11.8528969345093,2.50750929421095,0.123269575010532,1.0123307106229,0.0501833603105719
-264.337509423301,-275.786170066567,5.49563803792397,-7.13015919439123,11.6893684921265,2.50750929421095,0.123269575010532,1.0123307106229,0.0501833603105719
-264.315359394073,-275.756388958641,5.47348800869646,-7.10913560930933,11.6893684921265,2.50750929421095,0.123269575010532,1.0123307106229,0.0501833603105719
-264.29243489938,-275.730176287453,5.45056351400347,-7.10148806855645,11.6893684921265,2.50750929421095,0.123269575010532,1.0123307106229,0.0501833603105719
-264.286137390988,-275.707549383776,5.44426600561154,-6.52281417481588,11.5246632156372,2.50750929421095,0.123269575010532,1.0123307106229,0.0501833603105719
-264.266325774571,-275.68841125947,5.42445438919387,-6.80112232017067,11.5246632156372,2.50750929421095,0.123269575010532,1.0123307106229,0.0501833603105719
-264.255974822145,-275.673002530008,5.41410343676779,-6.11171670632497,11.5246632156372,2.50750929421095,0.123269575010532,1.0123307106229,0.0501833603105719
-264.248819427912,-275.661493016636,5.40694804253478,-6.10814626567912,11.5246632156372,2.50750929421095,0.123269575010532,1.0123307106229,0.0501833603105719
-264.230904314086,-275.65381185192,5.38903292870924,-6.32335899757362,11.430608039856,2.50750929421095,0.123269575010532,1.0123307106229,0.0501833603105719
-264.218212936851,-275.650067085327,5.37634155147432,-6.48655390418965,11.430608039856,2.50750929421095,0.123269575010532,1.0123307106229,0.0501833603105719
-264.202088301782,-275.650402918033,5.36021691640548,-6.26567181183739,11.430608039856,2.50750929421095,0.123269575010532,1.0123307106229,0.0501833603105719
-264.192586768909,-275.654811903923,5.35071538353227,-6.45156853646653,11.3837769088745,2.50750929421095,0.123269575010532,1.0123307106229,0.0501833603105719
-264.178111497255,-275.663404314326,5.33624011187855,-6.17711693917865,11.3837769088745,2.50750929421095,0.123269575010532,1.0123307106229,0.0501833603105719
-264.166317730806,-275.676208102891,5.32444634542883,-5.83606310968926,11.3851845321655,2.50750929421095,0.123269575010532,1.0123307106229,0.0501833603105719
-264.155372737639,-275.693447767508,5.31350135226177,-5.20301882494927,11.3851845321655,2.50750929421095,0.123269575010532,1.0123307106229,0.0501833603105719
-264.151946414617,-275.714851318496,5.31007502924014,-5.18665450308795,11.3851845321655,2.50750929421095,0.123269575010532,1.0123307106229,0.0501833603105719
-264.138728156933,-275.740615478445,5.29685677155628,-5.60781177015812,11.3851845321655,2.50750929421095,0.123269575010532,1.0123307106229,0.0501833603105719
-264.127625970145,-275.770774706719,5.28575458476765,-4.95925693595875,11.3858501968384,2.50750929421095,0.123269575010532,1.0123307106229,0.0501833603105719
-264.138171855458,-275.805380837993,5.29630047008101,-4.51529936387986,11.3858501968384,2.50750929421095,0.123269575010532,1.0123307106229,0.0501833603105719
-264.10465869499,-275.844464670178,5.26278730961283,-4.93321717251486,11.3858501968384,2.50750929421095,0.123269575010532,1.0123307106229,0.0501833603105719
-264.103118200608,-275.888147994798,5.26124681523116,-4.87827408080593,11.4562046585083,2.50750929421095,0.123269575010532,1.0123307106229,0.0501833603105719
-264.09261120389,-275.935883609225,5.25073981851298,-4.29188222082607,11.4562046585083,2.50750929421095,0.123269575010532,1.0123307106229,0.0501833603105719
-264.085369776882,-275.988319957317,5.24349839150479,-3.63381314368847,11.4562046585083,2.50750929421095,0.123269575010532,1.0123307106229,0.0501833603105719
-264.079178694779,-276.045826966368,5.23730730940197,-2.69775669749313,11.4562046585083,2.50750929421095,0.123269575010532,1.0123307106229,0.0501833603105719
-264.067496818837,-276.106491168072,5.22562543345967,-2.82910843716932,11.5957777557373,2.50750929421095,0.123269575010532,1.0123307106229,0.0501833603105719
-264.061465151344,-276.171855491471,5.21959376596742,-3.10991309776038,11.5957777557373,2.50750929421095,0.123269575010532,1.0123307106229,0.0501833603105719
-264.056853259637,-276.242340909551,5.21498187426017,-2.75061534225173,11.5957777557373,2.50750929421095,0.123269575010532,1.0123307106229,0.0501833603105719
-264.060917872133,-276.316573527683,5.21904648675586,-1.42375028053303,11.8034279403687,2.50750929421095,0.123269575010532,1.0123307106229,0.0501833603105719
-264.059448005178,-276.394504739915,5.21757661980082,-0.551731211418717,11.8034279403687,2.50750929421095,0.123269575010532,1.0123307106229,0.0501833603105719
-264.053222158181,-276.476931808533,5.21135077280382,-0.214736729276472,11.8034279403687,2.50750929421095,0.123269575010532,1.0123307106229,0.0501833603105719
-264.059849715308,-276.563907006689,5.21797832993104,0.307470449442963,11.8034279403687,2.50750929421095,0.123269575010532,1.0123307106229,0.0501833603105719
-264.048179994786,-276.654854186294,5.20630860940891,0.802229552310821,12.0598290023804,2.50750929421095,0.123269575010532,1.0123307106229,0.0501833603105719
-264.045900674921,-276.74986500964,5.20402928954411,2.86457472978042,12.0598290023804,2.50750929421095,0.123269575010532,1.0123307106229,0.0501833603105719
-264.057298286544,-276.848837906459,5.21542690116689,4.66032353490318,12.0598290023804,2.50750929421095,0.123269575010532,1.0123307106229,0.0501833603105719
-264.071343322561,-276.952195502078,5.2294719371842,5.25942406194133,12.2470581588745,2.50750929421095,0.123269575010532,1.0123307106229,0.0501833603105719
-264.077327256517,-277.057564405313,5.23545587114044,5.57777466408079,12.2470581588745,2.50750929421095,0.123269575010532,1.0123307106229,0.0501833603105719
-264.092938510354,-277.166912281128,5.25106712497697,6.48911387521563,12.2470581588745,2.50750929421095,0.123269575010532,1.0123307106229,0.0501833603105719
-264.10306647265,-277.280772285158,5.26119508727263,7.52808241836497,12.5060455856323,2.50750929421095,0.123269575010532,1.0123307106229,0.0501833603105719
-264.114132320581,-277.396776783865,5.27226093520405,7.37762114570208,12.5060455856323,2.50750929421095,0.123269575010532,1.0123307106229,0.0501833603105719
-264.130683441741,-277.520605285336,5.28881205636383,6.87614706070609,12.5060455856323,2.50750929421095,0.123269575010532,1.0123307106229,0.0501833603105719
-264.145221900135,-277.642603831538,5.30335051475789,6.34583399588132,12.5060455856323,2.50750929421095,0.123269575010532,1.0123307106229,0.0501833603105719
-264.160325205241,-277.766410852494,5.3184538198639,6.20091198647383,12.719125038147,2.50750929421095,0.123269575010532,1.0123307106229,0.0501833603105719
-264.163464455378,-277.89477793379,5.32159307000157,5.91977984244958,12.719125038147,2.50750929421095,0.123269575010532,1.0123307106229,0.0501833603105719
-264.1894140754,-278.025980942786,5.34754269002269,7.35596963770783,12.719125038147,2.50750929421095,0.123269575010532,1.0123307106229,0.0501833603105719
-264.214948327456,-278.159668266677,5.37307694207956,7.97368668900703,13.000540977478,2.50750929421095,0.123269575010532,1.0123307106229,0.0501833603105719
-264.209688634301,-278.295975837998,5.36781724892382,8.27364676605183,13.000540977478,2.50750929421095,0.123269575010532,1.0123307106229,0.0501833603105719
-264.228890377448,-278.43475414739,5.38701899207067,8.40191745042553,13.000540977478,2.50750929421095,0.123269575010532,1.0123307106229,0.0501833603105719
-264.250163534487,-278.575139603055,5.40829214911048,8.73856851086929,13.3754532394409,2.50750929421095,0.123269575010532,1.0123307106229,0.0501833603105719
-264.252832066351,-278.717575643461,5.41096068097407,9.29790723625569,13.3754532394409,2.50750929421095,0.123269575010532,1.0123307106229,0.0501833603105719
-264.272903080283,-278.862343534593,5.43103169490627,8.85635409050895,13.3754532394409,2.50750929421095,0.123269575010532,1.0123307106229,0.0501833603105719
-264.294015175444,-279.007054128851,5.45214379006709,8.87100614746336,13.7249901351929,2.50750929421095,0.123269575010532,1.0123307106229,0.0501833603105719
-264.301818486024,-279.153856432445,5.45994710064723,8.03570770165722,13.7249901351929,2.50750929421095,0.123269575010532,1.0123307106229,0.0501833603105719
-264.328418731103,-279.301950221253,5.48654734572596,8.97806913818916,13.7249901351929,2.50750929421095,0.123269575010532,1.0123307106229,0.0501833603105719
-264.341354174656,-279.449676240482,5.49948278927886,9.30989305891661,13.7249901351929,2.50750929421095,0.123269575010532,1.0123307106229,0.0501833603105719
-264.3525437187,-279.599313754634,5.51067233332292,9.60411007049116,14.2148411331177,2.50750929421095,0.123269575010532,1.0123307106229,0.0501833603105719
-264.382068310414,-279.750169944628,5.54019692503704,9.77098189716564,14.2148411331177,2.50750929421095,0.123269575010532,1.0123307106229,0.0501833603105719
-264.386587355646,-279.901574072075,5.54471597026868,9.71837507724278,14.2148411331177,2.50750929421095,0.123269575010532,1.0123307106229,0.0501833603105719
-264.413192849104,-280.051266571048,5.5713214637268,10.3907231364335,14.6801827011108,2.50750929421095,0.123269575010532,1.0123307106229,0.0501833603105719
-264.436117334225,-280.202021668915,5.59424594884822,11.2003325966086,14.6801827011108,2.50750929421095,0.123269575010532,1.0123307106229,0.0501833603105719
-264.461887875465,-280.352678730139,5.62001649008798,12.2027602424616,14.6801827011108,2.50750929421095,0.123269575010532,1.0123307106229,0.0501833603105719
-264.479608801831,-280.502099497568,5.63773741645407,12.4275190025907,14.6801827011108,2.50750929421095,0.123269575010532,1.0123307106229,0.0501833603105719
-264.500448812983,-280.651422619963,5.65857742760634,12.7503839657652,15.1945946273804,2.50750929421095,0.123269575010532,1.0123307106229,0.0501833603105719
-264.527266143017,-280.801817415403,5.68539475764035,13.3827371808968,15.1945946273804,2.50750929421095,0.123269575010532,1.0123307106229,0.0501833603105719
-264.549899939717,-280.948614378089,5.70802855433999,13.7337794688193,15.1945946273804,2.50750929421095,0.123269575010532,1.0123307106229,0.0501833603105719
-264.578445870663,-281.095574338903,5.73657448528614,14.0677478072993,15.779240852356,2.50750929421095,0.123269575010532,1.0123307106229,0.0501833603105719
-264.595697355212,-281.241498210911,5.75382596983476,14.0366631303942,15.779240852356,2.50750929421095,0.123269575010532,1.0123307106229,0.0501833603105719
-264.641295495086,-281.386042290037,5.79942410970891,15.3706495648944,15.779240852356,2.50750929421095,0.123269575010532,1.0123307106229,0.0501833603105719
-264.662351696619,-281.529259005253,5.82048031124183,15.1379548637211,16.2456781921387,2.50750929421095,0.123269575010532,1.0123307106229,0.0501833603105719
-264.695885186017,-281.668047081918,5.85401380063966,16.1907092584402,16.2456781921387,2.50750929421095,0.123269575010532,1.0123307106229,0.0501833603105719
-264.727347253926,-281.806508597052,5.88547586854887,16.8809239711225,16.2456781921387,2.50750929421095,0.123269575010532,1.0123307106229,0.0501833603105719
-264.770365650336,-281.943595881704,5.92849426495917,16.8494952665987,16.7362253723145,2.50750929421095,0.123269575010532,1.0123307106229,0.0501833603105719
-264.809654103428,-282.077346178651,5.96778271805115,15.922918195639,16.7362253723145,2.50750929421095,0.123269575010532,1.0123307106229,0.0501833603105719
-264.830436473762,-282.208383490314,5.98856508838491,17.1755791790393,16.7362253723145,2.50750929421095,0.123269575010532,1.0123307106229,0.0501833603105719
-264.873776015217,-282.338269260098,6.03190462984021,16.8731917279113,16.7362253723145,2.50750929421095,0.123269575010532,1.0123307106229,0.0501833603105719
-264.901100283872,-282.463607624046,6.05922889849536,16.7409344648468,17.1815989074707,2.50750929421095,0.123269575010532,1.0123307106229,0.0501833603105719
-264.935496708877,-282.587285635553,6.09362532349972,16.4666898640385,17.1815989074707,2.50750929421095,0.123269575010532,1.0123307106229,0.0501833603105719
-264.959611408938,-282.7063317025,6.11774002356086,17.6445867889694,17.1815989074707,2.50750929421095,0.123269575010532,1.0123307106229,0.0501833603105719
-264.99502199189,-282.823315556502,6.153150606513,16.1808858427812,17.5782434997559,2.50750929421095,0.123269575010532,1.0123307106229,0.0501833603105719
-265.036988520563,-282.936177489274,6.19511713518589,16.7672732417287,17.5782434997559,2.50750929421095,0.123269575010532,1.0123307106229,0.0501833603105719
-265.071565781395,-283.045912152647,6.22969439601845,18.2229535068729,17.5782434997559,2.50750929421095,0.123269575010532,1.0123307106229,0.0501833603105719
-265.104987538886,-283.152313320993,6.26311615350922,15.6136805021697,17.5782434997559,2.50750929421095,0.123269575010532,1.0123307106229,0.0501833603105719
-265.138184102525,-283.255308376638,6.2963127171477,15.1099253166551,17.9064791259766,2.50750929421095,0.123269575010532,1.0123307106229,0.0501833603105719
-265.161424118258,-283.354820764739,6.31955273288076,15.5057995543562,17.9064791259766,2.50750929421095,0.123269575010532,1.0123307106229,0.0501833603105719
-265.201043213567,-283.448852522451,6.3591718281904,15.5022950652018,17.9064791259766,2.50750929421095,0.123269575010532,1.0123307106229,0.0501833603105719
-265.221826760127,-283.539858165213,6.37995537475039,14.90757563132,18.2814981994629,2.50750929421095,0.123269575010532,1.0123307106229,0.0501833603105719
-265.254805003462,-283.627245379649,6.4129336180847,14.5013148744128,18.2814981994629,2.50750929421095,0.123269575010532,1.0123307106229,0.0501833603105719
-265.272141717934,-283.70996313715,6.43027033255728,13.8933966063583,18.2814981994629,2.50750929421095,0.123269575010532,1.0123307106229,0.0501833603105719
-265.307862318257,-283.788953612244,6.46599093288036,13.7484142952751,18.5613749084473,2.50750929421095,0.123269575010532,1.0123307106229,0.0501833603105719
-265.341955296341,-283.863023628873,6.50008391096424,13.9134839578768,18.5613749084473,2.50750929421095,0.123269575010532,1.0123307106229,0.0501833603105719
-265.351673484424,-283.934095649802,6.50980209904695,13.4430544531522,18.5613749084473,2.50750929421095,0.123269575010532,1.0123307106229,0.0501833603105719
-265.379801615838,-283.999732264865,6.53793023046073,12.3660813007369,18.818825012207,2.50750929421095,0.123269575010532,1.0123307106229,0.0501833603105719
