-127.228247546369,-134.130878627549,5.4073231800825,11.8433954129633,6.06173251485825,0.973056875725221,0.0488689914759162,0.418749990357053,0.0217107782132716
-127.258825548532,-134.200002338901,5.43790118224574,12.3884065479131,6.05849479055405,0.973056875725221,0.0488689914759162,0.418749990357053,0.0217107782132716
-127.288959867311,-134.26809645964,5.46803550102465,11.3995474342711,6.17556498861313,0.973056875725221,0.0488689914759162,0.418749990357053,0.0217107782132716
-127.302174128952,-134.334915791738,5.4812497626657,11.6025962014025,6.10612796163559,0.973056875725221,0.0488689914759162,0.418749990357053,0.0217107782132716
-127.315875049967,-134.399893849255,5.49495068368003,10.3046523719913,6.13052199697495,0.973056875725221,0.0488689914759162,0.418749990357053,0.0217107782132716
-127.342325836453,-134.463239164283,5.52140147016664,10.7997226731103,6.20084880208969,0.973056875725221,0.0488689914759162,0.418749990357053,0.0217107782132716
-127.356663323316,-134.525198512808,5.53573895702922,10.4031355160755,6.20141814565659,0.973056875725221,0.0488689914759162,0.418749990357053,0.0217107782132716
-127.375680853277,-134.585806284183,5.55475648699066,11.1608276479126,6.27524493551254,0.973056875725221,0.0488689914759162,0.418749990357053,0.0217107782132716
-127.404178400943,-134.644258857731,5.58325403465582,10.4016948072773,6.29391883230209,0.973056875725221,0.0488689914759162,0.418749990357053,0.0217107782132716
-127.431406802958,-134.701556644067,5.61048243667125,11.8824951140605,6.20360492086411,0.973056875725221,0.0488689914759162,0.418749990357053,0.0217107782132716
-127.438141612583,-134.75775571548,5.61721724629607,9.30612626854322,6.36918280935287,0.973056875725221,0.0488689914759162,0.418749990357053,0.0217107782132716
-127.457723770336,-134.811352248115,5.63679940404962,11.2353477065911,6.39303992605209,0.973056875725221,0.0488689914759162,0.418749990357053,0.0217107782132716
-127.47568797282,-134.863214714724,5.65476360653291,9.05742424857541,6.36421130514145,0.973056875725221,0.0488689914759162,0.418749990357053,0.0217107782132716
-127.496572841825,-134.913242714395,5.67564847553842,10.0900303314491,6.43441985464096,0.973056875725221,0.0488689914759162,0.418749990357053,0.0217107782132716
-127.506121922721,-134.961352190905,5.68519755643418,10.1083772536719,6.36783526754379,0.973056875725221,0.0488689914759162,0.418749990357053,0.0217107782132716
-127.536945325677,-135.007957042574,5.71602095939033,8.46429643327797,6.41042254781723,0.973056875725221,0.0488689914759162,0.418749990357053,0.0217107782132716
-127.546636884029,-135.052044877765,5.7257125177422,9.61175345455066,6.57701323843002,0.973056875725221,0.0488689914759162,0.418749990357053,0.0217107782132716
-127.569324795764,-135.094650511303,5.74840042947705,9.46577730829274,6.55288432455063,0.973056875725221,0.0488689914759162,0.418749990357053,0.0217107782132716
-127.575733658691,-135.135265489621,5.75480929240477,7.97411996198988,6.53106234884262,0.973056875725221,0.0488689914759162,0.418749990357053,0.0217107782132716
-127.611014079237,-135.174063675412,5.79008971294992,9.165825781961,6.53238986349106,0.973056875725221,0.0488689914759162,0.418749990357053,0.0217107782132716
-127.615414772619,-135.210685841133,5.79449040633256,8.45504120968029,6.59854720449448,0.973056875725221,0.0488689914759162,0.418749990357053,0.0217107782132716
-127.629207969849,-135.245237186278,5.80828360356189,10.2393291937038,6.64847682332993,0.973056875725221,0.0488689914759162,0.418749990357053,0.0217107782132716
-127.661831884645,-135.277856838925,5.84090751835839,9.60507004930025,6.64641497945786,0.973056875725221,0.0488689914759162,0.418749990357053,0.0217107782132716
-127.665045372586,-135.308413625235,5.84412100629947,9.69696552013232,6.69310115194321,0.973056875725221,0.0488689914759162,0.418749990357053,0.0217107782132716
-127.697240270648,-135.336839196691,5.87631590436163,9.31047606765684,6.71897242879868,0.973056875725221,0.0488689914759162,0.418749990357053,0.0217107782132716
-127.716717481859,-135.363244612464,5.89579311557278,8.38121189730794,6.67291377401352,0.973056875725221,0.0488689914759162,0.418749990357053,0.0217107782132716
-127.732368504622,-135.387741511782,5.91144413833491,9.50882957312173,6.76440070486069,0.973056875725221,0.0488689914759162,0.418749990357053,0.0217107782132716
-127.73883867302,-135.409658498266,5.9179143067338,10.7382354256697,6.881251557827,0.973056875725221,0.0488689914759162,0.418749990357053,0.0217107782132716
-127.76635797367,-135.429600614196,5.94543360738356,10.1529727164822,6.85824130392075,0.973056875725221,0.0488689914759162,0.418749990357053,0.0217107782132716
-127.779824389023,-135.447432178885,5.95890002273589,10.464218477494,6.83036635732651,0.973056875725221,0.0488689914759162,0.418749990357053,0.0217107782132716
-127.803250468712,-135.463110811591,5.98232610242563,8.92249565439247,6.85729525899887,0.973056875725221,0.0488689914759162,0.418749990357053,0.0217107782132716
-127.819180192602,-135.476638646158,5.99825582631486,9.52184546889979,6.88256190633774,0.973056875725221,0.0488689914759162,0.418749990357053,0.0217107782132716
-127.824861796086,-135.487998333539,6.00393742979946,8.75590046427591,6.92867968893051,0.973056875725221,0.0488689914759162,0.418749990357053,0.0217107782132716
-127.859760752468,-135.496962246981,6.03883638618172,8.04231714507296,6.92895148611069,0.973056875725221,0.0488689914759162,0.418749990357053,0.0217107782132716
-127.878289608268,-135.503826807883,6.05736524198144,11.2988307486543,6.93064044332504,0.973056875725221,0.0488689914759162,0.418749990357053,0.0217107782132716
-127.901389753031,-135.50849639801,6.0804653867442,8.4621003931394,6.95649646139145,0.973056875725221,0.0488689914759162,0.418749990357053,0.0217107782132716
-127.914709436749,-135.510984812879,6.09378507046204,8.71559823081668,6.9060957274437,0.973056875725221,0.0488689914759162,0.418749990357053,0.0217107782132716
-127.93774381787,-135.51123446484,6.11681945158371,8.81671577921257,6.99987433767319,0.973056875725221,0.0488689914759162,0.418749990357053,0.0217107782132716
-127.942855051336,-135.50928924099,6.12193068504921,9.02320570189189,6.97459910726547,0.973056875725221,0.0488689914759162,0.418749990357053,0.0217107782132716
-127.957045298125,-135.505134676436,6.13612093183863,8.49433839033732,7.06817839956284,0.973056875725221,0.0488689914759162,0.418749990357053,0.0217107782132716
-127.980749600815,-135.498776706272,6.15982523452815,7.74955105940973,7.0012466750145,0.973056875725221,0.0488689914759162,0.418749990357053,0.0217107782132716
-127.981955412277,-135.490220128818,6.16103104598995,7.26003156818825,7.04776786184311,0.973056875725221,0.0488689914759162,0.418749990357053,0.0217107782132716
-128.007398756303,-135.479413161306,6.18647439001654,7.52189275769149,6.92835162496567,0.973056875725221,0.0488689914759162,0.418749990357053,0.0217107782132716
-128.011008288333,-135.466421710952,6.19008392204609,7.216650848159,7.06845782613754,0.973056875725221,0.0488689914759162,0.418749990357053,0.0217107782132716
-128.032348689229,-135.451113933189,6.21142432294255,9.00728451490776,7.11763499593735,0.973056875725221,0.0488689914759162,0.418749990357053,0.0217107782132716
-128.055112837161,-135.433904261511,6.23418847087479,5.9662317850688,7.11334346151352,0.973056875725221,0.0488689914759162,0.418749990357053,0.0217107782132716
-128.057514845901,-135.414499773481,6.23659047961436,7.34309342064163,7.069728120327,0.973056875725221,0.0488689914759162,0.418749990357053,0.0217107782132716
-128.07015420347,-135.392787125764,6.24922983718315,3.81285584210219,7.04282115316391,0.973056875725221,0.0488689914759162,0.418749990357053,0.0217107782132716
-128.075754015651,-135.369209824488,6.25482964936466,6.63371579166282,7.1168825469017,0.973056875725221,0.0488689914759162,0.418749990357053,0.0217107782132716
-128.087421903416,-135.3432204961,6.26649753712977,5.67719802226041,7.02279017782211,0.973056875725221,0.0488689914759162,0.418749990357053,0.0217107782132716
-128.097063899089,-135.315257776784,6.27613953280234,5.64823153314468,7.08984111166,0.973056875725221,0.0488689914759162,0.418749990357053,0.0217107782132716
-128.129135456491,-135.285193509218,6.30821109020391,5.55084647558408,6.99795459127426,0.973056875725221,0.0488689914759162,0.418749990357053,0.0217107782132716
-128.11477785521,-135.253035049754,6.293853488923,3.70363264999422,7.06468795156479,0.973056875725221,0.0488689914759162,0.418749990357053,0.0217107782132716
-128.132939409612,-135.218915090048,6.31201504332557,5.53391442065178,7.02272055959702,0.973056875725221,0.0488689914759162,0.418749990357053,0.0217107782132716
-128.140847047372,-135.182604176339,6.31992268108547,3.82638347656793,7.07000087118149,0.973056875725221,0.0488689914759162,0.418749990357053,0.0217107782132716
-128.148883754759,-135.144461866898,6.32795938847189,3.61306787043013,7.0722162566185,0.973056875725221,0.0488689914759162,0.418749990357053,0.0217107782132716
-128.173898004005,-135.104186492372,6.35297363771856,3.74383773435158,6.86089347219467,0.973056875725221,0.0488689914759162,0.418749990357053,0.0217107782132716
-128.166841431525,-135.062119635533,6.34591706523793,2.55085769223441,6.93135474538803,0.973056875725221,0.0488689914759162,0.418749990357053,0.0217107782132716
-128.171352394662,-135.018042248182,6.35042802837504,3.18857859416881,6.90466140127182,0.973056875725221,0.0488689914759162,0.418749990357053,0.0217107782132716
-128.192316286807,-134.972043251653,6.37139192052069,2.21071929954062,6.9290106139183,0.973056875725221,0.0488689914759162,0.418749990357053,0.0217107782132716
-128.177271468266,-134.924317631579,6.35634710197941,0.078562772089521,6.95242904043198,0.973056875725221,0.0488689914759162,0.418749990357053,0.0217107782132716
-128.182627963054,-134.874767207627,6.36170359676685,-0.115397783753309,6.88358329153061,0.973056875725221,0.0488689914759162,0.418749990357053,0.0217107782132716
-128.189581378463,-134.823261429867,6.36865701217598,-0.0381780012844678,6.78948520040512,0.973056875725221,0.0488689914759162,0.418749990357053,0.0217107782132716
-128.180775845205,-134.769810373507,6.35985147891857,-0.00659272129601836,6.86165259695053,0.973056875725221,0.0488689914759162,0.418749990357053,0.0217107782132716
-128.191349192645,-134.714911189222,6.37042482635869,-1.99055258332042,6.76603339529037,0.973056875725221,0.0488689914759162,0.418749990357053,0.0217107782132716
-128.171804001747,-134.658311162538,6.35087963546035,-3.31553406812052,6.69588397359848,0.973056875725221,0.0488689914759162,0.418749990357053,0.0217107782132716
-128.181020032441,-134.599805931964,6.36009566615406,-3.41763269541318,6.67672751760483,0.973056875725221,0.0488689914759162,0.418749990357053,0.0217107782132716
-128.169805295774,-134.53963726736,6.34888092948738,-4.77044834195362,6.62791465139389,0.973056875725221,0.0488689914759162,0.418749990357053,0.0217107782132716
-128.169840387191,-134.478317736568,6.3489160209047,-6.73832979841781,6.60395263051987,0.973056875725221,0.0488689914759162,0.418749990357053,0.0217107782132716
-128.149723461625,-134.415150232412,6.32879909533837,-5.48039972498635,6.67353652334213,0.973056875725221,0.0488689914759162,0.418749990357053,0.0217107782132716
-128.1416835216,-134.350199456025,6.32075915531308,-6.43607870562984,6.51513598775864,0.973056875725221,0.0488689914759162,0.418749990357053,0.0217107782132716
-128.124780380471,-134.284014866997,6.30385601418426,-5.80798231515872,6.5778143248558,0.973056875725221,0.0488689914759162,0.418749990357053,0.0217107782132716
-128.122587111235,-134.216174485321,6.30166274494862,-5.84143542278831,6.55511973714828,0.973056875725221,0.0488689914759162,0.418749990357053,0.0217107782132716
-128.100670899122,-134.147530207049,6.27974653283561,-9.66510578740769,6.5562946639061,0.973056875725221,0.0488689914759162,0.418749990357053,0.0217107782132716
-128.079996223735,-134.076788851656,6.25907185744867,-5.89780805635583,6.41772101736069,0.973056875725221,0.0488689914759162,0.418749990357053,0.0217107782132716
-128.065436999873,-134.00552139152,6.2445126335858,-8.78068748270881,6.4862148604393,0.973056875725221,0.0488689914759162,0.418749990357053,0.0217107782132716
-128.051813854764,-133.93251722589,6.23088948847722,-5.23981419629924,6.4393513045311,0.973056875725221,0.0488689914759162,0.418749990357053,0.0217107782132716
-128.031344300777,-133.858091757625,6.21041993449031,-5.62024938711394,6.55412124013901,0.973056875725221,0.0488689914759162,0.418749990357053,0.0217107782132716
-128.01852559352,-133.783051304419,6.19760122723359,-8.56943091389407,6.43648455953598,0.973056875725221,0.0488689914759162,0.418749990357053,0.0217107782132716
-128.015722037966,-133.706734327976,6.19479767167894,-6.228344870606,6.39001391744614,0.973056875725221,0.0488689914759162,0.418749990357053,0.0217107782132716
-127.973535724359,-133.629284157239,6.15261135807207,-7.61891273173791,6.3432876906395,0.973056875725221,0.0488689914759162,0.418749990357053,0.0217107782132716
-127.983005420104,-133.550728216248,6.16208105381713,-6.92136789854878,6.27114699697495,0.973056875725221,0.0488689914759162,0.418749990357053,0.0217107782132716
-127.976510193707,-133.470807987155,6.15558582742068,-7.62950935091243,6.31946872091293,0.973056875725221,0.0488689914759162,0.418749990357053,0.0217107782132716
-127.952863322448,-133.390389461917,6.13193895616093,-7.52530413120426,6.38884471273422,0.973056875725221,0.0488689914759162,0.418749990357053,0.0217107782132716
-127.949865370324,-133.309265204685,6.12894100403744,-6.56133398223425,6.175685151577,0.973056875725221,0.0488689914759162,0.418749990357053,0.0217107782132716
-127.93483192736,-133.227383232405,6.11390756107375,-6.71708881988082,6.10737536764145,0.973056875725221,0.0488689914759162,0.418749990357053,0.0217107782132716
-127.917413051841,-133.144489135633,6.09648868555387,-5.59991615284281,6.29716800069809,0.973056875725221,0.0488689914759162,0.418749990357053,0.0217107782132716
-127.910384295947,-133.06120889179,6.0894599296604,-7.38535422013829,6.13245318746567,0.973056875725221,0.0488689914759162,0.418749990357053,0.0217107782132716
-127.898156913008,-132.976564686077,6.07723254672132,-6.37246195622925,6.2036278090477,0.973056875725221,0.0488689914759162,0.418749990357053,0.0217107782132716
-127.890346691165,-132.891974819639,6.06942232487831,-6.96215302900156,6.01289676046371,0.973056875725221,0.0488689914759162,0.418749990357053,0.0217107782132716
-127.874432494601,-132.806372614258,6.05350812831448,-5.88161548653461,5.9679853758812,0.973056875725221,0.0488689914759162,0.418749990357053,0.0217107782132716
-127.872112563958,-132.720471338015,6.05118819767142,-7.74052577240235,5.8734161696434,0.973056875725221,0.0488689914759162,0.418749990357053,0.0217107782132716
-127.842652445748,-132.634080985207,6.02172807946161,-8.17683028999987,5.9427521071434,0.973056875725221,0.0488689914759162,0.418749990357053,0.0217107782132716
-127.831794838764,-132.546955047652,6.01087047247695,-7.53822476625117,5.87321303701401,0.973056875725221,0.0488689914759162,0.418749990357053,0.0217107782132716
-127.83143972905,-132.459051100074,6.01051536276373,-7.29467998333339,5.8753111205101,0.973056875725221,0.0488689914759162,0.418749990357053,0.0217107782132716
-127.809110968599,-132.371672684635,5.98818660231254,-7.87994766572572,5.80593226766586,0.973056875725221,0.0488689914759162,0.418749990357053,0.0217107782132716
-127.808274305066,-132.285467548517,5.98734993877961,-8.78675438714603,5.71201060628891,0.973056875725221,0.0488689914759162,0.418749990357053,0.0217107782132716
-127.778346184915,-132.197607860169,5.95742181862782,-9.48792630106122,5.80542205190659,0.973056875725221,0.0488689914759162,0.418749990357053,0.0217107782132716
-127.764669049984,-132.109420680788,5.94374468369777,-10.3624573667571,5.61844848012924,0.973056875725221,0.0488689914759162,0.418749990357053,0.0217107782132716
-127.743488526104,-132.021789851464,5.9225641598176,-8.59058223734393,5.61464904165268,0.973056875725221,0.0488689914759162,0.418749990357053,0.0217107782132716
-127.727793489216,-131.933712193884,5.90686912292909,-9.55155054071942,5.595456346035,0.973056875725221,0.0488689914759162,0.418749990357053,0.0217107782132716
-127.704057692745,-131.845935124615,5.88313332645829,-11.1465044523868,5.59229777669907,0.973056875725221,0.0488689914759162,0.418749990357053,0.0217107782132716
-127.685571923548,-131.758230875177,5.86464755726113,-10.4564651706128,5.4551393828392,0.973056875725221,0.0488689914759162,0.418749990357053,0.0217107782132716
-127.658491636244,-131.670519183575,5.83756726995718,-11.9064160603574,5.45359538412094,0.973056875725221,0.0488689914759162,0.418749990357053,0.0217107782132716
-127.634350510328,-131.582929460524,5.81342614404157,-9.94098813902217,5.4519712767601,0.973056875725221,0.0488689914759162,0.418749990357053,0.0217107782132716
-127.608799742846,-131.495922514686,5.7878753765595,-11.1196152545784,5.33777640676498,0.973056875725221,0.0488689914759162,0.418749990357053,0.0217107782132716
-127.578710369268,-131.409064414872,5.75778600298132,-13.9768106013452,5.33619140005112,0.973056875725221,0.0488689914759162,0.418749990357053,0.0217107782132716
-127.569093272703,-131.32261782226,5.74816890641602,-12.8990917921834,5.28894637441635,0.973056875725221,0.0488689914759162,0.418749990357053,0.0217107782132716
-127.524498651083,-131.235471167894,5.70357428479582,-11.7352211482009,5.19290946340561,0.973056875725221,0.0488689914759162,0.418749990357053,0.0217107782132716
-127.504526249891,-131.151053418426,5.68360188360476,-13.2385134645915,5.17033980703354,0.973056875725221,0.0488689914759162,0.418749990357053,0.0217107782132716
-127.471804620436,-131.066084729801,5.65088025414914,-10.9181449784671,5.14510081624985,0.973056875725221,0.0488689914759162,0.418749990357053,0.0217107782132716
-127.453296226885,-130.981532495575,5.63237186059781,-13.8459726501834,5.17071936941147,0.973056875725221,0.0488689914759162,0.418749990357053,0.0217107782132716
-127.426372176916,-130.898130358396,5.60544781062913,-13.3974450531873,5.0760586104393,0.973056875725221,0.0488689914759162,0.418749990357053,0.0217107782132716
-127.405127785052,-130.815011861764,5.58420341876573,-13.6003612706032,5.0304567656517,0.973056875725221,0.0488689914759162,0.418749990357053,0.0217107782132716
-127.37287259365,-130.732591973537,5.55194822736349,-13.1102712733474,4.93443702077866,0.973056875725221,0.0488689914759162,0.418749990357053,0.0217107782132716
-127.353406055887,-130.651262773453,5.53248168959983,-13.3089353591778,4.95848964071274,0.973056875725221,0.0488689914759162,0.418749990357053,0.0217107782132716
-127.332368665269,-130.570378746918,5.51144429898265,-12.2135007967196,4.86436770772934,0.973056875725221,0.0488689914759162,0.418749990357053,0.0217107782132716
-127.291254353619,-130.49039218179,5.47032998733235,-14.4882551278382,4.81870196676254,0.973056875725221,0.0488689914759162,0.418749990357053,0.0217107782132716
-127.276264291127,-130.411979530857,5.45533992484074,-13.8716678863216,4.79742835378647,0.973056875725221,0.0488689914759162,0.418749990357053,0.0217107782132716
-127.256624567029,-130.334255848044,5.43570020074255,-12.4108065019767,4.69772361135483,0.973056875725221,0.0488689914759162,0.418749990357053,0.0217107782132716
-127.218550233117,-130.25764577924,5.39762586683032,-13.1149935408796,4.70103095388412,0.973056875725221,0.0488689914759162,0.418749990357053,0.0217107782132716
-127.200572047206,-130.182096973714,5.379647680919,-14.7026761778928,4.6309845290184,0.973056875725221,0.0488689914759162,0.418749990357053,0.0217107782132716
-127.167916254795,-130.107544764528,5.34699188850837,-12.503814563751,4.48945544576645,0.973056875725221,0.0488689914759162,0.418749990357053,0.0217107782132716
-127.153930139081,-130.034320913163,5.33300577279452,-14.0135162122264,4.48974345541,0.973056875725221,0.0488689914759162,0.418749990357053,0.0217107782132716
-127.127981081231,-129.962414549309,5.30705671494422,-13.6372695616236,4.53703711843491,0.973056875725221,0.0488689914759162,0.418749990357053,0.0217107782132716
-127.094800925477,-129.891892429364,5.27387655919029,-14.098059190422,4.35247348165512,0.973056875725221,0.0488689914759162,0.418749990357053,0.0217107782132716
-127.073336846553,-129.822425531352,5.25241248026614,-13.6764563150342,4.37460349416733,0.973056875725221,0.0488689914759162,0.418749990357053,0.0217107782132716
-127.044532481175,-129.754282858618,5.22360811488828,-14.6524132500244,4.32746814107895,0.973056875725221,0.0488689914759162,0.418749990357053,0.0217107782132716
-127.015815924766,-129.687550947623,5.19489155847905,-15.2291932032129,4.35067962026596,0.973056875725221,0.0488689914759162,0.418749990357053,0.0217107782132716
-126.982948535499,-129.623224187769,5.16202416921255,-12.7299577462584,4.20760558462143,0.973056875725221,0.0488689914759162,0.418749990357053,0.0217107782132716
-126.956257700752,-129.559669178088,5.13533333446523,-15.0501129949665,4.25545333242416,0.973056875725221,0.0488689914759162,0.418749990357053,0.0217107782132716
-126.929787037984,-129.497626764275,5.10886267169744,-14.2933647127127,4.25905440664291,0.973056875725221,0.0488689914759162,0.418749990357053,0.0217107782132716
-126.889541028178,-129.436883247696,5.06861666189151,-14.6347092278287,4.23196624135971,0.973056875725221,0.0488689914759162,0.418749990357053,0.0217107782132716
-126.87604616999,-129.37792241111,5.05512180370329,-14.7229664795781,4.07151721334457,0.973056875725221,0.0488689914759162,0.418749990357053,0.0217107782132716
-126.841253021184,-129.321185783166,5.0203286548969,-13.3461784522932,4.07199405050278,0.973056875725221,0.0488689914759162,0.418749990357053,0.0217107782132716
-126.796029268975,-129.265905158988,4.9751049026886,-15.3094411880562,3.95287559843063,0.973056875725221,0.0488689914759162,0.418749990357053,0.0217107782132716
-126.764701854626,-129.212243117406,4.94377748833894,-14.6889412443694,3.99795482969284,0.973056875725221,0.0488689914759162,0.418749990357053,0.0217107782132716
-126.752467707453,-129.160323232038,4.93154334116591,-15.0176822413677,4.02454326963425,0.973056875725221,0.0488689914759162,0.418749990357053,0.0217107782132716
-126.712940579541,-129.110180852134,4.89201621325425,-14.8375924140583,3.90271900510788,0.973056875725221,0.0488689914759162,0.418749990357053,0.0217107782132716
-126.68953215169,-129.061799476529,4.86860778540296,-14.6150775572004,3.85763500547409,0.973056875725221,0.0488689914759162,0.418749990357053,0.0217107782132716
-126.659980147939,-129.015343070424,4.83905578165253,-15.2573931211819,3.76825044965744,0.973056875725221,0.0488689914759162,0.418749990357053,0.0217107782132716
-126.61840184611,-128.970553892391,4.79747747982287,-14.4390232970679,3.67313955640793,0.973056875725221,0.0488689914759162,0.418749990357053,0.0217107782132716
-126.598024851964,-128.928100918101,4.77710048567775,-12.5262483910537,3.69627378797531,0.973056875725221,0.0488689914759162,0.418749990357053,0.0217107782132716
-126.575342539199,-128.887535330891,4.75441817291267,-15.7287854845817,3.71636341428757,0.973056875725221,0.0488689914759162,0.418749990357053,0.0217107782132716
-126.536665585213,-128.84851685033,4.71574121892651,-14.4944155159064,3.64797352170944,0.973056875725221,0.0488689914759162,0.418749990357053,0.0217107782132716
-126.511663498511,-128.812127260341,4.6907391322242,-14.7450773394604,3.6533303103447,0.973056875725221,0.0488689914759162,0.418749990357053,0.0217107782132716
-126.484791245702,-128.777526818017,4.66386687941503,-13.365109916212,3.64959381437302,0.973056875725221,0.0488689914759162,0.418749990357053,0.0217107782132716
-126.4557821218,-128.744950551464,4.6348577555132,-15.7130109213853,3.53633592939377,0.973056875725221,0.0488689914759162,0.418749990357053,0.0217107782132716
-126.421876282405,-128.714382466187,4.60095191611817,-14.2466711253704,3.50751875257492,0.973056875725221,0.0488689914759162,0.418749990357053,0.0217107782132716
-126.401845148956,-128.685803224074,4.5809207826692,-13.8333395951715,3.5301327548027,0.973056875725221,0.0488689914759162,0.418749990357053,0.0217107782132716
-126.383910426389,-128.659500166625,4.56298606010241,-13.5468621779446,3.4861087641716,0.973056875725221,0.0488689914759162,0.418749990357053,0.0217107782132716
-126.348697553131,-128.635300581977,4.52777318684455,-15.1369750356248,3.50940082883835,0.973056875725221,0.0488689914759162,0.418749990357053,0.0217107782132716
-126.331050942052,-128.613175245801,4.51012657576497,-14.7980369174175,3.41896961545944,0.973056875725221,0.0488689914759162,0.418749990357053,0.0217107782132716
-126.29760183203,-128.59316843377,4.47667746574371,-14.5262755221442,3.41535995817184,0.973056875725221,0.0488689914759162,0.418749990357053,0.0217107782132716
-126.27644793576,-128.575296078993,4.45552356947324,-12.5805272413386,3.39009855604172,0.973056875725221,0.0488689914759162,0.418749990357053,0.0217107782132716
-126.249137628765,-128.559704376049,4.42821326247841,-11.6445942557177,3.39247749662399,0.973056875725221,0.0488689914759162,0.418749990357053,0.0217107782132716
-126.21660074647,-128.546214962421,4.39567638018359,-13.1877646166215,3.29875992155075,0.973056875725221,0.0488689914759162,0.418749990357053,0.0217107782132716
-126.192670411507,-128.534949318486,4.37174604522064,-13.0087822190231,3.31968401288986,0.973056875725221,0.0488689914759162,0.418749990357053,0.0217107782132716
-126.160772446896,-128.525854783197,4.33984808060969,-11.6745348098931,3.29913566923141,0.973056875725221,0.0488689914759162,0.418749990357053,0.0217107782132716
-126.139702723053,-128.518956880099,4.31877835676633,-13.0640340767463,3.27763365125656,0.973056875725221,0.0488689914759162,0.418749990357053,0.0217107782132716
-126.116288074203,-128.514286900386,4.29536370791581,-11.4633913441073,3.34553001737595,0.973056875725221,0.0488689914759162,0.418749990357053,0.0217107782132716
-126.084296866165,-128.511821818527,4.26337249987865,-11.7948053896577,3.32269619321823,0.973056875725221,0.0488689914759162,0.418749990357053,0.0217107782132716
-126.080930287023,-128.511560513282,4.26000592073661,-11.8126931941539,3.32284305906296,0.973056875725221,0.0488689914759162,0.418749990357053,0.0217107782132716
-126.041733397193,-128.513502485191,4.2208090309068,-9.11136369394032,3.22683237409592,0.973056875725221,0.0488689914759162,0.418749990357053,0.0217107782132716
-126.028554488323,-128.517673334773,4.20763012203612,-11.3498190592162,3.17939375257492,0.973056875725221,0.0488689914759162,0.418749990357053,0.0217107782132716
-126.002057294233,-128.524017605746,4.18113292794645,-10.8341900168095,3.20488165235519,0.973056875725221,0.0488689914759162,0.418749990357053,0.0217107782132716
-125.984624087816,-128.532632439015,4.16369972152933,-9.40438825515022,3.22712705945969,0.973056875725221,0.0488689914759162,0.418749990357053,0.0217107782132716
-125.964074379576,-128.543423961245,4.14315001328905,-9.14188819011927,3.20267818784714,0.973056875725221,0.0488689914759162,0.418749990357053,0.0217107782132716
-125.95104672941,-128.556297331965,4.13012236312377,-7.55574734459687,3.15814541196823,0.973056875725221,0.0488689914759162,0.418749990357053,0.0217107782132716
-125.936992663938,-128.571442101062,4.11606829765104,-8.1726802139059,3.13615129804611,0.973056875725221,0.0488689914759162,0.418749990357053,0.0217107782132716
-125.919573049729,-128.588808465031,4.09864868344254,-8.68018801407055,3.18383596754074,0.973056875725221,0.0488689914759162,0.418749990357053,0.0217107782132716
-125.907070325814,-128.608225270311,4.08614595952747,-7.78152831264572,3.16332243299484,0.973056875725221,0.0488689914759162,0.418749990357053,0.0217107782132716
-125.904123309788,-128.629860139559,4.08319894350151,-5.86711091186863,3.11265037870407,0.973056875725221,0.0488689914759162,0.418749990357053,0.0217107782132716
-125.873720412189,-128.653583308428,4.05279604590256,-6.35893828483528,3.13412235593796,0.973056875725221,0.0488689914759162,0.418749990357053,0.0217107782132716
-125.868356150199,-128.679649466768,4.04743178391262,-5.99227210356662,3.15794370985031,0.973056875725221,0.0488689914759162,0.418749990357053,0.0217107782132716
-125.858805561497,-128.707496783872,4.0378811952107,-6.20607062462575,3.1151838145256,0.973056875725221,0.0488689914759162,0.418749990357053,0.0217107782132716
-125.852826206524,-128.737487627961,4.03190184023761,-6.47931777387934,3.11391304349899,0.973056875725221,0.0488689914759162,0.418749990357053,0.0217107782132716
-125.826144903034,-128.769717548313,4.0052205367471,-4.68417009721133,3.2497954211235,0.973056875725221,0.0488689914759162,0.418749990357053,0.0217107782132716
-125.828331265481,-128.804078265906,4.0074068991946,-5.37596302961106,3.18267010068893,0.973056875725221,0.0488689914759162,0.418749990357053,0.0217107782132716
-125.813608630945,-128.840231851495,3.99268426465824,-3.68585417236462,3.21000812864304,0.973056875725221,0.0488689914759162,0.418749990357053,0.0217107782132716
-125.818949447744,-128.87848848667,3.99802508145716,-5.35414541037014,3.18320749616623,0.973056875725221,0.0488689914759162,0.418749990357053,0.0217107782132716
-125.802236031681,-128.918594872122,3.98131166539456,-5.29081065630573,3.20661304807663,0.973056875725221,0.0488689914759162,0.418749990357053,0.0217107782132716
-125.792745047252,-128.960902636765,3.97182068096522,-2.81186128959307,3.1995344004631,0.973056875725221,0.0488689914759162,0.418749990357053,0.0217107782132716
-125.784620973077,-129.005296144019,3.96369660679016,-3.76771753893535,3.13564537382126,0.973056875725221,0.0488689914759162,0.418749990357053,0.0217107782132716
-125.78786151542,-129.050791989649,3.96693714913357,-2.30085387326042,3.25101803159714,0.973056875725221,0.0488689914759162,0.418749990357053,0.0217107782132716
-125.76378064572,-129.098583104422,3.94285627943305,-3.02346678997313,3.36890409803391,0.973056875725221,0.0488689914759162,0.418749990357053,0.0217107782132716
-125.769393058516,-129.14813140224,3.94846869222931,-3.45111283867269,3.25395773267746,0.973056875725221,0.0488689914759162,0.418749990357053,0.0217107782132716
-125.76992917007,-129.199490953852,3.94900480378282,-0.772985469219327,3.39414499616623,0.973056875725221,0.0488689914759162,0.418749990357053,0.0217107782132716
-125.760799053912,-129.253076083485,3.93987468762505,-0.486411012063506,3.43603227949142,0.973056875725221,0.0488689914759162,0.418749990357053,0.0217107782132716
-125.7625049932,-129.307918201268,3.94158062691288,1.94649483194965,3.48416326856613,0.973056875725221,0.0488689914759162,0.418749990357053,0.0217107782132716
-125.761903257639,-129.364718210015,3.94097889135206,1.19071296825506,3.41582630491257,0.973056875725221,0.0488689914759162,0.418749990357053,0.0217107782132716
-125.746287089366,-129.422976042839,3.925362723079,0.429205597788165,3.30053661680222,0.973056875725221,0.0488689914759162,0.418749990357053,0.0217107782132716
-125.745156448278,-129.482825281354,3.92423208199116,4.72603119503325,3.4364695391655,0.973056875725221,0.0488689914759162,0.418749990357053,0.0217107782132716
-125.759156708856,-129.544545303288,3.93823234256918,4.46256256687425,3.36717699384689,0.973056875725221,0.0488689914759162,0.418749990357053,0.0217107782132716
-125.767631047241,-129.608629275259,3.94670668095412,3.4663939880912,3.5299172244072,0.973056875725221,0.0488689914759162,0.418749990357053,0.0217107782132716
-125.776366953562,-129.672963318064,3.95544258727523,5.42681242250993,3.43972490644455,0.973056875725221,0.0488689914759162,0.418749990357053,0.0217107782132716
-125.782724821605,-129.738541985965,3.9618004553186,3.03441711291254,3.50916336393356,0.973056875725221,0.0488689914759162,0.418749990357053,0.0217107782132716
-125.793476057685,-129.806287715755,3.97255169139846,7.40958640396097,3.55617378568649,0.973056875725221,0.0488689914759162,0.418749990357053,0.0217107782132716
-125.804837217792,-129.875423714465,3.98391285150579,5.84420318310446,3.50545118665695,0.973056875725221,0.0488689914759162,0.418749990357053,0.0217107782132716
-125.818551841613,-129.945897186796,3.99762747532598,8.25139903618584,3.59997747755051,0.973056875725221,0.0488689914759162,0.418749990357053,0.0217107782132716
-125.833636110258,-130.017378114184,4.01271174397175,8.15382432377027,3.57818029737473,0.973056875725221,0.0488689914759162,0.418749990357053,0.0217107782132716
-125.863393897684,-130.090568131371,4.04246953139686,5.81258559674424,3.6018690905571,0.973056875725221,0.0488689914759162,0.418749990357053,0.0217107782132716
-125.875968756852,-130.164463829896,4.05504439056503,7.15815355623826,3.62356994962692,0.973056875725221,0.0488689914759162,0.418749990357053,0.0217107782132716
-125.88895989292,-130.239844266985,4.06803552663293,5.26464695874015,3.59891842222214,0.973056875725221,0.0488689914759162,0.418749990357053,0.0217107782132716
-125.898538448662,-130.316190199813,4.07761408237509,7.3061685887292,3.74069593763351,0.973056875725221,0.0488689914759162,0.418749990357053,0.0217107782132716
-125.911737126226,-130.393837394566,4.09081275993933,6.93990280196178,3.67223785734177,0.973056875725221,0.0488689914759162,0.418749990357053,0.0217107782132716
-125.927695005569,-130.472482261383,4.10677063928253,9.09287248993155,3.76231573438644,0.973056875725221,0.0488689914759162,0.418749990357053,0.0217107782132716
-125.946003333686,-130.551530626749,4.12507896739978,6.41839427703924,3.72075126981735,0.973056875725221,0.0488689914759162,0.418749990357053,0.0217107782132716
-125.96522644842,-130.631828372751,4.14430208213368,7.04387773241034,3.74338386869431,0.973056875725221,0.0488689914759162,0.418749990357053,0.0217107782132716
-125.976070726412,-130.713258210945,4.15514636012529,5.58485366010318,3.81500528669357,0.973056875725221,0.0488689914759162,0.418749990357053,0.0217107782132716
-125.982147777265,-130.795363694199,4.16122341097813,7.80583188755875,4.00235603666306,0.973056875725221,0.0488689914759162,0.418749990357053,0.0217107782132716
-125.997659931672,-130.878187898846,4.17673556538556,9.01214470800653,3.95579002714157,0.973056875725221,0.0488689914759162,0.418749990357053,0.0217107782132716
-126.01580643231,-130.961647220036,4.1948820660235,8.16717570231112,3.93175457334518,0.973056875725221,0.0488689914759162,0.418749990357053,0.0217107782132716
-126.015581355306,-131.04593910045,4.1946569890195,8.01015839353681,3.86284349775314,0.973056875725221,0.0488689914759162,0.418749990357053,0.0217107782132716
-126.042069662163,-131.131003953041,4.22114529587581,7.6792942870444,3.88499306058884,0.973056875725221,0.0488689914759162,0.418749990357053,0.0217107782132716
-126.058794992898,-131.216362204569,4.23787062661118,8.20796903107759,4.09827254629135,0.973056875725221,0.0488689914759162,0.418749990357053,0.0217107782132716
-126.062277466388,-131.302776584399,4.24135310010107,7.20808260903019,4.09677146291733,0.973056875725221,0.0488689914759162,0.418749990357053,0.0217107782132716
-126.076705312097,-131.388942123568,4.25578094581047,8.04120508977577,4.00251625394821,0.973056875725221,0.0488689914759162,0.418749990357053,0.0217107782132716
-126.093713215474,-131.475778867609,4.27278884918714,7.47822980937797,4.23657153463364,0.973056875725221,0.0488689914759162,0.418749990357053,0.0217107782132716
-126.103032917764,-131.562320219069,4.28210855147701,7.35684241073702,4.23334430074692,0.973056875725221,0.0488689914759162,0.418749990357053,0.0217107782132716
-126.110207639637,-131.649757039812,4.28928327335026,7.54167397870763,4.25886939382553,0.973056875725221,0.0488689914759162,0.418749990357053,0.0217107782132716
-126.131716806121,-131.737548077403,4.31079243983432,9.31948288239131,4.27652381277084,0.973056875725221,0.0488689914759162,0.418749990357053,0.0217107782132716
-126.156028674959,-131.825114931876,4.33510430867193,8.25331365291626,4.30557654714584,0.973056875725221,0.0488689914759162,0.418749990357053,0.0217107782132716
-126.164683235992,-131.913333482307,4.34375886970506,9.58013223777318,4.37516711568832,0.973056875725221,0.0488689914759162,0.418749990357053,0.0217107782132716
-126.181804610129,-132.001383741438,4.36088024384237,9.61113204968282,4.47121451711655,0.973056875725221,0.0488689914759162,0.418749990357053,0.0217107782132716
-126.203236233879,-132.08992258437,4.38231186759228,10.3636023143078,4.49347232198715,0.973056875725221,0.0488689914759162,0.418749990357053,0.0217107782132716
-126.223731588885,-132.176965711454,4.40280722259875,10.3921288951108,4.49122069692612,0.973056875725221,0.0488689914759162,0.418749990357053,0.0217107782132716
-126.241535584806,-132.264648885998,4.42061121851975,10.7444767869965,4.485912545681,0.973056875725221,0.0488689914759162,0.418749990357053,0.0217107782132716
-126.281013497127,-132.352725667828,4.46008913084056,11.875559421167,4.60703490591049,0.973056875725221,0.0488689914759162,0.418749990357053,0.0217107782132716
-126.288112216621,-132.439689705831,4.4671878503344,11.9560701701115,4.6120750746727,0.973056875725221,0.0488689914759162,0.418749990357053,0.0217107782132716
-126.309855984609,-132.527205473411,4.48893161832256,11.2982351927871,4.70290587759018,0.973056875725221,0.0488689914759162,0.418749990357053,0.0217107782132716
-126.338007855262,-132.614000248115,4.51708348897525,13.2045240555069,4.70293162679672,0.973056875725221,0.0488689914759162,0.418749990357053,0.0217107782132716
-126.373843899652,-132.700106301051,4.55291953336509,13.2901849267848,4.81811450338364,0.973056875725221,0.0488689914759162,0.418749990357053,0.0217107782132716
-126.394949523292,-132.786926132986,4.57402515700503,15.9799110174698,4.95763610219955,0.973056875725221,0.0488689914759162,0.418749990357053,0.0217107782132716
-126.425799318267,-132.872108588274,4.60487495197989,13.3752160660049,4.84319899892807,0.973056875725221,0.0488689914759162,0.418749990357053,0.0217107782132716
-126.459443088411,-132.957064733207,4.63851872212384,13.0282009053143,5.00583480215073,0.973056875725221,0.0488689914759162,0.418749990357053,0.0217107782132716
-126.501472680175,-133.041023066008,4.6805483138882,13.8413803746285,4.9857847533226,0.973056875725221,0.0488689914759162,0.418749990357053,0.0217107782132716
-126.508344822771,-133.124715440885,4.68742045648471,17.5276363668322,5.17260764455795,0.973056875725221,0.0488689914759162,0.418749990357053,0.0217107782132716
-126.541453569628,-133.208079861257,4.7205292033409,13.985106092539,5.14741824483871,0.973056875725221,0.0488689914759162,0.418749990357053,0.0217107782132716
-126.581093914123,-133.290331012424,4.76016954783595,14.5827486865389,5.19552062368393,0.973056875725221,0.0488689914759162,0.418749990357053,0.0217107782132716
-126.626760359348,-133.371523655957,4.80583599306153,15.3108547023718,5.14771006917953,0.973056875725221,0.0488689914759162,0.418749990357053,0.0217107782132716
-126.637067532798,-133.452379119675,4.81614316651144,15.6696312048712,5.31039832448959,0.973056875725221,0.0488689914759162,0.418749990357053,0.0217107782132716
-126.677931616573,-133.53185612004,4.85700725028587,16.733279037763,5.28777430868149,0.973056875725221,0.0488689914759162,0.418749990357053,0.0217107782132716
-126.717180136432,-133.610657995271,4.8962557701451,15.3842286234904,5.28933642721176,0.973056875725221,0.0488689914759162,0.418749990357053,0.0217107782132716
-126.733500771403,-133.688926793463,4.91257640511591,16.7054330257519,5.38452266073227,0.973056875725221,0.0488689914759162,0.418749990357053,0.0217107782132716
-126.769706763994,-133.766157519421,4.94878239770719,15.8584658962601,5.38123725271225,0.973056875725221,0.0488689914759162,0.418749990357053,0.0217107782132716
-126.806349925223,-133.840824275138,4.98542555893589,16.9924778271147,5.47661326742172,0.973056875725221,0.0488689914759162,0.418749990357053,0.0217107782132716
-126.842135867448,-133.914969747019,5.02121150116155,15.5492919928206,5.59275267934799,0.973056875725221,0.0488689914759162,0.418749990357053,0.0217107782132716
-126.856593515077,-133.988328075833,5.03566914879064,16.9182414773825,5.64089129781723,0.973056875725221,0.0488689914759162,0.418749990357053,0.0217107782132716
-126.902872512966,-134.060271021748,5.08194814667934,14.26876366263,5.64151404714584,0.973056875725221,0.0488689914759162,0.418749990357053,0.0217107782132716
-126.939616520549,-134.131003798381,5.11869215426267,15.1874877762655,5.70808909749985,0.973056875725221,0.0488689914759162,0.418749990357053,0.0217107782132716
-126.96371550051,-134.200239641546,5.1427911342237,15.1818823440247,5.71116755819321,0.973056875725221,0.0488689914759162,0.418749990357053,0.0217107782132716
-126.987798911104,-134.268144551647,5.16687454481757,14.8172157869872,5.85205195760727,0.973056875725221,0.0488689914759162,0.418749990357053,0.0217107782132716
-127.026316157648,-134.334829526786,5.20539179136145,15.4457536915522,5.9201748213768,0.973056875725221,0.0488689914759162,0.418749990357053,0.0217107782132716
-127.063471619889,-134.399778873024,5.24254725360251,16.1081013589578,5.85368274068832,0.973056875725221,0.0488689914759162,0.418749990357053,0.0217107782132716
-127.082804264725,-134.463433720864,5.26187989843793,14.1003836133588,5.922511323452,0.973056875725221,0.0488689914759162,0.418749990357053,0.0217107782132716
-127.099645076766,-134.525074471254,5.27872071047969,15.4075987117326,6.06090472555161,0.973056875725221,0.0488689914759162,0.418749990357053,0.0217107782132716
-127.139948075556,-134.585657092087,5.31902370926959,13.7662959712683,5.96785472249985,0.973056875725221,0.0488689914759162,0.418749990357053,0.0217107782132716
-127.170091200117,-134.644417762405,5.34916683383066,16.4812223689216,6.04112647390366,0.973056875725221,0.0488689914759162,0.418749990357053,0.0217107782132716
-127.188892836404,-134.701529811393,5.3679684701177,15.2478763860604,6.03690646505356,0.973056875725221,0.0488689914759162,0.418749990357053,0.0217107782132716
-127.21810848206,-134.757027506111,5.39718411577314,14.5764478299727,6.15522693014145,0.973056875725221,0.0488689914759162,0.418749990357053,0.0217107782132716
-127.255417520023,-134.810798463515,5.43449315373662,14.5355988214634,6.1814224562645,0.973056875725221,0.0488689914759162,0.418749990357053,0.0217107782132716
-127.268820681012,-134.862521517306,5.4478963147255,14.866706081096,6.29828189229965,0.973056875725221,0.0488689914759162,0.418749990357053,0.0217107782132716
-127.299811575939,-134.912849844321,5.47888720965242,14.2638028553436,6.29819606161118,0.973056875725221,0.0488689914759162,0.418749990357053,0.0217107782132716
-127.324011539391,-134.961053062546,5.50308717310433,13.2820735496777,6.34042666769028,0.973056875725221,0.0488689914759162,0.418749990357053,0.0217107782132716
-127.356625589879,-135.007377126637,5.53570122359207,14.400349655232,6.27275679922104,0.973056875725221,0.0488689914759162,0.418749990357053,0.0217107782132716
-127.389137080137,-135.052153928599,5.5682127138508,13.2576249587933,6.25769637441635,0.973056875725221,0.0488689914759162,0.418749990357053,0.0217107782132716
-127.407892373085,-135.094685248622,5.58696800679814,15.1583588634183,6.37031577444077,0.973056875725221,0.0488689914759162,0.418749990357053,0.0217107782132716
-127.440099105707,-135.135260760531,5.61917473942039,13.1438276026744,6.41440795278549,0.973056875725221,0.0488689914759162,0.418749990357053,0.0217107782132716
-127.482357980633,-135.173785139603,5.6614336143464,14.0729375987226,6.43925116872787,0.973056875725221,0.0488689914759162,0.418749990357053,0.0217107782132716
-127.498446546077,-135.210583773924,5.67752217979028,12.7981701957343,6.46632598257065,0.973056875725221,0.0488689914759162,0.418749990357053,0.0217107782132716
-127.516491220022,-135.245124866702,5.69556685373526,13.7838767439522,6.55816958761215,0.973056875725221,0.0488689914759162,0.418749990357053,0.0217107782132716
-127.544472393861,-135.277838007166,5.72354802757449,13.3002191973949,6.39244864797592,0.973056875725221,0.0488689914759162,0.418749990357053,0.0217107782132716
-127.579769451147,-135.308455853163,5.75884508485994,11.8181619048058,6.57937644338608,0.973056875725221,0.0488689914759162,0.418749990357053,0.0217107782132716
-127.597675500409,-135.336960176986,5.77675113412182,12.9329465753881,6.67207072591782,0.973056875725221,0.0488689914759162,0.418749990357053,0.0217107782132716
-127.617393743513,-135.3632717789,5.79646937722642,12.0431013037377,6.6058962187767,0.973056875725221,0.0488689914759162,0.418749990357053,0.0217107782132716
-127.651170017378,-135.387722171981,5.83024565109144,11.9011314082267,6.69675563192368,0.973056875725221,0.0488689914759162,0.418749990357053,0.0217107782132716
-127.678495945204,-135.409643438032,5.85757157891773,11.9532343031002,6.67507766103745,0.973056875725221,0.0488689914759162,0.418749990357053,0.0217107782132716
-127.694494554564,-135.429611882839,5.87357018827681,10.5327246728122,6.67189238882065,0.973056875725221,0.0488689914759162,0.418749990357053,0.0217107782132716
-127.720175748567,-135.44743617008,5.89925138228029,10.7400600095222,6.74664805746078,0.973056875725221,0.0488689914759162,0.418749990357053,0.0217107782132716
-127.726517929827,-135.463072615407,5.9055935635402,11.6520596659566,6.72425959920883,0.973056875725221,0.0488689914759162,0.418749990357053,0.0217107782132716
-127.76660702442,-135.476597356579,5.94568265813328,9.66863116784102,6.76824210500717,0.973056875725221,0.0488689914759162,0.418749990357053,0.0217107782132716
-127.773241555879,-135.487846772936,5.95231718959219,11.2791670084722,6.81511996603012,0.973056875725221,0.0488689914759162,0.418749990357053,0.0217107782132716
-127.796876706111,-135.4969660524,5.97595233982467,8.35245777093844,6.7439224562645,0.973056875725221,0.0488689914759162,0.418749990357053,0.0217107782132716
-127.801331568003,-135.503836455881,5.98040720171664,11.0959993657487,6.79049228048325,0.973056875725221,0.0488689914759162,0.418749990357053,0.0217107782132716
-127.823609668743,-135.508501945123,6.00268530245598,9.01028035130318,6.82058356618881,0.973056875725221,0.0488689914759162,0.418749990357053,0.0217107782132716
-127.841237771146,-135.510974599181,6.02031340485895,10.0544943024775,7.04878066396713,0.973056875725221,0.0488689914759162,0.418749990357053,0.0217107782132716
-127.859365677083,-135.511237993962,6.03844131079639,9.80371013912779,6.81517814016342,0.973056875725221,0.0488689914759162,0.418749990357053,0.0217107782132716
-127.875459514406,-135.509299419517,6.05453514811954,8.95451084262261,6.90749190664291,0.973056875725221,0.0488689914759162,0.418749990357053,0.0217107782132716
-127.882482322203,-135.505145331912,6.06155795591651,7.91794512957973,6.90920279836655,0.973056875725221,0.0488689914759162,0.418749990357053,0.0217107782132716
-127.911046249879,-135.498781154547,6.09012188359193,8.30980999787355,6.97739623403549,0.973056875725221,0.0488689914759162,0.418749990357053,0.0217107782132716
-127.921777225508,-135.490217825127,6.10085285922124,6.71091014747594,6.95104525899887,0.973056875725221,0.0488689914759162,0.418749990357053,0.0217107782132716
-127.939001440305,-135.47944568462,6.11807707401871,9.00093445535202,6.90209124898911,0.973056875725221,0.0488689914759162,0.418749990357053,0.0217107782132716
-127.956569038277,-135.466430088968,6.13564467199076,7.49866069333055,6.95288775777817,0.973056875725221,0.0488689914759162,0.418749990357053,0.0217107782132716
-127.965082538967,-135.451288215475,6.14415817268049,7.19409613066287,6.95765994405746,0.973056875725221,0.0488689914759162,0.418749990357053,0.0217107782132716
-127.982665741369,-135.433739595382,6.1617413750828,8.83645994508351,7.00232337331772,0.973056875725221,0.0488689914759162,0.418749990357053,0.0217107782132716
-127.998811069598,-135.414404186162,6.17788670331112,7.18039729347892,7.02485488271713,0.973056875725221,0.0488689914759162,0.418749990357053,0.0217107782132716
-128.00722185775,-135.392968410809,6.18629749146379,6.99237993044495,6.88083098745346,0.973056875725221,0.0488689914759162,0.418749990357053,0.0217107782132716
-128.021413161684,-135.369189114108,6.20048879539778,6.29394509823003,7.04724524831772,0.973056875725221,0.0488689914759162,0.418749990357053,0.0217107782132716
-128.043611617386,-135.34318195645,6.22268725109951,5.99573965437377,6.97535346364975,0.973056875725221,0.0488689914759162,0.418749990357053,0.0217107782132716
-128.046757087783,-135.315344294393,6.22583272149677,7.32079289219299,7.05137942647934,0.973056875725221,0.0488689914759162,0.418749990357053,0.0217107782132716
-128.059453958599,-135.285249135766,6.23852959231186,6.41516882905762,7.00087664937973,0.973056875725221,0.0488689914759162,0.418749990357053,0.0217107782132716
-128.079882401601,-135.253082496875,6.25895803531401,5.96802106122919,6.92826865530014,0.973056875725221,0.0488689914759162,0.418749990357053,0.0217107782132716
-128.080229335599,-135.218776591814,6.25930496931257,6.44172717041015,6.95277522420883,0.973056875725221,0.0488689914759162,0.418749990357053,0.0217107782132716
-128.095559016823,-135.18276833514,6.27463465053646,5.30677916877558,6.97736953115463,0.973056875725221,0.0488689914759162,0.418749990357053,0.0217107782132716
-128.116779937846,-135.144419798441,6.29585557155898,3.96430853221213,6.88244746541977,0.973056875725221,0.0488689914759162,0.418749990357053,0.0217107782132716
-128.127630908714,-135.104314117442,6.30670654242732,4.35703835826338,6.83764003133774,0.973056875725221,0.0488689914759162,0.418749990357053,0.0217107782132716
-128.125046101027,-135.062237845346,6.30412173474018,3.60988847962266,6.88656543111801,0.973056875725221,0.0488689914759162,0.418749990357053,0.0217107782132716
-128.142532676342,-135.018251577776,6.32160831005482,3.92573189985537,6.81535647726059,0.973056875725221,0.0488689914759162,0.418749990357053,0.0217107782132716
-128.144758308262,-134.971813926688,6.32383394197553,3.09761959801191,6.83880446767807,0.973056875725221,0.0488689914759162,0.418749990357053,0.0217107782132716
-128.154566431641,-134.924364137562,6.33364206535386,1.3150312763197,6.83816645956039,0.973056875725221,0.0488689914759162,0.418749990357053,0.0217107782132716
-128.146079970999,-134.874658658454,6.32515560471256,0.631802795045602,6.77058814382553,0.973056875725221,0.0488689914759162,0.418749990357053,0.0217107782132716
-128.151733928,-134.823192743835,6.33080956171295,0.285043212325128,6.72168372488022,0.973056875725221,0.0488689914759162,0.418749990357053,0.0217107782132716
-128.159531488685,-134.770029812544,6.33860712239812,0.214285198921684,6.74370597219467,0.973056875725221,0.0488689914759162,0.418749990357053,0.0217107782132716
-128.155372192723,-134.715097652792,6.33444782643639,-0.475335601851522,6.7696153960228,0.973056875725221,0.0488689914759162,0.418749990357053,0.0217107782132716
-128.143087529153,-134.658132773556,6.32216316286641,-2.62634804510199,6.65514396047592,0.973056875725221,0.0488689914759162,0.418749990357053,0.0217107782132716
-128.15059717483,-134.599784756862,6.3296728085436,-2.33437184239157,6.69905780172348,0.973056875725221,0.0488689914759162,0.418749990357053,0.0217107782132716
-128.144786912875,-134.539426965756,6.32386254658826,-1.25077063104275,6.5817262969017,0.973056875725221,0.0488689914759162,0.418749990357053,0.0217107782132716
-128.132617530503,-134.478280543215,6.31169316421612,-6.95305700188449,6.60668013906479,0.973056875725221,0.0488689914759162,0.418749990357053,0.0217107782132716
-128.117530841,-134.414974920929,6.29660647471314,-6.15653690806551,6.55677245473862,0.973056875725221,0.0488689914759162,0.418749990357053,0.0217107782132716
-128.113970950427,-134.350246263241,6.2930465841407,-7.16240718903775,6.627589448452,0.973056875725221,0.0488689914759162,0.418749990357053,0.0217107782132716
-128.104593303665,-134.284086640463,6.28366893737817,-5.56743860189054,6.55960391378403,0.973056875725221,0.0488689914759162,0.418749990357053,0.0217107782132716
-128.085585867151,-134.216557234878,6.26466150086422,-6.17935427143376,6.58267043447495,0.973056875725221,0.0488689914759162,0.418749990357053,0.0217107782132716
-128.078709379022,-134.147613272739,6.25778501273563,-7.65204882295792,6.4836628279686,0.973056875725221,0.0488689914759162,0.418749990357053,0.0217107782132716
-128.058728209793,-134.077110536146,6.23780384350642,-6.11999756089505,6.43930838918686,0.973056875725221,0.0488689914759162,0.418749990357053,0.0217107782132716
-128.05089441801,-134.005616185681,6.22997005172307,-6.14594084677237,6.48606131887436,0.973056875725221,0.0488689914759162,0.418749990357053,0.0217107782132716
-128.033005114376,-133.932455868039,6.21208074808902,-6.28849215676205,6.41393874502182,0.973056875725221,0.0488689914759162,0.418749990357053,0.0217107782132716
-128.023664193012,-133.858474776652,6.20273982672503,-7.32701842057023,6.39101432180405,0.973056875725221,0.0488689914759162,0.418749990357053,0.0217107782132716
-128.006162470675,-133.783150782477,6.18523810438845,-6.50207113999045,6.31781981801987,0.973056875725221,0.0488689914759162,0.418749990357053,0.0217107782132716
-127.993909145545,-133.70687193506,6.17298477925798,-6.18213790515544,6.48152469015121,0.973056875725221,0.0488689914759162,0.418749990357053,0.0217107782132716
-127.97945075848,-133.629386441114,6.15852639219377,-5.93640082814266,6.38986514425278,0.973056875725221,0.0488689914759162,0.418749990357053,0.0217107782132716
-127.967897846986,-133.550530444348,6.1469734806997,-4.54152258518073,6.201244576931,0.973056875725221,0.0488689914759162,0.418749990357053,0.0217107782132716
-127.953373193636,-133.471017668098,6.1324488273497,-7.19172507858754,6.36514018392563,0.973056875725221,0.0488689914759162,0.418749990357053,0.0217107782132716
-127.952847253749,-133.390466565393,6.1319228874622,-6.38985144869769,6.24968646383286,0.973056875725221,0.0488689914759162,0.418749990357053,0.0217107782132716
-127.938785485823,-133.309041214166,6.11786111953655,-6.41905269330942,6.20408366537094,0.973056875725221,0.0488689914759162,0.418749990357053,0.0217107782132716
-127.922629570416,-133.227560224472,6.10170520412887,-6.22547252897512,6.13176272726059,0.973056875725221,0.0488689914759162,0.418749990357053,0.0217107782132716
-127.924484577231,-133.144796696406,6.10356021094419,-5.71935501040251,6.17743419027328,0.973056875725221,0.0488689914759162,0.418749990357053,0.0217107782132716
-127.911340065334,-133.060838760561,6.09041569904706,-7.30354081848074,6.01156829214096,0.973056875725221,0.0488689914759162,0.418749990357053,0.0217107782132716
-127.899731676713,-132.97668564071,6.07880731042582,-4.31317459866261,6.01361773824692,0.973056875725221,0.0488689914759162,0.418749990357053,0.0217107782132716
-127.895796293716,-132.891984968522,6.07487192742911,-7.19918537702846,6.08251021718979,0.973056875725221,0.0488689914759162,0.418749990357053,0.0217107782132716
-127.879911631014,-132.806740245974,6.05898726472715,-5.70343178919175,5.89564727163315,0.973056875725221,0.0488689914759162,0.418749990357053,0.0217107782132716
-127.861705992463,-132.720286499553,6.04078162617669,-6.42867647194759,5.89528201436996,0.973056875725221,0.0488689914759162,0.418749990357053,0.0217107782132716
-127.859613135063,-132.634462781018,6.03868876877639,-7.21336628016358,5.94553206777573,0.973056875725221,0.0488689914759162,0.418749990357053,0.0217107782132716
-127.846187508271,-132.547100125091,6.02526314198434,-6.73293043503681,5.82968066549301,0.973056875725221,0.0488689914759162,0.418749990357053,0.0217107782132716
-127.831473692895,-132.460080687614,6.01054932660849,-8.51472877493169,5.92171405172348,0.973056875725221,0.0488689914759162,0.418749990357053,0.0217107782132716
-127.827357661778,-132.371839572131,6.0064332954918,-8.47986792571314,5.85327552175522,0.973056875725221,0.0488689914759162,0.418749990357053,0.0217107782132716
-127.814390099343,-132.28442213644,5.99346573305629,-7.3757842440937,5.71122382497787,0.973056875725221,0.0488689914759162,0.418749990357053,0.0217107782132716
-127.788892333698,-132.197565974773,5.96796796741086,-9.91790935719445,5.66429828023911,0.973056875725221,0.0488689914759162,0.418749990357053,0.0217107782132716
-127.768663427039,-132.109389234533,5.94773906075205,-9.02508481316553,5.49712298727036,0.973056875725221,0.0488689914759162,0.418749990357053,0.0217107782132716
-127.741203779933,-132.021506725365,5.92027941364648,-10.7914494194407,5.56808493947983,0.973056875725221,0.0488689914759162,0.418749990357053,0.0217107782132716
-127.724030430824,-131.933900899039,5.90310606453726,-9.65124610883122,5.52209876394272,0.973056875725221,0.0488689914759162,0.418749990357053,0.0217107782132716
-127.710007758346,-131.846134139856,5.8890833920591,-8.61202108165627,5.45368789052963,0.973056875725221,0.0488689914759162,0.418749990357053,0.0217107782132716
-127.692303517715,-131.757833445145,5.87137915142855,-12.4538064973841,5.42983744955063,0.973056875725221,0.0488689914759162,0.418749990357053,0.0217107782132716
-127.653461257929,-131.670247839654,5.83253689164273,-10.6030987375593,5.45472262716293,0.973056875725221,0.0488689914759162,0.418749990357053,0.0217107782132716
-127.64522900323,-131.583033533958,5.82430463694364,-11.8295196806163,5.40605090475082,0.973056875725221,0.0488689914759162,0.418749990357053,0.0217107782132716
-127.618147010686,-131.495507644583,5.79722264439894,-9.91716142056213,5.3581631026268,0.973056875725221,0.0488689914759162,0.418749990357053,0.0217107782132716
-127.604311371862,-131.408857821036,5.78338700557482,-12.2395621082016,5.23628257131577,0.973056875725221,0.0488689914759162,0.418749990357053,0.0217107782132716
-127.568808283644,-131.322525292277,5.74788391735712,-13.173626403033,5.16983912801743,0.973056875725221,0.0488689914759162,0.418749990357053,0.0217107782132716
-127.544560568813,-131.236452825195,5.72363620252639,-11.9373474866995,5.26615737295151,0.973056875725221,0.0488689914759162,0.418749990357053,0.0217107782132716
-127.512551786676,-131.151104240784,5.69162742038912,-12.1960654209811,5.14158080434799,0.973056875725221,0.0488689914759162,0.418749990357053,0.0217107782132716
-127.499883380311,-131.065559724339,5.67895901402454,-12.7350263592022,5.12408946371078,0.973056875725221,0.0488689914759162,0.418749990357053,0.0217107782132716
-127.46540328541,-130.981522473614,5.64447891912281,-12.2532970668948,5.12262652730942,0.973056875725221,0.0488689914759162,0.418749990357053,0.0217107782132716
-127.43847589496,-130.89815024161,5.61755152867377,-13.3006001348659,4.93416999197006,0.973056875725221,0.0488689914759162,0.418749990357053,0.0217107782132716
-127.407932721026,-130.814962589159,5.58700835473905,-13.405951031511,4.93370936727524,0.973056875725221,0.0488689914759162,0.418749990357053,0.0217107782132716
-127.37962474559,-130.732133210144,5.55870037930345,-13.9143862479175,4.95797465658188,0.973056875725221,0.0488689914759162,0.418749990357053,0.0217107782132716
-127.365146549779,-130.651185477796,5.54422218349196,-14.1040370565921,4.88713382101059,0.973056875725221,0.0488689914759162,0.418749990357053,0.0217107782132716
-127.340523260065,-130.570493422023,5.51959889377793,-12.2958361785278,4.84092543935776,0.973056875725221,0.0488689914759162,0.418749990357053,0.0217107782132716
-127.305225693232,-130.490684960169,5.48430132694508,-12.0474206503541,4.81578086233139,0.973056875725221,0.0488689914759162,0.418749990357053,0.0217107782132716
-127.286573149824,-130.411587799095,5.46564878353747,-12.4945804183732,4.79679606771469,0.973056875725221,0.0488689914759162,0.418749990357053,0.0217107782132716
-127.263567115033,-130.334173013647,5.4426427487462,-12.4576828668676,4.63049720144272,0.973056875725221,0.0488689914759162,0.418749990357053,0.0217107782132716
-127.237795269819,-130.25754595725,5.41687090353216,-13.4972851234002,4.77023719167709,0.973056875725221,0.0488689914759162,0.418749990357053,0.0217107782132716
-127.221394844766,-130.182150613597,5.40047047847961,-12.0708509588376,4.62605594015121,0.973056875725221,0.0488689914759162,0.418749990357053,0.0217107782132716
-127.185481200758,-130.107949541101,5.36455683447137,-13.4378486645941,4.4672472319603,0.973056875725221,0.0488689914759162,0.418749990357053,0.0217107782132716
-127.166577707728,-130.034433402792,5.34565334144099,-14.4317476934712,4.49061702108383,0.973056875725221,0.0488689914759162,0.418749990357053,0.0217107782132716
-127.150011688701,-129.962423050765,5.32908732241436,-13.2126838478369,4.44234965658188,0.973056875725221,0.0488689914759162,0.418749990357053,0.0217107782132716
-127.124053691384,-129.891900774181,5.30312932509738,-15.3931195199336,4.44717715597153,0.973056875725221,0.0488689914759162,0.418749990357053,0.0217107782132716
-127.086130096309,-129.822605545619,5.26520573002223,-12.8652904523996,4.46401427602768,0.973056875725221,0.0488689914759162,0.418749990357053,0.0217107782132716
-127.06991864676,-129.754771771159,5.24899428047301,-14.4663873894284,4.35017321920395,0.973056875725221,0.0488689914759162,0.418749990357053,0.0217107782132716
-127.035567077983,-129.68787245754,5.2146427116963,-15.3263581036439,4.32608149862289,0.973056875725221,0.0488689914759162,0.418749990357053,0.0217107782132716
-127.009023664528,-129.623170527543,5.18809929824174,-12.7384898952316,4.23203585958481,0.973056875725221,0.0488689914759162,0.418749990357053,0.0217107782132716
-126.987749974956,-129.559579376932,5.16682560866894,-14.9602485712474,4.30214045858383,0.973056875725221,0.0488689914759162,0.418749990357053,0.0217107782132716
-126.964994960215,-129.497305741857,5.14407059392805,-12.1022280588709,4.11666415548325,0.973056875725221,0.0488689914759162,0.418749990357053,0.0217107782132716
-126.914216841396,-129.437160313323,5.09329247510887,-16.0353260128657,4.09183142995834,0.973056875725221,0.0488689914759162,0.418749990357053,0.0217107782132716
-126.89043600078,-129.378253977558,5.06951163449312,-13.7938680949215,4.01981924390793,0.973056875725221,0.0488689914759162,0.418749990357053,0.0217107782132716
-126.862749976467,-129.321152243833,5.04182561017993,-15.3062197345739,4.02214525556564,0.973056875725221,0.0488689914759162,0.418749990357053,0.0217107782132716
-126.834379453825,-129.265976701918,5.0134550875387,-13.845712712616,4.06921313619614,0.973056875725221,0.0488689914759162,0.418749990357053,0.0217107782132716
-126.804821906832,-129.21204168731,4.98389754054548,-15.377331974912,3.8600272974968,0.973056875725221,0.0488689914759162,0.418749990357053,0.0217107782132716
-126.77149144187,-129.160171181467,4.95056707558286,-14.4973752648453,3.97388647413254,0.973056875725221,0.0488689914759162,0.418749990357053,0.0217107782132716
-126.7367208236,-129.109969705729,4.91579645731319,-14.7874022908102,3.85879848814011,0.973056875725221,0.0488689914759162,0.418749990357053,0.0217107782132716
-126.710733070254,-129.061669650885,4.88980870396769,-14.8627723719098,3.8582053027153,0.973056875725221,0.0488689914759162,0.418749990357053,0.0217107782132716
-126.674507826777,-129.01544607119,4.85358346049028,-14.9238636119192,3.76540325498581,0.973056875725221,0.0488689914759162,0.418749990357053,0.0217107782132716
-126.652373093435,-128.970907021444,4.83144872714825,-14.9721754181973,3.74176786756516,0.973056875725221,0.0488689914759162,0.418749990357053,0.0217107782132716
-126.598789193787,-128.928354032511,4.77786482750031,-14.3982797370184,3.67182920789719,0.973056875725221,0.0488689914759162,0.418749990357053,0.0217107782132716
-126.590676115704,-128.887696136615,4.76975174941771,-14.2247087299713,3.71551369047165,0.973056875725221,0.0488689914759162,0.418749990357053,0.0217107782132716
-126.555481640367,-128.849051393506,4.73455727408076,-14.8617172379884,3.67031048154831,0.973056875725221,0.0488689914759162,0.418749990357053,0.0217107782132716
-126.532837079453,-128.811638404625,4.71191271316587,-14.686324344594,3.57861040449142,0.973056875725221,0.0488689914759162,0.418749990357053,0.0217107782132716
-126.4881256441,-128.777242126174,4.66720127781362,-15.0821598180139,3.57933615064621,0.973056875725221,0.0488689914759162,0.418749990357053,0.0217107782132716
-126.473777066455,-128.74488652747,4.6528527001688,-13.9090362425141,3.64799593305588,0.973056875725221,0.0488689914759162,0.418749990357053,0.0217107782132716
-126.44411594418,-128.71437894703,4.62319157789304,-16.1850158175951,3.55390594816208,0.973056875725221,0.0488689914759162,0.418749990357053,0.0217107782132716
-126.418429498695,-128.685940543654,4.59750513240856,-14.1577887036877,3.50992821073532,0.973056875725221,0.0488689914759162,0.418749990357053,0.0217107782132716
-126.386810181566,-128.659596761766,4.56588581527947,-13.0453008503588,3.41688440656662,0.973056875725221,0.0488689914759162,0.418749990357053,0.0217107782132716
-126.358602167622,-128.63532823769,4.53767780133543,-15.5902889083682,3.48611591672897,0.973056875725221,0.0488689914759162,0.418749990357053,0.0217107782132716
-126.347847510536,-128.613104966414,4.52692314424977,-11.9655275905623,3.43799160337448,0.973056875725221,0.0488689914759162,0.418749990357053,0.0217107782132716
-126.310336907297,-128.593082825307,4.48941254100996,-15.2495366475437,3.4604215464592,0.973056875725221,0.0488689914759162,0.418749990357053,0.0217107782132716
-126.269062633224,-128.57528810092,4.44813826693763,-12.1459263026118,3.34553001737595,0.973056875725221,0.0488689914759162,0.418749990357053,0.0217107782132716
-126.25941291153,-128.559657510207,4.43848854524331,-13.6109066272384,3.29984043455124,0.973056875725221,0.0488689914759162,0.418749990357053,0.0217107782132716
-126.246982436557,-128.546173663261,4.42605807026988,-12.495157494243,3.32367466306686,0.973056875725221,0.0488689914759162,0.418749990357053,0.0217107782132716
-126.20559789095,-128.534886210045,4.38467352466332,-13.1489435157484,3.29659984922409,0.973056875725221,0.0488689914759162,0.418749990357053,0.0217107782132716
-126.18580243342,-128.525845263703,4.36487806713357,-12.3121515322267,3.22727440214157,0.973056875725221,0.0488689914759162,0.418749990357053,0.0217107782132716
-126.169802942985,-128.518963080549,4.34887857669816,-12.2960720695824,3.3228278002739,0.973056875725221,0.0488689914759162,0.418749990357053,0.0217107782132716
-126.133072257733,-128.51426436842,4.31214789144593,-10.4802693551078,3.34411714887619,0.973056875725221,0.0488689914759162,0.418749990357053,0.0217107782132716
-126.119210780289,-128.511817261954,4.29828641400237,-12.7921288880259,3.24986646986008,0.973056875725221,0.0488689914759162,0.418749990357053,0.0217107782132716
-126.100168236788,-128.511561018856,4.27924387050091,-10.8883017691071,3.20456121778488,0.973056875725221,0.0488689914759162,0.418749990357053,0.0217107782132716
-126.076454750302,-128.513519243165,4.25553038401497,-9.8782837366899,3.18015621519089,0.973056875725221,0.0488689914759162,0.418749990357053,0.0217107782132716
-126.053776064682,-128.517685894148,4.23285169839535,-11.0164454844837,3.22581671094894,0.973056875725221,0.0488689914759162,0.418749990357053,0.0217107782132716
-126.018613559655,-128.52403807645,4.19768919336808,-9.53185535009277,3.22775266981125,0.973056875725221,0.0488689914759162,0.418749990357053,0.0217107782132716
-126.00725153063,-128.532642820384,4.18632716434356,-11.346845817552,3.18035648679733,0.973056875725221,0.0488689914759162,0.418749990357053,0.0217107782132716
-125.979395457091,-128.543460770032,4.15847109080461,-7.85404046690403,3.18175886487961,0.973056875725221,0.0488689914759162,0.418749990357053,0.0217107782132716
-125.962700716141,-128.556389462853,4.14177634985458,-8.82238796876946,3.08865259504318,0.973056875725221,0.0488689914759162,0.418749990357053,0.0217107782132716
-125.957762804792,-128.571507875947,4.13683843850538,-7.90875223110544,3.11338041639328,0.973056875725221,0.0488689914759162,0.418749990357053,0.0217107782132716
-125.939851510519,-128.58892255447,4.11892714423243,-8.92874540165285,3.18483208036423,0.973056875725221,0.0488689914759162,0.418749990357053,0.0217107782132716
-125.929322092638,-128.608323273763,4.10839772635138,-6.87066976128066,3.15486858701706,0.973056875725221,0.0488689914759162,0.418749990357053,0.0217107782132716
-125.905777737167,-128.629884486638,4.0848533708806,-8.14583346071993,3.13786648130417,0.973056875725221,0.0488689914759162,0.418749990357053,0.0217107782132716
-125.884457792324,-128.653639525181,4.06353342603724,-6.5147996776291,3.18156240797043,0.973056875725221,0.0488689914759162,0.418749990357053,0.0217107782132716
-125.87710226133,-128.679691227192,4.05617789504351,-6.15297628287966,3.20660971021652,0.973056875725221,0.0488689914759162,0.418749990357053,0.0217107782132716
-125.87795825874,-128.70756254289,4.0570338924534,-7.31938784105695,3.16438291883469,0.973056875725221,0.0488689914759162,0.418749990357053,0.0217107782132716
-125.866068490718,-128.737695307808,4.04514412443083,-5.97056412686734,3.22827385282516,0.973056875725221,0.0488689914759162,0.418749990357053,0.0217107782132716
-125.855719293461,-128.769772904103,4.03479492717451,-6.36147545736385,3.22673223829269,0.973056875725221,0.0488689914759162,0.418749990357053,0.0217107782132716
-125.839977924486,-128.804216808793,4.01905355819904,-4.08605628714742,3.18074415540695,0.973056875725221,0.0488689914759162,0.418749990357053,0.0217107782132716
-125.837945411769,-128.840347236303,4.01702104548213,-5.56845690510981,3.18099211072922,0.973056875725221,0.0488689914759162,0.418749990357053,0.0217107782132716
-125.808530326772,-128.878404339885,3.98760596048559,-4.94102229687581,3.16151855802536,0.973056875725221,0.0488689914759162,0.418749990357053,0.0217107782132716
-125.79455526803,-128.918678328014,3.97363090174341,-3.33377527246618,3.27606867170334,0.973056875725221,0.0488689914759162,0.418749990357053,0.0217107782132716
-125.801614620012,-128.960804961247,3.98069025372566,-4.30997427258907,3.15804241514206,0.973056875725221,0.0488689914759162,0.418749990357053,0.0217107782132716
-125.798992803872,-129.004979321019,3.97806843758539,-2.26819015435466,3.15479563093185,0.973056875725221,0.0488689914759162,0.418749990357053,0.0217107782132716
-125.784490629808,-129.050887073352,3.9635662635209,-3.89638978799617,3.27216337537766,0.973056875725221,0.0488689914759162,0.418749990357053,0.0217107782132716
-125.781705023897,-129.0987633455,3.96078065761032,-3.26690950027447,3.27520416593552,0.973056875725221,0.0488689914759162,0.418749990357053,0.0217107782132716
-125.781291836012,-129.148107279584,3.96036746972514,-1.64690333950376,3.34430120801926,0.973056875725221,0.0488689914759162,0.418749990357053,0.0217107782132716
-125.773332180533,-129.19969701528,3.95240781424677,-0.975114840201322,3.36698006010056,0.973056875725221,0.0488689914759162,0.418749990357053,0.0217107782132716
-125.778157744891,-129.2529147198,3.95723337860474,0.0775393286301488,3.36543653821945,0.973056875725221,0.0488689914759162,0.418749990357053,0.0217107782132716
-125.766382698278,-129.308197937392,3.94545833199161,2.37227922306676,3.31696318006516,0.973056875725221,0.0488689914759162,0.418749990357053,0.0217107782132716
-125.77467225577,-129.364855447039,3.95374788948286,0.141697191060876,3.34233187055588,0.973056875725221,0.0488689914759162,0.418749990357053,0.0217107782132716
-125.770001626684,-129.423117213206,3.94907726039706,-0.584324351028873,3.34233091688156,0.973056875725221,0.0488689914759162,0.418749990357053,0.0217107782132716
-125.774026944586,-129.483289353845,3.95310257829884,0.643847019400122,3.34218500471115,0.973056875725221,0.0488689914759162,0.418749990357053,0.0217107782132716
-125.783093968842,-129.544567619832,3.9621696025556,4.82469190439924,3.3662824473381,0.973056875725221,0.0488689914759162,0.418749990357053,0.0217107782132716
-125.782072093993,-129.608514906089,3.9611477277062,6.19323905178652,3.50941370344162,0.973056875725221,0.0488689914759162,0.418749990357053,0.0217107782132716
-125.802673964621,-129.674024618453,3.98174959833469,3.79503793196255,3.48561619138718,0.973056875725221,0.0488689914759162,0.418749990357053,0.0217107782132716
-125.804616711902,-129.739658589175,3.98369234561552,5.21072903703583,3.50915859556198,0.973056875725221,0.0488689914759162,0.418749990357053,0.0217107782132716
-125.820127624014,-129.806361005908,3.99920325772768,6.53209891942933,3.57373045301437,0.973056875725221,0.0488689914759162,0.418749990357053,0.0217107782132716
-125.828963170799,-129.875556629386,4.00803880451242,7.06491971206642,3.62227819776535,0.973056875725221,0.0488689914759162,0.418749990357053,0.0217107782132716
-125.83867384125,-129.946007239766,4.01774947496333,7.4377189975078,3.64827202177048,0.973056875725221,0.0488689914759162,0.418749990357053,0.0217107782132716
-125.854866385645,-130.017455676587,4.03394201935811,7.97130060668617,3.53026102399826,0.973056875725221,0.0488689914759162,0.418749990357053,0.0217107782132716
-125.873604585559,-130.090480473073,4.05268021927194,6.50237404200615,3.62292431211472,0.973056875725221,0.0488689914759162,0.418749990357053,0.0217107782132716
-125.889196837725,-130.164650887441,4.06827247143834,7.49799269693666,3.57763145780563,0.973056875725221,0.0488689914759162,0.418749990357053,0.0217107782132716
-125.897973662358,-130.240142718478,4.07704929607164,6.16464841949161,3.69860838270187,0.973056875725221,0.0488689914759162,0.418749990357053,0.0217107782132716
-125.924402891073,-130.316658100371,4.10347852478612,5.76630125418072,3.62341450071335,0.973056875725221,0.0488689914759162,0.418749990357053,0.0217107782132716
-125.935479110989,-130.393986182379,4.11455474470271,6.54575080272211,3.7206640086174,0.973056875725221,0.0488689914759162,0.418749990357053,0.0217107782132716
-125.951403019588,-130.472510515962,4.13047865330135,5.71859143733866,3.71938179349899,0.973056875725221,0.0488689914759162,0.418749990357053,0.0217107782132716
-125.968736466674,-130.551949979988,4.14781210038687,7.24680716947774,3.76669119215012,0.973056875725221,0.0488689914759162,0.418749990357053,0.0217107782132716
-125.969518241138,-130.632252423346,4.14859387485111,7.02909459891139,3.8104119143486,0.973056875725221,0.0488689914759162,0.418749990357053,0.0217107782132716
-126.00051388757,-130.713569841167,4.17958952128342,8.67669103578789,3.88510464048386,0.973056875725221,0.0488689914759162,0.418749990357053,0.0217107782132716
-126.007958266636,-130.796376544517,4.18703390034938,8.49262885869144,3.84069918012619,0.973056875725221,0.0488689914759162,0.418749990357053,0.0217107782132716
-126.020382584683,-130.878426014196,4.1994582183964,8.36527459798101,3.90690706586838,0.973056875725221,0.0488689914759162,0.418749990357053,0.0217107782132716
-126.031407294314,-130.961987342066,4.21048292802756,8.72978991321623,3.86335323667526,0.973056875725221,0.0488689914759162,0.418749990357053,0.0217107782132716
-126.04011886621,-131.046473318353,4.21919449992361,7.40889281487073,3.93194006299973,0.973056875725221,0.0488689914759162,0.418749990357053,0.0217107782132716
-126.05169658429,-131.131003953041,4.2307722180028,7.58291761145332,3.88538883543015,0.973056875725221,0.0488689914759162,0.418749990357053,0.0217107782132716
-126.071301522744,-131.216433689288,4.25037715645771,6.4313433814153,4.0484821639061,0.973056875725221,0.0488689914759162,0.418749990357053,0.0217107782132716
-126.083772155062,-131.302684163421,4.26284778877503,8.59449085395764,4.0253777346611,0.973056875725221,0.0488689914759162,0.418749990357053,0.0217107782132716
-126.095888803631,-131.389499359444,4.2749644373444,6.52850897112849,4.093503221035,0.973056875725221,0.0488689914759162,0.418749990357053,0.0217107782132716
-126.10538531093,-131.47561306536,4.28446094464355,6.92595350295721,4.18808577871323,0.973056875725221,0.0488689914759162,0.418749990357053,0.0217107782132716
-126.123542153123,-131.562840200197,4.30261778683669,7.14317414005327,4.21151088094711,0.973056875725221,0.0488689914759162,0.418749990357053,0.0217107782132716
-126.138752186846,-131.650278547362,4.31782782055953,9.09380455905366,4.20737002706528,0.973056875725221,0.0488689914759162,0.418749990357053,0.0217107782132716
-126.153511269637,-131.737631709879,4.33258690335073,9.20024493112977,4.37619231557846,0.973056875725221,0.0488689914759162,0.418749990357053,0.0217107782132716
-126.176769950702,-131.825408129877,4.35584558441507,9.78497246581129,4.30373786306381,0.973056875725221,0.0488689914759162,0.418749990357053,0.0217107782132716
-126.181318475252,-131.913343964388,4.36039410896519,9.99204470889756,4.49255870199203,0.973056875725221,0.0488689914759162,0.418749990357053,0.0217107782132716
-126.204360240323,-132.001939507717,4.38343587403645,9.10956038139372,4.37361644124985,0.973056875725221,0.0488689914759162,0.418749990357053,0.0217107782132716
-126.230571267118,-132.089104864763,4.40964690083159,11.447481693205,4.49187587118149,0.973056875725221,0.0488689914759162,0.418749990357053,0.0217107782132716
-126.244219064206,-132.177416111747,4.42329469791947,10.1472149698368,4.51294539785385,0.973056875725221,0.0488689914759162,0.418749990357053,0.0217107782132716
-126.267959683626,-132.264973104917,4.44703531733942,11.8033740596009,4.53664229726791,0.973056875725221,0.0488689914759162,0.418749990357053,0.0217107782132716
-126.299748824015,-132.352579560549,4.47882445772838,10.7640373502203,4.56241820669174,0.973056875725221,0.0488689914759162,0.418749990357053,0.0217107782132716
-126.320240545326,-132.440241292075,4.49931617903965,11.4381295196095,4.76816199636459,0.973056875725221,0.0488689914759162,0.418749990357053,0.0217107782132716
-126.32896515752,-132.526956551349,4.50804079123332,12.0313503340295,4.67986605978012,0.973056875725221,0.0488689914759162,0.418749990357053,0.0217107782132716
-126.356424771709,-132.614496062936,4.53550040542247,12.8018936732039,4.75108836507797,0.973056875725221,0.0488689914759162,0.418749990357053,0.0217107782132716
-126.386375659183,-132.700476419535,4.56545129289657,15.4627695358385,4.84190200185776,0.973056875725221,0.0488689914759162,0.418749990357053,0.0217107782132716
-126.415645308396,-132.786404621687,4.59472094210958,13.0364893981432,4.79418204641342,0.973056875725221,0.0488689914759162,0.418749990357053,0.0217107782132716
-126.443326343353,-132.872383018162,4.62240197706629,13.815981377673,4.9591963133812,0.973056875725221,0.0488689914759162,0.418749990357053,0.0217107782132716
-126.467111069314,-132.957256559142,4.64618670302694,14.0316007122929,4.96010039663315,0.973056875725221,0.0488689914759162,0.418749990357053,0.0217107782132716
-126.501355375775,-133.041714574942,4.68043100948823,15.174326133878,4.95616553640366,0.973056875725221,0.0488689914759162,0.418749990357053,0.0217107782132716
-126.540326238967,-133.125043506486,4.71940187268022,16.0916912596587,5.074855073452,0.973056875725221,0.0488689914759162,0.418749990357053,0.0217107782132716
-126.564315738357,-133.207971464126,4.74339137207005,13.7138729999948,5.16972659444809,0.973056875725221,0.0488689914759162,0.418749990357053,0.0217107782132716
-126.605461489245,-133.290438383212,4.78453712295837,15.1886594731167,5.14753173208237,0.973056875725221,0.0488689914759162,0.418749990357053,0.0217107782132716
-126.645810299407,-133.372335222396,4.82488593312039,16.2536839671315,5.26667521810532,0.973056875725221,0.0488689914759162,0.418749990357053,0.0217107782132716
-126.660362034759,-133.452512905668,4.83943766847259,14.9026293422008,5.19229148244858,0.973056875725221,0.0488689914759162,0.418749990357053,0.0217107782132716
-126.702968792854,-133.532063907705,4.88204442656681,16.9427692933161,5.2148582777977,0.973056875725221,0.0488689914759162,0.418749990357053,0.0217107782132716
-126.726764654489,-133.610937813579,4.90584028820279,14.8467152099064,5.37969325399399,0.973056875725221,0.0488689914759162,0.418749990357053,0.0217107782132716
-126.749018411286,-133.689083246661,4.92809404499964,17.14685175024,5.30943797445297,0.973056875725221,0.0488689914759162,0.418749990357053,0.0217107782132716
-126.794385708333,-133.766121227035,4.97346134204615,16.5187708620308,5.54803679800034,0.973056875725221,0.0488689914759162,0.418749990357053,0.0217107782132716
-126.825662335831,-133.841244422968,5.00473796954437,15.3415775769384,5.50242446279526,0.973056875725221,0.0488689914759162,0.418749990357053,0.0217107782132716
-126.849981376284,-133.915119338506,5.0290570099977,15.6101830923829,5.54374907827377,0.973056875725221,0.0488689914759162,0.418749990357053,0.0217107782132716
-126.878654416902,-133.988639580783,5.05773005061541,14.8740725444267,5.54634974813461,0.973056875725221,0.0488689914759162,0.418749990357053,0.0217107782132716
-126.917547012222,-134.060407046371,5.09662264593561,14.24708631255,5.57133887624741,0.973056875725221,0.0488689914759162,0.418749990357053,0.0217107782132716
-126.948835140834,-134.1313959726,5.12791077454755,14.7775855466781,5.6614963850975,0.973056875725221,0.0488689914759162,0.418749990357053,0.0217107782132716
-126.975662791461,-134.200779648036,5.15473842517455,15.2435669945781,5.80399154043198,0.973056875725221,0.0488689914759162,0.418749990357053,0.0217107782132716
-127.015786113585,-134.268352941916,5.19486174729855,16.0767159757254,5.80375407552719,0.973056875725221,0.0488689914759162,0.418749990357053,0.0217107782132716
-127.045407840238,-134.335151046964,5.22448347395155,16.2036707693588,5.80228064870834,0.973056875725221,0.0488689914759162,0.418749990357053,0.0217107782132716
-127.068430804148,-134.399863189398,5.24750643786093,14.1480272408704,5.8048651061058,0.973056875725221,0.0488689914759162,0.418749990357053,0.0217107782132716
-127.099883705287,-134.463254130702,5.27895933899983,15.9090231763922,5.90069411611557,0.973056875725221,0.0488689914759162,0.418749990357053,0.0217107782132716
-127.125663061688,-134.525650844391,5.30473869540135,13.4309997569094,6.01736567831039,0.973056875725221,0.0488689914759162,0.418749990357053,0.0217107782132716
-127.165714568125,-134.585841804608,5.34479020183834,15.1378913300309,5.89581702566147,0.973056875725221,0.0488689914759162,0.418749990357053,0.0217107782132716
-127.179356328947,-134.644583562648,5.35843196266075,14.6804826417639,6.08707736349106,0.973056875725221,0.0488689914759162,0.418749990357053,0.0217107782132716
-127.206662153897,-134.701650555383,5.38573778761003,13.7264166636303,6.11008666372299,0.973056875725221,0.0488689914759162,0.418749990357053,0.0217107782132716
-127.240930853003,-134.757105543332,5.42000648671623,15.5117320199177,6.10907386159897,0.973056875725221,0.0488689914759162,0.418749990357053,0.0217107782132716
-127.262645429046,-134.810804757615,5.44172106275922,13.9834675224587,6.02042125082016,0.973056875725221,0.0488689914759162,0.418749990357053,0.0217107782132716
-127.293867725328,-134.862667481248,5.47294335904086,14.7219183954211,6.27311442708969,0.973056875725221,0.0488689914759162,0.418749990357053,0.0217107782132716
-127.317630790411,-134.912621104921,5.496706424124,13.915808437388,6.15882895803452,0.973056875725221,0.0488689914759162,0.418749990357053,0.0217107782132716
-127.352030310025,-134.961069996326,5.53110594373821,15.07592582831,6.22965072011948,0.973056875725221,0.0488689914759162,0.418749990357053,0.0217107782132716
-127.373725094288,-135.007436758364,5.55280072800141,13.9483470252598,6.27463076925278,0.973056875725221,0.0488689914759162,0.418749990357053,0.0217107782132716
-127.395920265657,-135.052807980815,5.57499589937019,13.021315250385,6.32047103261948,0.973056875725221,0.0488689914759162,0.418749990357053,0.0217107782132716
-127.424010713076,-135.095573070717,5.60308634678955,15.5328016262086,6.39903663015366,0.973056875725221,0.0488689914759162,0.418749990357053,0.0217107782132716
-127.460801699165,-135.135662633022,5.63987733287871,12.7213258966593,6.37009261465073,0.973056875725221,0.0488689914759162,0.418749990357053,0.0217107782132716
-127.483470734848,-135.174184939155,5.66254636856112,14.6970647483097,6.44005606985092,0.973056875725221,0.0488689914759162,0.418749990357053,0.0217107782132716
-127.511675472597,-135.211034445953,5.69075110631051,11.8000444042811,6.46332858419418,0.973056875725221,0.0488689914759162,0.418749990357053,0.0217107782132716
-127.534891049477,-135.245958697253,5.71396668319005,13.4663575854743,6.43836615896225,0.973056875725221,0.0488689914759162,0.418749990357053,0.0217107782132716
-127.574395240463,-135.27847411428,5.75347087417635,11.9718220721796,6.55982516622543,0.973056875725221,0.0488689914759162,0.418749990357053,0.0217107782132716
-127.592592351356,-135.308476965529,5.77166798506923,12.9443274141893,6.50914405202866,0.973056875725221,0.0488689914759162,0.418749990357053,0.0217107782132716
-127.615262046722,-135.336983060553,5.79433768043494,12.0018139952283,6.55651496267319,0.973056875725221,0.0488689914759162,0.418749990357053,0.0217107782132716
-127.648491643164,-135.363277815555,5.82756727687775,12.5691013533083,6.56010936117172,0.973056875725221,0.0488689914759162,0.418749990357053,0.0217107782132716
-127.666507796445,-135.387633742554,5.84558343015842,13.1522469808508,6.64933989858627,0.973056875725221,0.0488689914759162,0.418749990357053,0.0217107782132716
-127.699588645158,-135.409728764841,5.8786642788716,11.4073307981289,6.6507131896019,0.973056875725221,0.0488689914759162,0.418749990357053,0.0217107782132716
-127.702504447926,-135.429609629172,5.88158008163911,9.86796574502846,6.64947245931625,0.973056875725221,0.0488689914759162,0.418749990357053,0.0217107782132716
-127.727123459975,-135.447482059961,5.9061990936882,11.1766777820057,6.69705603933334,0.973056875725221,0.0488689914759162,0.418749990357053,0.0217107782132716
-127.748068038622,-135.463079561283,5.92714367233518,12.6847771671967,6.74550746297836,0.973056875725221,0.0488689914759162,0.418749990357053,0.0217107782132716
-127.770303229475,-135.476715262106,5.94937886318789,10.1224768766274,6.76839373922348,0.973056875725221,0.0488689914759162,0.418749990357053,0.0217107782132716
-127.796957782275,-135.487989859034,5.97603341598818,10.7783315547968,6.86264441823959,0.973056875725221,0.0488689914759162,0.418749990357053,0.0217107782132716
-127.798480193824,-135.49695463464,5.97755582753748,9.61639338041065,6.74588702535629,0.973056875725221,0.0488689914759162,0.418749990357053,0.0217107782132716
-127.822563502514,-135.503864675385,6.0016391362275,10.7449505806815,6.79301474905014,0.973056875725221,0.0488689914759162,0.418749990357053,0.0217107782132716
-127.850692382859,-135.508513874733,6.02976801657262,9.45801727595688,6.79247115468979,0.973056875725221,0.0488689914759162,0.418749990357053,0.0217107782132716
-127.858565185311,-135.510983038519,6.03764081902386,8.94489432937809,6.83859275197983,0.973056875725221,0.0488689914759162,0.418749990357053,0.0217107782132716
-127.881704511817,-135.511234971357,6.0607801455308,8.89923735632978,6.90684245443344,0.973056875725221,0.0488689914759162,0.418749990357053,0.0217107782132716
-127.90235142496,-135.509278308109,6.08142705867334,9.50266249334476,6.88517306661606,0.973056875725221,0.0488689914759162,0.418749990357053,0.0217107782132716
-127.916863838875,-135.505109568976,6.09593947258866,8.50457985622057,6.8861982665062,0.973056875725221,0.0488689914759162,0.418749990357053,0.0217107782132716
-127.929391548208,-135.498738418802,6.10846718192176,8.59142727021191,6.86208556509018,0.973056875725221,0.0488689914759162,0.418749990357053,0.0217107782132716
-127.956834489509,-135.490164805736,6.13591012322182,9.02377079745428,6.88707278585434,0.973056875725221,0.0488689914759162,0.418749990357053,0.0217107782132716
-127.953412032128,-135.47938769679,6.13248766584118,7.90431532245412,6.93143390035629,0.973056875725221,0.0488689914759162,0.418749990357053,0.0217107782132716
-127.977175005248,-135.466453543289,6.15625063896155,8.70886620658271,6.9079677901268,0.973056875725221,0.0488689914759162,0.418749990357053,0.0217107782132716
-127.975720630322,-135.451297890491,6.1547962640352,7.64700353208185,6.90615771627426,0.973056875725221,0.0488689914759162,0.418749990357053,0.0217107782132716
-127.991217934427,-135.433717626842,6.17029356814011,8.1649579665438,7.06970618581772,0.973056875725221,0.0488689914759162,0.418749990357053,0.0217107782132716
-128.015182356706,-135.413982067294,6.19425799041914,7.09067088407385,7.04957125997543,0.973056875725221,0.0488689914759162,0.418749990357053,0.0217107782132716
-128.033491026217,-135.392797952577,6.21256665992997,7.62507050364332,6.97734378194809,0.973056875725221,0.0488689914759162,0.418749990357053,0.0217107782132716
-128.051419769599,-135.369100338607,6.23049540331272,6.34318542815075,6.99966357564926,0.973056875725221,0.0488689914759162,0.418749990357053,0.0217107782132716
-128.06279607708,-135.343088801182,6.2418717107933,6.83433412419443,7.07083438253403,0.973056875725221,0.0488689914759162,0.418749990357053,0.0217107782132716
-128.073194112589,-135.315316610775,6.25226974630214,6.6596671973824,7.0720245680809,0.973056875725221,0.0488689914759162,0.418749990357053,0.0217107782132716
-128.097553585149,-135.285178674356,6.27662921886271,7.41905035454903,7.00376437520981,0.973056875725221,0.0488689914759162,0.418749990357053,0.0217107782132716
-128.116286700477,-135.252955961908,6.29536233419042,5.37212889404939,7.02539752340317,0.973056875725221,0.0488689914759162,0.418749990357053,0.0217107782132716
-128.118754468094,-135.218680044201,6.2978301018074,7.33900629999667,6.93066523885727,0.973056875725221,0.0488689914759162,0.418749990357053,0.0217107782132716
-128.126646875983,-135.182630799332,6.30572250969622,5.09296218106476,6.93028758382797,0.973056875725221,0.0488689914759162,0.418749990357053,0.0217107782132716
-128.141169736566,-135.144377727706,6.32024537027939,5.82466610495531,6.83667395925522,0.973056875725221,0.0488689914759162,0.418749990357053,0.0217107782132716
-128.152874330406,-135.104157037768,6.33194996411915,3.98403153307182,6.95286773061752,0.973056875725221,0.0488689914759162,0.418749990357053,0.0217107782132716
-128.168464894074,-135.061862607702,6.34754052778716,4.41607988498135,6.7929308257103,0.973056875725221,0.0488689914759162,0.418749990357053,0.0217107782132716
-128.167416275105,-135.018052984031,6.34649190881811,2.84038414265493,6.76653312063217,0.973056875725221,0.0488689914759162,0.418749990357053,0.0217107782132716
-128.169000064999,-134.971970543696,6.34807569871237,3.99612493713731,6.86193393087387,0.973056875725221,0.0488689914759162,0.418749990357053,0.0217107782132716
-128.179323489191,-134.924236242083,6.35839912290428,2.32130523187146,6.83830664968491,0.973056875725221,0.0488689914759162,0.418749990357053,0.0217107782132716
-128.193202124221,-134.874025288987,6.37227775793439,1.42397406384879,6.74308513021469,0.973056875725221,0.0488689914759162,0.418749990357053,0.0217107782132716
-128.203706296807,-134.822967931832,6.38278193052058,-0.127078882428453,6.71822188711166,0.973056875725221,0.0488689914759162,0.418749990357053,0.0217107782132716
-128.195736426135,-134.769862008797,6.37481205984838,-0.197804607702284,6.69833968496323,0.973056875725221,0.0488689914759162,0.418749990357053,0.0217107782132716
-128.189949536115,-134.714831270439,6.36902516982854,-0.493040660228525,6.7467243514061,0.973056875725221,0.0488689914759162,0.418749990357053,0.0217107782132716
-128.185867619057,-134.657933782282,6.36494325277068,-1.65570030441454,6.67648623800278,0.973056875725221,0.0488689914759162,0.418749990357053,0.0217107782132716
-128.18856613057,-134.599495342847,6.36764176428353,-1.45864375613207,6.74680446004868,0.973056875725221,0.0488689914759162,0.418749990357053,0.0217107782132716
-128.185056605678,-134.539122357184,6.3641322393915,-2.78568929456966,6.62649844503403,0.973056875725221,0.0488689914759162,0.418749990357053,0.0217107782132716
-128.181521704204,-134.478176398881,6.36059733791733,-3.75905842775423,6.67679808950424,0.973056875725221,0.0488689914759162,0.418749990357053,0.0217107782132716
-128.175340546785,-134.414868204003,6.35441618049862,-7.84079763016237,6.67360518789291,0.973056875725221,0.0488689914759162,0.418749990357053,0.0217107782132716
-128.160137207557,-134.349957606706,6.33921284127076,-7.15592348520925,6.58155082082748,0.973056875725221,0.0488689914759162,0.418749990357053,0.0217107782132716
-128.160069793142,-134.28372775661,6.33914542685501,-6.61427511197003,6.57891391134262,0.973056875725221,0.0488689914759162,0.418749990357053,0.0217107782132716
-128.126715134768,-134.215954588144,6.30579076848164,-6.93330929492777,6.53292582845688,0.973056875725221,0.0488689914759162,0.418749990357053,0.0217107782132716
-128.120962333725,-134.147289305706,6.30003796743825,-4.16070234734123,6.55565093374252,0.973056875725221,0.0488689914759162,0.418749990357053,0.0217107782132716
-128.110192851292,-134.076670329568,6.28926848500544,-7.40487506273052,6.44240496969223,0.973056875725221,0.0488689914759162,0.418749990357053,0.0217107782132716
-128.085204663086,-134.005038769487,6.26428029679898,-5.7946155727349,6.32349990224838,0.973056875725221,0.0488689914759162,0.418749990357053,0.0217107782132716
-128.080802498619,-133.932341915502,6.25987813233228,-7.29034903351294,6.41151069021225,0.973056875725221,0.0488689914759162,0.418749990357053,0.0217107782132716
-128.055217320345,-133.858091757625,6.23429295405833,-5.71220356465208,6.3924534163475,0.973056875725221,0.0488689914759162,0.418749990357053,0.0217107782132716
-128.042124084592,-133.78279807886,6.2211997183049,-6.84474094522019,6.43410991048813,0.973056875725221,0.0488689914759162,0.418749990357053,0.0217107782132716
-128.022498053458,-133.706560020755,6.20157368717114,-7.63022380782469,6.31941722249985,0.973056875725221,0.0488689914759162,0.418749990357053,0.0217107782132716
-128.025219522206,-133.628921500251,6.20429515591894,-7.04482159303503,6.39035628652573,0.973056875725221,0.0488689914759162,0.418749990357053,0.0217107782132716
-128.00372304817,-133.550153719114,6.18279868188334,-4.01212130515133,6.30030940389633,0.973056875725221,0.0488689914759162,0.418749990357053,0.0217107782132716
-127.991713885374,-133.470989075615,6.17078951908709,-6.64616186720644,6.29736350393295,0.973056875725221,0.0488689914759162,0.418749990357053,0.0217107782132716
-127.984181095375,-133.390649682972,6.1632567290886,-6.46245658932904,6.22575305318832,0.973056875725221,0.0488689914759162,0.418749990357053,0.0217107782132716
-127.951933483067,-133.308826956599,6.13100911677986,-7.96370963310925,6.24739669179916,0.973056875725221,0.0488689914759162,0.418749990357053,0.0217107782132716
-127.962706173867,-133.227117737675,6.14178180758054,-6.23420778953041,6.10748790121078,0.973056875725221,0.0488689914759162,0.418749990357053,0.0217107782132716
-127.958844759055,-133.143923595157,6.13792039276814,-6.97181646928906,6.13365577077866,0.973056875725221,0.0488689914759162,0.418749990357053,0.0217107782132716
-127.946023628442,-133.060998818892,6.12509926215513,-6.50318172178777,6.03722976064682,0.973056875725221,0.0488689914759162,0.418749990357053,0.0217107782132716
-127.934894801485,-132.976615083993,6.11397043519787,-6.65937914094663,6.10634063100815,0.973056875725221,0.0488689914759162,0.418749990357053,0.0217107782132716
-127.912715179372,-132.891954521847,6.09179081308556,-6.9257097405607,5.96955989217758,0.973056875725221,0.0488689914759162,0.418749990357053,0.0217107782132716
-127.900816895175,-132.806423674772,6.07989252888819,-5.2528442543349,5.96729682302475,0.973056875725221,0.0488689914759162,0.418749990357053,0.0217107782132716
-127.90441278591,-132.720440531748,6.08348841962297,-6.41161723132135,5.89815257406235,0.973056875725221,0.0488689914759162,0.418749990357053,0.0217107782132716
-127.884811681251,-132.634204811714,6.06388731496443,-6.48804069758993,5.8519489607811,0.973056875725221,0.0488689914759162,0.418749990357053,0.0217107782132716
-127.879305514086,-132.547338464551,6.05838114779886,-8.19214094154818,5.85225318288803,0.973056875725221,0.0488689914759162,0.418749990357053,0.0217107782132716
-127.858952610625,-132.460340678228,6.03802824433797,-8.00772531765527,5.85283778524399,0.973056875725221,0.0488689914759162,0.418749990357053,0.0217107782132716
-127.846800546113,-132.372632276416,6.02587617982617,-7.53229355885533,5.68665240621567,0.973056875725221,0.0488689914759162,0.418749990357053,0.0217107782132716
-127.841862437362,-132.283439426739,6.02093807107484,-8.21401207402371,5.66509936666489,0.973056875725221,0.0488689914759162,0.418749990357053,0.0217107782132716
-127.815636538418,-132.195503086089,5.99471217213124,-8.59402205972404,5.73987410879135,0.973056875725221,0.0488689914759162,0.418749990357053,0.0217107782132716
-127.793742722535,-132.109252967339,5.97281835624863,-9.68673292006757,5.63997386312485,0.973056875725221,0.0488689914759162,0.418749990357053,0.0217107782132716
-127.78361298687,-132.021674503802,5.96268862058305,-9.25310166193372,5.54486487722397,0.973056875725221,0.0488689914759162,0.418749990357053,0.0217107782132716
-127.77928069828,-131.933722677498,5.95835633199332,-9.78015834604042,5.5916082701683,0.973056875725221,0.0488689914759162,0.418749990357053,0.0217107782132716
-127.751343500731,-131.845851328885,5.93041913444428,-11.3479013913933,5.50113986349106,0.973056875725221,0.0488689914759162,0.418749990357053,0.0217107782132716
-127.720102975604,-131.757948490343,5.89917860931682,-11.2785822095376,5.52458022451401,0.973056875725221,0.0488689914759162,0.418749990357053,0.0217107782132716
-127.696351938105,-131.669893008419,5.87542757181816,-11.3057858814625,5.38091586446762,0.973056875725221,0.0488689914759162,0.418749990357053,0.0217107782132716
-127.665201734709,-131.583064756063,5.84427736842244,-11.2168176659045,5.40551112508774,0.973056875725221,0.0488689914759162,0.418749990357053,0.0217107782132716
-127.64658201673,-131.496026233368,5.82565765044318,-10.9696838207066,5.35760615682602,0.973056875725221,0.0488689914759162,0.418749990357053,0.0217107782132716
-127.630019245162,-131.409043755391,5.80909487887538,-11.5228559410554,5.36018393850327,0.973056875725221,0.0488689914759162,0.418749990357053,0.0217107782132716
-127.59611727067,-131.322165458218,5.77519290438336,-12.026121108762,5.21534465169907,0.973056875725221,0.0488689914759162,0.418749990357053,0.0217107782132716
-127.571160851178,-131.236391469735,5.75023648489162,-12.5818080698603,5.19791816091537,0.973056875725221,0.0488689914759162,0.418749990357053,0.0217107782132716
-127.56051363591,-131.151053418426,5.7395892696229,-14.0568970674247,5.26248763418198,0.973056875725221,0.0488689914759162,0.418749990357053,0.0217107782132716
-127.520573368402,-131.065307326038,5.69964900211575,-11.6171410558312,5.16949675893784,0.973056875725221,0.0488689914759162,0.418749990357053,0.0217107782132716
-127.501693462938,-130.980289842929,5.68076909665166,-13.447578773547,5.1007110915184,0.973056875725221,0.0488689914759162,0.418749990357053,0.0217107782132716
-127.464245868056,-130.897603467806,5.64332150176966,-12.7784917270774,5.05283950185776,0.973056875725221,0.0488689914759162,0.418749990357053,0.0217107782132716
-127.440859003961,-130.814568417991,5.61993463767438,-13.1434499093725,4.98246882772446,0.973056875725221,0.0488689914759162,0.418749990357053,0.0217107782132716
-127.409545323282,-130.732640779646,5.58862095699533,-12.8671913212717,4.95809577322006,0.973056875725221,0.0488689914759162,0.418749990357053,0.0217107782132716
-127.390161476564,-130.651030888828,5.56923711027738,-12.1115356020919,4.93249057149887,0.973056875725221,0.0488689914759162,0.418749990357053,0.0217107782132716
-127.363405191693,-130.570225849676,5.5424808254067,-14.4854509278134,4.84029601430893,0.973056875725221,0.0488689914759162,0.418749990357053,0.0217107782132716
-127.349511726438,-130.490335516523,5.52858736015083,-13.5127024052876,4.79402278280258,0.973056875725221,0.0488689914759162,0.418749990357053,0.0217107782132716
-127.315592892932,-130.411298679996,5.49466852664518,-14.1323439992979,4.72512744283676,0.973056875725221,0.0488689914759162,0.418749990357053,0.0217107782132716
-127.290886916382,-130.334274255853,5.46996255009546,-12.7049169913727,4.70113585805893,0.973056875725221,0.0488689914759162,0.418749990357053,0.0217107782132716
-127.251705730955,-130.257310021937,5.43078136466818,-13.4685595706449,4.63167403554916,0.973056875725221,0.0488689914759162,0.418749990357053,0.0217107782132716
-127.244236065409,-130.181784086174,5.42331169912194,-13.1502228668132,4.67944835042953,0.973056875725221,0.0488689914759162,0.418749990357053,0.0217107782132716
-127.219361432633,-130.107518367312,5.39843706634674,-12.4720347517927,4.60755561208725,0.973056875725221,0.0488689914759162,0.418749990357053,0.0217107782132716
-127.193499710261,-130.034294954444,5.37257534397387,-13.8536345706444,4.49295733785629,0.973056875725221,0.0488689914759162,0.418749990357053,0.0217107782132716
-127.16796059969,-129.962338037031,5.3470362334038,-13.4769472409895,4.46798919057846,0.973056875725221,0.0488689914759162,0.418749990357053,0.0217107782132716
-127.132234040476,-129.892025948723,5.31130967418933,-13.494372305123,4.39634059286118,0.973056875725221,0.0488689914759162,0.418749990357053,0.0217107782132716
-127.100125147139,-129.822400984688,5.27920078085278,-14.865340805351,4.44441245412827,0.973056875725221,0.0488689914759162,0.418749990357053,0.0217107782132716
-127.092670238112,-129.754306901735,5.271745871825,-12.7244732053866,4.37516520833969,0.973056875725221,0.0488689914759162,0.418749990357053,0.0217107782132716
-127.064451076985,-129.68797440703,5.24352671069822,-14.979983523355,4.34841369009018,0.973056875725221,0.0488689914759162,0.418749990357053,0.0217107782132716
-127.033527619895,-129.622840923483,5.21260325360787,-15.5117714129775,4.20760653829575,0.973056875725221,0.0488689914759162,0.418749990357053,0.0217107782132716
-126.992566558928,-129.55954196072,5.17164219264163,-13.9796482965311,4.27976344442368,0.973056875725221,0.0488689914759162,0.418749990357053,0.0217107782132716
-126.969796696441,-129.496992057615,5.14887233015454,-14.5753783150628,4.14020465230942,0.973056875725221,0.0488689914759162,0.418749990357053,0.0217107782132716
-126.949399596178,-129.436947182798,5.12847522989107,-13.3652906045999,4.13760207509995,0.973056875725221,0.0488689914759162,0.418749990357053,0.0217107782132716
-126.910523704024,-129.37823325306,5.08959933773714,-16.2254642851448,4.1170217833519,0.973056875725221,0.0488689914759162,0.418749990357053,0.0217107782132716
-126.886081431948,-129.32081017712,5.06515706566177,-14.1401828741755,4.06824706411362,0.973056875725221,0.0488689914759162,0.418749990357053,0.0217107782132716
-126.847169833903,-129.265632022503,5.02624546761601,-14.0922969922487,4.07029937124252,0.973056875725221,0.0488689914759162,0.418749990357053,0.0217107782132716
-126.826555016464,-129.212098336924,5.00563065017753,-14.803328512008,3.99954174375534,0.973056875725221,0.0488689914759162,0.418749990357053,0.0217107782132716
-126.79997928365,-129.160098202875,4.97905491736292,-15.1838365934339,3.95353601789474,0.973056875725221,0.0488689914759162,0.418749990357053,0.0217107782132716
-126.761645181926,-129.110063544409,4.94072081563954,-14.8325250906776,3.76115415906906,0.973056875725221,0.0488689914759162,0.418749990357053,0.0217107782132716
-126.724864655775,-129.06160756531,4.90394028948818,-15.3958425558486,3.90088413572311,0.973056875725221,0.0488689914759162,0.418749990357053,0.0217107782132716
-126.690115197821,-129.015375595933,4.86919083153403,-14.2109366143022,3.78664491987228,0.973056875725221,0.0488689914759162,0.418749990357053,0.0217107782132716
-126.66257107805,-128.97095376857,4.84164671176368,-16.0489509239043,3.78974245405197,0.973056875725221,0.0488689914759162,0.418749990357053,0.0217107782132716
-126.644076762361,-128.928269653043,4.82315239607459,-13.8104788183795,3.71990679121017,0.973056875725221,0.0488689914759162,0.418749990357053,0.0217107782132716
-126.608719578405,-128.887587352725,4.78779521211856,-15.9955744475994,3.69666145658493,0.973056875725221,0.0488689914759162,0.418749990357053,0.0217107782132716
-126.583337505457,-128.848934568239,4.76241313917034,-14.2127131512394,3.67077301359177,0.973056875725221,0.0488689914759162,0.418749990357053,0.0217107782132716
-126.538018426448,-128.812178293256,4.71709406016091,-17.5165033936895,3.57902763700485,0.973056875725221,0.0488689914759162,0.418749990357053,0.0217107782132716
-126.519387949608,-128.776949567429,4.69846358332163,-13.2844795634991,3.59851406431198,0.973056875725221,0.0488689914759162,0.418749990357053,0.0217107782132716
-126.484717338203,-128.744604169832,4.66379297191655,-13.9963675633139,3.67039297437668,0.973056875725221,0.0488689914759162,0.418749990357053,0.0217107782132716
-126.464212798113,-128.71437894703,4.64328843182663,-14.2372148381803,3.57777593946457,0.973056875725221,0.0488689914759162,0.418749990357053,0.0217107782132716
-126.442868897196,-128.685809761908,4.62194453090919,-15.9798944873764,3.41320131635666,0.973056875725221,0.0488689914759162,0.418749990357053,0.0217107782132716
-126.405292370713,-128.659349298396,4.58436800442588,-14.5764773813996,3.37197111463547,0.973056875725221,0.0488689914759162,0.418749990357053,0.0217107782132716
-126.378607498014,-128.63525080933,4.5576831317273,-12.2365089104701,3.50851200437546,0.973056875725221,0.0488689914759162,0.418749990357053,0.0217107782132716
-126.354136029025,-128.61312002427,4.53321166273832,-15.2072839154975,3.41488169050217,0.973056875725221,0.0488689914759162,0.418749990357053,0.0217107782132716
-126.328849206134,-128.593076068631,4.50792483984724,-13.875668025811,3.37074898099899,0.973056875725221,0.0488689914759162,0.418749990357053,0.0217107782132716
-126.304661945306,-128.575264169662,4.48373757901896,-14.3951551347594,3.41746805524826,0.973056875725221,0.0488689914759162,0.418749990357053,0.0217107782132716
-126.278768055721,-128.559657510207,4.45784368943436,-13.5119743531508,3.29905413007736,0.973056875725221,0.0488689914759162,0.418749990357053,0.0217107782132716
-126.251866648579,-128.546206110548,4.43094228229182,-13.2247721758336,3.32168720579147,0.973056875725221,0.0488689914759162,0.418749990357053,0.0217107782132716
-126.2222179276,-128.53492139473,4.40129356131316,-12.752558461599,3.25168178892136,0.973056875725221,0.0488689914759162,0.418749990357053,0.0217107782132716
-126.194024246243,-128.525841456782,4.37309987995604,-11.7254868460655,3.30272959089279,0.973056875725221,0.0488689914759162,0.418749990357053,0.0217107782132716
-126.162568858003,-128.518954813846,4.34164449171659,-11.1964208343598,3.2304091296196,0.973056875725221,0.0488689914759162,0.418749990357053,0.0217107782132716
-126.148736487852,-128.514278812749,4.32781212156483,-12.740659367601,3.24906347608566,0.973056875725221,0.0488689914759162,0.418749990357053,0.0217107782132716
-126.120168484252,-128.511817586606,4.29924411796503,-11.4077246600553,3.32137392377853,0.973056875725221,0.0488689914759162,0.418749990357053,0.0217107782132716
-126.090641602449,-128.511564273128,4.26971723616235,-12.1449619966408,3.20559833860397,0.973056875725221,0.0488689914759162,0.418749990357053,0.0217107782132716
-126.089838692819,-128.513515229779,4.2689143265324,-10.6367834891794,3.22953604078293,0.973056875725221,0.0488689914759162,0.418749990357053,0.0217107782132716
-126.05501134931,-128.517682753128,4.23408698302344,-11.8779616581983,3.18063257551193,0.973056875725221,0.0488689914759162,0.418749990357053,0.0217107782132716
-126.039399939001,-128.524054999523,4.2184755727146,-9.70149747353068,3.18232439374924,0.973056875725221,0.0488689914759162,0.418749990357053,0.0217107782132716
-126.035236911792,-128.532669362039,4.21431254550556,-9.16789080326912,3.18247984266281,0.973056875725221,0.0488689914759162,0.418749990357053,0.0217107782132716
-125.990708056194,-128.543443778746,4.16978368990739,-9.95109357503837,3.22890280103683,0.973056875725221,0.0488689914759162,0.418749990357053,0.0217107782132716
-125.983469297529,-128.556399519171,4.16254493124213,-9.21212965271557,3.15852831220627,0.973056875725221,0.0488689914759162,0.418749990357053,0.0217107782132716
-125.958982928209,-128.571575622673,4.13805856192279,-7.5257065533207,3.15887974119186,0.973056875725221,0.0488689914759162,0.418749990357053,0.0217107782132716
-125.945384396033,-128.588858917422,4.1244600297464,-7.66110000189858,3.15720651960373,0.973056875725221,0.0488689914759162,0.418749990357053,0.0217107782132716
-125.929705949584,-128.608296317941,4.10878158329722,-6.21982853846908,3.11279438352585,0.973056875725221,0.0488689914759162,0.418749990357053,0.0217107782132716
-125.911033487114,-128.629898013855,4.09010912082738,-8.8686953437165,3.02334068632126,0.973056875725221,0.0488689914759162,0.418749990357053,0.0217107782132716
-125.910082007391,-128.653630648129,4.08915764110387,-6.07541246726124,3.25316713666916,0.973056875725221,0.0488689914759162,0.418749990357053,0.0217107782132716
-125.895871872507,-128.679697652321,4.07494750622064,-7.81917781688879,3.18559692716599,0.973056875725221,0.0488689914759162,0.418749990357053,0.0217107782132716
-125.889185984623,-128.707517548721,4.06826161833643,-6.00110148162055,3.11226127958298,0.973056875725221,0.0488689914759162,0.418749990357053,0.0217107782132716
-125.863310629362,-128.737572913889,4.04238626307507,-6.10459908961505,3.18065927839279,0.973056875725221,0.0488689914759162,0.418749990357053,0.0217107782132716
-125.857917898236,-128.769741271524,4.03699353194884,-4.96027532718165,3.20545862531662,0.973056875725221,0.0488689914759162,0.418749990357053,0.0217107782132716
-125.847324871465,-128.804027894447,4.02640050517836,-5.31819285868161,3.15953014707565,0.973056875725221,0.0488689914759162,0.418749990357053,0.0217107782132716
-125.840535884438,-128.840316169269,4.01961151815147,-3.73020269164194,3.30124662733078,0.973056875725221,0.0488689914759162,0.418749990357053,0.0217107782132716
-125.831121234483,-128.878409014467,4.01019686819637,-5.09037941039968,3.23089884138107,0.973056875725221,0.0488689914759162,0.418749990357053,0.0217107782132716
-125.826469519959,-128.918580145445,4.00554515367207,-4.52578268399805,3.1339678606987,0.973056875725221,0.0488689914759162,0.418749990357053,0.0217107782132716
-125.829112003585,-128.960717575742,4.00818763729852,-3.32856798756666,3.20459650373459,0.973056875725221,0.0488689914759162,0.418749990357053,0.0217107782132716
-125.820297174277,-129.004759211205,3.99937280799006,-2.41295512540701,3.18044231748581,0.973056875725221,0.0488689914759162,0.418749990357053,0.0217107782132716
-125.814534928826,-129.051004540293,3.9936105625393,-2.39023093857478,3.34610031461716,0.973056875725221,0.0488689914759162,0.418749990357053,0.0217107782132716
-125.794478879836,-129.098606359924,3.97355451354944,-3.51392160459876,3.25131986951828,0.973056875725221,0.0488689914759162,0.418749990357053,0.0217107782132716
-125.80620233964,-129.148239959277,3.98527797335352,-1.48976789023552,3.34542606687546,0.973056875725221,0.0488689914759162,0.418749990357053,0.0217107782132716
-125.802370510626,-129.19985314072,3.98144614433929,-0.883062013959126,3.39026401853561,0.973056875725221,0.0488689914759162,0.418749990357053,0.0217107782132716
-125.777783431224,-129.252972808944,3.95685906493748,0.0125900376853261,3.38982389783859,0.973056875725221,0.0488689914759162,0.418749990357053,0.0217107782132716
-125.793473524261,-129.307878242459,3.97254915797432,-0.150054172695457,3.39123152112961,0.973056875725221,0.0488689914759162,0.418749990357053,0.0217107782132716
-125.801206497217,-129.364629011045,3.98028213093013,-0.196169899293323,3.41215084409714,0.973056875725221,0.0488689914759162,0.418749990357053,0.0217107782132716
-125.77814857263,-129.423124271968,3.95722420634337,1.05732898702458,3.34632776594162,0.973056875725221,0.0488689914759162,0.418749990357053,0.0217107782132716
-125.786098853736,-129.483086310692,3.96517448744896,1.40033124832723,3.43908499097824,0.973056875725221,0.0488689914759162,0.418749990357053,0.0217107782132716
-125.798927089427,-129.544649448862,3.97800272314019,4.51005610895836,3.48161791181564,0.973056875725221,0.0488689914759162,0.418749990357053,0.0217107782132716
-125.808830080619,-129.608103217261,3.98790571433252,2.1689279402645,3.48413847303391,0.973056875725221,0.0488689914759162,0.418749990357053,0.0217107782132716
-125.8105456013,-129.672690252095,3.98962123501312,5.9163360527826,3.48356531476974,0.973056875725221,0.0488689914759162,0.418749990357053,0.0217107782132716
-125.81855572642,-129.739331542555,3.99763136013362,4.86923789377217,3.4141888461113,0.973056875725221,0.0488689914759162,0.418749990357053,0.0217107782132716
-125.838523956208,-129.807607183756,4.01759958992121,6.04081229549976,3.52911280012131,0.973056875725221,0.0488689914759162,0.418749990357053,0.0217107782132716
-125.8283265484,-129.875731087667,4.00740218211354,6.67012408380686,3.45740936613083,0.973056875725221,0.0488689914759162,0.418749990357053,0.0217107782132716
-125.860836208437,-129.945778671717,4.03991184215072,5.83785691805737,3.46153639173508,0.973056875725221,0.0488689914759162,0.418749990357053,0.0217107782132716
-125.865864412377,-130.017507385661,4.04494004609032,8.59071100034726,3.55636642789841,0.973056875725221,0.0488689914759162,0.418749990357053,0.0217107782132716
-125.878256398002,-130.090717154434,4.05733203171488,7.39589047895487,3.62854097700119,0.973056875725221,0.0488689914759162,0.418749990357053,0.0217107782132716
-125.906752972721,-130.164490551955,4.08582860643411,6.44717902643593,3.76589630460739,0.973056875725221,0.0488689914759162,0.418749990357053,0.0217107782132716
-125.918734958609,-130.240151762733,4.09781059232217,5.85388093327979,3.60466287946701,0.973056875725221,0.0488689914759162,0.418749990357053,0.0217107782132716
-125.932416276412,-130.316382859956,4.11149191012525,4.72240887218989,3.62739847517014,0.973056875725221,0.0488689914759162,0.418749990357053,0.0217107782132716
-125.943212707487,-130.393939685788,4.12228834120046,6.58040380787815,3.65243194913864,0.973056875725221,0.0488689914759162,0.418749990357053,0.0217107782132716
-125.956978611981,-130.472472843217,4.13605424569402,7.91243517421931,3.74496410703659,0.973056875725221,0.0488689914759162,0.418749990357053,0.0217107782132716
-125.97132784586,-130.551921386915,4.15040347957354,5.70215455086695,3.81194828367233,0.973056875725221,0.0488689914759162,0.418749990357053,0.0217107782132716
-125.984128612849,-130.632001845097,4.16320424656261,8.9172065198464,3.8376073679924,0.973056875725221,0.0488689914759162,0.418749990357053,0.0217107782132716
-125.985186015297,-130.713423763015,4.16426164900993,6.4054788637429,3.77070759153366,0.973056875725221,0.0488689914759162,0.418749990357053,0.0217107782132716
-126.003783363414,-130.795570188266,4.18285899712775,8.64364720922359,3.91027305936813,0.973056875725221,0.0488689914759162,0.418749990357053,0.0217107782132716
-126.024535750344,-130.878396249457,4.20361138405723,7.39906383653243,3.8151726565361,0.973056875725221,0.0488689914759162,0.418749990357053,0.0217107782132716
-126.029373329127,-130.962277454755,4.20844896284028,6.86321519970948,3.85987232542038,0.973056875725221,0.0488689914759162,0.418749990357053,0.0217107782132716
-126.057668506493,-131.046211246152,4.23674414020594,6.98121303791954,3.86554811811447,0.973056875725221,0.0488689914759162,0.418749990357053,0.0217107782132716
-126.056590287661,-131.131247532035,4.235665921374,6.3994274983407,3.97727011060715,0.973056875725221,0.0488689914759162,0.418749990357053,0.0217107782132716
-126.075331968132,-131.216454113558,4.25440760184539,8.88486510023658,4.07156775808334,0.973056875725221,0.0488689914759162,0.418749990357053,0.0217107782132716
-126.086855449931,-131.302653356543,4.26593108364384,8.26002650753118,4.02508066511154,0.973056875725221,0.0488689914759162,0.418749990357053,0.0217107782132716
-126.098077917507,-131.389292973887,4.2771535512203,7.61747841638423,4.07295249319077,0.973056875725221,0.0488689914759162,0.418749990357053,0.0217107782132716
-126.115543061205,-131.47547835194,4.29461869491834,6.91366846520082,4.14425872182846,0.973056875725221,0.0488689914759162,0.418749990357053,0.0217107782132716
-126.140745787738,-131.562705004135,4.31982142145085,9.25127202100043,4.11748145437241,0.973056875725221,0.0488689914759162,0.418749990357053,0.0217107782132716
-126.132657259698,-131.650215966028,4.31173289341105,8.03596725411859,4.26001094198227,0.973056875725221,0.0488689914759162,0.418749990357053,0.0217107782132716
-126.160355503911,-131.737663072097,4.33943113762472,7.14803807486777,4.2625820479393,0.973056875725221,0.0488689914759162,0.418749990357053,0.0217107782132716
-126.17981660008,-131.825544257965,4.35889223379329,9.36235252312445,4.30575869894028,0.973056875725221,0.0488689914759162,0.418749990357053,0.0217107782132716
-126.185633661271,-131.913123840884,4.36470929498448,9.55764142857236,4.3279068312645,0.973056875725221,0.0488689914759162,0.418749990357053,0.0217107782132716
-126.20533835939,-132.001142559923,4.38441399310308,10.9493801549631,4.2844440779686,0.973056875725221,0.0488689914759162,0.418749990357053,0.0217107782132716
-126.231967927346,-132.089262118864,4.41104356105926,8.71313264767401,4.42561362600327,0.973056875725221,0.0488689914759162,0.418749990357053,0.0217107782132716
-126.246651502465,-132.176976185911,4.42572713617856,11.9774445491949,4.44440101003647,0.973056875725221,0.0488689914759162,0.418749990357053,0.0217107782132716
-126.279042141407,-132.264638427287,4.45811777512028,10.0956821699775,4.56237338399887,0.973056875725221,0.0488689914759162,0.418749990357053,0.0217107782132716
-126.289320333402,-132.35251694296,4.46839596711524,10.9004018303997,4.610180123806,0.973056875725221,0.0488689914759162,0.418749990357053,0.0217107782132716
-126.315509624884,-132.440012333059,4.49458525859756,11.9829089322293,4.70388434743881,0.973056875725221,0.0488689914759162,0.418749990357053,0.0217107782132716
-126.343771499295,-132.52734030508,4.5228471330081,11.6737597211394,4.73015139913559,0.973056875725221,0.0488689914759162,0.418749990357053,0.0217107782132716
-126.359172287599,-132.613876292462,4.53824792131252,13.6714997185354,4.79746936178207,0.973056875725221,0.0488689914759162,0.418749990357053,0.0217107782132716
-126.389185646752,-132.700353047597,4.56826128046503,13.7980361818894,4.82013343191147,0.973056875725221,0.0488689914759162,0.418749990357053,0.0217107782132716
-126.414859788162,-132.786343266227,4.5939354218755,14.1126891694118,4.84102176046371,0.973056875725221,0.0488689914759162,0.418749990357053,0.0217107782132716
-126.429377729004,-132.872250885956,4.60845336271681,13.5962504056076,4.86563895559311,0.973056875725221,0.0488689914759162,0.418749990357053,0.0217107782132716
-126.474309687049,-132.957135406277,4.65338532076193,12.6814743913332,4.8870994887352,0.973056875725221,0.0488689914759162,0.418749990357053,0.0217107782132716
-126.499106732948,-133.041704553387,4.67818236666109,15.1033300028801,4.93864844655991,0.973056875725221,0.0488689914759162,0.418749990357053,0.0217107782132716
-126.535566870138,-133.125639961507,4.71464250385081,15.7693766946429,5.0547077498436,0.973056875725221,0.0488689914759162,0.418749990357053,0.0217107782132716
-126.564689682599,-133.207892629033,4.74376531631251,14.3851827402832,5.21531222677231,0.973056875725221,0.0488689914759162,0.418749990357053,0.0217107782132716
-126.604179897808,-133.290184595476,4.78325553152179,15.4013115417207,5.12354873037338,0.973056875725221,0.0488689914759162,0.418749990357053,0.0217107782132716
-126.628377406542,-133.371668584855,4.80745304025487,16.2116041401206,5.1482832274437,0.973056875725221,0.0488689914759162,0.418749990357053,0.0217107782132716
-126.672909760838,-133.452302669399,4.85198539455156,16.7906141134424,5.26755545949936,0.973056875725221,0.0488689914759162,0.418749990357053,0.0217107782132716
-126.694064266562,-133.531950569798,4.87313990027549,15.7189216336985,5.24079821920395,0.973056875725221,0.0488689914759162,0.418749990357053,0.0217107782132716
-126.734960486314,-133.610667322756,4.91403612002753,15.5629834136846,5.30887816762924,0.973056875725221,0.0488689914759162,0.418749990357053,0.0217107782132716
-126.77187230552,-133.688337754163,4.95094793923312,16.5415651785425,5.31106303548813,0.973056875725221,0.0488689914759162,0.418749990357053,0.0217107782132716
-126.796888749574,-133.765386251998,4.9759643832876,15.8789860246979,5.40578292226791,0.973056875725221,0.0488689914759162,0.418749990357053,0.0217107782132716
-126.832773804039,-133.841369566372,5.0118494377526,15.9532483283339,5.4777452788353,0.973056875725221,0.0488689914759162,0.418749990357053,0.0217107782132716
-126.856281516701,-133.916368674452,5.03535715041473,14.3557262939632,5.40977977132797,0.973056875725221,0.0488689914759162,0.418749990357053,0.0217107782132716
-126.894003076936,-133.988483831183,5.07307871064919,17.449476898836,5.54935477590561,0.973056875725221,0.0488689914759162,0.418749990357053,0.0217107782132716
-126.92475575942,-134.060313529948,5.10383139313347,14.0101363386396,5.64321635580063,0.973056875725221,0.0488689914759162,0.418749990357053,0.0217107782132716
-126.947621852966,-134.130870282675,5.12669748667891,15.0492643878634,5.64258502340317,0.973056875725221,0.0488689914759162,0.418749990357053,0.0217107782132716
-126.984162176735,-134.200329648572,5.16323781044803,15.949032031323,5.66888736104965,0.973056875725221,0.0488689914759162,0.418749990357053,0.0217107782132716
-127.018537241378,-134.268465146388,5.19761287509132,14.9565752031616,5.920651658535,0.973056875725221,0.0488689914759162,0.418749990357053,0.0217107782132716
-127.034546884524,-134.335072630641,5.2136225182374,16.1268121218743,5.80443309164047,0.973056875725221,0.0488689914759162,0.418749990357053,0.0217107782132716
-127.068586677676,-134.399679223055,5.24766231138973,13.8626989925762,5.83100722646713,0.973056875725221,0.0488689914759162,0.418749990357053,0.0217107782132716
-127.100326245235,-134.463388824512,5.27940187894818,15.9109236810301,5.80571292257309,0.973056875725221,0.0488689914759162,0.418749990357053,0.0217107782132716
-127.116760009461,-134.525643549408,5.29583564317468,14.5282212695039,5.87726710653305,0.973056875725221,0.0488689914759162,0.418749990357053,0.0217107782132716
-127.161592348661,-134.585649987447,5.34066798237409,15.1160203563529,6.04316829061508,0.973056875725221,0.0488689914759162,0.418749990357053,0.0217107782132716
-127.185136917503,-134.644590470696,5.36421255121611,14.8163376009348,5.99431155538559,0.973056875725221,0.0488689914759162,0.418749990357053,0.0217107782132716
-127.219917251917,-134.701603600316,5.39899288563053,13.159738225877,5.99393866872787,0.973056875725221,0.0488689914759162,0.418749990357053,0.0217107782132716
-127.246506875173,-134.757216089987,5.42558250888628,14.8461308797268,6.11512873983383,0.973056875725221,0.0488689914759162,0.418749990357053,0.0217107782132716
-127.272071319829,-134.810641102849,5.45114695354215,14.8027244956413,6.1366865477562,0.973056875725221,0.0488689914759162,0.418749990357053,0.0217107782132716
-127.29007037555,-134.863196476948,5.4691460092634,14.6047930775256,6.11173461294174,0.973056875725221,0.0488689914759162,0.418749990357053,0.0217107782132716
-127.31706419934,-134.912791196969,5.49613983305305,15.3676306105185,6.2299196562767,0.973056875725221,0.0488689914759162,0.418749990357053,0.0217107782132716
-127.348833604684,-134.960996614892,5.52790923839716,14.6441164799573,6.22685645437241,0.973056875725221,0.0488689914759162,0.418749990357053,0.0217107782132716
-127.379665566481,-135.007377126637,5.55874120019442,15.0350967195562,6.27289222097397,0.973056875725221,0.0488689914759162,0.418749990357053,0.0217107782132716
-127.401213378238,-135.051956589701,5.58028901195121,13.5909873064533,6.39461444234848,0.973056875725221,0.0488689914759162,0.418749990357053,0.0217107782132716
-127.443555006354,-135.094695173321,5.62263064006707,12.6605332193093,6.37141249990463,0.973056875725221,0.0488689914759162,0.418749990357053,0.0217107782132716
-127.462107158417,-135.135289134647,5.64118279213022,13.9279810628191,6.37411235189438,0.973056875725221,0.0488689914759162,0.418749990357053,0.0217107782132716
-127.49764601358,-135.173866016079,5.67672164729377,11.832769438554,6.37231944417953,0.973056875725221,0.0488689914759162,0.418749990357053,0.0217107782132716
-127.509031787143,-135.210617798165,5.68810742085615,13.8910578918623,6.48588107442856,0.973056875725221,0.0488689914759162,0.418749990357053,0.0217107782132716
-127.538761372568,-135.245269273405,5.71783700628134,13.220452969085,6.51109717702866,0.973056875725221,0.0488689914759162,0.418749990357053,0.0217107782132716
-127.571441104946,-135.277902032157,5.75051673865909,12.5661840921513,6.51359198904037,0.973056875725221,0.0488689914759162,0.418749990357053,0.0217107782132716
-127.600027638003,-135.308396029007,5.77910327171624,13.6023280314421,6.46665690755844,0.973056875725221,0.0488689914759162,0.418749990357053,0.0217107782132716
-127.609387787585,-135.336891517509,5.78846342129874,12.3102942546747,6.58466266012192,0.973056875725221,0.0488689914759162,0.418749990357053,0.0217107782132716
-127.658176722254,-135.363241593821,5.83725235596755,13.2568405062596,6.51566527700424,0.973056875725221,0.0488689914759162,0.418749990357053,0.0217107782132716
-127.670538435831,-135.387700067534,5.84961406954385,12.6960155481716,6.70183299398422,0.973056875725221,0.0488689914759162,0.418749990357053,0.0217107782132716
-127.690906743676,-135.409678576871,5.869982377389,9.96610269214993,6.58127234792709,0.973056875725221,0.0488689914759162,0.418749990357053,0.0217107782132716
-127.722615186941,-135.429652443606,5.90169082065387,11.853933584812,6.58496783590317,0.973056875725221,0.0488689914759162,0.418749990357053,0.0217107782132716
-127.732525982087,-135.447519956686,5.91160161580026,10.905077815734,6.79247973775864,0.973056875725221,0.0488689914759162,0.418749990357053,0.0217107782132716
-127.738286692235,-135.463121226129,5.91736232594833,11.987630518925,6.72379706716537,0.973056875725221,0.0488689914759162,0.418749990357053,0.0217107782132716
-127.78406153653,-135.476587030374,5.96313717024316,10.2612808155212,6.77046035146713,0.973056875725221,0.0488689914759162,0.418749990357053,0.0217107782132716
-127.807012948403,-135.487878337704,5.9860885821168,12.1946754318169,6.79533122396469,0.973056875725221,0.0488689914759162,0.418749990357053,0.0217107782132716
-127.810844642953,-135.496952731242,5.98992027666645,8.75099267466012,6.81716845846176,0.973056875725221,0.0488689914759162,0.418749990357053,0.0217107782132716
-127.837772003793,-135.503830943492,6.01684763750623,10.2005571239297,6.76958964681625,0.973056875725221,0.0488689914759162,0.418749990357053,0.0217107782132716
-127.854108372344,-135.508530025553,6.0331840060576,10.0076465058444,6.76813624715805,0.973056875725221,0.0488689914759162,0.418749990357053,0.0217107782132716
-127.872435060928,-135.510978504815,6.0515106946418,9.23491308013766,6.97709773397446,0.973056875725221,0.0488689914759162,0.418749990357053,0.0217107782132716
-127.890513502912,-135.511235477088,6.06958913662581,9.57546387354434,6.95750926351547,0.973056875725221,0.0488689914759162,0.418749990357053,0.0217107782132716
-127.903175004471,-135.509275022735,6.08225063818404,9.92781446346038,6.977123483181,0.973056875725221,0.0488689914759162,0.418749990357053,0.0217107782132716
-127.91290204087,-135.505124011896,6.09197767458308,9.21040662637372,6.86150668478012,0.973056875725221,0.0488689914759162,0.418749990357053,0.0217107782132716
-127.933502481331,-135.49873218048,6.1125781150447,9.0754097391732,6.85980437612534,0.973056875725221,0.0488689914759162,0.418749990357053,0.0217107782132716
-127.94895116142,-135.490174031246,6.12802679513366,7.20078522823421,6.95655845022202,0.973056875725221,0.0488689914759162,0.418749990357053,0.0217107782132716
-127.980053135657,-135.479411746875,6.15912876937,7.98741608428752,6.97778724050522,0.973056875725221,0.0488689914759162,0.418749990357053,0.0217107782132716
-127.983221070011,-135.466473642155,6.16229670372459,8.34140395954625,6.90773795461655,0.973056875725221,0.0488689914759162,0.418749990357053,0.0217107782132716
-127.993540626416,-135.451324976429,6.17261626012958,8.52132440565933,6.91000865316391,0.973056875725221,0.0488689914759162,0.418749990357053,0.0217107782132716
-128.017033428336,-135.433954724501,6.19610906204895,7.53707088484131,7.00223182058334,0.973056875725221,0.0488689914759162,0.418749990357053,0.0217107782132716
-128.022955096728,-135.414350244613,6.20203073044093,6.74709333991659,7.0277244887352,0.973056875725221,0.0488689914759162,0.418749990357053,0.0217107782132716
-128.053088253198,-135.392443121997,6.23216388691128,7.48264202246779,6.90870974874496,0.973056875725221,0.0488689914759162,0.418749990357053,0.0217107782132716
-128.074484833406,-135.369055940684,6.25356046711922,7.9349104047754,7.00212405538559,0.973056875725221,0.0488689914759162,0.418749990357053,0.0217107782132716
-128.070987820552,-135.343172320865,6.25006345426524,5.94992771731256,6.95380042409897,0.973056875725221,0.0488689914759162,0.418749990357053,0.0217107782132716
-128.075127778977,-135.315257776784,6.25420341269059,7.4084350827473,6.93067191457748,0.973056875725221,0.0488689914759162,0.418749990357053,0.0217107782132716
-128.095157515375,-135.285208343611,6.27423314908801,6.22424881136751,6.90799926137924,0.973056875725221,0.0488689914759162,0.418749990357053,0.0217107782132716
-128.105381207637,-135.253062727751,6.28445684135012,7.3315494644571,6.88371966695786,0.973056875725221,0.0488689914759162,0.418749990357053,0.0217107782132716
-128.125490251152,-135.218910893593,6.30456588486514,5.30757444260891,6.90682338094711,0.973056875725221,0.0488689914759162,0.418749990357053,0.0217107782132716
-128.15149015468,-135.18246660788,6.33056578839317,5.3213746864194,6.90939544057846,0.973056875725221,0.0488689914759162,0.418749990357053,0.0217107782132716
-128.148286927376,-135.144340329585,6.32736256108887,4.53310599252272,6.93400500631332,0.973056875725221,0.0488689914759162,0.418749990357053,0.0217107782132716
-128.152966649267,-135.104250307253,6.33204228298057,3.48593681893271,6.88350032186508,0.973056875725221,0.0488689914759162,0.418749990357053,0.0217107782132716
-128.172312845081,-135.062032253751,6.35138847879466,3.12375866590751,6.83994983053207,0.973056875725221,0.0488689914759162,0.418749990357053,0.0217107782132716
-128.180837255364,-135.018052984031,6.35991288907711,2.39688461678969,6.79508040761948,0.973056875725221,0.0488689914759162,0.418749990357053,0.0217107782132716
-128.180045238203,-134.9720935853,6.35912087191667,2.35893985041315,6.83910773611069,0.973056875725221,0.0488689914759162,0.418749990357053,0.0217107782132716
-128.188362999381,-134.924271123923,6.36743863309403,0.49821612435122,6.72427008962631,0.973056875725221,0.0488689914759162,0.418749990357053,0.0217107782132716
-128.197120972766,-134.874622473546,6.37619660647909,0.363636477267616,6.76781009054184,0.973056875725221,0.0488689914759162,0.418749990357053,0.0217107782132716
-128.186245399298,-134.823149032951,6.36532103301132,0.331453289444061,6.65484546041489,0.973056875725221,0.0488689914759162,0.418749990357053,0.0217107782132716
-128.184008972078,-134.769771645999,6.36308460579088,0.528343983732675,6.81725142812729,0.973056875725221,0.0488689914759162,0.418749990357053,0.0217107782132716
-128.188281681405,-134.714891209854,6.36735731511842,-0.126255782630991,6.72251914358139,0.973056875725221,0.0488689914759162,0.418749990357053,0.0217107782132716
-128.184011582267,-134.658146496356,6.36308721598036,-3.04503987336968,6.65223811483383,0.973056875725221,0.0488689914759162,0.418749990357053,0.0217107782132716
-128.167232230098,-134.599424748138,6.34630786381135,-2.79462390255828,6.67629454946518,0.973056875725221,0.0488689914759162,0.418749990357053,0.0217107782132716
-128.180383473784,-134.539318181575,6.35945910749733,-4.83183952381059,6.60905288076401,0.973056875725221,0.0488689914759162,0.418749990357053,0.0217107782132716
-128.150076514729,-134.477923458859,6.32915214844279,-4.70057836477803,6.51083968496323,0.973056875725221,0.0488689914759162,0.418749990357053,0.0217107782132716
-128.150326370809,-134.414845335541,6.32940200452267,-3.71563525854896,6.56074546194077,0.973056875725221,0.0488689914759162,0.418749990357053,0.0217107782132716
-128.135412795085,-134.350059029845,6.31448842879787,-7.17489849978612,6.57828067159653,0.973056875725221,0.0488689914759162,0.418749990357053,0.0217107782132716
-128.126977457587,-134.2837835857,6.30605309129995,-5.91686258446776,6.53482173299789,0.973056875725221,0.0488689914759162,0.418749990357053,0.0217107782132716
-128.118347756691,-134.216337362817,6.29742339040457,-7.08911372069439,6.51012347555161,0.973056875725221,0.0488689914759162,0.418749990357053,0.0217107782132716
-128.099637855807,-134.147181310215,6.27871348952003,-7.06430004133567,6.51025126791,0.973056875725221,0.0488689914759162,0.418749990357053,0.0217107782132716
-128.09237290144,-134.076856576931,6.27144853515363,-6.8980276181639,6.44045852041245,0.973056875725221,0.0488689914759162,0.418749990357053,0.0217107782132716
-128.070562856377,-134.005392123265,6.24963849009069,-6.20431349129659,6.36922000265121,0.973056875725221,0.0488689914759162,0.418749990357053,0.0217107782132716
-128.065009197264,-133.932447102562,6.2440848309778,-5.05440985053014,6.41648124074936,0.973056875725221,0.0488689914759162,0.418749990357053,0.0217107782132716
-128.051953104952,-133.858109573143,6.23102873866557,-5.49862420213091,6.34457705831528,0.973056875725221,0.0488689914759162,0.418749990357053,0.0217107782132716
-128.042163467031,-133.782662417183,6.22123910074437,-6.53476214084829,6.38951419210434,0.973056875725221,0.0488689914759162,0.418749990357053,0.0217107782132716
-128.029133054636,-133.706477452259,6.20820868834884,-6.67191465910819,6.27462695455551,0.973056875725221,0.0488689914759162,0.418749990357053,0.0217107782132716
-128.028817252483,-133.628856405633,6.2078928861968,-5.0651950215323,6.32019446706772,0.973056875725221,0.0488689914759162,0.418749990357053,0.0217107782132716
-127.999355030037,-133.550332666356,6.17843066374982,-6.53601057855081,6.29914878225327,0.973056875725221,0.0488689914759162,0.418749990357053,0.0217107782132716
-127.99292895662,-133.471027198899,6.17200459033293,-4.91564628446737,6.27268431997299,0.973056875725221,0.0488689914759162,0.418749990357053,0.0217107782132716
-127.988971955705,-133.390640045316,6.16804758941794,-7.45491067712859,6.22560427999496,0.973056875725221,0.0488689914759162,0.418749990357053,0.0217107782132716
-127.980734788322,-133.309265204685,6.15981042203559,-5.72595675484437,6.20779822683334,0.973056875725221,0.0488689914759162,0.418749990357053,0.0217107782132716
-127.965993830006,-133.226980070609,6.14506946371954,-6.46630755137746,6.25244830465317,0.973056875725221,0.0488689914759162,0.418749990357053,0.0217107782132716
-127.951431622616,-133.144479214155,6.13050725632966,-5.83041696875665,6.15469954824448,0.973056875725221,0.0488689914759162,0.418749990357053,0.0217107782132716
-127.940771453957,-133.060828756836,6.11984708767041,-5.72835291028564,6.03721545553207,0.973056875725221,0.0488689914759162,0.418749990357053,0.0217107782132716
-127.925210510993,-132.976463889597,6.10428614470646,-5.54888994198833,6.08335612630844,0.973056875725221,0.0488689914759162,0.418749990357053,0.0217107782132716
-127.929217764556,-132.891761691255,6.10829339826921,-6.53519190718679,5.96856616353989,0.973056875725221,0.0488689914759162,0.418749990357053,0.0217107782132716
-127.91188473206,-132.806413462683,6.09096036577281,-6.34480633226719,5.92309783315659,0.973056875725221,0.0488689914759162,0.418749990357053,0.0217107782132716
-127.901656827368,-132.720163272766,6.08073246108129,-8.13358912826149,5.94719718313217,0.973056875725221,0.0488689914759162,0.418749990357053,0.0217107782132716
-127.887034571342,-132.634153217434,6.0661102050549,-6.82924448047501,5.94658397054672,0.973056875725221,0.0488689914759162,0.418749990357053,0.0217107782132716
-127.879507464023,-132.547317739482,6.05858309773585,-6.83601505348631,5.80270598745346,0.973056875725221,0.0488689914759162,0.418749990357053,0.0217107782132716
-127.864843139965,-132.46026788111,6.04391877367802,-7.22242781767077,5.75967334127426,0.973056875725221,0.0488689914759162,0.418749990357053,0.0217107782132716
-127.844816411409,-132.372590555605,6.02389204512266,-8.29044835674586,5.64182494497299,0.973056875725221,0.0488689914759162,0.418749990357053,0.0217107782132716
-127.828958623385,-132.285153927473,6.00803425709814,-7.45420787904976,5.80518172597885,0.973056875725221,0.0488689914759162,0.418749990357053,0.0217107782132716
-127.818654391603,-132.19582770736,5.99773002531581,-9.52592881858797,5.68970702505112,0.973056875725221,0.0488689914759162,0.418749990357053,0.0217107782132716
-127.78781527717,-132.108645004206,5.96689091088312,-9.645511596908,5.59638999319077,0.973056875725221,0.0488689914759162,0.418749990357053,0.0217107782132716
-127.777659095393,-132.021632559195,5.95673472910679,-10.6339081933397,5.54812739706039,0.973056875725221,0.0488689914759162,0.418749990357053,0.0217107782132716
-127.760626737011,-131.933691226659,5.93970237072403,-10.3574358086071,5.57181475973129,0.973056875725221,0.0488689914759162,0.418749990357053,0.0217107782132716
-127.741060758656,-131.84568373771,5.92013639236919,-11.911201674224,5.40928099966049,0.973056875725221,0.0488689914759162,0.418749990357053,0.0217107782132716
-127.724914295156,-131.758157664135,5.9039899288689,-10.8244038309852,5.5238239607811,0.973056875725221,0.0488689914759162,0.418749990357053,0.0217107782132716
-127.704293866384,-131.670153913394,5.88336950009719,-10.8789754011264,5.4307253203392,0.973056875725221,0.0488689914759162,0.418749990357053,0.0217107782132716
-127.676603436881,-131.58301271924,5.85567907059409,-12.0089767864122,5.29116080617905,0.973056875725221,0.0488689914759162,0.418749990357053,0.0217107782132716
-127.644424001063,-131.49578768109,5.82349963477644,-11.3741232582005,5.40930293416977,0.973056875725221,0.0488689914759162,0.418749990357053,0.0217107782132716
-127.620461613098,-131.408795843307,5.79953724681143,-12.5808832255465,5.22052405691147,0.973056875725221,0.0488689914759162,0.418749990357053,0.0217107782132716
-127.598322151173,-131.322515011199,5.77739778488662,-10.4099837824273,5.19647334432602,0.973056875725221,0.0488689914759162,0.418749990357053,0.0217107782132716
-127.560260835168,-131.236186953343,5.73933646888128,-13.1617129626082,5.24433253622055,0.973056875725221,0.0488689914759162,0.418749990357053,0.0217107782132716
-127.533454634817,-131.15090095251,5.71253026853014,-13.5532343767385,5.05133460378647,0.973056875725221,0.0488689914759162,0.418749990357053,0.0217107782132716
-127.506743176868,-131.06624627456,5.68581881058136,-12.4280825300342,5.14651130056381,0.973056875725221,0.0488689914759162,0.418749990357053,0.0217107782132716
-127.48978770966,-130.981692848209,5.66886334337322,-12.1785837654214,5.08072017049789,0.973056875725221,0.0488689914759162,0.418749990357053,0.0217107782132716
-127.452814659118,-130.8978818216,5.63189029283093,-13.1929632253841,4.9837095580101,0.973056875725221,0.0488689914759162,0.418749990357053,0.0217107782132716
-127.451802982777,-130.814607834334,5.63087861648986,-14.1913517626307,4.93704341268539,0.973056875725221,0.0488689914759162,0.418749990357053,0.0217107782132716
-127.412949041845,-130.732533406585,5.59202467555814,-12.8383384270627,4.79472277975082,0.973056875725221,0.0488689914759162,0.418749990357053,0.0217107782132716
-127.394932990127,-130.651079197545,5.57400862384078,-13.4437990246004,4.8187286696434,0.973056875725221,0.0488689914759162,0.418749990357053,0.0217107782132716
-127.354645383593,-130.57040741552,5.53372101730679,-13.1332683949719,4.69980929708481,0.973056875725221,0.0488689914759162,0.418749990357053,0.0217107782132716
-127.335890505972,-130.490477180613,5.51496613968569,-13.7790551621216,4.7256004652977,0.973056875725221,0.0488689914759162,0.418749990357053,0.0217107782132716
-127.297435630392,-130.411802315732,5.4765112641057,-12.7522600645963,4.65549872732162,0.973056875725221,0.0488689914759162,0.418749990357053,0.0217107782132716
-127.287724965888,-130.334366295803,5.46680059960103,-12.2011237926674,4.67552684164047,0.973056875725221,0.0488689914759162,0.418749990357053,0.0217107782132716
-127.255095948291,-130.257509658817,5.43417158200421,-13.4925663936816,4.67911170339584,0.973056875725221,0.0488689914759162,0.418749990357053,0.0217107782132716
-127.236358455735,-130.182016514996,5.41543408944795,-12.3059600617641,4.56154654836655,0.973056875725221,0.0488689914759162,0.418749990357053,0.0217107782132716
-127.215429250635,-130.107931941367,5.39450488434862,-13.8003903769451,4.58359073019028,0.973056875725221,0.0488689914759162,0.418749990357053,0.0217107782132716
-127.179843363694,-130.034121900398,5.35891899740693,-14.5619338418153,4.46480201101303,0.973056875725221,0.0488689914759162,0.418749990357053,0.0217107782132716
-127.164331574039,-129.962312533269,5.34340720775192,-12.076506835581,4.44367144918442,0.973056875725221,0.0488689914759162,0.418749990357053,0.0217107782132716
-127.138062052624,-129.891892429364,5.31713768633721,-14.9577998842504,4.35098574972153,0.973056875725221,0.0488689914759162,0.418749990357053,0.0217107782132716
-127.110168184449,-129.822556449876,5.28924381816201,-12.0250944636683,4.373194917202,0.973056875725221,0.0488689914759162,0.418749990357053,0.0217107782132716
-127.07910751905,-129.754587418233,5.25818315276308,-14.3694905276438,4.35127375936508,0.973056875725221,0.0488689914759162,0.418749990357053,0.0217107782132716
-127.057119991588,-129.687739144295,5.23619562530173,-13.3712148460364,4.13883136129379,0.973056875725221,0.0488689914759162,0.418749990357053,0.0217107782132716
-127.026397438235,-129.622963562223,5.20547307194819,-15.9069316758249,4.21134208059311,0.973056875725221,0.0488689914759162,0.418749990357053,0.0217107782132716
-126.983492337985,-129.559414749712,5.16256797169823,-14.3651573690214,4.22904513692856,0.973056875725221,0.0488689914759162,0.418749990357053,0.0217107782132716
-126.971349644921,-129.497524616039,5.15042527863455,-14.2907896841507,4.1403429350853,0.973056875725221,0.0488689914759162,0.418749990357053,0.0217107782132716
-126.952671054558,-129.436940078805,5.13174668827168,-15.0436769021368,4.0228314242363,0.973056875725221,0.0488689914759162,0.418749990357053,0.0217107782132716
-126.912172946806,-129.37831615233,5.09124858051896,-14.3882660321185,4.04255603170395,0.973056875725221,0.0488689914759162,0.418749990357053,0.0217107782132716
-126.887637120095,-129.321199199069,5.06671275380785,-12.9332504453132,4.04550193166733,0.973056875725221,0.0488689914759162,0.418749990357053,0.0217107782132716
-126.852575465237,-129.265566996414,5.03165109894996,-13.3590536099806,4.04988787984848,0.973056875725221,0.0488689914759162,0.418749990357053,0.0217107782132716
-126.825611215132,-129.212066864665,5.00468684884534,-15.7603651416597,3.90546081876755,0.973056875725221,0.0488689914759162,0.418749990357053,0.0217107782132716
-126.795125880161,-129.160092121492,4.97420151387409,-14.003878668912,4.02179859495163,0.973056875725221,0.0488689914759162,0.418749990357053,0.0217107782132716
-126.751619941078,-129.109529925795,4.93069557479123,-15.3692057224893,3.78806351041794,0.973056875725221,0.0488689914759162,0.418749990357053,0.0217107782132716
-126.727077580123,-129.061743028876,4.90615321383672,-14.8431533123971,3.76286171293259,0.973056875725221,0.0488689914759162,0.418749990357053,0.0217107782132716
-126.711520125786,-129.015397280144,4.89059575949927,-16.6534100385809,3.83172987318039,0.973056875725221,0.0488689914759162,0.418749990357053,0.0217107782132716
-126.66689099686,-128.970688897421,4.84596663057377,-14.6217586411588,3.69250582075119,0.973056875725221,0.0488689914759162,0.418749990357053,0.0217107782132716
-126.640720292928,-128.928155505316,4.81979592664136,-15.2285483626987,3.69394586896896,0.973056875725221,0.0488689914759162,0.418749990357053,0.0217107782132716
-126.615103449699,-128.887521143706,4.79417908341276,-13.7692655038052,3.76620815610886,0.973056875725221,0.0488689914759162,0.418749990357053,0.0217107782132716
-126.578508001238,-128.848885147941,4.75758363495171,-14.53165281291,3.62642954206467,0.973056875725221,0.0488689914759162,0.418749990357053,0.0217107782132716
-126.553119013233,-128.812152776282,4.73219464694583,-14.3478362927259,3.58122108793259,0.973056875725221,0.0488689914759162,0.418749990357053,0.0217107782132716
-126.515359357191,-128.777611050688,4.69443499090436,-13.9752478321537,3.53277061796188,0.973056875725221,0.0488689914759162,0.418749990357053,0.0217107782132716
-126.506761069152,-128.744622988543,4.6858367028649,-14.1177033576347,3.65007685041428,0.973056875725221,0.0488689914759162,0.418749990357053,0.0217107782132716
-126.477489756169,-128.713760036435,4.65656538988216,-13.4729390531649,3.55264376020432,0.973056875725221,0.0488689914759162,0.418749990357053,0.0217107782132716
-126.440336592993,-128.685842452867,4.61941222670606,-13.7346026464444,3.62325142240524,0.973056875725221,0.0488689914759162,0.418749990357053,0.0217107782132716
-126.409284008605,-128.65953336773,4.58835964231849,-17.6379515786922,3.46423719739914,0.973056875725221,0.0488689914759162,0.418749990357053,0.0217107782132716
-126.387606478761,-128.635245279642,4.56668211247432,-11.5618875024776,3.4640025935173,0.973056875725221,0.0488689914759162,0.418749990357053,0.0217107782132716
-126.359201468184,-128.613112495205,4.53827710189766,-14.0795563527704,3.48665188169479,0.973056875725221,0.0488689914759162,0.418749990357053,0.0217107782132716
-126.349143410933,-128.592979253291,4.52821904464593,-13.2780275509771,3.48698662137985,0.973056875725221,0.0488689914759162,0.418749990357053,0.0217107782132716
-126.29983084955,-128.575329991308,4.47890648326305,-16.000016926938,3.32217024183273,0.973056875725221,0.0488689914759162,0.418749990357053,0.0217107782132716
-126.27756062773,-128.559693959465,4.45663626144335,-13.3177171485174,3.29522083616257,0.973056875725221,0.0488689914759162,0.418749990357053,0.0217107782132716
-126.267401124974,-128.546197259795,4.44647675868753,-12.0566414898693,3.37224672651291,0.973056875725221,0.0488689914759162,0.418749990357053,0.0217107782132716
-126.226128083695,-128.534935961587,4.40520371740807,-13.8562164547476,3.34622047758102,0.973056875725221,0.0488689914759162,0.418749990357053,0.0217107782132716
-126.201543270148,-128.525826234103,4.38061890386113,-11.8996550375126,3.18023107862473,0.973056875725221,0.0488689914759162,0.418749990357053,0.0217107782132716
-126.180596615921,-128.518952747876,4.35967224963391,-11.5829463442899,3.32111547803879,0.973056875725221,0.0488689914759162,0.418749990357053,0.0217107782132716
-126.159827737432,-128.514283919412,4.33890337114504,-11.1569246519801,3.20351217603683,0.973056875725221,0.0488689914759162,0.418749990357053,0.0217107782132716
-126.140976402256,-128.511811762082,4.32005203596972,-10.2541416017502,3.29997490262985,0.973056875725221,0.0488689914759162,0.418749990357053,0.0217107782132716
-126.112646105549,-128.511559403784,4.2917217392624,-12.6457303701984,3.18322990751266,0.973056875725221,0.0488689914759162,0.418749990357053,0.0217107782132716
-126.082232850811,-128.513514500481,4.26130848452461,-11.4117549554088,3.25485227918625,0.973056875725221,0.0488689914759162,0.418749990357053,0.0217107782132716
-126.068436243657,-128.517685894148,4.2475118773703,-11.489634948432,3.18385456418991,0.973056875725221,0.0488689914759162,0.418749990357053,0.0217107782132716
-126.049023879461,-128.524043419358,4.2280995131741,-9.0339412710005,3.1372260890007,0.973056875725221,0.0488689914759162,0.418749990357053,0.0217107782132716
-126.027012772533,-128.532625519508,4.20608840624606,-10.0275072284976,3.20650575971603,0.973056875725221,0.0488689914759162,0.418749990357053,0.0217107782132716
-126.008088915069,-128.543448026148,4.18716454878218,-10.0750293892713,3.22846554136276,0.973056875725221,0.0488689914759162,0.418749990357053,0.0217107782132716
-125.984598540814,-128.556406224003,4.16367417452726,-9.9405936291781,3.13541601514816,0.973056875725221,0.0488689914759162,0.418749990357053,0.0217107782132716
-125.967343552532,-128.571564006262,4.14641918624498,-9.07691048777293,3.15959165906906,0.973056875725221,0.0488689914759162,0.418749990357053,0.0217107782132716
-125.951261776954,-128.588832592407,4.13033741066718,-8.23369210123662,3.15947149610519,0.973056875725221,0.0488689914759162,0.418749990357053,0.0217107782132716
-125.943256178152,-128.608342880318,4.12233181186553,-8.03450303721757,3.08948706007004,0.973056875725221,0.0488689914759162,0.418749990357053,0.0217107782132716
-125.933595354739,-128.629911541831,4.11267098845222,-7.85022587364406,3.13535164213181,0.973056875725221,0.0488689914759162,0.418749990357053,0.0217107782132716
-125.914819703895,-128.653672076696,4.09389533760784,-8.04727490762294,3.16217802381516,0.973056875725221,0.0488689914759162,0.418749990357053,0.0217107782132716
-125.883658235523,-128.679720141216,4.06273386923625,-5.62060305103396,3.13812921857834,0.973056875725221,0.0488689914759162,0.418749990357053,0.0217107782132716
-125.879801160489,-128.707628312613,4.05887679420217,-5.80701379508352,3.09195946073532,0.973056875725221,0.0488689914759162,0.418749990357053,0.0217107782132716
-125.882045810581,-128.737654506279,4.06112144429432,-5.94283634856845,3.20677326536179,0.973056875725221,0.0488689914759162,0.418749990357053,0.0217107782132716
-125.85719691472,-128.769745225495,4.03627254843286,-6.03962005130265,3.25529239988327,0.973056875725221,0.0488689914759162,0.418749990357053,0.0217107782132716
-125.855899187223,-128.804011104882,4.03497482093584,-5.97192770563688,3.1845574221611,0.973056875725221,0.0488689914759162,0.418749990357053,0.0217107782132716
-125.844052541261,-128.840316169269,4.02312817497416,-4.87995764325662,3.20623586988449,0.973056875725221,0.0488689914759162,0.418749990357053,0.0217107782132716
-125.834256476182,-128.878432387801,4.01333210989532,-4.46153469249183,3.20870064115524,0.973056875725221,0.0488689914759162,0.418749990357053,0.0217107782132716
-125.827225324536,-128.918472157444,4.00630095824905,-5.11616382572131,3.18275688505173,0.973056875725221,0.0488689914759162,0.418749990357053,0.0217107782132716
-125.815607548704,-128.960727855979,3.99468318241739,-3.52804939128744,3.22978447294235,0.973056875725221,0.0488689914759162,0.418749990357053,0.0217107782132716
-125.820148513107,-129.004775315263,3.99922414682066,-2.91849488282966,3.22770546293259,0.973056875725221,0.0488689914759162,0.418749990357053,0.0217107782132716
-125.800901760686,-129.0509597896,3.97997739439912,-2.42166617789218,3.18352888441086,0.973056875725221,0.0488689914759162,0.418749990357053,0.0217107782132716
-125.811610442128,-129.098676128938,3.99068607584149,-2.83047381880854,3.23299358701706,0.973056875725221,0.0488689914759162,0.418749990357053,0.0217107782132716
-125.791402842302,-129.14860790894,3.97047847601531,-2.41300020233612,3.25627849912643,0.973056875725221,0.0488689914759162,0.418749990357053,0.0217107782132716
-125.797849536099,-129.199871876833,3.97692516981246,-1.92524360430059,3.29693268156052,0.973056875725221,0.0488689914759162,0.418749990357053,0.0217107782132716
-125.784012290764,-129.253101903111,3.96308792447755,-1.10164631347796,3.32272480344772,0.973056875725221,0.0488689914759162,0.418749990357053,0.0217107782132716
-125.793969723568,-129.308404436748,3.9730453572818,0.700718473951268,3.36902044630051,0.973056875725221,0.0488689914759162,0.418749990357053,0.0217107782132716
-125.784763253796,-129.364786827339,3.9638388875092,0.347054468286055,3.39320324277878,0.973056875725221,0.0488689914759162,0.418749990357053,0.0217107782132716
-125.788992416434,-129.423096037058,3.96806805014691,0.830601462187261,3.41892431592941,0.973056875725221,0.0488689914759162,0.418749990357053,0.0217107782132716
-125.782615836953,-129.483086310692,3.96169147066625,3.60829198090113,3.41620348310471,0.973056875725221,0.0488689914759162,0.418749990357053,0.0217107782132716
-125.783126381011,-129.544969351689,3.96220201472389,3.84641376464936,3.45944689130783,0.973056875725221,0.0488689914759162,0.418749990357053,0.0217107782132716
-125.801360543911,-129.60790501915,3.98043617762431,4.07716379195603,3.50675533628464,0.973056875725221,0.0488689914759162,0.418749990357053,0.0217107782132716
-125.81311236041,-129.672690252095,3.99218799412374,3.60109615880908,3.46190164899826,0.973056875725221,0.0488689914759162,0.418749990357053,0.0217107782132716
-125.810935541067,-129.738924776314,3.99001117478079,6.51820964034085,3.43721149778366,0.973056875725221,0.0488689914759162,0.418749990357053,0.0217107782132716
-125.829171078062,-129.806922950337,4.00824671177549,4.77904561448538,3.43881033277512,0.973056875725221,0.0488689914759162,0.418749990357053,0.0217107782132716
-125.827346649254,-129.876653364724,4.00642228296713,6.8042339466014,3.55112932538986,0.973056875725221,0.0488689914759162,0.418749990357053,0.0217107782132716
-125.847658014298,-129.946015705509,4.0267336480117,8.4118944570172,3.62566660261154,0.973056875725221,0.0488689914759162,0.418749990357053,0.0217107782132716
-125.854852584444,-130.017628042672,4.03392821815707,7.0194177276462,3.62732694959641,0.973056875725221,0.0488689914759162,0.418749990357053,0.0217107782132716
-125.871707855195,-130.090462941621,4.05078348890833,7.36763876827685,3.57976768827438,0.973056875725221,0.0488689914759162,0.418749990357053,0.0217107782132716
-125.889717854775,-130.164526181599,4.06879348848796,6.2716818103986,3.62831877088547,0.973056875725221,0.0488689914759162,0.418749990357053,0.0217107782132716
-125.912703691172,-130.240233161743,4.09177932488578,5.72014707347183,3.76550482130051,0.973056875725221,0.0488689914759162,0.418749990357053,0.0217107782132716
-125.919674895131,-130.316346162268,4.0987505288439,7.22525969436939,3.67062853193283,0.973056875725221,0.0488689914759162,0.418749990357053,0.0217107782132716
-125.932342100926,-130.393828095451,4.11141773463913,5.28401439070141,3.57941339826584,0.973056875725221,0.0488689914759162,0.418749990357053,0.0217107782132716
-125.948810939033,-130.472312736519,4.12788657274621,8.35971539731315,3.6968078455925,0.973056875725221,0.0488689914759162,0.418749990357053,0.0217107782132716
-125.975420767545,-130.551578279249,4.15449640125828,8.59970737594542,3.72027824735641,0.973056875725221,0.0488689914759162,0.418749990357053,0.0217107782132716
-125.9939214022,-130.632030757544,4.1729970359132,6.95427220104523,3.88774679517746,0.973056875725221,0.0488689914759162,0.418749990357053,0.0217107782132716
-126.010173060778,-130.71344323995,4.18924869449161,7.65206180723422,3.79266880369186,0.973056875725221,0.0488689914759162,0.418749990357053,0.0217107782132716
-126.017703602725,-130.795580021437,4.19677923643821,6.45682298462118,3.74512432432175,0.973056875725221,0.0488689914759162,0.418749990357053,0.0217107782132716
-126.0281387781,-130.8781779775,4.20721441181302,7.64795599103399,3.86275623655319,0.973056875725221,0.0488689914759162,0.418749990357053,0.0217107782132716
-126.049476740945,-130.962057368542,4.2285523746588,8.68222724380114,3.88951443052292,0.973056875725221,0.0488689914759162,0.418749990357053,0.0217107782132716
-126.05048056656,-131.046211246152,4.22955620027368,7.17261178260044,4.02729819631577,0.973056875725221,0.0488689914759162,0.418749990357053,0.0217107782132716
-126.070061264062,-131.131450518006,4.24913689777542,7.99490653930932,4.05040667867661,0.973056875725221,0.0488689914759162,0.418749990357053,0.0217107782132716
-126.07414478366,-131.216382628739,4.25322041737292,7.52473804794177,3.95642040586472,0.973056875725221,0.0488689914759162,0.418749990357053,0.0217107782132716
-126.085192513187,-131.302602011873,4.26426814690053,9.15139056471123,4.0485346159935,0.973056875725221,0.0488689914759162,0.418749990357053,0.0217107782132716
-126.105909678002,-131.389065952355,4.28498531171576,7.3090898480447,4.07359431600571,0.973056875725221,0.0488689914759162,0.418749990357053,0.0217107782132716
-126.115212453623,-131.475633790574,4.2942880873362,6.64797023475033,4.14224074697495,0.973056875725221,0.0488689914759162,0.418749990357053,0.0217107782132716
-126.13024732656,-131.562601007627,4.30932296027334,8.30225719917552,4.16692946767807,0.973056875725221,0.0488689914759162,0.418749990357053,0.0217107782132716
-126.141676918328,-131.650247256681,4.3207525520412,7.77236855179241,4.16712210988998,0.973056875725221,0.0488689914759162,0.418749990357053,0.0217107782132716
-126.168296533443,-131.737610801745,4.34737216715672,9.95709757984675,4.2358953795433,0.973056875725221,0.0488689914759162,0.418749990357053,0.0217107782132716
-126.171497573643,-131.825156817224,4.3505732073566,8.22335009739002,4.28180812215805,0.973056875725221,0.0488689914759162,0.418749990357053,0.0217107782132716
-126.193486067613,-131.913197215342,4.37256170132636,8.61846239122031,4.40155146932602,0.973056875725221,0.0488689914759162,0.418749990357053,0.0217107782132716
-126.210117453705,-132.001111101468,4.38919308741803,10.5349807572143,4.37657473897934,0.973056875725221,0.0488689914759162,0.418749990357053,0.0217107782132716
-126.225280536098,-132.089775814499,4.40435616981172,11.3211439614071,4.46724341726303,0.973056875725221,0.0488689914759162,0.418749990357053,0.0217107782132716
-126.253203297802,-132.176850492333,4.4322789315156,9.69346635537252,4.42459605550766,0.973056875725221,0.0488689914759162,0.418749990357053,0.0217107782132716
-126.276901750543,-132.264659344707,4.45597738425599,10.9560333873368,4.49584029531479,0.973056875725221,0.0488689914759162,0.418749990357053,0.0217107782132716
-126.281707550219,-132.352537815502,4.46078318393278,10.6886919601198,4.56550906515121,0.973056875725221,0.0488689914759162,0.418749990357053,0.0217107782132716
-126.324770704353,-132.439929074774,4.5038463380668,10.9485955805032,4.58694289541245,0.973056875725221,0.0488689914759162,0.418749990357053,0.0217107782132716
-126.339590721976,-132.526894320417,4.5186663556892,12.6465845112886,4.63438342428207,0.973056875725221,0.0488689914759162,0.418749990357053,0.0217107782132716
-126.364707263638,-132.613690357523,4.54378289735133,13.7105449735271,4.70056556081772,0.973056875725221,0.0488689914759162,0.418749990357053,0.0217107782132716
-126.400435100666,-132.700270799144,4.57951073437912,13.0212003309727,4.81771014547348,0.973056875725221,0.0488689914759162,0.418749990357053,0.0217107782132716
-126.419576245278,-132.786373943988,4.59865187899117,12.3856244120512,4.8435261092186,0.973056875725221,0.0488689914759162,0.418749990357053,0.0217107782132716
-126.461603735515,-132.872220393723,4.64067936922838,13.3317194340814,4.89406226491928,0.973056875725221,0.0488689914759162,0.418749990357053,0.0217107782132716
-126.487554073732,-132.956741651021,4.66662970744563,15.9056249917257,4.84315226888657,0.973056875725221,0.0488689914759162,0.418749990357053,0.0217107782132716
-126.506863880672,-133.041303683636,4.68593951438528,14.6951454851236,5.0028688750267,0.973056875725221,0.0488689914759162,0.418749990357053,0.0217107782132716
-126.535877509307,-133.125132977034,4.71495314302076,15.607169892991,5.00510714864731,0.973056875725221,0.0488689914759162,0.418749990357053,0.0217107782132716
-126.574052137658,-133.207872920153,4.75312777137102,14.475180389958,5.07749007558823,0.973056875725221,0.0488689914759162,0.418749990357053,0.0217107782132716
-126.622078692456,-133.290165073021,4.80115432616945,16.625899567322,5.12619040822983,0.973056875725221,0.0488689914759162,0.418749990357053,0.0217107782132716
-126.640747402026,-133.371852157515,4.819823035739,14.9005877390079,5.09831736898422,0.973056875725221,0.0488689914759162,0.418749990357053,0.0217107782132716
-126.684636269572,-133.452618021455,4.8637119032858,16.1983505645031,5.19449923849106,0.973056875725221,0.0488689914759162,0.418749990357053,0.0217107782132716
-126.698416714634,-133.532111131252,4.87749234834708,15.5525230731338,5.26539920186996,0.973056875725221,0.0488689914759162,0.418749990357053,0.0217107782132716
-126.7363664927,-133.610424803478,4.91544212641315,16.4228387272576,5.24395106649399,0.973056875725221,0.0488689914759162,0.418749990357053,0.0217107782132716
-126.77098405371,-133.688319345692,4.95005968742326,16.1743274450778,5.38101981496811,0.973056875725221,0.0488689914759162,0.418749990357053,0.0217107782132716
-126.80982842753,-133.765222910182,4.98890406124292,16.3133514668214,5.36008380270004,0.973056875725221,0.0488689914759162,0.418749990357053,0.0217107782132716
-126.841694055988,-133.840663357851,5.02076968970092,14.6748310498756,5.45558570241928,0.973056875725221,0.0488689914759162,0.418749990357053,0.0217107782132716
-126.866239567221,-133.915409707883,5.04531520093476,16.5566438056437,5.49850772237778,0.973056875725221,0.0488689914759162,0.418749990357053,0.0217107782132716
-126.900308283166,-133.989816169643,5.07938391687915,15.331232554095,5.50042651510239,0.973056875725221,0.0488689914759162,0.418749990357053,0.0217107782132716
-126.919142191004,-134.060840593433,5.09821782471731,14.8356170671757,5.56980250692368,0.973056875725221,0.0488689914759162,0.418749990357053,0.0217107782132716
-126.955658084942,-134.131078898826,5.13473371865553,15.3445622791358,5.61837123250961,0.973056875725221,0.0488689914759162,0.418749990357053,0.0217107782132716
-126.99775807219,-134.200296919019,5.17683370590291,14.9639769750684,5.71054480886459,0.973056875725221,0.0488689914759162,0.418749990357053,0.0217107782132716
-127.024685953621,-134.268136536363,5.20376158733391,16.6477121939416,5.80701278066635,0.973056875725221,0.0488689914759162,0.418749990357053,0.0217107782132716
-127.044879913645,-134.33484521151,5.22395554735816,14.0528651708334,5.82819579458237,0.973056875725221,0.0488689914759162,0.418749990357053,0.0217107782132716
-127.076000604299,-134.399801868656,5.2550762380123,15.2757710286508,5.7810203871727,0.973056875725221,0.0488689914759162,0.418749990357053,0.0217107782132716
-127.118160637644,-134.463224197776,5.29723627135711,14.6011633136258,5.89999411916733,0.973056875725221,0.0488689914759162,0.418749990357053,0.0217107782132716
-127.128446877199,-134.525964507282,5.30752251091235,15.8644396702109,5.96904490804672,0.973056875725221,0.0488689914759162,0.418749990357053,0.0217107782132716
-127.155278696805,-134.585649987447,5.33435433051852,14.5099014757672,5.99237750387192,0.973056875725221,0.0488689914759162,0.418749990357053,0.0217107782132716
-127.180972486107,-134.644397036417,5.36004811982019,15.9497833601116,5.99290011739731,0.973056875725221,0.0488689914759162,0.418749990357053,0.0217107782132716
-127.204105900726,-134.701489561657,5.3831815344394,14.2234911805967,6.03974459981918,0.973056875725221,0.0488689914759162,0.418749990357053,0.0217107782132716
-127.240691845253,-134.757014499562,5.419767478966,15.8440525258001,6.10907195425034,0.973056875725221,0.0488689914759162,0.418749990357053,0.0217107782132716
-127.272121528565,-134.810691459971,5.45119716227851,14.4934831429793,6.13729594564438,0.973056875725221,0.0488689914759162,0.418749990357053,0.0217107782132716
-127.307373513205,-134.862868157595,5.48644914691804,14.0682388278068,6.13361285543442,0.973056875725221,0.0488689914759162,0.418749990357053,0.0217107782132716
-127.336540635658,-134.912673894452,5.5156162693715,14.1649056030387,6.08762667989731,0.973056875725221,0.0488689914759162,0.418749990357053,0.0217107782132716
-127.368715572666,-134.961397335894,5.5477912063796,13.9033147489998,6.2320177397728,0.973056875725221,0.0488689914759162,0.418749990357053,0.0217107782132716
-127.378791347576,-135.007306648583,5.55786698128971,15.4445412371192,6.25456450796127,0.973056875725221,0.0488689914759162,0.418749990357053,0.0217107782132716
-127.424090671536,-135.05218508377,5.60316630524976,14.6487353157365,6.30085299825668,0.973056875725221,0.0488689914759162,0.418749990357053,0.0217107782132716
-127.442898718034,-135.094700135629,5.62197435174691,13.8124056215534,6.440014108181,0.973056875725221,0.0488689914759162,0.418749990357053,0.0217107782132716
-127.469274676103,-135.135383707743,5.64835030981617,13.9558335561004,6.34612964010239,0.973056875725221,0.0488689914759162,0.418749990357053,0.0217107782132716
-127.512572847895,-135.173933406117,5.69164848160877,13.4608607313882,6.41967604970932,0.973056875725221,0.0488689914759162,0.418749990357053,0.0217107782132716
-127.533742525591,-135.21077938821,5.71281815930455,15.5820085718683,6.41941760396957,0.973056875725221,0.0488689914759162,0.418749990357053,0.0217107782132716
-127.55482220115,-135.245353493275,5.73389783486294,11.893957370036,6.44113944387436,0.973056875725221,0.0488689914759162,0.418749990357053,0.0217107782132716
-127.585654222601,-135.277890734245,5.7647298563144,12.1935204191669,6.48769591665268,0.973056875725221,0.0488689914759162,0.418749990357053,0.0217107782132716
-127.61654022462,-135.308965770411,5.79561585833349,12.8641584701912,6.46624587392807,0.973056875725221,0.0488689914759162,0.418749990357053,0.0217107782132716
-127.626985271224,-135.337371857382,5.80606090493724,13.6986599518439,6.58032153463364,0.973056875725221,0.0488689914759162,0.418749990357053,0.0217107782132716
-127.671698702823,-135.363594570908,5.85077433653608,13.3885786478698,6.58411239004135,0.973056875725221,0.0488689914759162,0.418749990357053,0.0217107782132716
-127.690115183364,-135.387799522273,5.86919081707735,10.01093239555,6.58390925741196,0.973056875725221,0.0488689914759162,0.418749990357053,0.0217107782132716
-127.703123143217,-135.409809040214,5.88219877693028,11.214965160014,6.58395884847641,0.973056875725221,0.0488689914759162,0.418749990357053,0.0217107782132716
-127.73059437812,-135.42986184919,5.90967001183321,13.4150247283367,6.63388846731186,0.973056875725221,0.0488689914759162,0.418749990357053,0.0217107782132716
-127.750106236705,-135.447525939362,5.92918187041822,11.4503972851441,6.70133612966537,0.973056875725221,0.0488689914759162,0.418749990357053,0.0217107782132716
-127.772095563466,-135.463098659886,5.95117119717914,10.7053149187979,6.76904891347885,0.973056875725221,0.0488689914759162,0.418749990357053,0.0217107782132716
-127.789861120529,-135.476592931249,5.9689367542424,9.95801468295982,6.77213977193832,0.973056875725221,0.0488689914759162,0.418749990357053,0.0217107782132716
-127.802337473731,-135.487869841572,5.98141310744468,10.8817808727794,6.72569964742661,0.973056875725221,0.0488689914759162,0.418749990357053,0.0217107782132716
-127.836073579897,-135.496950827719,6.01514921361071,11.0159937531305,6.95763324117661,0.973056875725221,0.0488689914759162,0.418749990357053,0.0217107782132716
-127.851687655142,-135.50383852251,6.03076328885485,9.05589007060557,6.74661372518539,0.973056875725221,0.0488689914759162,0.418749990357053,0.0217107782132716
-127.874272584226,-135.508514300335,6.05334821793946,9.71276524059911,6.7931692442894,0.973056875725221,0.0488689914759162,0.418749990357053,0.0217107782132716
-127.886825677836,-135.510984973996,6.06590131154897,9.34569843168509,6.83901141500473,0.973056875725221,0.0488689914759162,0.418749990357053,0.0217107782132716
-127.896532524198,-135.511233855984,6.07560815791089,8.6106669791652,6.81501029348373,0.973056875725221,0.0488689914759162,0.418749990357053,0.0217107782132716
-127.908874218069,-135.509282320113,6.08794985178215,9.61198933946313,6.9096710524559,0.973056875725221,0.0488689914759162,0.418749990357053,0.0217107782132716
-127.930313109814,-135.505069292671,6.10938874352732,9.67076559235885,6.88393329000473,0.973056875725221,0.0488689914759162,0.418749990357053,0.0217107782132716
-127.937392970567,-135.498762466533,6.11646860427995,8.25100451128309,6.9091942152977,0.973056875725221,0.0488689914759162,0.418749990357053,0.0217107782132716
-127.961019884666,-135.490177490297,6.14009551837974,8.53956916289248,6.93388770437241,0.973056875725221,0.0488689914759162,0.418749990357053,0.0217107782132716
-127.973819385566,-135.479421647236,6.15289501927893,8.73761180554644,6.95468352651596,0.973056875725221,0.0488689914759162,0.418749990357053,0.0217107782132716
-128.005607902598,-135.466441816889,6.18468353631177,8.78359661148202,6.86189101552963,0.973056875725221,0.0488689914759162,0.418749990357053,0.0217107782132716
-128.009427096814,-135.451268863127,6.18850273052685,7.18142284255494,7.00116275167465,0.973056875725221,0.0488689914759162,0.418749990357053,0.0217107782132716
-128.015754161617,-135.433717626842,6.19482979533023,7.15001524196766,6.88466094350815,0.973056875725221,0.0488689914759162,0.418749990357053,0.0217107782132716
-128.044019720837,-135.414524275566,6.22309535455023,7.81303855755086,6.88591216421127,0.973056875725221,0.0488689914759162,0.418749990357053,0.0217107782132716
-128.052983529892,-135.392619248074,6.23205916360489,7.24564307218858,6.95522235250473,0.973056875725221,0.0488689914759162,0.418749990357053,0.0217107782132716
-128.059663329316,-135.368564150905,6.23873896302912,7.43519837083442,6.8867332777977,0.973056875725221,0.0488689914759162,0.418749990357053,0.0217107782132716
-128.089489194808,-135.342789892221,6.26856482852162,5.92308054037263,6.90534518575668,0.973056875725221,0.0488689914759162,0.418749990357053,0.0217107782132716
-128.100056897737,-135.315285464436,6.27913253144993,8.50579781782666,6.81376860952377,0.973056875725221,0.0488689914759162,0.418749990357053,0.0217107782132716
-128.131137877807,-135.285174965567,6.31021351152009,6.38653575192209,6.92768691396713,0.973056875725221,0.0488689914759162,0.418749990357053,0.0217107782132716
-128.122432054233,-135.253110172428,6.30150768794599,6.09553916875429,7.00017093038559,0.973056875725221,0.0488689914759162,0.418749990357053,0.0217107782132716
-128.132752594518,-135.218650657122,6.3118282282309,4.2875242105981,6.88273547506332,0.973056875725221,0.0488689914759162,0.418749990357053,0.0217107782132716
-128.155584295225,-135.182324573038,6.33465992893828,5.77111248450721,6.91022132253647,0.973056875725221,0.0488689914759162,0.418749990357053,0.0217107782132716
-128.154003335601,-135.144508606956,6.33307896931468,5.54989427075341,6.86399958944321,0.973056875725221,0.0488689914759162,0.418749990357053,0.0217107782132716
-128.17654798366,-135.104191401376,6.35562361737332,4.76167596089899,6.76841948843002,0.973056875725221,0.0488689914759162,0.418749990357053,0.0217107782132716
-128.177068158566,-135.062114495647,6.35614379227936,4.7185069928469,6.91178630208969,0.973056875725221,0.0488689914759162,0.418749990357053,0.0217107782132716
-128.181661667101,-135.017956357498,6.36073730081402,3.50046932754283,6.84036563253403,0.973056875725221,0.0488689914759162,0.418749990357053,0.0217107782132716
-128.196691492123,-134.971998508826,6.37576712583621,2.01510519615327,6.81343482351303,0.973056875725221,0.0488689914759162,0.418749990357053,0.0217107782132716
-128.191092542827,-134.924329258232,6.37016817654043,1.90632242138493,6.86240313863754,0.973056875725221,0.0488689914759162,0.418749990357053,0.0217107782132716
-128.19827763938,-134.874670719885,6.37735327309349,0.464922758587839,6.72405265188217,0.973056875725221,0.0488689914759162,0.418749990357053,0.0217107782132716
-128.20642506729,-134.823067852316,6.38550070100352,0.336184907738809,6.67780612325668,0.973056875725221,0.0488689914759162,0.418749990357053,0.0217107782132716
-128.208046483198,-134.769642547871,6.38712211691164,0.551641059138642,6.65471576070786,0.973056875725221,0.0488689914759162,0.418749990357053,0.0217107782132716
-128.202395620122,-134.714824610383,6.38147125383534,-1.51691637086806,6.69951079702377,0.973056875725221,0.0488689914759162,0.418749990357053,0.0217107782132716
-128.203815240136,-134.65800240222,6.38289087384886,-2.7257940315368,6.62494395589828,0.973056875725221,0.0488689914759162,0.418749990357053,0.0217107782132716
-128.185875821751,-134.599587112495,6.36495145546476,-0.433928408584339,6.65003989553452,0.973056875725221,0.0488689914759162,0.418749990357053,0.0217107782132716
-128.193880544965,-134.539412461493,6.37295617867786,-2.69212091427041,6.55670283651352,0.973056875725221,0.0488689914759162,0.418749990357053,0.0217107782132716
-128.176235927046,-134.477886259638,6.35531156075947,-4.48460520744853,6.60233996725082,0.973056875725221,0.0488689914759162,0.418749990357053,0.0217107782132716
-128.181427183691,-134.414708120687,6.36050281740422,-5.55572803427689,6.60807250356674,0.973056875725221,0.0488689914759162,0.418749990357053,0.0217107782132716
-128.163344013569,-134.350098037799,6.34241964728244,-4.90242351779041,6.51311229085922,0.973056875725221,0.0488689914759162,0.418749990357053,0.0217107782132716
-128.158345505936,-134.283743707881,6.33742113964966,-6.39552741042137,6.55938361501694,0.973056875725221,0.0488689914759162,0.418749990357053,0.0217107782132716
-128.147824941672,-134.216036033225,6.3269005753849,-7.45251659520306,6.46368049001694,0.973056875725221,0.0488689914759162,0.418749990357053,0.0217107782132716
-128.135346768376,-134.147364069918,6.31442240208976,-8.38544096970821,6.51023791646957,0.973056875725221,0.0488689914759162,0.418749990357053,0.0217107782132716
-128.121085826777,-134.076763454371,6.30016146049048,-5.73170506628602,6.46242450094223,0.973056875725221,0.0488689914759162,0.418749990357053,0.0217107782132716
-128.097135818777,-134.005366269131,6.27621145248999,-7.44182682497249,6.43697284078598,0.973056875725221,0.0488689914759162,0.418749990357053,0.0217107782132716
-128.092232934055,-133.932306852596,6.27130856776803,-5.14202159121332,6.34577964162827,0.973056875725221,0.0488689914759162,0.418749990357053,0.0217107782132716
-128.076598516604,-133.85807394204,6.255674150317,-6.02035045959672,6.34517024374008,0.973056875725221,0.0488689914759162,0.418749990357053,0.0217107782132716
-128.071604144836,-133.782843298624,6.25067977854948,-6.44350156756633,6.43790934896469,0.973056875725221,0.0488689914759162,0.418749990357053,0.0217107782132716
-128.052388785462,-133.70649580092,6.23146441917527,-6.43385767993116,6.36681102132797,0.973056875725221,0.0488689914759162,0.418749990357053,0.0217107782132716
-128.038264101488,-133.628967995971,6.21733973520147,-5.60026992847121,6.40950702047348,0.973056875725221,0.0488689914759162,0.418749990357053,0.0217107782132716
-128.018359669432,-133.550379756907,6.19743530314523,-6.8254340989499,6.20064853048325,0.973056875725221,0.0488689914759162,0.418749990357053,0.0217107782132716
-128.008586900261,-133.470922359364,6.18766253397476,-5.8312118917036,6.20548652029037,0.973056875725221,0.0488689914759162,0.418749990357053,0.0217107782132716
-128.004570611232,-133.390611132274,6.18364624494569,-6.28576842586628,6.22820018148422,0.973056875725221,0.0488689914759162,0.418749990357053,0.0217107782132716
-127.993849841667,-133.309440497314,6.17292547538015,-4.72263150935733,6.17542098379135,0.973056875725221,0.0488689914759162,0.418749990357053,0.0217107782132716
-127.983774582613,-133.227225903155,6.16285021632596,-7.00048797256286,6.20027755117416,0.973056875725221,0.0488689914759162,0.418749990357053,0.0217107782132716
-127.970501476933,-133.144201408642,6.14957711064659,-5.7499477578906,6.10725901937485,0.973056875725221,0.0488689914759162,0.418749990357053,0.0217107782132716
-127.973893266394,-133.060808749356,6.15296890010766,-7.65644906387922,6.0122625670433,0.973056875725221,0.0488689914759162,0.418749990357053,0.0217107782132716
-127.95329606909,-132.976574765678,6.13237170280301,-5.52643084404867,6.01409171438217,0.973056875725221,0.0488689914759162,0.418749990357053,0.0217107782132716
-127.940967860614,-132.891771840305,6.12004349432724,-7.86074484376826,5.94367240285873,0.973056875725221,0.0488689914759162,0.418749990357053,0.0217107782132716
-127.929011046163,-132.806188794932,6.10808667987592,-5.57537576053678,5.99315570211411,0.973056875725221,0.0488689914759162,0.418749990357053,0.0217107782132716
-127.927998175505,-132.720368650235,6.10707380921791,-6.3189719855075,5.96823237752914,0.973056875725221,0.0488689914759162,0.418749990357053,0.0217107782132716
-127.914689363511,-132.634080985207,6.09376499722461,-6.51053282102164,5.94625304555893,0.973056875725221,0.0488689914759162,0.418749990357053,0.0217107782132716
-127.900491874279,-132.546996498445,6.07956750799279,-7.75725191112197,5.84927008962631,0.973056875725221,0.0488689914759162,0.418749990357053,0.0217107782132716
-127.891343939503,-132.46026788111,6.07041957321605,-7.50605023770633,5.82912944173813,0.973056875725221,0.0488689914759162,0.418749990357053,0.0217107782132716
-127.85629558134,-132.37224635693,6.03537121505307,-9.0730078528801,5.75873587942123,0.973056875725221,0.0488689914759162,0.418749990357053,0.0217107782132716
-127.859834966531,-132.285676627983,6.03891060024439,-6.45849339033799,5.71487162923813,0.973056875725221,0.0488689914759162,0.418749990357053,0.0217107782132716
-127.843104553905,-132.197660216875,6.02218018761799,-9.04892979304162,5.71280978536606,0.973056875725221,0.0488689914759162,0.418749990357053,0.0217107782132716
-127.814266244985,-132.108183788835,5.99334187869849,-10.6882295286883,5.61804793691635,0.973056875725221,0.0488689914759162,0.418749990357053,0.0217107782132716
-127.801870129521,-132.021380891521,5.98094576323435,-9.89950783365191,5.57423804616928,0.973056875725221,0.0488689914759162,0.418749990357053,0.0217107782132716
-127.791936827324,-131.933701710271,5.97101246103751,-12.0505507154644,5.47683070516586,0.973056875725221,0.0488689914759162,0.418749990357053,0.0217107782132716
-127.756682387566,-131.845914175674,5.93575802127944,-9.30938854306274,5.52604697561264,0.973056875725221,0.0488689914759162,0.418749990357053,0.0217107782132716
-127.738616866987,-131.758084453204,5.91769250070071,-11.019272040728,5.40501902914047,0.973056875725221,0.0488689914759162,0.418749990357053,0.0217107782132716
-127.713235819544,-131.670039114969,5.89231145325683,-10.6965461021969,5.47690127706528,0.973056875725221,0.0488689914759162,0.418749990357053,0.0217107782132716
-127.689936571811,-131.582867016648,5.86901220552397,-12.3930134633771,5.26727507925034,0.973056875725221,0.0488689914759162,0.418749990357053,0.0217107782132716
-127.682147358632,-131.495766937529,5.86122299234568,-11.8685483316785,5.26904319143295,0.973056875725221,0.0488689914759162,0.418749990357053,0.0217107782132716
-127.644377024917,-131.409064414872,5.82345265862985,-11.5721971645916,5.31385253286362,0.973056875725221,0.0488689914759162,0.418749990357053,0.0217107782132716
-127.613807979778,-131.322484168001,5.79288361349156,-12.0793995946079,5.36013244009018,0.973056875725221,0.0488689914759162,0.418749990357053,0.0217107782132716
-127.601137753384,-131.236289211191,5.7802133870978,-12.7386086849852,5.21861193990707,0.973056875725221,0.0488689914759162,0.418749990357053,0.0217107782132716
-127.56339596474,-131.151205886079,5.74247159845373,-12.5701086672956,5.1958563170433,0.973056875725221,0.0488689914759162,0.418749990357053,0.0217107782132716
-127.53616428424,-131.066185695021,5.7152399179535,-12.4022504229573,5.05405829763412,0.973056875725221,0.0488689914759162,0.418749990357053,0.0217107782132716
-127.505251412168,-130.981813114238,5.68432704588115,-14.7294129823217,5.07799075460434,0.973056875725221,0.0488689914759162,0.418749990357053,0.0217107782132716
-127.473566077636,-130.897901704314,5.65264171134944,-12.091301675836,5.0286199889183,0.973056875725221,0.0488689914759162,0.418749990357053,0.0217107782132716
-127.460704054994,-130.814272800894,5.63977968870755,-15.0510353755171,5.00712893819809,0.973056875725221,0.0488689914759162,0.418749990357053,0.0217107782132716
-127.442598922833,-130.73258221235,5.62167455654625,-13.3403096668423,4.86648486471176,0.973056875725221,0.0488689914759162,0.418749990357053,0.0217107782132716
-127.412080063429,-130.651127506567,5.59115569714233,-14.3915677754605,4.8668768248558,0.973056875725221,0.0488689914759162,0.418749990357053,0.0217107782132716
-127.374686731009,-130.570235405657,5.55376236472219,-13.3549543779583,4.86569999074936,0.973056875725221,0.0488689914759162,0.418749990357053,0.0217107782132716
-127.353669214611,-130.490656626204,5.53274484832417,-13.0999294542316,4.70295451498032,0.973056875725221,0.0488689914759162,0.418749990357053,0.0217107782132716
-127.332424266207,-130.412063476672,5.51149989992031,-12.2650351280976,4.79429267263412,0.973056875725221,0.0488689914759162,0.418749990357053,0.0217107782132716
-127.28945369755,-130.33432027564,5.46852933126327,-13.192467852547,4.65318415975571,0.973056875725221,0.0488689914759162,0.418749990357053,0.0217107782132716
-127.283070251242,-130.257373541936,5.4621458849558,-12.4977186244886,4.67751715993881,0.973056875725221,0.0488689914759162,0.418749990357053,0.0217107782132716
-127.25032879046,-130.182007575221,5.42940442417339,-13.4348680584537,4.56033156728745,0.973056875725221,0.0488689914759162,0.418749990357053,0.0217107782132716
-127.22622743821,-130.107518367312,5.40530307192347,-12.3915650006288,4.58318637228012,0.973056875725221,0.0488689914759162,0.418749990357053,0.0217107782132716
-127.195737406594,-130.033931549147,5.37481304030743,-15.3672872402158,4.5362112364769,0.973056875725221,0.0488689914759162,0.418749990357053,0.0217107782132716
-127.166233450335,-129.962635593147,5.34530908404823,-13.371435614187,4.46912597036362,0.973056875725221,0.0488689914759162,0.418749990357053,0.0217107782132716
-127.144218799953,-129.891875739786,5.32329443366619,-13.5625497680835,4.46588061666489,0.973056875725221,0.0488689914759162,0.418749990357053,0.0217107782132716
-127.127261670109,-129.822613728312,5.30633730382227,-15.2568352447283,4.32937262868881,0.973056875725221,0.0488689914759162,0.418749990357053,0.0217107782132716
-127.098278927655,-129.754659555059,5.27735456136844,-14.1723672420039,4.28195975637436,0.973056875725221,0.0488689914759162,0.418749990357053,0.0217107782132716
-127.069008017088,-129.687684252358,5.24808365080179,-14.205723942212,4.25906871175766,0.973056875725221,0.0488689914759162,0.418749990357053,0.0217107782132716
-127.041202019621,-129.622863917829,5.22027765333422,-15.4258949808998,4.2136785826683,0.973056875725221,0.0488689914759162,0.418749990357053,0.0217107782132716
-127.01561275713,-129.55940726691,5.19468839084367,-13.6645024306835,4.14011691427231,0.973056875725221,0.0488689914759162,0.418749990357053,0.0217107782132716
-126.985124958652,-129.497488135598,5.16420059236572,-14.4802465056635,4.05052111959457,0.973056875725221,0.0488689914759162,0.418749990357053,0.0217107782132716
-126.956566820765,-129.437025328242,5.13564245447809,-14.6778402448924,4.11833785390854,0.973056875725221,0.0488689914759162,0.418749990357053,0.0217107782132716
-126.915450916271,-129.378357603242,5.09452654998477,-13.9441784571912,4.09172747945786,0.973056875725221,0.0488689914759162,0.418749990357053,0.0217107782132716
-126.878492216127,-129.321272988258,5.05756784984049,-15.1665188735662,4.00002716398239,0.973056875725221,0.0488689914759162,0.418749990357053,0.0217107782132716
-126.856459004833,-129.265723063167,5.03553463854603,-13.0345927330491,4.00106762266159,0.973056875725221,0.0488689914759162,0.418749990357053,0.0217107782132716
-126.841985146928,-129.212029098784,5.02106078064163,-15.5519490661826,3.92775390958786,0.973056875725221,0.0488689914759162,0.418749990357053,0.0217107782132716
-126.802680877287,-129.160140773273,4.98175651100061,-14.519883145422,3.93155763959885,0.973056875725221,0.0488689914759162,0.418749990357053,0.0217107782132716
-126.769995642275,-129.109981435199,4.94907127598823,-16.3515436605919,3.81276272153854,0.973056875725221,0.0488689914759162,0.418749990357053,0.0217107782132716
-126.731596636452,-129.061754318195,4.91067227016548,-14.6757954578513,3.8567347369194,0.973056875725221,0.0488689914759162,0.418749990357053,0.0217107782132716
-126.714448519557,-129.015310545884,4.89352415327005,-15.372042316412,3.7882966837883,0.973056875725221,0.0488689914759162,0.418749990357053,0.0217107782132716
-126.674999677233,-128.970823920901,4.85407531094623,-13.4443931838379,3.74404428815842,0.973056875725221,0.0488689914759162,0.418749990357053,0.0217107782132716
-126.651020775908,-128.928175356043,4.83009640962123,-16.3421437108476,3.60283373212814,0.973056875725221,0.0488689914759162,0.418749990357053,0.0217107782132716
-126.608644427463,-128.887634648246,4.78772006117639,-13.6746061111538,3.7195653758049,0.973056875725221,0.0488689914759162,0.418749990357053,0.0217107782132716
-126.584940146173,-128.848880655357,4.76401577988619,-14.9412280774592,3.71570585584641,0.973056875725221,0.0488689914759162,0.418749990357053,0.0217107782132716
-126.558831242021,-128.812186799144,4.73790687573411,-14.5541175594066,3.65189598417282,0.973056875725221,0.0488689914759162,0.418749990357053,0.0217107782132716
-126.532988269136,-128.777619073515,4.71206390284892,-15.9960753260469,3.57678697919846,0.973056875725221,0.0488689914759162,0.418749990357053,0.0217107782132716
-126.502225153072,-128.745040952705,4.68130078678572,-14.4024011963936,3.55563782072067,0.973056875725221,0.0488689914759162,0.418749990357053,0.0217107782132716
-126.460835246627,-128.713967409988,4.63991088034077,-13.7079672510845,3.55485866880417,0.973056875725221,0.0488689914759162,0.418749990357053,0.0217107782132716
-126.438404858931,-128.685701902923,4.61748049264468,-14.3351670369479,3.48660372114182,0.973056875725221,0.0488689914759162,0.418749990357053,0.0217107782132716
-126.409953915602,-128.659560534978,4.58902954931578,-13.4956980803605,3.41535042142868,0.973056875725221,0.0488689914759162,0.418749990357053,0.0217107782132716
-126.402139979156,-128.635300581977,4.58121561286959,-12.3185162183897,3.4405298075676,0.973056875725221,0.0488689914759162,0.418749990357053,0.0217107782132716
-126.372665009557,-128.613127553609,4.55174064327052,-15.6741669951748,3.41657350873947,0.973056875725221,0.0488689914759162,0.418749990357053,0.0217107782132716
-126.341805888506,-128.593127876869,4.52088152221952,-13.6654070515847,3.48556755399704,0.973056875725221,0.0488689914759162,0.418749990357053,0.0217107782132716
-126.320679426838,-128.57528810092,4.49975506055156,-14.4545999083004,3.3928961596489,0.973056875725221,0.0488689914759162,0.418749990357053,0.0217107782132716
-126.290253705219,-128.559704376049,4.4693293389319,-13.7432506849245,3.32293461179733,0.973056875725221,0.0488689914759162,0.418749990357053,0.0217107782132716
-126.25682926461,-128.546155971087,4.43590489832293,-12.5362431281196,3.32522629117966,0.973056875725221,0.0488689914759162,0.418749990357053,0.0217107782132716
-126.235108775287,-128.534935961587,4.41418440900024,-12.7105033650582,3.27870367383957,0.973056875725221,0.0488689914759162,0.418749990357053,0.0217107782132716
-126.210229864444,-128.525845263703,4.38930549815722,-11.1816856195789,3.32130287504196,0.973056875725221,0.0488689914759162,0.418749990357053,0.0217107782132716
-126.194874452703,-128.518973420276,4.37395008641636,-12.6404534654984,3.29633663511276,0.973056875725221,0.0488689914759162,0.418749990357053,0.0217107782132716
-126.167214246374,-128.514274985719,4.34628988008781,-11.457554291443,3.32208059644699,0.973056875725221,0.0488689914759162,0.418749990357053,0.0217107782132716
-126.13122024796,-128.51182116608,4.31029588167295,-11.8944103309398,3.32278345441818,0.973056875725221,0.0488689914759162,0.418749990357053,0.0217107782132716
-126.118335484761,-128.51156203236,4.29741111847459,-10.7838419813907,3.11480759000778,0.973056875725221,0.0488689914759162,0.418749990357053,0.0217107782132716
-126.103674226189,-128.513508306516,4.28274985990254,-11.760828808268,3.15790985441208,0.973056875725221,0.0488689914759162,0.418749990357053,0.0217107782132716
-126.081002604546,-128.517677101268,4.26007823825933,-9.53378020734214,3.18344019269943,0.973056875725221,0.0488689914759162,0.418749990357053,0.0217107782132716
-126.057793399591,-128.524061237188,4.23686903330453,-11.148258565082,3.18240736341476,0.973056875725221,0.0488689914759162,0.418749990357053,0.0217107782132716
-126.027866129736,-128.532625519508,4.20694176344893,-9.41396033085041,3.18370769834518,0.973056875725221,0.0488689914759162,0.418749990357053,0.0217107782132716
-126.024046002999,-128.543491932366,4.20312163671205,-10.7840379478665,3.18273161268234,0.973056875725221,0.0488689914759162,0.418749990357053,0.0217107782132716
-125.988680841291,-128.556376056166,4.16775647500453,-7.71151014494174,3.13577984189987,0.973056875725221,0.0488689914759162,0.418749990357053,0.0217107782132716
-125.971351175254,-128.571502070845,4.15042680896738,-9.82330561199433,3.13427971220016,0.973056875725221,0.0488689914759162,0.418749990357053,0.0217107782132716
-125.958449039494,-128.588902802276,4.13752467320774,-6.68950605279057,3.20700453138351,0.973056875725221,0.0488689914759162,0.418749990357053,0.0217107782132716
-125.943545313595,-128.608274265927,4.12262094730859,-8.06329133629461,3.20720766401291,0.973056875725221,0.0488689914759162,0.418749990357053,0.0217107782132716
-125.924781196559,-128.629876370672,4.1038568302719,-7.38047892450186,3.11258123731613,0.973056875725221,0.0488689914759162,0.418749990357053,0.0217107782132716
-125.910522850411,-128.653601059912,4.08959848412474,-7.08245903149463,3.06732652997971,0.973056875725221,0.0488689914759162,0.418749990357053,0.0217107782132716
-125.914767593825,-128.679617346804,4.09384322753842,-7.13001961821474,3.1363887629509,0.973056875725221,0.0488689914759162,0.418749990357053,0.0217107782132716
-125.894409583165,-128.707531392547,4.07348521687881,-5.46586797381514,3.11425875043869,0.973056875725221,0.0488689914759162,0.418749990357053,0.0217107782132716
-125.881180776192,-128.737654506279,4.06025640990543,-6.43872379752544,3.2061958155632,0.973056875725221,0.0488689914759162,0.418749990357053,0.0217107782132716
-125.873970251385,-128.769693826149,4.05304588509794,-4.51142520556826,3.13429401731491,0.973056875725221,0.0488689914759162,0.418749990357053,0.0217107782132716
-125.865972886461,-128.80412864151,4.04504852017407,-5.4526822701657,3.06485508298874,0.973056875725221,0.0488689914759162,0.418749990357053,0.0217107782132716
-125.850893104648,-128.840205226964,4.02996873836114,-5.06237364780325,3.25420330381393,0.973056875725221,0.0488689914759162,0.418749990357053,0.0217107782132716
-125.839877730554,-128.878404339885,4.01895336426725,-4.58375910062902,3.30330704069138,0.973056875725221,0.0488689914759162,0.418749990357053,0.0217107782132716
-125.833157693871,-128.918535966911,4.01223332758471,-4.37223890322987,3.18365333890915,0.973056875725221,0.0488689914759162,0.418749990357053,0.0217107782132716
-125.832441420979,-128.960779258806,4.01151705469191,-3.28124663798474,3.1350836596489,0.973056875725221,0.0488689914759162,0.418749990357053,0.0217107782132716
-125.833289559482,-129.004791419564,4.01236519319562,-3.51336358191713,3.24833725309372,0.973056875725221,0.0488689914759162,0.418749990357053,0.0217107782132716
-125.815404142642,-129.050859106759,3.99447977635523,-2.50807272707025,3.25438831663132,0.973056875725221,0.0488689914759162,0.418749990357053,0.0217107782132716
-125.812403395017,-129.098687757473,3.99147902873001,-4.0302711460934,3.22910068845749,0.973056875725221,0.0488689914759162,0.418749990357053,0.0217107782132716
-125.798278744828,-129.148215834772,3.97735437854124,-3.02559718240038,3.28164766645432,0.973056875725221,0.0488689914759162,0.418749990357053,0.0217107782132716
-125.800750655114,-129.199871876833,3.97982628882695,-1.42120972962874,3.37317703580856,0.973056875725221,0.0488689914759162,0.418749990357053,0.0217107782132716
-125.797614003559,-129.252946991299,3.97668963727213,-0.528130689951316,3.22673700666428,0.973056875725221,0.0488689914759162,0.418749990357053,0.0217107782132716
-125.781912822764,-129.307878242459,3.9609884564776,1.20669682028605,3.22752426481247,0.973056875725221,0.0488689914759162,0.418749990357053,0.0217107782132716
-125.781936173218,-129.365047594836,3.96101180693159,0.532600284327246,3.25237892484665,0.973056875725221,0.0488689914759162,0.418749990357053,0.0217107782132716
-125.790293966281,-129.423286629912,3.96936959999389,0.0455876563299171,3.39319370603561,0.973056875725221,0.0488689914759162,0.418749990357053,0.0217107782132716
-125.792270850328,-129.483173327008,3.97134648404177,0.969046238468589,3.43779466962814,0.973056875725221,0.0488689914759162,0.418749990357053,0.0217107782132716
-125.792876868772,-129.544746159353,3.97195250248486,4.29042849512958,3.43790768003464,0.973056875725221,0.0488689914759162,0.418749990357053,0.0217107782132716
-125.800669564461,-129.607966001631,3.97974519817443,4.3654573939557,3.43917082166672,0.973056875725221,0.0488689914759162,0.418749990357053,0.0217107782132716
-125.807501172768,-129.672846286643,3.98657680648132,5.65277375411817,3.41508482313156,0.973056875725221,0.0488689914759162,0.418749990357053,0.0217107782132716
-125.815336065874,-129.738932751613,3.99441169958695,3.86106640962271,3.53317354536057,0.973056875725221,0.0488689914759162,0.418749990357053,0.0217107782132716
-125.842109083098,-129.806483159725,4.02118471681126,4.90526681012433,3.46062754011154,0.973056875725221,0.0488689914759162,0.418749990357053,0.0217107782132716
-125.844974867438,-129.876337603653,4.02405050115134,7.46393507998917,3.48672388410568,0.973056875725221,0.0488689914759162,0.418749990357053,0.0217107782132716
-125.849553027662,-129.947116409918,4.02862866137499,6.98878704938296,3.57770059919357,0.973056875725221,0.0488689914759162,0.418749990357053,0.0217107782132716
-125.870379303211,-130.017679753894,4.0494549369248,7.78027702836918,3.53526256895065,0.973056875725221,0.0488689914759162,0.418749990357053,0.0217107782132716
-125.881772448633,-130.090585663237,4.06084808234622,6.52306085177,3.48585174894333,0.973056875725221,0.0488689914759162,0.418749990357053,0.0217107782132716
-125.912633559935,-130.164650887441,4.09170919364812,7.98240978556634,3.60533188199997,0.973056875725221,0.0488689914759162,0.418749990357053,0.0217107782132716
-125.920868028575,-130.240423097773,4.09994366228786,5.68576612477435,3.62714861249924,0.973056875725221,0.0488689914759162,0.418749990357053,0.0217107782132716
-125.927294544128,-130.316456256061,4.10637017784093,6.70859494557812,3.64810894346237,0.973056875725221,0.0488689914759162,0.418749990357053,0.0217107782132716
-125.950415229181,-130.39389318956,4.12949086289383,5.83994312668808,3.74418161725998,0.973056875725221,0.0488689914759162,0.418749990357053,0.0217107782132716
-125.968561174287,-130.472454006928,4.14763680800065,6.88791182855075,3.71917961454391,0.973056875725221,0.0488689914759162,0.418749990357053,0.0217107782132716
-125.976651728439,-130.551969042101,4.15572736215258,8.53251486763472,3.67620895719528,0.973056875725221,0.0488689914759162,0.418749990357053,0.0217107782132716
-125.999738241191,-130.63214640845,4.17881387490382,7.26910912549001,3.72249458646774,0.973056875725221,0.0488689914759162,0.418749990357053,0.0217107782132716
-126.020333969676,-130.713414024564,4.19940960338902,9.11887069322464,3.74323652601242,0.973056875725221,0.0488689914759162,0.418749990357053,0.0217107782132716
-126.016654188112,-130.795570188266,4.19572982182528,6.47307767716027,3.86254309034348,0.973056875725221,0.0488689914759162,0.418749990357053,0.0217107782132716
-126.039469607395,-130.878683979102,4.2185452411079,8.89525616900521,3.81443880414963,0.973056875725221,0.0488689914759162,0.418749990357053,0.0217107782132716
-126.064676410455,-130.961917316052,4.24375204416877,7.12662554089493,3.84446619367599,0.973056875725221,0.0488689914759162,0.418749990357053,0.0217107782132716
-126.067352431887,-131.046160848324,4.24642806560074,8.86718334351568,3.97735594129562,0.973056875725221,0.0488689914759162,0.418749990357053,0.0217107782132716
-126.076728713186,-131.131125741969,4.25580434689926,7.82324108669418,4.00577877378464,0.973056875725221,0.0488689914759162,0.418749990357053,0.0217107782132716
-126.082338243337,-131.216515386538,4.26141387704992,7.71788496545284,4.02841971731186,0.973056875725221,0.0488689914759162,0.418749990357053,0.0217107782132716
-126.097090260928,-131.302643087596,4.27616589464141,7.44915634912263,4.0529930434227,0.973056875725221,0.0488689914759162,0.418749990357053,0.0217107782132716
-126.102988926267,-131.389262016246,4.2820645599804,7.78025746253184,4.12225077962875,0.973056875725221,0.0488689914759162,0.418749990357053,0.0217107782132716
-126.124215053754,-131.475747779593,4.30329068746757,9.03678385872948,4.12122939443588,0.973056875725221,0.0488689914759162,0.418749990357053,0.0217107782132716
-126.145865237273,-131.56277780193,4.32494087098598,6.74336106955161,4.14580558156967,0.973056875725221,0.0488689914759162,0.418749990357053,0.0217107782132716
-126.150361360724,-131.650153384811,4.32943699443758,9.0174837403058,4.14270518636703,0.973056875725221,0.0488689914759162,0.418749990357053,0.0217107782132716
-126.175721254904,-131.737757158886,4.35479688861756,9.13357177955218,4.23443530416489,0.973056875725221,0.0488689914759162,0.418749990357053,0.0217107782132716
-126.178791072073,-131.825450015412,4.35786670578589,9.01605454067099,4.37704203939438,0.973056875725221,0.0488689914759162,0.418749990357053,0.0217107782132716
-126.206075782624,-131.913197215342,4.38515141633752,10.0937948363779,4.23858569478989,0.973056875725221,0.0488689914759162,0.418749990357053,0.0217107782132716
-126.235730031203,-132.001236935293,4.41480566491601,9.37431233547811,4.46881507253647,0.973056875725221,0.0488689914759162,0.418749990357053,0.0217107782132716
-126.246919541054,-132.089031479462,4.42599517476705,10.7498408724854,4.40239642477036,0.973056875725221,0.0488689914759162,0.418749990357053,0.0217107782132716
-126.260477973524,-132.177028558172,4.43955360723761,10.1418706603133,4.47016452169418,0.973056875725221,0.0488689914759162,0.418749990357053,0.0217107782132716
-126.289527708265,-132.264816225068,4.46860334197816,11.1510063387818,4.56445525503159,0.973056875725221,0.0488689914759162,0.418749990357053,0.0217107782132716
-126.31065659891,-132.352830029803,4.48973223262367,11.4362545043257,4.65574668264389,0.973056875725221,0.0488689914759162,0.418749990357053,0.0217107782132716
-126.329162827966,-132.440012333059,4.50823846167972,11.4458232666069,4.63438723897934,0.973056875725221,0.0488689914759162,0.418749990357053,0.0217107782132716
-126.357480938456,-132.527392163207,4.53655657216911,12.3179623426124,4.65759490346909,0.973056875725221,0.0488689914759162,0.418749990357053,0.0217107782132716
-126.380861548837,-132.613824644044,4.55993718255029,13.7535940604039,4.72849582052231,0.973056875725221,0.0488689914759162,0.418749990357053,0.0217107782132716
-126.406893108846,-132.700383890665,4.58596874255901,13.0443221164994,4.65737841939926,0.973056875725221,0.0488689914759162,0.418749990357053,0.0217107782132716
-126.444075118148,-132.786486428578,4.62315075186109,12.8845085480155,4.82155154561996,0.973056875725221,0.0488689914759162,0.418749990357053,0.0217107782132716
-126.462252112558,-132.872108588274,4.64132774627171,13.1493666530825,4.89271281576157,0.973056875725221,0.0488689914759162,0.418749990357053,0.0217107782132716
-126.498527269342,-132.957407998505,4.67760290305491,15.8574090591893,4.89224742269516,0.973056875725221,0.0488689914759162,0.418749990357053,0.0217107782132716
-126.530570604863,-133.041083198967,4.70964623857611,14.3030799823124,4.96043608999252,0.973056875725221,0.0488689914759162,0.418749990357053,0.0217107782132716
-126.557599867471,-133.12526221084,4.73667550118387,15.0729925005294,4.96344779348373,0.973056875725221,0.0488689914759162,0.418749990357053,0.0217107782132716
-126.603498606635,-133.208168548852,4.78257424034825,14.9677341081108,5.05558799123764,0.973056875725221,0.0488689914759162,0.418749990357053,0.0217107782132716
-126.62857533303,-133.290233401412,4.80765096674365,17.0669307559589,5.14661906576157,0.973056875725221,0.0488689914759162,0.418749990357053,0.0217107782132716
-126.653174769432,-133.371745879144,4.83225040314567,16.3203370191308,5.19495700216293,0.973056875725221,0.0488689914759162,0.418749990357053,0.0217107782132716
-126.689540551815,-133.452560685765,4.86861618552834,15.7325175966387,5.31027434682846,0.973056875725221,0.0488689914759162,0.418749990357053,0.0217107782132716
-126.717301569439,-133.532130020576,4.89637720315225,16.0453930530788,5.31523249959946,0.973056875725221,0.0488689914759162,0.418749990357053,0.0217107782132716
-126.756253201846,-133.61099377569,4.93532883555942,16.071289483236,5.36100409841537,0.973056875725221,0.0488689914759162,0.418749990357053,0.0217107782132716
-126.779599606577,-133.688540243378,4.95867524029076,15.7526617298405,5.43434928274155,0.973056875725221,0.0488689914759162,0.418749990357053,0.0217107782132716
-126.814204093369,-133.765359028716,4.99327972708238,14.6220233435889,5.49924491262436,0.973056875725221,0.0488689914759162,0.418749990357053,0.0217107782132716
-126.845824415791,-133.840779576425,5.02490004950418,15.3034675878399,5.43036578512192,0.973056875725221,0.0488689914759162,0.418749990357053,0.0217107782132716
-126.881723312956,-133.915286523148,5.06079894666955,16.6574386863939,5.50458644247055,0.973056875725221,0.0488689914759162,0.418749990357053,0.0217107782132716
-126.906789817197,-133.988968366608,5.08586545091008,14.8517005127487,5.48164389944077,0.973056875725221,0.0488689914759162,0.418749990357053,0.0217107782132716
-126.942115491763,-134.061707543999,5.12119112547624,14.8807041046407,5.66472648000717,0.973056875725221,0.0488689914759162,0.418749990357053,0.0217107782132716
-126.97399984313,-134.130945385859,5.15307547684368,15.056223969631,5.64269564962387,0.973056875725221,0.0488689914759162,0.418749990357053,0.0217107782132716
-127.013674328488,-134.200288736582,5.19274996220095,16.3622697580883,5.61773227071762,0.973056875725221,0.0488689914759162,0.418749990357053,0.0217107782132716
-127.041241730838,-134.268200658067,5.22031736455178,15.2999991642141,5.68889544820786,0.973056875725221,0.0488689914759162,0.418749990357053,0.0217107782132716
-127.057108712257,-134.335182412909,5.23618434597048,14.5676644070247,5.7865888915062,0.973056875725221,0.0488689914759162,0.418749990357053,0.0217107782132716
-127.089913120969,-134.399732881181,5.2689887546824,14.4522592496032,5.70938895559311,0.973056875725221,0.0488689914759162,0.418749990357053,0.0217107782132716
-127.120587792948,-134.463343927368,5.29966342666144,15.3467728684006,5.94593928670883,0.973056875725221,0.0488689914759162,0.418749990357053,0.0217107782132716
-127.144612911274,-134.525483054086,5.32368854498752,15.2823912222974,5.85394690847397,0.973056875725221,0.0488689914759162,0.418749990357053,0.0217107782132716
-127.183439996668,-134.585678405867,5.36251563038129,15.9562999152327,5.97182486867905,0.973056875725221,0.0488689914759162,0.418749990357053,0.0217107782132716
-127.205232976438,-134.644500664228,5.3843086101511,13.3320056687806,6.06405757284164,0.973056875725221,0.0488689914759162,0.418749990357053,0.0217107782132716
-127.242396592129,-134.701690801641,5.42147222584208,14.8497072872715,5.97236083364487,0.973056875725221,0.0488689914759162,0.418749990357053,0.0217107782132716
-127.253037872694,-134.757170571639,5.43211350640702,13.8014223178723,6.11020682668686,0.973056875725221,0.0488689914759162,0.418749990357053,0.0217107782132716
-127.279982504827,-134.810760698387,5.45905813853995,15.4562092135053,5.99241088247299,0.973056875725221,0.0488689914759162,0.418749990357053,0.0217107782132716
-127.320331974297,-134.862679644244,5.49940760801054,14.1015257508803,6.08892939901352,0.973056875725221,0.0488689914759162,0.418749990357053,0.0217107782132716
-127.33980093544,-134.912709086301,5.51887656915342,14.1418070877127,6.20315478658676,0.973056875725221,0.0488689914759162,0.418749990357053,0.0217107782132716
-127.362491888524,-134.961256252175,5.54156752223753,13.8788045438391,6.25223658895493,0.973056875725221,0.0488689914759162,0.418749990357053,0.0217107782132716
-127.399622775148,-135.007420495489,5.57869840886174,14.4677711186869,6.31778548574448,0.973056875725221,0.0488689914759162,0.418749990357053,0.0217107782132716
-127.437170451914,-135.052288927241,5.61624608562733,14.5038354404694,6.37292598104477,0.973056875725221,0.0488689914759162,0.418749990357053,0.0217107782132716
-127.45064276204,-135.094848992002,5.62971839575374,14.1318177685147,6.44083808279037,0.973056875725221,0.0488689914759162,0.418749990357053,0.0217107782132716
-127.482911923562,-135.13542153384,5.66198755727534,12.8941384402052,6.39491484975815,0.973056875725221,0.0488689914759162,0.418749990357053,0.0217107782132716
-127.500451462685,-135.173937898559,5.67952709639816,13.9388120607125,6.46359561300278,0.973056875725221,0.0488689914759162,0.418749990357053,0.0217107782132716
-127.525744509173,-135.210809150274,5.70482014288595,13.6814389577225,6.51040767049789,0.973056875725221,0.0488689914759162,0.418749990357053,0.0217107782132716
-127.556821921414,-135.245373543738,5.73589755512707,12.5406264079986,6.3945925078392,0.973056875725221,0.0488689914759162,0.418749990357053,0.0217107782132716
-127.578856949382,-135.277864371424,5.75793258309495,13.3489943062675,6.43781207418442,0.973056875725221,0.0488689914759162,0.418749990357053,0.0217107782132716
-127.608890674464,-135.308403067587,5.78796630817779,12.5700653151312,6.55949328756332,0.973056875725221,0.0488689914759162,0.418749990357053,0.0217107782132716
-127.643027731305,-135.336917675053,5.82210336501871,12.8768425403267,6.44379924154282,0.973056875725221,0.0488689914759162,0.418749990357053,0.0217107782132716
-127.66810761725,-135.363274797242,5.84718325096364,12.3936119054687,6.53461192464828,0.973056875725221,0.0488689914759162,0.418749990357053,0.0217107782132716
-127.704222132126,-135.387567400117,5.88329776583929,10.2389989468993,6.55597422933578,0.973056875725221,0.0488689914759162,0.418749990357053,0.0217107782132716
-127.709045394736,-135.409650968286,5.88812102844963,14.0136597778719,6.58293269491196,0.973056875725221,0.0488689914759162,0.418749990357053,0.0217107782132716
-127.730106530932,-135.429665961652,5.90918216464539,10.2043286913355,6.55838511800766,0.973056875725221,0.0488689914759162,0.418749990357053,0.0217107782132716
-127.753983110631,-135.447460114662,5.93305874434447,13.1513692975209,6.70183299398422,0.973056875725221,0.0488689914759162,0.418749990357053,0.0217107782132716
-127.77606536729,-135.463162873129,5.95514100100342,9.94393246271248,6.69605277395248,0.973056875725221,0.0488689914759162,0.418749990357053,0.0217107782132716
-127.794634514022,-135.476696116004,5.97371014773512,12.3919493356075,6.76937220907211,0.973056875725221,0.0488689914759162,0.418749990357053,0.0217107782132716
-127.813581303337,-135.487877124064,5.99265693705003,10.6808524225363,6.72151683187485,0.973056875725221,0.0488689914759162,0.418749990357053,0.0217107782132716
-127.844184936206,-135.496960344083,6.02326056991956,8.56862063550014,6.69580005025864,0.973056875725221,0.0488689914759162,0.418749990357053,0.0217107782132716
-127.855180794201,-135.503833010873,6.03425642791422,9.96127282428303,6.84150241231918,0.973056875725221,0.0488689914759162,0.418749990357053,0.0217107782132716
-127.865354864359,-135.508521105703,6.04443049807193,9.33710825411582,6.88515113210678,0.973056875725221,0.0488689914759162,0.418749990357053,0.0217107782132716
-127.89246860256,-135.51098028885,6.07154423627374,9.21580258179748,6.83785079336166,0.973056875725221,0.0488689914759162,0.418749990357053,0.0217107782132716
-127.89630884036,-135.511230179094,6.07538447407355,9.98588405376498,6.86168597555161,0.973056875725221,0.0488689914759162,0.418749990357053,0.0217107782132716
-127.920986315909,-135.509281955543,6.10006194962195,9.53540367569894,6.8628771147728,0.973056875725221,0.0488689914759162,0.418749990357053,0.0217107782132716
-127.944851340449,-135.505128404275,6.12392697416189,7.78322504378178,6.88451789236069,0.973056875725221,0.0488689914759162,0.418749990357053,0.0217107782132716
-127.964651064262,-135.498758014971,6.14372669797483,10.0966385239621,6.97477458333969,0.973056875725221,0.0488689914759162,0.418749990357053,0.0217107782132716
-127.962227804552,-135.490131346509,6.14130343826544,7.22675226368892,6.88547728872299,0.973056875725221,0.0488689914759162,0.418749990357053,0.0217107782132716
-127.977640503447,-135.479407503396,6.15671613716057,10.159396971373,6.81525443410873,0.973056875725221,0.0488689914759162,0.418749990357053,0.0217107782132716
-128.003090873042,-135.466461918359,6.18216650675515,7.22039939858259,6.97758410787582,0.973056875725221,0.0488689914759162,0.418749990357053,0.0217107782132716
-128.025739578467,-135.451274669156,6.20481521218044,7.63097572649004,6.93126223897934,0.973056875725221,0.0488689914759162,0.418749990357053,0.0217107782132716
-128.033412328144,-135.433937174,6.21248796185769,8.03292098260489,6.95246051168442,0.973056875725221,0.0488689914759162,0.418749990357053,0.0217107782132716
-128.047311842308,-135.414531625595,6.22638747602156,5.51927873920466,6.88348792409897,0.973056875725221,0.0488689914759162,0.418749990357053,0.0217107782132716
-128.056109678026,-135.392871020856,6.23518531173911,7.83938304705179,7.04585193014145,0.973056875725221,0.0488689914759162,0.418749990357053,0.0217107782132716
-128.064612665805,-135.368958241383,6.24368829951841,7.91898389719891,6.99871085500717,0.973056875725221,0.0488689914759162,0.418749990357053,0.0217107782132716
-128.081072525066,-135.342651599562,6.26014815877965,6.31259786225153,6.93287394857407,0.973056875725221,0.0488689914759162,0.418749990357053,0.0217107782132716
-128.1158256615,-135.31517124064,6.29490129521296,7.70869663346013,7.00426696157455,0.973056875725221,0.0488689914759162,0.418749990357053,0.0217107782132716
-128.127224886906,-135.285085945812,6.30630052061881,5.70156971085823,6.93199942922592,0.973056875725221,0.0488689914759162,0.418749990357053,0.0217107782132716
-128.132189929297,-135.25289268325,6.31126556300984,6.4565443399107,6.8860418639183,0.973056875725221,0.0488689914759162,0.418749990357053,0.0217107782132716
-128.137765452056,-135.218562487421,6.31684108576963,5.9197456365622,6.93034575796127,0.973056875725221,0.0488689914759162,0.418749990357053,0.0217107782132716
-128.153609249682,-135.182701788972,6.33268488339558,5.5500035976514,7.0049383482933,0.973056875725221,0.0488689914759162,0.418749990357053,0.0217107782132716
-128.172724736512,-135.144499259169,6.35180037022487,5.02879242511265,6.92768977499008,0.973056875725221,0.0488689914759162,0.418749990357053,0.0217107782132716
-128.177619036476,-135.104009749755,6.35669467018893,4.13823907656836,6.81578467702866,0.973056875725221,0.0488689914759162,0.418749990357053,0.0217107782132716
-128.190894798616,-135.061965427049,6.36997043232976,4.23136923373504,6.8381025633812,0.973056875725221,0.0488689914759162,0.418749990357053,0.0217107782132716
-128.190292232558,-135.017983199079,6.36936786627149,3.67389885495397,6.81583140707016,0.973056875725221,0.0488689914759162,0.418749990357053,0.0217107782132716
-128.212252557408,-134.971920204787,6.39132819112093,2.5353877046525,6.76777575826645,0.973056875725221,0.0488689914759162,0.418749990357053,0.0217107782132716
-128.206097919182,-134.924021116602,6.38517355289528,1.03613231765019,6.83749507284164,0.973056875725221,0.0488689914759162,0.418749990357053,0.0217107782132716
-128.221791594985,-134.874375185244,6.40086722869829,0.541379291412059,6.74465583181381,0.973056875725221,0.0488689914759162,0.418749990357053,0.0217107782132716
-128.212289835966,-134.82291172372,6.39136546967942,0.437776543132692,6.77055095052719,0.973056875725221,0.0488689914759162,0.418749990357053,0.0217107782132716
-128.228434792748,-134.769823282478,6.40751042646143,0.235564262032023,6.81871627187729,0.973056875725221,0.0488689914759162,0.418749990357053,0.0217107782132716
-128.201662651529,-134.714604814911,6.38073828524219,-3.07666069680665,6.70303462362289,0.973056875725221,0.0488689914759162,0.418749990357053,0.0217107782132716
-128.203650095102,-134.657954368513,6.38272572881513,-0.831782380660664,6.56056617116928,0.973056875725221,0.0488689914759162,0.418749990357053,0.0217107782132716
-128.202726890699,-134.599368270699,6.3818025244127,-0.484759674521213,6.64853976583481,0.973056875725221,0.0488689914759162,0.418749990357053,0.0217107782132716
-128.197061922716,-134.539412461493,6.37613755642977,-2.10983054558424,6.6296417555809,0.973056875725221,0.0488689914759162,0.418749990357053,0.0217107782132716
-128.197632992333,-134.477804419404,6.37670862604625,-6.40237621423895,6.58183406209946,0.973056875725221,0.0488689914759162,0.418749990357053,0.0217107782132716
-128.181353063511,-134.414852958383,6.36042869722386,-5.78911672922785,6.53568099355698,0.973056875725221,0.0488689914759162,0.418749990357053,0.0217107782132716
-128.170382808155,-134.349832773358,6.34945844186804,-7.13506551976895,6.58233378744125,0.973056875725221,0.0488689914759162,0.418749990357053,0.0217107782132716
-128.179104138633,-134.283919166472,6.35817977234643,-4.81514561138474,6.5327236495018,0.973056875725221,0.0488689914759162,0.418749990357053,0.0217107782132716
-128.130615013683,-134.216019744367,6.30969064739675,-6.6253549201547,6.44248412466049,0.973056875725221,0.0488689914759162,0.418749990357053,0.0217107782132716
-128.132820325762,-134.14740560492,6.31189595947534,-7.65559070875007,6.55523322439194,0.973056875725221,0.0488689914759162,0.418749990357053,0.0217107782132716
-128.117268608939,-134.077000489201,6.29634424265224,-7.24816746497437,6.45921061849594,0.973056875725221,0.0488689914759162,0.418749990357053,0.0217107782132716
-128.104608178337,-134.005435213131,6.28368381205052,-6.10578042155771,6.46308635091782,0.973056875725221,0.0488689914759162,0.418749990357053,0.0217107782132716
-128.086576553246,-133.932499695161,6.26565218695904,-6.17667426005099,6.42021010732651,0.973056875725221,0.0488689914759162,0.418749990357053,0.0217107782132716
-128.081289363085,-133.85826100237,6.26036499679786,-7.82195675571672,6.30055926656723,0.973056875725221,0.0488689914759162,0.418749990357053,0.0217107782132716
-128.058778722796,-133.782861386419,6.23785435650903,-4.54668624423423,6.41435836172104,0.973056875725221,0.0488689914759162,0.418749990357053,0.0217107782132716
-128.045532664191,-133.706578369142,6.22460829790475,-6.57376380705867,6.32301543569565,0.973056875725221,0.0488689914759162,0.418749990357053,0.0217107782132716
-128.03587073802,-133.629200469125,6.21494637173295,-6.53887823053305,6.3673822722435,0.973056875725221,0.0488689914759162,0.418749990357053,0.0217107782132716
-128.028518265158,-133.550521026487,6.20759389887082,-6.11356403013028,6.25216315603256,0.973056875725221,0.0488689914759162,0.418749990357053,0.0217107782132716
-128.019817575525,-133.470236097814,6.19889320923869,-6.39859885562842,6.20410273885727,0.973056875725221,0.0488689914759162,0.418749990357053,0.0217107782132716
-127.998366273174,-133.390543668076,6.17744190688746,-6.51427770744433,6.22897265768051,0.973056875725221,0.0488689914759162,0.418749990357053,0.0217107782132716
-127.989999146772,-133.309489189041,6.16907478048537,-6.89162656377636,6.20073436117172,0.973056875725221,0.0488689914759162,0.418749990357053,0.0217107782132716
-127.976193814124,-133.227402898365,6.15526944783754,-5.23612538195279,6.12794326162338,0.973056875725221,0.0488689914759162,0.418749990357053,0.0217107782132716
-127.972479266928,-133.143873984767,6.1515549006412,-5.7228679253804,6.13201163625717,0.973056875725221,0.0488689914759162,0.418749990357053,0.0217107782132716
-127.965290049385,-133.060068446125,6.14436568309826,-6.68787600757747,6.10641215658188,0.973056875725221,0.0488689914759162,0.418749990357053,0.0217107782132716
-127.961623716388,-132.976433650484,6.14069935010134,-6.41745902241838,6.0395071349144,0.973056875725221,0.0488689914759162,0.418749990357053,0.0217107782132716
-127.945192506738,-132.891802287406,6.12426814045083,-6.39949116533711,6.01564715719223,0.973056875725221,0.0488689914759162,0.418749990357053,0.0217107782132716
-127.93972514961,-132.806474735107,6.11880078332297,-6.65514886559649,5.9215700469017,0.973056875725221,0.0488689914759162,0.418749990357053,0.0217107782132716
-127.920425871808,-132.719649817961,6.09950150552138,-6.70092821464707,5.90013335561752,0.973056875725221,0.0488689914759162,0.418749990357053,0.0217107782132716
-127.915810264274,-132.633957157895,6.09488589798754,-7.05809057535904,5.78303359365463,0.973056875725221,0.0488689914759162,0.418749990357053,0.0217107782132716
-127.908808192172,-132.547089762448,6.0878838258851,-7.20759056935336,5.73482344961166,0.973056875725221,0.0488689914759162,0.418749990357053,0.0217107782132716
-127.885869020184,-132.460163884884,6.06494465389698,-7.53029282552407,5.85307811117172,0.973056875725221,0.0488689914759162,0.418749990357053,0.0217107782132716
-127.877862961954,-132.373132922107,6.05693859566764,-8.47395240848144,5.68762896871567,0.973056875725221,0.0488689914759162,0.418749990357053,0.0217107782132716
-127.864571548861,-132.285509364489,6.04364718257419,-8.02157313758617,5.71048568105698,0.973056875725221,0.0488689914759162,0.418749990357053,0.0217107782132716
-127.841988897666,-132.197241362053,6.02106453137893,-8.61263518125264,5.64251635885239,0.973056875725221,0.0488689914759162,0.418749990357053,0.0217107782132716
-127.816762250756,-132.109389234533,5.99583788446914,-10.3046512959798,5.66733668661118,0.973056875725221,0.0488689914759162,0.418749990357053,0.0217107782132716
-127.807193537999,-132.020783180593,5.98626917171249,-10.3036804224762,5.45749591207504,0.973056875725221,0.0488689914759162,0.418749990357053,0.0217107782132716
-127.777663222976,-131.932684803134,5.95673885668949,-10.3250964355617,5.4569933257103,0.973056875725221,0.0488689914759162,0.418749990357053,0.0217107782132716
-127.760350428621,-131.84578848215,5.93942606233394,-11.4953503435782,5.38416789388657,0.973056875725221,0.0488689914759162,0.418749990357053,0.0217107782132716
-127.729841985129,-131.758251792638,5.90891761884257,-10.9545435868589,5.269191010952,0.973056875725221,0.0488689914759162,0.418749990357053,0.0217107782132716
-127.714599701075,-131.66969472192,5.89367533478791,-10.8429779905589,5.28669093465805,0.973056875725221,0.0488689914759162,0.418749990357053,0.0217107782132716
-127.675854474369,-131.582773351094,5.85493010808277,-11.9639658863164,5.33732817983627,0.973056875725221,0.0488689914759162,0.418749990357053,0.0217107782132716
-127.665006583352,-131.495746193987,5.84408221706531,-11.8401095795915,5.26912234640121,0.973056875725221,0.0488689914759162,0.418749990357053,0.0217107782132716
-127.638284171181,-131.408795843307,5.81735980489381,-12.241782150791,5.29052089071274,0.973056875725221,0.0488689914759162,0.418749990357053,0.0217107782132716
-127.60357670504,-131.322761758784,5.78265233875336,-12.9303405727849,5.17161868429184,0.973056875725221,0.0488689914759162,0.418749990357053,0.0217107782132716
-127.585092249371,-131.236401695628,5.76416788308415,-12.0336842571993,5.16972564077377,0.973056875725221,0.0488689914759162,0.418749990357053,0.0217107782132716
-127.565056395706,-131.150921281198,5.7441320294189,-13.6966745858869,5.14842723226547,0.973056875725221,0.0488689914759162,0.418749990357053,0.0217107782132716
-127.530479801808,-131.065892898221,5.7095554355211,-12.3670976733755,5.0786688170433,0.973056875725221,0.0488689914759162,0.418749990357053,0.0217107782132716
-127.51546763267,-130.981452320145,5.69454326638366,-13.1822160435256,5.05500338888168,0.973056875725221,0.0488689914759162,0.418749990357053,0.0217107782132716
-127.477399515865,-130.898090592089,5.65647514957804,-12.6773056759013,5.02846358633041,0.973056875725221,0.0488689914759162,0.418749990357053,0.0217107782132716
-127.453012905549,-130.81480491863,5.63208853926189,-13.2822435414293,4.89317916250229,0.973056875725221,0.0488689914759162,0.418749990357053,0.0217107782132716
-127.432898379914,-130.732240578027,5.61197401362717,-14.4410146863627,4.91061328268051,0.973056875725221,0.0488689914759162,0.418749990357053,0.0217107782132716
-127.408025729328,-130.650895626044,5.58710136304125,-12.9132225455958,4.86527179098129,0.973056875725221,0.0488689914759162,0.418749990357053,0.0217107782132716
-127.373714011242,-130.570388303106,5.55278964495509,-13.8624776886192,4.74894450521469,0.973056875725221,0.0488689914759162,0.418749990357053,0.0217107782132716
-127.35412771703,-130.490259963597,5.53320335074373,-12.8981248894768,4.69951270437241,0.973056875725221,0.0488689914759162,0.418749990357053,0.0217107782132716
-127.331923535142,-130.41178366181,5.51099916885556,-12.723335285782,4.75155280447006,0.973056875725221,0.0488689914759162,0.418749990357053,0.0217107782132716
-127.28890913363,-130.33432027564,5.46798476734292,-12.4543977088087,4.60627101278305,0.973056875725221,0.0488689914759162,0.418749990357053,0.0217107782132716
-127.277796886857,-130.257264650982,5.45687252057056,-12.0575237445425,4.58988402700424,0.973056875725221,0.0488689914759162,0.418749990357053,0.0217107782132716
-127.253626178482,-130.181837722609,5.43270181219549,-13.0674442395039,4.63553832387924,0.973056875725221,0.0488689914759162,0.418749990357053,0.0217107782132716
-127.226180745653,-130.107439176586,5.40525637936665,-12.2369989908542,4.51283667898178,0.973056875725221,0.0488689914759162,0.418749990357053,0.0217107782132716
-127.203700719768,-130.033723903036,5.38277635348175,-14.8318694321196,4.58591864919662,0.973056875725221,0.0488689914759162,0.418749990357053,0.0217107782132716
-127.175914744423,-129.962440053733,5.3549903781368,-12.5051895646239,4.49141047811508,0.973056875725221,0.0488689914759162,0.418749990357053,0.0217107782132716
-127.158936228243,-129.89173388145,5.33801186195676,-14.2940173362252,4.39726947164536,0.973056875725221,0.0488689914759162,0.418749990357053,0.0217107782132716
-127.136773775517,-129.822556449876,5.31584940922988,-13.5728889630656,4.42068694448471,0.973056875725221,0.0488689914759162,0.418749990357053,0.0217107782132716
-127.109816336694,-129.754675585687,5.28889197040686,-14.5099458477379,4.32816623067856,0.973056875725221,0.0488689914759162,0.418749990357053,0.0217107782132716
-127.071438822954,-129.687739144295,5.2505144566673,-14.5273073773867,4.18563865041733,0.973056875725221,0.0488689914759162,0.418749990357053,0.0217107782132716
-127.042160702272,-129.623070875623,5.22123633598556,-12.6645648728472,4.30154536581039,0.973056875725221,0.0488689914759162,0.418749990357053,0.0217107782132716
-127.033947451617,-129.559556927139,5.21302308533067,-14.6601701913284,4.25389121389389,0.973056875725221,0.0488689914759162,0.418749990357053,0.0217107782132716
-126.985025805934,-129.497451655722,5.16410143964732,-15.2816511983511,4.05011676168442,0.973056875725221,0.0488689914759162,0.418749990357053,0.0217107782132716
-126.969026732512,-129.437096371982,5.14810236622545,-13.2353050729045,4.07531951284409,0.973056875725221,0.0488689914759162,0.418749990357053,0.0217107782132716
-126.934417610953,-129.37833687768,5.11349324466603,-14.9700161683457,4.02452801084518,0.973056875725221,0.0488689914759162,0.418749990357053,0.0217107782132716
-126.905135945433,-129.321118705104,5.08421157914668,-13.5624716343348,4.06825850820541,0.973056875725221,0.0488689914759162,0.418749990357053,0.0217107782132716
-126.869401890358,-129.265606011772,5.04847752407131,-14.4956186966301,3.97696445798874,0.973056875725221,0.0488689914759162,0.418749990357053,0.0217107782132716
-126.838227311082,-129.212022804558,5.01730294479566,-14.6183565534039,3.93074034070969,0.973056875725221,0.0488689914759162,0.418749990357053,0.0217107782132716
-126.823748299874,-129.160073877497,5.00282393358714,-14.4767551620208,3.9762701830864,0.973056875725221,0.0488689914759162,0.418749990357053,0.0217107782132716
-126.785959551496,-129.109981435199,4.96503518520924,-16.3594397780556,3.76582811689377,0.973056875725221,0.0488689914759162,0.418749990357053,0.0217107782132716
-126.743764760669,-129.061822056332,4.92284039438254,-14.8310766405188,3.78848360395432,0.973056875725221,0.0488689914759162,0.418749990357053,0.0217107782132716
-126.721949890773,-129.015359333058,4.90102552448676,-15.231627599608,3.83665560102463,0.973056875725221,0.0488689914759162,0.418749990357053,0.0217107782132716
-126.69392530499,-128.970881051774,4.87300093870377,-15.4911709046407,3.67405126905441,0.973056875725221,0.0488689914759162,0.418749990357053,0.0217107782132716
-126.64119862158,-128.928200170074,4.82027425529291,-15.0515732547249,3.67184208250046,0.973056875725221,0.0488689914759162,0.418749990357053,0.0217107782132716
-126.627206312304,-128.887563706016,4.80628194601698,-16.0861004456493,3.64836786603928,0.973056875725221,0.0488689914759162,0.418749990357053,0.0217107782132716
-126.600666785062,-128.848939061163,4.77974241877577,-13.5231068817281,3.64846466398239,0.973056875725221,0.0488689914759162,0.418749990357053,0.0217107782132716
-126.567768488805,-128.812093240695,4.74684412251841,-15.196446558532,3.55837868070602,0.973056875725221,0.0488689914759162,0.418749990357053,0.0217107782132716
-126.543756610682,-128.777522807257,4.7228322443956,-15.9192236216751,3.64777468061447,0.973056875725221,0.0488689914759162,0.418749990357053,0.0217107782132716
-126.509943159388,-128.74488652747,4.68901879310163,-13.9479478562474,3.57964943265915,0.973056875725221,0.0488689914759162,0.418749990357053,0.0217107782132716
-126.484172051254,-128.714410620507,4.66324768496712,-12.5206350030813,3.46174906110764,0.973056875725221,0.0488689914759162,0.418749990357053,0.0217107782132716
-126.456467801379,-128.685633282314,4.63554343509251,-14.6512130489265,3.48619221067429,0.973056875725221,0.0488689914759162,0.418749990357053,0.0217107782132716
-126.429078397387,-128.659032719971,4.60815403110051,-13.8564859077118,3.46036289548874,0.973056875725221,0.0488689914759162,0.418749990357053,0.0217107782132716
-126.400031560468,-128.635225926688,4.57910719418114,-14.2086590740474,3.41872833585739,0.973056875725221,0.0488689914759162,0.418749990357053,0.0217107782132716
-126.38264799558,-128.613112495205,4.56172362929325,-13.7838561057591,3.39448259687424,0.973056875725221,0.0488689914759162,0.418749990357053,0.0217107782132716
-126.351381843445,-128.593098591957,4.53045747715872,-13.2621516379585,3.39437960004807,0.973056875725221,0.0488689914759162,0.418749990357053,0.0217107782132716
-126.311402355599,-128.575300068214,4.49047798931251,-15.4841277810133,3.39198015546799,0.973056875725221,0.0488689914759162,0.418749990357053,0.0217107782132716
-126.302154830155,-128.559687015696,4.4812304638685,-13.7692508376621,3.32309196805954,0.973056875725221,0.0488689914759162,0.418749990357053,0.0217107782132716
-126.284067087989,-128.546219388777,4.46314272170234,-12.8538960487307,3.32366369581223,0.973056875725221,0.0488689914759162,0.418749990357053,0.0217107782132716
-126.237207845853,-128.534969968394,4.41628347956671,-13.4387455230433,3.1832375369072,0.973056875725221,0.0488689914759162,0.418749990357053,0.0217107782132716
-126.204858096923,-128.525835747339,4.38393373063595,-11.6664669274089,3.25493095731735,0.973056875725221,0.0488689914759162,0.418749990357053,0.0217107782132716
-126.205661527179,-128.518959635541,4.38473716089235,-12.3433348360136,3.27777670240402,0.973056875725221,0.0488689914759162,0.418749990357053,0.0217107782132716
-126.166915780388,-128.51427031169,4.34599141410111,-10.9667112817846,3.34558866834641,0.973056875725221,0.0488689914759162,0.418749990357053,0.0217107782132716
-126.139386132445,-128.511811117426,4.3184617661588,-11.6901060975258,3.25190733289719,0.973056875725221,0.0488689914759162,0.418749990357053,0.0217107782132716
-126.126232238574,-128.511559605228,4.30530787228722,-10.4796724565369,3.27781675672531,0.973056875725221,0.0488689914759162,0.418749990357053,0.0217107782132716
-126.105329489489,-128.513512677785,4.28440512320252,-11.700454196259,3.20261333799362,0.973056875725221,0.0488689914759162,0.418749990357053,0.0217107782132716
-126.077529842193,-128.517698466068,4.25660547590681,-11.1638468767901,3.08764122343063,0.973056875725221,0.0488689914759162,0.418749990357053,0.0217107782132716
-126.071528395269,-128.524038966857,4.250604028982,-10.7774778515216,3.20490024900436,0.973056875725221,0.0488689914759162,0.418749990357053,0.0217107782132716
-126.032834767312,-128.532641666773,4.21191040102523,-10.9332092117266,3.15869425153732,0.973056875725221,0.0488689914759162,0.418749990357053,0.0217107782132716
-126.018477326688,-128.543422545943,4.19755296040114,-9.32899685378496,3.01783369398117,0.973056875725221,0.0488689914759162,0.418749990357053,0.0217107782132716
-126.01649854117,-128.556394490873,4.19557417488331,-8.67209493844557,3.13889072751999,0.973056875725221,0.0488689914759162,0.418749990357053,0.0217107782132716
-125.974523213819,-128.571523357578,4.15359884753203,-8.14583374074935,3.13863800382614,0.973056875725221,0.0488689914759162,0.418749990357053,0.0217107782132716
-125.972223451478,-128.588863305354,4.15129908519143,-8.52852781692619,3.08664940214157,0.973056875725221,0.0488689914759162,0.418749990357053,0.0217107782132716
-125.957979276747,-128.608281616324,4.1370549104599,-7.70577239116431,3.16064213132858,0.973056875725221,0.0488689914759162,0.418749990357053,0.0217107782132716
-125.937163925932,-128.629916953233,4.11623955964524,-6.96120902891298,3.25225208616257,0.973056875725221,0.0488689914759162,0.418749990357053,0.0217107782132716
-125.923560849895,-128.653716471002,4.10263648360798,-6.87329951129034,3.18294285154343,0.973056875725221,0.0488689914759162,0.418749990357053,0.0217107782132716
-125.910532882157,-128.679553115848,4.0896085158707,-8.11561280627905,3.06524704313278,0.973056875725221,0.0488689914759162,0.418749990357053,0.0217107782132716
-125.906283999984,-128.707559081622,4.08535963369766,-4.21865012384564,3.15878294324875,0.973056875725221,0.0488689914759162,0.418749990357053,0.0217107782132716
-125.884548353843,-128.737643379207,4.06362398755625,-8.14200276499766,3.13306187009811,0.973056875725221,0.0488689914759162,0.418749990357053,0.0217107782132716
-125.870600736269,-128.769776858306,4.04967636998269,-3.69381158244494,3.18604658460617,0.973056875725221,0.0488689914759162,0.418749990357053,0.0217107782132716
-125.86056515142,-128.804090859418,4.03964078513339,-5.58511480725247,3.25288580274582,0.973056875725221,0.0488689914759162,0.418749990357053,0.0217107782132716
-125.860487334425,-128.840200789642,4.03956296813865,-5.28121241605508,3.16179512357712,0.973056875725221,0.0488689914759162,0.418749990357053,0.0217107782132716
-125.854310947312,-128.87839966533,4.03338658102509,-4.98087823602219,3.16052149152756,0.973056875725221,0.0488689914759162,0.418749990357053,0.0217107782132716
-125.842783398209,-128.918624326227,4.02185903192207,-5.62628741872039,3.18644378995895,0.973056875725221,0.0488689914759162,0.418749990357053,0.0217107782132716
-125.826103015926,-128.960954048903,4.00517864963973,-2.87700653193067,3.20726488447189,0.973056875725221,0.0488689914759162,0.418749990357053,0.0217107782132716
-125.829413872455,-129.004786051437,4.00848950616861,-2.61396178392524,3.25489900922775,0.973056875725221,0.0488689914759162,0.418749990357053,0.0217107782132716
-125.828820843631,-129.050752839769,4.00789647734462,-2.42203409408215,3.13559292173386,0.973056875725221,0.0488689914759162,0.418749990357053,0.0217107782132716
-125.814523316289,-129.098751716286,3.99359895000215,-1.63097579407688,3.27639053678513,0.973056875725221,0.0488689914759162,0.418749990357053,0.0217107782132716
-125.820733612329,-129.148312335262,3.99980924604218,-1.67051238905177,3.27831219053268,0.973056875725221,0.0488689914759162,0.418749990357053,0.0217107782132716
-125.803919055945,-129.19969701528,3.98299468965824,-0.162253748080676,3.21050976133347,0.973056875725221,0.0488689914759162,0.418749990357053,0.0217107782132716
-125.804412429036,-129.253198730236,3.98348806274887,-0.132147276270112,3.27896545743942,0.973056875725221,0.0488689914759162,0.418749990357053,0.0217107782132716
-125.798769113526,-129.30817795482,3.9778447472392,-0.39169205208412,3.3234963259697,0.973056875725221,0.0488689914759162,0.418749990357053,0.0217107782132716
-125.814374657881,-129.364862309139,3.99345029159434,2.37076729069595,3.36966036176682,0.973056875725221,0.0488689914759162,0.418749990357053,0.0217107782132716
-125.799509283805,-129.423590201643,3.97858491751796,0.494153120109755,3.32403896665573,0.973056875725221,0.0488689914759162,0.418749990357053,0.0217107782132716
-125.816922300313,-129.4832313397,3.99599793402658,-0.357291387850804,3.34694908475876,0.973056875725221,0.0488689914759162,0.418749990357053,0.0217107782132716
-125.805276769296,-129.544790796226,3.98435240300962,2.51555705781694,3.32202051496506,0.973056875725221,0.0488689914759162,0.418749990357053,0.0217107782132716
-125.811860756482,-129.607981247467,3.99093639019499,7.59289006436609,3.39257477140427,0.973056875725221,0.0488689914759162,0.418749990357053,0.0217107782132716
-125.814244391344,-129.673142775416,3.9933200250572,4.63234655133955,3.3909087023735,0.973056875725221,0.0488689914759162,0.418749990357053,0.0217107782132716
-125.837310793173,-129.738757299753,4.01638642688668,5.81997589401333,3.4177436671257,0.973056875725221,0.0488689914759162,0.418749990357053,0.0217107782132716
-125.843182285304,-129.806450584938,4.02225791901734,4.0248568730673,3.41792248106003,0.973056875725221,0.0488689914759162,0.418749990357053,0.0217107782132716
-125.861416634503,-129.875623088687,4.04049226821654,4.58480130998979,3.51285885190964,0.973056875725221,0.0488689914759162,0.418749990357053,0.0217107782132716
-125.860233509191,-129.946379749989,4.0393091429041,9.70082399685385,3.6252860865593,0.973056875725221,0.0488689914759162,0.418749990357053,0.0217107782132716
-125.884033080426,-130.018403778638,4.06310871413942,6.81624418075992,3.48465202665329,0.973056875725221,0.0488689914759162,0.418749990357053,0.0217107782132716
-125.893371468678,-130.090568131371,4.0724471023918,7.18389574629917,3.62827680921555,0.973056875725221,0.0488689914759162,0.418749990357053,0.0217107782132716
-125.905977194345,-130.16469542603,4.08505282805843,5.64841556507288,3.65133713102341,0.973056875725221,0.0488689914759162,0.418749990357053,0.0217107782132716
-125.919543578045,-130.240115585809,4.09861921175783,5.91183213700288,3.64972923612595,0.973056875725221,0.0488689914759162,0.418749990357053,0.0217107782132716
-125.933472203963,-130.316483779851,4.11254783767653,6.0418644434487,3.65197466230392,0.973056875725221,0.0488689914759162,0.418749990357053,0.0217107782132716
-125.956216545347,-130.393939685788,4.13529217906053,6.5325336622541,3.65071819639206,0.973056875725221,0.0488689914759162,0.418749990357053,0.0217107782132716
-125.97498408109,-130.472378662323,4.15405971480301,6.31802458906938,3.69957445478439,0.973056875725221,0.0488689914759162,0.418749990357053,0.0217107782132716
-125.984069736654,-130.551740300197,4.16314537036724,7.80407226438859,3.72399519300461,0.973056875725221,0.0488689914759162,0.418749990357053,0.0217107782132716
-125.996807644707,-130.632098220356,4.17588327841997,7.80862536637267,3.74520157194138,0.973056875725221,0.0488689914759162,0.418749990357053,0.0217107782132716
-126.023118067962,-130.713355594107,4.20219370167513,8.40659506976477,3.84080932950974,0.973056875725221,0.0488689914759162,0.418749990357053,0.0217107782132716
-126.040149524101,-130.795589854619,4.21922515781384,7.90498264187051,3.83941315031052,0.973056875725221,0.0488689914759162,0.418749990357053,0.0217107782132716
-126.046334294175,-130.878485543949,4.22540992788811,8.18275538146112,3.88687942838669,0.973056875725221,0.0488689914759162,0.418749990357053,0.0217107782132716
-126.051313518404,-130.962117391602,4.23038915211685,8.32262429627551,3.98188589429855,0.973056875725221,0.0488689914759162,0.418749990357053,0.0217107782132716
-126.072174626221,-131.04637252066,4.25125025993425,7.77747395940657,3.88969181394577,0.973056875725221,0.0488689914759162,0.418749990357053,0.0217107782132716
-126.090085670974,-131.13105469829,4.26916130468771,8.74067919149466,4.00403688764572,0.973056875725221,0.0488689914759162,0.418749990357053,0.0217107782132716
-126.102201565657,-131.216668570113,4.28127719936994,7.53011794261089,3.97735451078415,0.973056875725221,0.0488689914759162,0.418749990357053,0.0217107782132716
-126.109565758631,-131.302427441187,4.28864139234428,7.29342596173676,4.07622359609604,0.973056875725221,0.0488689914759162,0.418749990357053,0.0217107782132716
-126.134503226443,-131.388942123568,4.3135788601566,7.66936941977697,4.0269167265892,0.973056875725221,0.0488689914759162,0.418749990357053,0.0217107782132716
-126.14886769087,-131.475633790574,4.32794332458325,7.45499468597131,4.24211715078354,0.973056875725221,0.0488689914759162,0.418749990357053,0.0217107782132716
-126.154229837699,-131.562746602851,4.33330547141228,9.0807612831301,4.14083217000961,0.973056875725221,0.0488689914759162,0.418749990357053,0.0217107782132716
-126.182038297785,-131.650800063016,4.36111393149843,9.28861214725682,4.30790446615219,0.973056875725221,0.0488689914759162,0.418749990357053,0.0217107782132716
-126.190211636942,-131.737516715266,4.36928727065569,8.15575614766389,4.30914138174057,0.973056875725221,0.0488689914759162,0.418749990357053,0.0217107782132716
-126.192514050375,-131.825334830254,4.37158968408827,9.956431763263,4.33036444997787,0.973056875725221,0.0488689914759162,0.418749990357053,0.0217107782132716
-126.229084742912,-131.913039984413,4.40816037662572,9.39408766104789,4.33145640707016,0.973056875725221,0.0488689914759162,0.418749990357053,0.0217107782132716
-126.239735233933,-132.001100615317,4.4188108676467,11.2149710570115,4.4229414305687,0.973056875725221,0.0488689914759162,0.418749990357053,0.0217107782132716
-126.256664912211,-132.089146799205,4.43574054592411,10.2054946886736,4.45175574636459,0.973056875725221,0.0488689914759162,0.418749990357053,0.0217107782132716
-126.274104705867,-132.177018083723,4.45318033958075,9.6009761553661,4.47112296438217,0.973056875725221,0.0488689914759162,0.418749990357053,0.0217107782132716
-126.299172354637,-132.26459659242,4.47824798835025,11.4600504715749,4.51472781515121,0.973056875725221,0.0488689914759162,0.418749990357053,0.0217107782132716
-126.321578740793,-132.352652614263,4.50065437450597,9.43605897968531,4.60916827535629,0.973056875725221,0.0488689914759162,0.418749990357053,0.0217107782132716
-126.345548396841,-132.439845816242,4.5246240305542,12.0298432124328,4.70256732320786,0.973056875725221,0.0488689914759162,0.418749990357053,0.0217107782132716
-126.372429381198,-132.527070640958,4.55150501491178,12.4776928929866,4.63316462850571,0.973056875725221,0.0488689914759162,0.418749990357053,0.0217107782132716
-126.404450550391,-132.613742006293,4.58352618410388,12.7130688159037,4.72582362508774,0.973056875725221,0.0488689914759162,0.418749990357053,0.0217107782132716
-126.429411873866,-132.700147425723,4.60848750757961,12.9010199000448,4.7973139128685,0.973056875725221,0.0488689914759162,0.418749990357053,0.0217107782132716
-126.455772397592,-132.786435299323,4.63484803130507,14.0799973931065,4.81985972738266,0.973056875725221,0.0488689914759162,0.418749990357053,0.0217107782132716
-126.479244310847,-132.871783330744,4.65831994456004,14.5495845021734,4.96092532491684,0.973056875725221,0.0488689914759162,0.418749990357053,0.0217107782132716
-126.512231294217,-132.956721458096,4.69130692793002,14.4589283486076,4.96138881063461,0.973056875725221,0.0488689914759162,0.418749990357053,0.0217107782132716
-126.526973129289,-133.04185487573,4.70604876300199,15.4242530842004,4.98467181539536,0.973056875725221,0.0488689914759162,0.418749990357053,0.0217107782132716
-126.564532045342,-133.124973917723,4.7436076790556,13.818783255848,5.00693438863754,0.973056875725221,0.0488689914759162,0.418749990357053,0.0217107782132716
-126.594946721114,-133.208257235576,4.77402235482727,15.8053957079756,5.10387347555161,0.973056875725221,0.0488689914759162,0.418749990357053,0.0217107782132716
-126.631071244656,-133.290282207062,4.81014687836959,13.5586504673446,5.12481044149399,0.973056875725221,0.0488689914759162,0.418749990357053,0.0217107782132716
-126.657372419042,-133.371881142269,4.83644805275576,16.1163644718045,5.19568465566635,0.973056875725221,0.0488689914759162,0.418749990357053,0.0217107782132716
-126.683969033441,-133.452331338349,4.86304466715445,14.5883470688212,5.15030215597153,0.973056875725221,0.0488689914759162,0.418749990357053,0.0217107782132716
-126.737712291339,-133.532649455575,4.91678792505248,17.2068550968555,5.22080634450912,0.973056875725221,0.0488689914759162,0.418749990357053,0.0217107782132716
-126.765918180534,-133.610667322756,4.94499381424759,14.9293535394208,5.24402259206772,0.973056875725221,0.0488689914759162,0.418749990357053,0.0217107782132716
-126.793121594947,-133.688438999682,4.97219722866071,15.727217468233,5.29094622945786,0.973056875725221,0.0488689914759162,0.418749990357053,0.0217107782132716
-126.812521734511,-133.765286432605,4.99159736822449,15.3348942975727,5.43010543203354,0.973056875725221,0.0488689914759162,0.418749990357053,0.0217107782132716
-126.851938377137,-133.840761696825,5.03101401085079,16.6850010596811,5.4754841170311,0.973056875725221,0.0488689914759162,0.418749990357053,0.0217107782132716
-126.88464212106,-133.915075341522,5.06371775477379,16.1926344638061,5.48009799337387,0.973056875725221,0.0488689914759162,0.418749990357053,0.0217107782132716
-126.899877783137,-133.988561706701,5.07895341685066,14.711134943801,5.52667544698715,0.973056875725221,0.0488689914759162,0.418749990357053,0.0217107782132716
-126.93253557478,-134.061078598925,5.11161120849291,14.0880217223477,5.57900832509995,0.973056875725221,0.0488689914759162,0.418749990357053,0.0217107782132716
-126.974895209996,-134.132822464469,5.15397084370975,15.2884927305421,5.68996356344223,0.973056875725221,0.0488689914759162,0.418749990357053,0.0217107782132716
-126.994184958687,-134.200395106733,5.17326059240011,16.2002160690343,5.59583114004135,0.973056875725221,0.0488689914759162,0.418749990357053,0.0217107782132716
-127.044173883354,-134.268473160841,5.22324951706774,12.8455199681828,5.76236174917221,0.973056875725221,0.0488689914759162,0.418749990357053,0.0217107782132716
-127.056667132706,-134.335080472368,5.235742766419,14.9702458132898,5.69203017568588,0.973056875725221,0.0488689914759162,0.418749990357053,0.0217107782132716
-127.075998065088,-134.399947503178,5.25507369880099,15.6004673446479,5.78549693441391,0.973056875725221,0.0488689914759162,0.418749990357053,0.0217107782132716
-127.119469268379,-134.463403790051,5.29854490209222,14.6343006111172,5.83375380849838,0.973056875725221,0.0488689914759162,0.418749990357053,0.0217107782132716
-127.143397934177,-134.525198512808,5.32247356789065,15.2636439164038,5.87829612112045,0.973056875725221,0.0488689914759162,0.418749990357053,0.0217107782132716
-127.172257375469,-134.585415521374,5.35133300918264,14.9172499862641,5.90288565969467,0.973056875725221,0.0488689914759162,0.418749990357053,0.0217107782132716
-127.197602189215,-134.64426576689,5.37667782292806,15.210060907376,6.01598952627182,0.973056875725221,0.0488689914759162,0.418749990357053,0.0217107782132716
-127.227117950266,-134.701462728018,5.40619358397962,13.4376323705094,5.99986956930161,0.973056875725221,0.0488689914759162,0.418749990357053,0.0217107782132716
-127.252704313562,-134.756988486169,5.43177994727487,13.9175931647382,6.0660021147728,0.973056875725221,0.0488689914759162,0.418749990357053,0.0217107782132716
-127.280999977496,-134.810571859181,5.46007561120912,16.6457179834997,6.11368964529037,0.973056875725221,0.0488689914759162,0.418749990357053,0.0217107782132716
-127.306623816553,-134.862436364866,5.48569945026628,14.9317101294182,6.23157714223862,0.973056875725221,0.0488689914759162,0.418749990357053,0.0217107782132716
-127.330416692434,-134.912544849652,5.5094923261475,15.2911766170034,6.23359225606918,0.973056875725221,0.0488689914759162,0.418749990357053,0.0217107782132716
-127.357075342463,-134.960804673066,5.53615097617668,12.7630541802711,6.23037360525131,0.973056875725221,0.0488689914759162,0.418749990357053,0.0217107782132716
-127.404626915115,-135.007252431603,5.58370254882862,15.1613437828894,6.16148970937729,0.973056875725221,0.0488689914759162,0.418749990357053,0.0217107782132716
-127.414138972544,-135.051863099625,5.59321460625684,12.7756058933212,6.39529631948471,0.973056875725221,0.0488689914759162,0.418749990357053,0.0217107782132716
-127.456467889431,-135.094600884209,5.6355435231443,13.3201696304202,6.32601950979233,0.973056875725221,0.0488689914759162,0.418749990357053,0.0217107782132716
-127.471250926228,-135.135218197465,5.65032655994085,13.4509735786637,6.25543711996078,0.973056875725221,0.0488689914759162,0.418749990357053,0.0217107782132716
-127.519304338214,-135.173879494598,5.69837997192749,14.4850706583242,6.53656409597397,0.973056875725221,0.0488689914759162,0.418749990357053,0.0217107782132716
-127.529424162371,-135.210813401883,5.70849979608457,14.4194214383468,6.44248698568344,0.973056875725221,0.0488689914759162,0.418749990357053,0.0217107782132716
-127.544567015847,-135.245441709884,5.72364264956013,12.7481814073245,6.44483493185043,0.973056875725221,0.0488689914759162,0.418749990357053,0.0217107782132716
-127.599454171291,-135.277838007166,5.7785298050041,12.7851664435891,6.3742878279686,0.973056875725221,0.0488689914759162,0.418749990357053,0.0217107782132716
-127.616722266542,-135.308487521313,5.79579790025508,13.8453781650879,6.53557227468491,0.973056875725221,0.0488689914759162,0.418749990357053,0.0217107782132716
-127.63982820665,-135.336983060553,5.81890384036332,12.8123291950554,6.49006102895737,0.973056875725221,0.0488689914759162,0.418749990357053,0.0217107782132716
-127.659033945304,-135.363295924797,5.83810957901723,10.907745134743,6.56212828969955,0.973056875725221,0.0488689914759162,0.418749990357053,0.0217107782132716
-127.681964826063,-135.38749274401,5.86104045977634,11.9805298990841,6.58518050527573,0.973056875725221,0.0488689914759162,0.418749990357053,0.0217107782132716
-127.708212469076,-135.409630886997,5.8872881027896,11.657566367283,6.5819647154808,0.973056875725221,0.0488689914759162,0.418749990357053,0.0217107782132716
-127.73166892725,-135.429789825604,5.91074456096374,12.4361783210827,6.69982932424545,0.973056875725221,0.0488689914759162,0.418749990357053,0.0217107782132716
-127.749923004134,-135.447589737295,5.92899863784765,10.1346605943249,6.67742083883286,0.973056875725221,0.0488689914759162,0.418749990357053,0.0217107782132716
-127.775508994904,-135.463253047069,5.95458462861745,11.3326189267094,6.67801307058334,0.973056875725221,0.0488689914759162,0.418749990357053,0.0217107782132716
-127.790590662639,-135.476659281803,5.96966629635273,10.3393241495497,6.67719291067123,0.973056875725221,0.0488689914759162,0.418749990357053,0.0217107782132716
-127.8152076093,-135.487935343558,5.99428324301338,10.624357187671,6.70064757680893,0.973056875725221,0.0488689914759162,0.418749990357053,0.0217107782132716
-127.839650897079,-135.497000278649,6.01872653079269,10.4597187881591,6.79557727193832,0.973056875725221,0.0488689914759162,0.418749990357053,0.0217107782132716
-127.842189013081,-135.503865363007,6.02126464679431,10.2792149450576,6.67598365163803,0.973056875725221,0.0488689914759162,0.418749990357053,0.0217107782132716
-127.86742574358,-135.508521955809,6.0465013772931,10.1732342142963,6.82091544485092,0.973056875725221,0.0488689914759162,0.418749990357053,0.0217107782132716
-127.881527902646,-135.510985457158,6.06060353635965,8.40689508795419,6.86459945058823,0.973056875725221,0.0488689914759162,0.418749990357053,0.0217107782132716
-127.894401205405,-135.511234768844,6.0734768391181,10.2676066624376,6.93218730306625,0.973056875725221,0.0488689914759162,0.418749990357053,0.0217107782132716
-127.91617089908,-135.509280861642,6.09524653279334,8.68880746336663,6.89049266195297,0.973056875725221,0.0488689914759162,0.418749990357053,0.0217107782132716
-127.930914443878,-135.505113966403,6.10999007759136,9.49350693762289,6.81761000967026,0.973056875725221,0.0488689914759162,0.418749990357053,0.0217107782132716
-127.94841661222,-135.498769587404,6.12749224593287,7.75912608176959,6.84102462148666,0.973056875725221,0.0488689914759162,0.418749990357053,0.0217107782132716
-127.967757803882,-135.490192476271,6.14683343759548,9.08654916071401,6.83867572164536,0.973056875725221,0.0488689914759162,0.418749990357053,0.0217107782132716
-127.986806380117,-135.479413161306,6.1658820138307,8.46029408137217,6.90885089254379,0.973056875725221,0.0488689914759162,0.418749990357053,0.0217107782132716
-127.998571483323,-135.466440141564,6.17764711703658,7.73866802785472,6.83660052633286,0.973056875725221,0.0488689914759162,0.418749990357053,0.0217107782132716
-128.024167421007,-135.451344319822,6.20324305472059,7.84108668972611,6.95728610372543,0.973056875725221,0.0488689914759162,0.418749990357053,0.0217107782132716
-128.031741679196,-135.433989819605,6.21081731290904,7.39981133181327,6.93232558584213,0.973056875725221,0.0488689914759162,0.418749990357053,0.0217107782132716
-128.046956224095,-135.41454632483,6.22603185780796,7.37676526286837,6.91041873311996,0.973056875725221,0.0488689914759162,0.418749990357053,0.0217107782132716
-128.060932956273,-135.392908899401,6.24000858998663,7.23067815200258,6.97564242696762,0.973056875725221,0.0488689914759162,0.418749990357053,0.0217107782132716
-128.078657535418,-135.369162484306,6.25773316913164,8.24443500744357,6.90923045492172,0.973056875725221,0.0488689914759162,0.418749990357053,0.0217107782132716
-128.10425661862,-135.343294351725,6.28333225233332,6.80533007517656,6.92851851797104,0.973056875725221,0.0488689914759162,0.418749990357053,0.0217107782132716
-128.105449155333,-135.314960014662,6.28452478904656,7.4571841569429,6.98098967885971,0.973056875725221,0.0488689914759162,0.418749990357053,0.0217107782132716
-128.126598750518,-135.284688860129,6.30567438423116,6.22533907733409,6.81760714864731,0.973056875725221,0.0488689914759162,0.418749990357053,0.0217107782132716
-128.129457295705,-135.252936188127,6.30853292941791,6.48732745579203,6.90776465749741,0.973056875725221,0.0488689914759162,0.418749990357053,0.0217107782132716
-128.160142216777,-135.218784986539,6.33921785049005,5.67136661558197,6.97997020101547,0.973056875725221,0.0488689914759162,0.418749990357053,0.0217107782132716
-128.163276320132,-135.182652984377,6.34235195384525,5.45512027798345,6.81362841939926,0.973056875725221,0.0488689914759162,0.418749990357053,0.0217107782132716
-128.177532229367,-135.14446654103,6.35660786308012,5.68687877285295,6.93161033010483,0.973056875725221,0.0488689914759162,0.418749990357053,0.0217107782132716
-128.188000556268,-135.104230672405,6.36707618998142,3.67336795028941,6.90742991781235,0.973056875725221,0.0488689914759162,0.418749990357053,0.0217107782132716
-128.189725723895,-135.062047674641,6.36880135760817,5.84893632408666,6.90831492757797,0.973056875725221,0.0488689914759162,0.418749990357053,0.0217107782132716
-128.208144426633,-135.018020776159,6.38722006034678,1.64166487546196,6.88717959737778,0.973056875725221,0.0488689914759162,0.418749990357053,0.0217107782132716
-128.209363270028,-134.972177469928,6.38843890374163,3.50442290533163,6.74479125356674,0.973056875725221,0.0488689914759162,0.418749990357053,0.0217107782132716
-128.208699579445,-134.924306004822,6.387775213158,1.4822626496281,6.79321120595932,0.973056875725221,0.0488689914759162,0.418749990357053,0.0217107782132716
-128.220131522013,-134.874712934082,6.39920715572639,1.27876771388601,6.67428038930893,0.973056875725221,0.0488689914759162,0.418749990357053,0.0217107782132716
-128.218275509343,-134.823117810135,6.39735114305617,1.0721862301405,6.72376750326157,0.973056875725221,0.0488689914759162,0.418749990357053,0.0217107782132716
-128.217913144995,-134.769952366741,6.39698877870845,0.152730076175347,6.74864314413071,0.973056875725221,0.0488689914759162,0.418749990357053,0.0217107782132716
-128.223169850261,-134.71493782804,6.40224548397442,0.2633213373257,6.65618537282944,0.973056875725221,0.0488689914759162,0.418749990357053,0.0217107782132716
-128.206813720495,-134.658215108928,6.38588935420853,-0.720101926115566,6.72558329916,0.973056875725221,0.0488689914759162,0.418749990357053,0.0217107782132716
-128.215278397291,-134.599742406031,6.39435403100444,0.109668235808055,6.62837622976303,0.973056875725221,0.0488689914759162,0.418749990357053,0.0217107782132716
-128.205602757761,-134.539550248321,6.3846783914748,-4.8605322509583,6.62914489126205,0.973056875725221,0.0488689914759162,0.418749990357053,0.0217107782132716
-128.188228851269,-134.478124325086,6.36730448498227,-4.75367503484866,6.58388541555405,0.973056875725221,0.0488689914759162,0.418749990357053,0.0217107782132716
-128.173311620144,-134.414936808227,6.35238725385767,-5.87200935632608,6.51573584890366,0.973056875725221,0.0488689914759162,0.418749990357053,0.0217107782132716
-128.180683152639,-134.350051228191,6.35975878635242,-6.98678742272506,6.60452197408676,0.973056875725221,0.0488689914759162,0.418749990357053,0.0217107782132716
-128.179888757789,-134.284102589897,6.35896439150244,-3.58599091552612,6.5093443236351,0.973056875725221,0.0488689914759162,0.418749990357053,0.0217107782132716
-128.152586861681,-134.216296644185,6.33166249539388,-7.83888337215817,6.39442466115952,0.973056875725221,0.0488689914759162,0.418749990357053,0.0217107782132716
-128.148939587891,-134.147272691226,6.32801522160406,-7.46678566792497,6.34820292806625,0.973056875725221,0.0488689914759162,0.418749990357053,0.0217107782132716
-128.125637228907,-134.077068210769,6.30471286261985,-6.91471668523081,6.48738120412827,0.973056875725221,0.0488689914759162,0.418749990357053,0.0217107782132716
-128.122810294306,-134.005349032952,6.30188592801881,-6.47029259672833,6.41454146718979,0.973056875725221,0.0488689914759162,0.418749990357053,0.0217107782132716
-128.102036261017,-133.932683764369,6.28111189473066,-5.80988125373565,6.37065146780014,0.973056875725221,0.0488689914759162,0.418749990357053,0.0217107782132716
-128.093135480085,-133.858385705195,6.27221111379853,-6.18998310384938,6.27636741018295,0.973056875725221,0.0488689914759162,0.418749990357053,0.0217107782132716
-128.077863115639,-133.782843298624,6.2569387493521,-5.22289857743539,6.37046931600571,0.973056875725221,0.0488689914759162,0.418749990357053,0.0217107782132716
-128.06171853136,-133.706697632176,6.24079416507345,-6.45814210015336,6.27426932668686,0.973056875725221,0.0488689914759162,0.418749990357053,0.0217107782132716
-128.049955182658,-133.629163274031,6.2290308163713,-5.23217720849493,6.27688334798813,0.973056875725221,0.0488689914759162,0.418749990357053,0.0217107782132716
-128.04865452039,-133.550699963492,6.22773015410358,-6.78870694002914,6.29859565114975,0.973056875725221,0.0488689914759162,0.418749990357053,0.0217107782132716
-128.029287233541,-133.471160628741,6.20836286725385,-5.25167690525507,6.27346919393539,0.973056875725221,0.0488689914759162,0.418749990357053,0.0217107782132716
-128.016291224927,-133.390717146217,6.19536685864047,-6.5241147505007,6.18031619405746,0.973056875725221,0.0488689914759162,0.418749990357053,0.0217107782132716
-128.002909581034,-133.30945997404,6.18198521474725,-6.14893882537906,6.15555499410629,0.973056875725221,0.0488689914759162,0.418749990357053,0.0217107782132716
-127.996733535022,-133.227402898365,6.17580916873567,-7.32336208640454,6.01926062917709,0.973056875725221,0.0488689914759162,0.418749990357053,0.0217107782132716
-127.972191739286,-133.144588349853,6.15126737299942,-6.69880664158094,6.0163080534935,0.973056875725221,0.0488689914759162,0.418749990357053,0.0217107782132716
-127.978491219562,-133.060808749356,6.1575668532752,-5.51980924449249,6.01344512319565,0.973056875725221,0.0488689914759162,0.418749990357053,0.0217107782132716
-127.955996288965,-132.976534447224,6.13507192267859,-7.63442354264176,5.99448893880844,0.973056875725221,0.0488689914759162,0.418749990357053,0.0217107782132716
-127.955567029111,-132.891853032418,6.13464266282479,-5.85652876583542,5.89885829305649,0.973056875725221,0.0488689914759162,0.418749990357053,0.0217107782132716
-127.942987884157,-132.806290917065,6.12206351787012,-6.80911914605928,5.96957991933823,0.973056875725221,0.0488689914759162,0.418749990357053,0.0217107782132716
-127.924842927406,-132.720615099838,6.10391856111894,-6.36024978246894,5.90029261922836,0.973056875725221,0.0488689914759162,0.418749990357053,0.0217107782132716
-127.907132138983,-132.634359593716,6.08620777269656,-5.89960030606858,5.80716536855698,0.973056875725221,0.0488689914759162,0.418749990357053,0.0217107782132716
-127.903453728208,-132.547556076619,6.08252936192136,-7.01271702690504,5.8045332274437,0.973056875725221,0.0488689914759162,0.418749990357053,0.0217107782132716
-127.892931351789,-132.460392676049,6.07200698550206,-7.92377509553953,5.78342555379868,0.973056875725221,0.0488689914759162,0.418749990357053,0.0217107782132716
-127.884364555425,-132.372736578218,6.0634401891381,-7.24945758734755,5.71140693044662,0.973056875725221,0.0488689914759162,0.418749990357053,0.0217107782132716
-127.85733549184,-132.285676627983,6.03641112555378,-9.03967587119048,5.64190314626694,0.973056875725221,0.0488689914759162,0.418749990357053,0.0217107782132716
-127.849932368181,-132.197901057187,6.02900800189418,-7.96276073569743,5.71633170461655,0.973056875725221,0.0488689914759162,0.418749990357053,0.0217107782132716
-127.831927488278,-132.109735142896,6.01100312199146,-11.2275882768899,5.47931693410873,0.973056875725221,0.0488689914759162,0.418749990357053,0.0217107782132716
-127.807607403643,-132.021800337614,5.98668303735661,-9.11594188120892,5.52826999044418,0.973056875725221,0.0488689914759162,0.418749990357053,0.0217107782132716
-127.786586942299,-131.93299930979,5.9656625760128,-11.2079792561611,5.5738499007225,0.973056875725221,0.0488689914759162,0.418749990357053,0.0217107782132716
-127.782947978128,-131.845495198092,5.96202361184114,-10.6252914964225,5.50462268209457,0.973056875725221,0.0488689914759162,0.418749990357053,0.0217107782132716
-127.749434641545,-131.758230875177,5.92851027525829,-11.2538183684184,5.40905307149887,0.973056875725221,0.0488689914759162,0.418749990357053,0.0217107782132716
-127.72952220528,-131.67023740339,5.90859783899286,-11.4876330126034,5.43204043722153,0.973056875725221,0.0488689914759162,0.418749990357053,0.0217107782132716
-127.70302726638,-131.582960682514,5.88210290009292,-10.2684014520749,5.31792853689194,0.973056875725221,0.0488689914759162,0.418749990357053,0.0217107782132716
-127.680277589015,-131.495818796466,5.85935322272849,-11.3592582752947,5.22830413198471,0.973056875725221,0.0488689914759162,0.418749990357053,0.0217107782132716
-127.654365340311,-131.409302000457,5.83344097402425,-11.2478840400336,5.26902697896957,0.973056875725221,0.0488689914759162,0.418749990357053,0.0217107782132716
-127.625881640245,-131.3226281034,5.80495727395869,-12.8768405295732,5.20102904653549,0.973056875725221,0.0488689914759162,0.418749990357053,0.0217107782132716
-127.606201865466,-131.236575536867,5.7852774991789,-11.6650539210322,5.22042868947983,0.973056875725221,0.0488689914759162,0.418749990357053,0.0217107782132716
-127.569196128998,-131.151205886079,5.7482717627112,-13.1937857398888,5.10281298971176,0.973056875725221,0.0488689914759162,0.418749990357053,0.0217107782132716
-127.555054865249,-131.065963572657,5.73413049896243,-13.4925910834164,5.05480311727524,0.973056875725221,0.0488689914759162,0.418749990357053,0.0217107782132716
-127.51170919781,-130.981883270036,5.69078483152291,-14.656324580993,5.03424952840805,0.973056875725221,0.0488689914759162,0.418749990357053,0.0217107782132716
-127.487579223221,-130.897971294127,5.66665485693454,-12.5163194784936,5.03439448690414,0.973056875725221,0.0488689914759162,0.418749990357053,0.0217107782132716
-127.472878455674,-130.814933025726,5.65195408938704,-12.481141069191,4.98477099752426,0.973056875725221,0.0488689914759162,0.418749990357053,0.0217107782132716
-127.440667515941,-130.732679824739,5.61974314965438,-14.0216837756875,4.91243670797348,0.973056875725221,0.0488689914759162,0.418749990357053,0.0217107782132716
-127.413254656052,-130.650190366032,5.59233028976538,-13.5172581069041,4.89420436239243,0.973056875725221,0.0488689914759162,0.418749990357053,0.0217107782132716
-127.393087204646,-130.570283185754,5.57216283835923,-14.0768802735061,4.7524502120018,0.973056875725221,0.0488689914759162,0.418749990357053,0.0217107782132716
-127.358556807622,-130.490514958223,5.53763244133504,-11.8348022741166,4.65827391958237,0.973056875725221,0.0488689914759162,0.418749990357053,0.0217107782132716
-127.340452802512,-130.411625105791,5.51952843622511,-13.0478753108012,4.74749873495102,0.973056875725221,0.0488689914759162,0.418749990357053,0.0217107782132716
-127.314295568911,-130.334347887693,5.49337120262391,-12.8094402132268,4.63742564535141,0.973056875725221,0.0488689914759162,0.418749990357053,0.0217107782132716
-127.295250621181,-130.257854504101,5.47432625489425,-14.8084471823477,4.63223193502426,0.973056875725221,0.0488689914759162,0.418749990357053,0.0217107782132716
-127.26629856684,-130.182114853609,5.44537420055305,-13.8123624367848,4.61077617025375,0.973056875725221,0.0488689914759162,0.418749990357053,0.0217107782132716
-127.236275661384,-130.107773546844,5.41535129509704,-12.6621903915399,4.58754084920883,0.973056875725221,0.0488689914759162,0.418749990357053,0.0217107782132716
-127.20974433417,-130.034372831081,5.38881996788318,-13.2008148633701,4.51743625020981,0.973056875725221,0.0488689914759162,0.418749990357053,0.0217107782132716
-127.185727712367,-129.962703609137,5.36480334608005,-12.4593044720725,4.49378226613998,0.973056875725221,0.0488689914759162,0.418749990357053,0.0217107782132716
-127.171463026859,-129.89178394847,5.35053866057247,-12.4054408913235,4.32671187734604,0.973056875725221,0.0488689914759162,0.418749990357053,0.0217107782132716
-127.14440427998,-129.822482807587,5.32347991369378,-13.9227416126573,4.3727648100853,0.973056875725221,0.0488689914759162,0.418749990357053,0.0217107782132716
-127.118606633866,-129.754667570363,5.2976822675791,-12.9068039824432,4.28382991170883,0.973056875725221,0.0488689914759162,0.418749990357053,0.0217107782132716
-127.092424916992,-129.688021461829,5.27150055070494,-15.344095762127,4.28408168172836,0.973056875725221,0.0488689914759162,0.418749990357053,0.0217107782132716
-127.066429257612,-129.622978892452,5.24550489132533,-14.5120559270317,4.11691878652573,0.973056875725221,0.0488689914759162,0.418749990357053,0.0217107782132716
-127.029785538335,-129.559571893646,5.20886117204869,-14.0382979644754,4.11870978689194,0.973056875725221,0.0488689914759162,0.418749990357053,0.0217107782132716
-127.006885841315,-129.497458951652,5.18596147502828,-15.7365129801747,4.1159288725853,0.973056875725221,0.0488689914759162,0.418749990357053,0.0217107782132716
-126.974191253517,-129.437146103975,5.15326688723047,-13.7536837602839,4.11887286520004,0.973056875725221,0.0488689914759162,0.418749990357053,0.0217107782132716
-126.948599028265,-129.378026019775,5.12767466197792,-14.5030934740606,4.187403901577,0.973056875725221,0.0488689914759162,0.418749990357053,0.0217107782132716
-126.919555951446,-129.321152243833,5.09863158515936,-14.4427749927487,4.09617255544662,0.973056875725221,0.0488689914759162,0.418749990357053,0.0217107782132716
-126.908592854047,-129.265788095171,5.08766848776054,-14.3908957759952,3.88541839933395,0.973056875725221,0.0488689914759162,0.418749990357053,0.0217107782132716
-126.848966966158,-129.212085747945,5.02804259987152,-15.3843969734121,3.97918794965744,0.973056875725221,0.0488689914759162,0.418749990357053,0.0217107782132716
-126.827666105282,-129.160177263183,5.0067417389951,-12.1010065270874,3.8348808131218,0.973056875725221,0.0488689914759162,0.418749990357053,0.0217107782132716
-126.795570914728,-129.110051814209,4.97464654844135,-15.8453184333119,3.7673153719902,0.973056875725221,0.0488689914759162,0.418749990357053,0.0217107782132716
-126.764093173815,-129.06168658387,4.94316880752863,-14.6516868080471,3.86149881696701,0.973056875725221,0.0488689914759162,0.418749990357053,0.0217107782132716
-126.732693447165,-129.015424386012,4.91176908087823,-15.3373681209238,3.78673742628098,0.973056875725221,0.0488689914759162,0.418749990357053,0.0217107782132716
-126.701587977024,-128.97069409029,4.8806636107373,-14.2428801415082,3.72283600187302,0.973056875725221,0.0488689914759162,0.418749990357053,0.0217107782132716
-126.674985765951,-128.92838381541,4.85406139966416,-15.4753958392579,3.71932791090012,0.973056875725221,0.0488689914759162,0.418749990357053,0.0217107782132716
-126.644884359265,-128.887478583668,4.82395999297874,-14.9857448681282,3.64867781019211,0.973056875725221,0.0488689914759162,0.418749990357053,0.0217107782132716
-126.607413118243,-128.848912104041,4.78648875195656,-16.1999036797809,3.74583338117599,0.973056875725221,0.0488689914759162,0.418749990357053,0.0217107782132716
-126.587799016561,-128.812280371493,4.76687465027475,-12.5866297555946,3.55810306882858,0.973056875725221,0.0488689914759162,0.418749990357053,0.0217107782132716
-126.571295957313,-128.777635119517,4.75037159102623,-15.0495578836684,3.62615488386154,0.973056875725221,0.0488689914759162,0.418749990357053,0.0217107782132716
-126.525853463323,-128.745093694562,4.70492909703604,-15.3723907791973,3.44183586454391,0.973056875725221,0.0488689914759162,0.418749990357053,0.0217107782132716
-126.515521659698,-128.714498614965,4.69459729341096,-14.7739327754616,3.48621223783493,0.973056875725221,0.0488689914759162,0.418749990357053,0.0217107782132716
-126.466502148497,-128.685992869726,4.64557778221003,-12.9096444994126,3.440751060009,0.973056875725221,0.0488689914759162,0.418749990357053,0.0217107782132716
-126.441283894491,-128.659479040544,4.62035952820436,-13.1905973454781,3.4153833231926,0.973056875725221,0.0488689914759162,0.418749990357053,0.0217107782132716
-126.412616352113,-128.634919242619,4.59169198582626,-14.6160958701317,3.39416693067551,0.973056875725221,0.0488689914759162,0.418749990357053,0.0217107782132716
-126.386658257637,-128.613145123135,4.5657338913507,-13.7447844401114,3.43759868955612,0.973056875725221,0.0488689914759162,0.418749990357053,0.0217107782132716
-126.367050100563,-128.593211254616,4.54612573427654,-14.7232563327378,3.32570122098923,0.973056875725221,0.0488689914759162,0.418749990357053,0.0217107782132716
-126.345304432293,-128.575359921342,4.52438006600647,-14.7294435349606,3.30250404691696,0.973056875725221,0.0488689914759162,0.418749990357053,0.0217107782132716
-126.313951775933,-128.559763424423,4.49302740964613,-13.7458150464788,3.34671638822556,0.973056875725221,0.0488689914759162,0.418749990357053,0.0217107782132716
-126.290089391744,-128.54625038111,4.46916502545711,-14.3215652531683,3.27480409955978,0.973056875725221,0.0488689914759162,0.418749990357053,0.0217107782132716
-126.260844340546,-128.53498941184,4.43991997425944,-11.3413634292553,3.39336202955246,0.973056875725221,0.0488689914759162,0.418749990357053,0.0217107782132716
-126.230833989868,-128.525883360449,4.40990962358087,-12.0069064269863,3.22867868757248,0.973056875725221,0.0488689914759162,0.418749990357053,0.0217107782132716
-126.209909693666,-128.518995501934,4.3889853273798,-10.994400479989,3.34232233381271,0.973056875725221,0.0488689914759162,0.418749990357053,0.0217107782132716
-126.189250657109,-128.514307810273,4.36832629082232,-12.6385280172754,3.18477819776535,0.973056875725221,0.0488689914759162,0.418749990357053,0.0217107782132716
-126.167470728652,-128.511821818527,4.3465463623652,-11.4833216664723,3.23384140348434,0.973056875725221,0.0488689914759162,0.418749990357053,0.0217107782132716
-126.138777232829,-128.511557396253,4.31785286654193,-12.0781778096742,3.25074718809128,0.973056875725221,0.0488689914759162,0.418749990357053,0.0217107782132716
-126.120154657896,-128.513501394588,4.29923029160911,-10.2730214084328,3.18332336759567,0.973056875725221,0.0488689914759162,0.418749990357053,0.0217107782132716
-126.102634172224,-128.517689664407,4.2817098059372,-11.6096232404564,3.18460033750534,0.973056875725221,0.0488689914759162,0.418749990357053,0.0217107782132716
-126.082417826045,-128.524010489382,4.26149345975838,-10.9413927596848,3.20642040586472,0.973056875725221,0.0488689914759162,0.418749990357053,0.0217107782132716
-126.056661770398,-128.532589786629,4.23573740411173,-10.843333381275,3.18599842405319,0.973056875725221,0.0488689914759162,0.418749990357053,0.0217107782132716
-126.038985037222,-128.543387173502,4.21806067093566,-8.43453273006486,3.18268488264084,0.973056875725221,0.0488689914759162,0.418749990357053,0.0217107782132716
-126.015291901983,-128.556277243148,4.19436753569621,-9.11136996428432,3.13878391599655,0.973056875725221,0.0488689914759162,0.418749990357053,0.0217107782132716
-125.996376891739,-128.571540776775,4.17545252545246,-7.93547847232233,3.11065338468552,0.973056875725221,0.0488689914759162,0.418749990357053,0.0217107782132716
-125.98919529603,-128.588740489697,4.16827092974323,-9.17127989309982,3.18654678678513,0.973056875725221,0.0488689914759162,0.418749990357053,0.0217107782132716
-125.958791697568,-128.608279166161,4.13786733128171,-7.67651144312692,3.08873842573166,0.973056875725221,0.0488689914759162,0.418749990357053,0.0217107782132716
-125.953094377003,-128.629749256204,4.13217001071606,-6.67528075788816,3.20807789182663,0.973056875725221,0.0488689914759162,0.418749990357053,0.0217107782132716
-125.925645513361,-128.653497524889,4.10472114707466,-8.44555434464298,3.08956859922409,0.973056875725221,0.0488689914759162,0.418749990357053,0.0217107782132716
-125.919143266651,-128.679373332817,4.09821890036405,-5.65660967152551,3.09035299634933,0.973056875725221,0.0488689914759162,0.418749990357053,0.0217107782132716
-125.90963083723,-128.7073722172,4.08870647094373,-6.94262897697246,3.0700783572197,0.973056875725221,0.0488689914759162,0.418749990357053,0.0217107782132716
-125.907799167035,-128.737432015079,4.08687480074843,-6.62504468827402,3.15895031309128,0.973056875725221,0.0488689914759162,0.418749990357053,0.0217107782132716
-125.896780799712,-128.769535705161,4.07585643342548,-6.5723980150218,3.13759611463547,0.973056875725221,0.0488689914759162,0.418749990357053,0.0217107782132716
-125.869697876245,-128.803851626991,4.04877350995811,-5.91291886115137,3.08933256483078,0.973056875725221,0.0488689914759162,0.418749990357053,0.0217107782132716
-125.866192213962,-128.840058810363,4.04526784767564,-3.9461050497524,3.16288755750656,0.973056875725221,0.0488689914759162,0.418749990357053,0.0217107782132716
-125.856850086336,-128.87826878923,4.03592572004899,-5.16450869609349,3.2781967959404,0.973056875725221,0.0488689914759162,0.418749990357053,0.0217107782132716
-125.854351575396,-128.91838381362,4.03342720910976,-3.11647764508846,3.18552778577805,0.973056875725221,0.0488689914759162,0.418749990357053,0.0217107782132716
-125.848894421953,-128.960398942728,4.02797005566624,-5.50419280952158,3.25820301389694,0.973056875725221,0.0488689914759162,0.418749990357053,0.0217107782132716
-125.850718449145,-129.004582082601,4.029794082858,-3.30810236498928,3.34694240903854,0.973056875725221,0.0488689914759162,0.418749990357053,0.0217107782132716
-125.842665812622,-129.050517967833,4.02174144633485,-2.97317255414933,3.32646749830246,0.973056875725221,0.0488689914759162,0.418749990357053,0.0217107782132716
-125.835729165836,-129.098495900017,4.01480479954974,-3.46610602820854,3.20571850156784,0.973056875725221,0.0488689914759162,0.418749990357053,0.0217107782132716
-125.829218274581,-129.147962552289,4.0082939082948,-1.70040042447886,3.32631252622604,0.973056875725221,0.0488689914759162,0.418749990357053,0.0217107782132716
-125.81965127601,-129.199428516422,3.99872690972319,-1.48174974956904,3.32022808408737,0.973056875725221,0.0488689914759162,0.418749990357053,0.0217107782132716
-125.812577845882,-129.252604944906,3.99165347959538,0.539043902137141,3.39264438962936,0.973056875725221,0.0488689914759162,0.418749990357053,0.0217107782132716
-125.815914354604,-129.307858263382,3.99498998831757,0.586305287896825,3.27364967679977,0.973056875725221,0.0488689914759162,0.418749990357053,0.0217107782132716
-125.816705308486,-129.364423182593,3.99578094219949,0.426254780003778,3.4413580737114,0.973056875725221,0.0488689914759162,0.418749990357053,0.0217107782132716
-125.800163819559,-129.422834881767,3.97923945327233,-0.00670325514376342,3.39361523008347,0.973056875725221,0.0488689914759162,0.418749990357053,0.0217107782132716
-125.810951692422,-129.482803530237,3.99002732613576,1.92903262983871,3.48769090986252,0.973056875725221,0.0488689914759162,0.418749990357053,0.0217107782132716
-125.803506402624,-129.544329586977,3.98258203633781,2.56471093531633,3.48565338468552,0.973056875725221,0.0488689914759162,0.418749990357053,0.0217107782132716
-125.815683931049,-129.60782879299,3.99475956476239,5.34315035416595,3.34718798017502,0.973056875725221,0.0488689914759162,0.418749990357053,0.0217107782132716
-125.816228509233,-129.672924307065,3.99530414294599,5.12412189834179,3.41387842512131,0.973056875725221,0.0488689914759162,0.418749990357053,0.0217107782132716
-125.832737637855,-129.73890085054,4.01181327156799,5.04883056629966,3.50956962919235,0.973056875725221,0.0488689914759162,0.418749990357053,0.0217107782132716
-125.834448999193,-129.806238856544,4.01352463290619,6.009580273926,3.60244797086716,0.973056875725221,0.0488689914759162,0.418749990357053,0.0217107782132716
-125.85073970043,-129.875124673841,4.02981533414312,6.84880585942244,3.52998159742355,0.973056875725221,0.0488689914759162,0.418749990357053,0.0217107782132716
-125.857476255936,-129.945567046687,4.03655188964933,7.67033935978757,3.53330801343918,0.973056875725221,0.0488689914759162,0.418749990357053,0.0217107782132716
-125.878535905738,-130.017662516749,4.05761153945108,5.25852627174101,3.55762813901901,0.973056875725221,0.0488689914759162,0.418749990357053,0.0217107782132716
-125.896039259406,-130.091856907271,4.07511489311946,7.63647942653092,3.60112999296188,0.973056875725221,0.0488689914759162,0.418749990357053,0.0217107782132716
-125.908199515141,-130.165167560541,4.08727514885399,6.21854322172827,3.62599943494797,0.973056875725221,0.0488689914759162,0.418749990357053,0.0217107782132716
-125.927804605953,-130.240359784984,4.10688023966674,6.54958197524157,3.57958792066574,0.973056875725221,0.0488689914759162,0.418749990357053,0.0217107782132716
-125.939690945975,-130.316272767624,4.11876657968785,5.45487051395366,3.74452541685104,0.973056875725221,0.0488689914759162,0.418749990357053,0.0217107782132716
-125.962966336081,-130.393725806145,4.14204196979426,7.65585009812527,3.63085316038132,0.973056875725221,0.0488689914759162,0.418749990357053,0.0217107782132716
-125.97303259481,-130.472209140195,4.15210822852336,7.16989426247482,3.58024834012985,0.973056875725221,0.0488689914759162,0.418749990357053,0.0217107782132716
-125.981542956058,-130.551625932076,4.1606185897716,8.35207884956495,3.77031372404099,0.973056875725221,0.0488689914759162,0.418749990357053,0.0217107782132716
-126.003857611768,-130.632078945205,4.18293324548105,7.97332202290192,3.67055033063889,0.973056875725221,0.0488689914759162,0.418749990357053,0.0217107782132716
-126.011291728645,-130.713823049506,4.19036736235809,6.62420707887615,3.72217462873459,0.973056875725221,0.0488689914759162,0.418749990357053,0.0217107782132716
-126.034105386548,-130.795570188266,4.21318102026125,7.61611439742699,3.81832073545456,0.973056875725221,0.0488689914759162,0.418749990357053,0.0217107782132716
-126.057549264097,-130.878406171027,4.23662489781038,7.81827189706046,3.88523624753952,0.973056875725221,0.0488689914759162,0.418749990357053,0.0217107782132716
-126.063292915614,-130.962067372361,4.24236854932758,7.56374220728002,3.88543461179733,0.973056875725221,0.0488689914759162,0.418749990357053,0.0217107782132716
-126.069620268268,-131.046110450711,4.2486959019811,7.47878051873821,3.79395340299606,0.973056875725221,0.0488689914759162,0.418749990357053,0.0217107782132716
-126.082929599376,-131.131115592848,4.26200523308887,7.91541175214697,3.8863191447258,0.973056875725221,0.0488689914759162,0.418749990357053,0.0217107782132716
-126.087082857719,-131.216505174357,4.26615849143244,8.34165809568582,3.98129127836227,0.973056875725221,0.0488689914759162,0.418749990357053,0.0217107782132716
-126.098244482561,-131.30248905416,4.27732011627421,8.32696790768057,4.02615378713608,0.973056875725221,0.0488689914759162,0.418749990357053,0.0217107782132716
-126.117084338681,-131.389096909677,4.29615997239388,6.66734542129394,4.16445754384995,0.973056875725221,0.0488689914759162,0.418749990357053,0.0217107782132716
-126.130108772154,-131.47545762687,4.30918440586739,8.62855757612447,4.07757685995102,0.973056875725221,0.0488689914759162,0.418749990357053,0.0217107782132716
-126.143443969171,-131.56297539694,4.32251960288396,6.85923228196152,4.14793418264389,0.973056875725221,0.0488689914759162,0.418749990357053,0.0217107782132716
-126.156479926501,-131.650101233885,4.33555556021417,8.20966811324464,4.14449427938461,0.973056875725221,0.0488689914759162,0.418749990357053,0.0217107782132716
-126.167422647589,-131.737495807186,4.34649828130274,8.48699746436669,4.26109431600571,0.973056875725221,0.0488689914759162,0.418749990357053,0.0217107782132716
-126.187427493827,-131.825292944792,4.36650312753986,8.68994197045497,4.33022139883041,0.973056875725221,0.0488689914759162,0.418749990357053,0.0217107782132716
-126.215685726399,-131.913155287075,4.39476136011269,11.1055742965919,4.42471907949448,0.973056875725221,0.0488689914759162,0.418749990357053,0.0217107782132716
-126.227614952133,-132.000869920009,4.40669058584647,7.86221380414839,4.3297960600853,0.973056875725221,0.0488689914759162,0.418749990357053,0.0217107782132716
-126.249276175127,-132.089020995844,4.42835180883985,10.442700965621,4.42191050863266,0.973056875725221,0.0488689914759162,0.418749990357053,0.0217107782132716
-126.279340300213,-132.176944762537,4.45841593392612,11.2458522279984,4.54018615102768,0.973056875725221,0.0488689914759162,0.418749990357053,0.0217107782132716
-126.281134802589,-132.264460628849,4.46021043630221,10.1985886619533,4.49450896596909,0.973056875725221,0.0488689914759162,0.418749990357053,0.0217107782132716
-126.301980759082,-132.352673486726,4.48105639279561,11.7034234635512,4.56225417470932,0.973056875725221,0.0488689914759162,0.418749990357053,0.0217107782132716
-126.340263319281,-132.439772964825,4.51933895299395,12.1287379710766,4.60917876577377,0.973056875725221,0.0488689914759162,0.418749990357053,0.0217107782132716
-126.358431066217,-132.526894320417,4.53750669993011,13.8127509491408,4.65670417165756,0.973056875725221,0.0488689914759162,0.418749990357053,0.0217107782132716
-126.38068141483,-132.613721346801,4.55975704854375,11.9039759990337,4.77000830984116,0.973056875725221,0.0488689914759162,0.418749990357053,0.0217107782132716
-126.415202464533,-132.700250236969,4.59427809824659,12.3267057976992,4.84379695272446,0.973056875725221,0.0488689914759162,0.418749990357053,0.0217107782132716
-126.444268932489,-132.786292136485,4.62334456620253,13.8256858327921,4.79717849111557,0.973056875725221,0.0488689914759162,0.418749990357053,0.0217107782132716
-126.47885529506,-132.871722344076,4.65793092877323,14.8830128019958,4.96161387777328,0.973056875725221,0.0488689914759162,0.418749990357053,0.0217107782132716
-126.498064854309,-132.956812325992,4.67714048802187,14.5235721096457,4.89347766256332,0.973056875725221,0.0488689914759162,0.418749990357053,0.0217107782132716
-126.545994964923,-133.041193441861,4.725070598636,14.1588906786617,4.93719790792465,0.973056875725221,0.0488689914759162,0.418749990357053,0.0217107782132716
-126.561165278679,-133.125142918156,4.74024091239261,15.0420031902865,5.00917170858383,0.973056875725221,0.0488689914759162,0.418749990357053,0.0217107782132716
-126.594606713337,-133.207823647763,4.77368234704997,15.4026175983599,4.91553710317612,0.973056875725221,0.0488689914759162,0.418749990357053,0.0217107782132716
-126.629966215622,-133.29049694851,4.80904184933489,16.2645691795642,5.07707141256332,0.973056875725221,0.0488689914759162,0.418749990357053,0.0217107782132716
-126.658972129028,-133.371658923014,4.83804776274099,16.0025451385152,5.08055232381821,0.973056875725221,0.0488689914759162,0.418749990357053,0.0217107782132716
-126.693712532261,-133.452388675902,4.87278816597436,16.3455129696705,5.1486379942894,0.973056875725221,0.0488689914759162,0.418749990357053,0.0217107782132716
-126.72985026314,-133.531912790059,4.90892589685335,15.7397065594123,5.24233649587631,0.973056875725221,0.0488689914759162,0.418749990357053,0.0217107782132716
-126.744087498242,-133.610620685187,4.92316313195484,16.3814377903698,5.38598178243637,0.973056875725221,0.0488689914759162,0.418749990357053,0.0217107782132716
-126.781430770097,-133.688632281522,4.96050640381021,15.3900486721113,5.33888839101791,0.973056875725221,0.0488689914759162,0.418749990357053,0.0217107782132716
-126.823581591177,-133.76526828342,5.00265722489027,15.7903875563915,5.45543692922592,0.973056875725221,0.0488689914759162,0.418749990357053,0.0217107782132716
-126.854126408211,-133.840699117708,5.03320204192381,15.8194478848796,5.45349810934067,0.973056875725221,0.0488689914759162,0.418749990357053,0.0217107782132716
-126.891697526789,-133.915233728664,5.07077316050183,15.7401290791988,5.40949462270737,0.973056875725221,0.0488689914759162,0.418749990357053,0.0217107782132716
-126.908020681754,-133.988501136978,5.08709631546717,15.1515396797633,5.50423262929916,0.973056875725221,0.0488689914759162,0.418749990357053,0.0217107782132716
-126.952974715693,-134.060551567374,5.13205034940586,15.1118318654888,5.61929534292221,0.973056875725221,0.0488689914759162,0.418749990357053,0.0217107782132716
-126.96538944281,-134.131320878663,5.14446507652294,16.9584022450785,5.54758857107162,0.973056875725221,0.0488689914759162,0.418749990357053,0.0217107782132716
-127.011506320628,-134.202816174347,5.19058195434138,14.266247783441,5.66749595022202,0.973056875725221,0.0488689914759162,0.418749990357053,0.0217107782132716
-127.048886784667,-134.268425073818,5.22796241838064,14.1889174129757,5.6654665312767,0.973056875725221,0.0488689914759162,0.418749990357053,0.0217107782132716
-127.062329124058,-134.334923633882,5.2414047577713,14.23237788846,5.76047442770004,0.973056875725221,0.0488689914759162,0.418749990357053,0.0217107782132716
-127.088652073441,-134.399870854394,5.26772770715453,15.8070374418095,5.78383754110336,0.973056875725221,0.0488689914759162,0.418749990357053,0.0217107782132716
-127.1126435243,-134.463411272787,5.29171915801305,14.6394848465002,5.8099567732811,0.973056875725221,0.0488689914759162,0.418749990357053,0.0217107782132716
-127.141310157878,-134.526030152373,5.32038579159091,15.0864980412384,5.92390368795395,0.973056875725221,0.0488689914759162,0.418749990357053,0.0217107782132716
-127.173850765805,-134.585756554616,5.35292639951793,15.981847805776,5.92683909749985,0.973056875725221,0.0488689914759162,0.418749990357053,0.0217107782132716
-127.20540175541,-134.644493755873,5.38447738912357,14.7183432741591,5.97103904104233,0.973056875725221,0.0488689914759162,0.418749990357053,0.0217107782132716
-127.21907800927,-134.701590184366,5.39815364298366,14.8115590919283,6.01900027608871,0.973056875725221,0.0488689914759162,0.418749990357053,0.0217107782132716
-127.253627467967,-134.757073028254,5.43270310168079,13.9215839132393,6.13496135091782,0.973056875725221,0.0488689914759162,0.418749990357053,0.0217107782132716
-127.288732272545,-134.811371123705,5.46780790625875,15.6646732537454,6.15650199270248,0.973056875725221,0.0488689914759162,0.418749990357053,0.0217107782132716
-127.308846139851,-134.862849915443,5.48792177356416,14.8568120363765,6.08856986379623,0.973056875725221,0.0488689914759162,0.418749990357053,0.0217107782132716
-127.333330063078,-134.912650432699,5.51240569679115,13.0261462994922,6.15665648794174,0.973056875725221,0.0488689914759162,0.418749990357053,0.0217107782132716
-127.371740575692,-134.9610474179,5.55081620940509,14.2121309466454,6.25617335653305,0.973056875725221,0.0488689914759162,0.418749990357053,0.0217107782132716
-127.408106099967,-135.007415074476,5.58718173367997,13.8305826361518,6.25500605916977,0.973056875725221,0.0488689914759162,0.418749990357053,0.0217107782132716
-127.413337242056,-135.052117579658,5.59241287576903,14.37416839258,6.23303054189682,0.973056875725221,0.0488689914759162,0.418749990357053,0.0217107782132716
-127.462371930933,-135.094729908897,5.6414475646463,14.4062248805803,6.16222689962387,0.973056875725221,0.0488689914759162,0.418749990357053,0.0217107782132716
-127.488668224594,-135.135218197465,5.66774385830687,14.0912935128217,6.32913993215561,0.973056875725221,0.0488689914759162,0.418749990357053,0.0217107782132716
-127.525868439748,-135.174270260494,5.70494407346159,14.8136590808629,6.32614730215073,0.973056875725221,0.0488689914759162,0.418749990357053,0.0217107782132716
-127.537718247565,-135.210617798165,5.7167938812786,13.777071752879,6.49020884847641,0.973056875725221,0.0488689914759162,0.418749990357053,0.0217107782132716
-127.565076017707,-135.245413642487,5.74415165142064,12.7807431966762,6.42388842916489,0.973056875725221,0.0488689914759162,0.418749990357053,0.0217107782132716
-127.604867221126,-135.277879436069,5.78394285483944,13.2425895586197,6.44588301992416,0.973056875725221,0.0488689914759162,0.418749990357053,0.0217107782132716
-127.626016036234,-135.308406586832,5.80509166994739,12.9704181838727,6.49248813009262,0.973056875725221,0.0488689914759162,0.418749990357053,0.0217107782132716
-127.642850433538,-135.336845737211,5.82192606725149,12.8834544090725,6.46902678823471,0.973056875725221,0.0488689914759162,0.418749990357053,0.0217107782132716
-127.6627447108,-135.363404557504,5.84182034451358,11.4550068403401,6.51093314504623,0.973056875725221,0.0488689914759162,0.418749990357053,0.0217107782132716
-127.686611754948,-135.387581222897,5.86568738866136,11.5726029445955,6.49080775594711,0.973056875725221,0.0488689914759162,0.418749990357053,0.0217107782132716
-127.721589940683,-135.409691125008,5.90066557439647,12.1934501756749,6.62927840566635,0.973056875725221,0.0488689914759162,0.418749990357053,0.0217107782132716
-127.74347815153,-135.429783071782,5.92255378524373,12.0914716250107,6.63072512960434,0.973056875725221,0.0488689914759162,0.418749990357053,0.0217107782132716
-127.754820774595,-135.447468095203,5.93389640830877,10.4430563501017,6.63190959310532,0.973056875725221,0.0488689914759162,0.418749990357053,0.0217107782132716
-127.779695977755,-135.463110811591,5.9587716114686,11.1231327940823,6.65544246053696,0.973056875725221,0.0488689914759162,0.418749990357053,0.0217107782132716
-127.806977408465,-135.476576702645,5.98605304217847,10.4151625217422,6.6777546248436,0.973056875725221,0.0488689914759162,0.418749990357053,0.0217107782132716
-127.815895449892,-135.487871055399,5.99497108360483,10.8383850982016,6.77226947164536,0.973056875725221,0.0488689914759162,0.418749990357053,0.0217107782132716
-127.835325088661,-135.496967003677,6.01440072237469,10.862388162207,6.81743357992172,0.973056875725221,0.0488689914759162,0.418749990357053,0.0217107782132716
-127.858009754861,-135.503829565081,6.03708538857442,9.85419864662603,6.8391668639183,0.973056875725221,0.0488689914759162,0.418749990357053,0.0217107782132716
-127.858304489877,-135.508516427876,6.03738012358987,9.82068323179196,6.67567656850815,0.973056875725221,0.0488689914759162,0.418749990357053,0.0217107782132716
-127.895949592782,-135.510977367541,6.07502522649547,9.19237146803529,6.81932566976547,0.973056875725221,0.0488689914759162,0.418749990357053,0.0217107782132716
-127.91891639315,-135.511233449451,6.09799202686334,10.6394508575397,6.76970694875717,0.973056875725221,0.0488689914759162,0.418749990357053,0.0217107782132716
-127.92947577287,-135.509286328318,6.10855140658331,8.23367234939932,6.90828250265121,0.973056875725221,0.0488689914759162,0.418749990357053,0.0217107782132716
-127.950295231395,-135.505085670412,6.12937086510845,8.67411894792009,6.9081365904808,0.973056875725221,0.0488689914759162,0.418749990357053,0.0217107782132716
-127.956316522795,-135.498745546435,6.13539215650791,7.56794852668137,6.9350206694603,0.973056875725221,0.0488689914759162,0.418749990357053,0.0217107782132716
-127.970749424425,-135.490155578228,6.14982505813824,10.0995880036546,6.93286727285385,0.973056875725221,0.0488689914759162,0.418749990357053,0.0217107782132716
-127.989132531917,-135.479363637709,6.16820816563035,8.48581118365652,6.86462233877182,0.973056875725221,0.0488689914759162,0.418749990357053,0.0217107782132716
-128.023136099408,-135.466455218365,6.20221173312094,8.76226400580637,6.86463092184067,0.973056875725221,0.0488689914759162,0.418749990357053,0.0217107782132716
-128.018384203737,-135.451338517128,6.19745983745065,7.1777427855226,6.98046515798569,0.973056875725221,0.0488689914759162,0.418749990357053,0.0217107782132716
-128.036523558413,-135.433926203939,6.21559919212653,9.45632454980411,6.86076758718491,0.973056875725221,0.0488689914759162,0.418749990357053,0.0217107782132716
-128.050623197075,-135.414512024905,6.22969883078817,7.08783751362981,6.88248751974106,0.973056875725221,0.0488689914759162,0.418749990357053,0.0217107782132716
-128.062188323157,-135.392835842595,6.24126395687066,7.42174080583253,6.93602107381821,0.973056875725221,0.0488689914759162,0.418749990357053,0.0217107782132716
-128.08136381813,-135.369088499824,6.26043945184301,7.28006698998914,6.86022876119614,0.973056875725221,0.0488689914759162,0.418749990357053,0.0217107782132716
-128.116942584968,-135.343342509913,6.29601821868153,7.42057945927003,6.98110411977768,0.973056875725221,0.0488689914759162,0.418749990357053,0.0217107782132716
-128.098312775053,-135.315330452821,6.27738840876665,5.74147564518931,6.93150447225571,0.973056875725221,0.0488689914759162,0.418749990357053,0.0217107782132716
-128.131387210108,-135.284867033632,6.31046284382175,7.17589314387294,6.84279654836655,0.973056875725221,0.0488689914759162,0.418749990357053,0.0217107782132716
-128.138586281097,-135.25233471804,6.31766191480984,6.51620812128247,6.85975478506088,0.973056875725221,0.0488689914759162,0.418749990357053,0.0217107782132716
-128.155315901917,-135.218549890713,6.3343915356304,4.29941171802733,6.95170043325424,0.973056875725221,0.0488689914759162,0.418749990357053,0.0217107782132716
-128.16087167893,-135.182564239927,6.33994731264326,6.05395094156786,6.85995219564438,0.973056875725221,0.0488689914759162,0.418749990357053,0.0217107782132716
-128.166094433907,-135.144485237278,6.34517006762023,4.55686143772625,6.93511699056625,0.973056875725221,0.0488689914759162,0.418749990357053,0.0217107782132716
-128.197609333889,-135.104230672405,6.37668496760249,6.27416060011131,6.91599677419662,0.973056875725221,0.0488689914759162,0.418749990357053,0.0217107782132716
-128.202367513524,-135.061944864056,6.38144314723704,3.68544977539253,6.77149699544907,0.973056875725221,0.0488689914759162,0.418749990357053,0.0217107782132716
-128.192389688576,-135.018176438542,6.37146532228924,3.59205535903689,6.81704829549789,0.973056875725221,0.0488689914759162,0.418749990357053,0.0217107782132716
-128.204287632738,-134.971942577901,6.38336326645181,2.35154126368135,6.74467776632309,0.973056875725221,0.0488689914759162,0.418749990357053,0.0217107782132716
-128.228030092893,-134.924364137562,6.40710572660627,1.27162980156751,6.86514018392563,0.973056875725221,0.0488689914759162,0.418749990357053,0.0217107782132716
-128.227015985561,-134.874453598407,6.406091619274,0.698373705525457,6.74500106191635,0.973056875725221,0.0488689914759162,0.418749990357053,0.0217107782132716
-128.206552428178,-134.822986667415,6.38562806189127,-0.196910563570199,6.70106719350815,0.973056875725221,0.0488689914759162,0.418749990357053,0.0217107782132716
-128.223218861543,-134.769739372396,6.40229449525614,-0.134500306957295,6.72671340322495,0.973056875725221,0.0488689914759162,0.418749990357053,0.0217107782132716
-128.21656221833,-134.714837930471,6.39563785204306,0.262856275984345,6.72314952230453,0.973056875725221,0.0488689914759162,0.418749990357053,0.0217107782132716
-128.207424595654,-134.65815335772,6.38650022936724,0.715509713867524,6.69742129659653,0.973056875725221,0.0488689914759162,0.418749990357053,0.0217107782132716
-128.209936611986,-134.59952358008,6.38901224569899,-2.0097059230958,6.67533801412582,0.973056875725221,0.0488689914759162,0.418749990357053,0.0217107782132716
-128.205584553543,-134.53939795714,6.38466018725628,-4.79847948110843,6.53850863790512,0.973056875725221,0.0488689914759162,0.418749990357053,0.0217107782132716
-128.198602657429,-134.478027613732,6.37767829114239,-4.87396462059841,6.46799872732162,0.973056875725221,0.0488689914759162,0.418749990357053,0.0217107782132716
-128.190489631579,-134.414769105929,6.36956526529278,-5.32262262378091,6.53667376852036,0.973056875725221,0.0488689914759162,0.418749990357053,0.0217107782132716
-128.181832384801,-134.349942002831,6.36090801851444,-5.52243784833297,6.58449958181381,0.973056875725221,0.0488689914759162,0.418749990357053,0.0217107782132716
-128.162350351859,-134.283863339809,6.34142598557239,-4.71109454843096,6.55595038747787,0.973056875725221,0.0488689914759162,0.418749990357053,0.0217107782132716
-128.15700695803,-134.216272212768,6.33608259174331,-5.85899504421664,6.49051974630356,0.973056875725221,0.0488689914759162,0.418749990357053,0.0217107782132716
-128.144196891407,-134.147256076669,6.32327252512019,-8.31058839677696,6.53800700521469,0.973056875725221,0.0488689914759162,0.418749990357053,0.0217107782132716
-128.124403336936,-134.076881973603,6.30347897064967,-7.04622394651309,6.41537402486801,0.973056875725221,0.0488689914759162,0.418749990357053,0.0217107782132716
-128.130151938673,-134.005314560379,6.3092275723865,-8.02217170129017,6.34641002035141,0.973056875725221,0.0488689914759162,0.418749990357053,0.0217107782132716
-128.106625641047,-133.93255228714,6.28570127476002,-6.13611885788598,6.37132953023911,0.973056875725221,0.0488689914759162,0.418749990357053,0.0217107782132716
-128.10126595015,-133.858207557308,6.28034158386295,-5.61276942908679,6.3929416975975,0.973056875725221,0.0488689914759162,0.418749990357053,0.0217107782132716
-128.073764608444,-133.782562929679,6.25284024215747,-5.32833451645743,6.34807895040512,0.973056875725221,0.0488689914759162,0.418749990357053,0.0217107782132716
-128.07231818418,-133.70653249806,6.25139381789366,-5.62517113377616,6.2753298125267,0.973056875725221,0.0488689914759162,0.418749990357053,0.0217107782132716
-128.061817616064,-133.629051687352,6.24089324977753,-5.47108020189353,6.22933505392075,0.973056875725221,0.0488689914759162,0.418749990357053,0.0217107782132716
-128.036726148698,-133.55061520448,6.21580178241102,-7.66084875904103,6.25224707937241,0.973056875725221,0.0488689914759162,0.418749990357053,0.0217107782132716
-128.033112873184,-133.471074852709,6.21218850689698,-5.80995602304456,6.10711310720444,0.973056875725221,0.0488689914759162,0.418749990357053,0.0217107782132716
-128.020896862123,-133.390505116834,6.19997249583656,-6.57796183934861,6.1568806014061,0.973056875725221,0.0488689914759162,0.418749990357053,0.0217107782132716
-128.004025102434,-133.309323635981,6.18310073614756,-6.37784729376529,6.17802832937241,0.973056875725221,0.0488689914759162,0.418749990357053,0.0217107782132716
-127.998028106073,-133.227432397223,6.17710373978639,-6.23509667325082,6.11060832357407,0.973056875725221,0.0488689914759162,0.418749990357053,0.0217107782132716
-127.986622580174,-133.144379998816,6.16569821388704,-7.20737812536059,6.08865950918198,0.973056875725221,0.0488689914759162,0.418749990357053,0.0217107782132716
-127.972313533561,-133.060758730492,6.15138916727462,-5.30221800648553,5.99219249105453,0.973056875725221,0.0488689914759162,0.418749990357053,0.0217107782132716
-127.971545183139,-132.976635243098,6.15062081685261,-6.33916746289824,6.05941127157211,0.973056875725221,0.0488689914759162,0.418749990357053,0.0217107782132716
-127.954029587269,-132.891477514657,6.13310522098268,-6.38617320287331,5.94677565908432,0.973056875725221,0.0488689914759162,0.418749990357053,0.0217107782132716
-127.935972395399,-132.806127521309,6.11504802911189,-6.79044930740561,6.01764033651352,0.973056875725221,0.0488689914759162,0.418749990357053,0.0217107782132716
-127.916267279161,-132.720368650235,6.09534291287417,-7.62684937407796,5.90050147390366,0.973056875725221,0.0488689914759162,0.418749990357053,0.0217107782132716
-127.91967546346,-132.634184174019,6.09875109717306,-7.62549430998231,5.85244105672836,0.973056875725221,0.0488689914759162,0.418749990357053,0.0217107782132716
-127.904993383956,-132.547048311828,6.0840690176692,-6.82776494485226,5.90109465932846,0.973056875725221,0.0488689914759162,0.418749990357053,0.0217107782132716
-127.892276804482,-132.460163884884,6.07135243819532,-8.19649932383957,5.78194545125961,0.973056875725221,0.0488689914759162,0.418749990357053,0.0217107782132716
-127.882109159857,-132.372152483952,6.06118479357001,-7.4863619422622,5.73895476675034,0.973056875725221,0.0488689914759162,0.418749990357053,0.0217107782132716
-127.870389812465,-132.285363008415,6.04946544617835,-8.18901556921525,5.73612902975082,0.973056875725221,0.0488689914759162,0.418749990357053,0.0217107782132716
-127.860981677178,-132.197764930163,6.04005731089163,-8.21367651104342,5.61901687002182,0.973056875725221,0.0488689914759162,0.418749990357053,0.0217107782132716
-127.816964305638,-132.109630322282,5.99603993935133,-9.03245950149115,5.57022021627426,0.973056875725221,0.0488689914759162,0.418749990357053,0.0217107782132716
-127.810076222999,-132.021873740665,5.98915185671187,-10.6944106095159,5.45558570241928,0.973056875725221,0.0488689914759162,0.418749990357053,0.0217107782132716
-127.788161178549,-131.933208981246,5.96723681226238,-9.63231001476197,5.52464984273911,0.973056875725221,0.0488689914759162,0.418749990357053,0.0217107782132716
-127.76065686403,-131.844940056468,5.93973249774324,-11.0987438573201,5.57267402029037,0.973056875725221,0.0488689914759162,0.418749990357053,0.0217107782132716
-127.746856496447,-131.755584889918,5.92593213016057,-11.0770314834605,5.50287936544418,0.973056875725221,0.0488689914759162,0.418749990357053,0.0217107782132716
-127.725751676471,-131.669715594131,5.90482731018407,-10.9274502799731,5.38462375020981,0.973056875725221,0.0488689914759162,0.418749990357053,0.0217107782132716
-127.704674225361,-131.582117700945,5.88374985907406,-11.3337510403329,5.24700568532944,0.973056875725221,0.0488689914759162,0.418749990357053,0.0217107782132716
-127.668229438561,-131.495766937529,5.8473050722746,-12.7196970628061,5.17889045095444,0.973056875725221,0.0488689914759162,0.418749990357053,0.0217107782132716
-127.657532681349,-131.408630570314,5.83660831506225,-13.0670441565165,5.29078982686996,0.973056875725221,0.0488689914759162,0.418749990357053,0.0217107782132716
-127.626058331094,-131.321826193047,5.80513396480775,-10.8349803515104,5.24293349599838,0.973056875725221,0.0488689914759162,0.418749990357053,0.0217107782132716
-127.609427954665,-131.235869958436,5.78850358837793,-12.6243441524399,5.10283683156967,0.973056875725221,0.0488689914759162,0.418749990357053,0.0217107782132716
-127.585764544644,-131.150880623852,5.76484017835724,-11.9769269762629,5.12583373403549,0.973056875725221,0.0488689914759162,0.418749990357053,0.0217107782132716
-127.549793143852,-131.065822224201,5.72886877756565,-14.7444573508943,5.07858394002914,0.973056875725221,0.0488689914759162,0.418749990357053,0.0217107782132716
-127.518595813984,-130.981422254512,5.69767144769745,-12.2444089914276,5.03309748983383,0.973056875725221,0.0488689914759162,0.418749990357053,0.0217107782132716
-127.495977161918,-130.897921587068,5.6750527956313,-12.9011919849443,5.07791636800766,0.973056875725221,0.0488689914759162,0.418749990357053,0.0217107782132716
-127.470273046708,-130.814686667537,5.64934868042125,-13.135345404426,5.00901435232162,0.973056875725221,0.0488689914759162,0.418749990357053,0.0217107782132716
-127.428513029463,-130.732621257168,5.60758866317654,-13.5496768303057,4.90929435110092,0.973056875725221,0.0488689914759162,0.418749990357053,0.0217107782132716
-127.419008861063,-130.650663752556,5.59808449477631,-13.8433386641375,4.84290526723862,0.973056875725221,0.0488689914759162,0.418749990357053,0.0217107782132716
-127.391626447308,-130.569671624937,5.57070208102115,-13.8250411952871,4.84086917257309,0.973056875725221,0.0488689914759162,0.418749990357053,0.0217107782132716
-127.362392367826,-130.490618847776,5.54146800153893,-12.3634907658627,4.70400737142563,0.973056875725221,0.0488689914759162,0.418749990357053,0.0217107782132716
-127.353030657723,-130.411811642715,5.53210629143611,-14.1266894542473,4.72721026754379,0.973056875725221,0.0488689914759162,0.418749990357053,0.0217107782132716
-127.313846916149,-130.333593207017,5.49292254986189,-12.7471622297589,4.58475039815903,0.973056875725221,0.0488689914759162,0.418749990357053,0.0217107782132716
-127.304361825306,-130.25673837667,5.48343745901883,-14.2869562070893,4.60808966970444,0.973056875725221,0.0488689914759162,0.418749990357053,0.0217107782132716
-127.259910131052,-130.181810904318,5.43898576476579,-12.3448596825855,4.58604739522934,0.973056875725221,0.0488689914759162,0.418749990357053,0.0217107782132716
-127.232151319279,-130.107386383539,5.41122695299234,-13.6905542791124,4.46646808004379,0.973056875725221,0.0488689914759162,0.418749990357053,0.0217107782132716
-127.212346153105,-130.034667044681,5.39142178681842,-12.9749110219334,4.4677994093895,0.973056875725221,0.0488689914759162,0.418749990357053,0.0217107782132716
-127.183868206981,-129.962295530853,5.36294384069452,-11.8021620094817,4.35412619924545,0.973056875725221,0.0488689914759162,0.418749990357053,0.0217107782132716
-127.166296242979,-129.891808982237,5.34537187669243,-13.8563525316337,4.39984629964828,0.973056875725221,0.0488689914759162,0.418749990357053,0.0217107782132716
-127.145286748717,-129.822613728312,5.32436238243064,-13.9097205563387,4.32579158163071,0.973056875725221,0.0488689914759162,0.418749990357053,0.0217107782132716
-127.12926194686,-129.753938260654,5.3083375805737,-13.9179282709766,4.3246404967308,0.973056875725221,0.0488689914759162,0.418749990357053,0.0217107782132716
-127.086631882391,-129.688178316583,5.26570751610469,-14.9417303953396,4.25678943014145,0.973056875725221,0.0488689914759162,0.418749990357053,0.0217107782132716
-127.062751124274,-129.622917572052,5.24182675798704,-14.8770893936362,4.2141201338768,0.973056875725221,0.0488689914759162,0.418749990357053,0.0217107782132716
-127.030355985495,-129.559452164054,5.20943161920803,-13.7101463522902,4.20953772878647,0.973056875725221,0.0488689914759162,0.418749990357053,0.0217107782132716
-127.011851415973,-129.497276560167,5.19092704968627,-15.3931070976917,4.09432338094711,0.973056875725221,0.0488689914759162,0.418749990357053,0.0217107782132716
-126.962716967889,-129.436535189424,5.14179260160275,-13.414233433837,4.09574054098129,0.973056875725221,0.0488689914759162,0.418749990357053,0.0217107782132716
-126.939445254834,-129.378081279904,5.11852088854736,-15.5563238985028,3.95607517576218,0.973056875725221,0.0488689914759162,0.418749990357053,0.0217107782132716
-126.910616443629,-129.320823590318,5.08969207734258,-12.920856332723,3.97659204816818,0.973056875725221,0.0488689914759162,0.418749990357053,0.0217107782132716
-126.890777114946,-129.26569054809,5.0698527486597,-15.7000855063764,4.02162168836594,0.973056875725221,0.0488689914759162,0.418749990357053,0.0217107782132716
-126.854391135274,-129.211462719123,5.033466768987,-14.1147742975088,3.908355697155,0.973056875725221,0.0488689914759162,0.418749990357053,0.0217107782132716
-126.823787863874,-129.159988741897,5.00286349758758,-14.7971077890797,3.93074749326706,0.973056875725221,0.0488689914759162,0.418749990357053,0.0217107782132716
-126.794827547808,-129.109694093165,4.97390318152099,-14.6318019692031,3.83701704359055,0.973056875725221,0.0488689914759162,0.418749990357053,0.0217107782132716
-126.780827043138,-129.061500334137,4.95990267685156,-13.8590541125471,3.83756159162521,0.973056875725221,0.0488689914759162,0.418749990357053,0.0217107782132716
-126.728351992069,-129.015381016945,4.90742762578233,-14.7419539521266,3.79055307722092,0.973056875725221,0.0488689914759162,0.418749990357053,0.0217107782132716
-126.702685006952,-128.970901827455,4.88176064066487,-15.7198552854091,3.76742456769943,0.973056875725221,0.0488689914759162,0.418749990357053,0.0217107782132716
-126.672473378316,-128.928433455788,4.85154901202917,-13.8915547391374,3.78411863660812,0.973056875725221,0.0488689914759162,0.418749990357053,0.0217107782132716
-126.642686420626,-128.887582623327,4.82176205433937,-16.0809764602866,3.69614075040817,0.973056875725221,0.0488689914759162,0.418749990357053,0.0217107782132716
-126.6087916095,-128.84878182569,4.78786724321303,-15.1153739083867,3.64815948820114,0.973056875725221,0.0488689914759162,0.418749990357053,0.0217107782132716
-126.587627599418,-128.811736145382,4.7667032331315,-14.1250182396998,3.57807491636276,0.973056875725221,0.0488689914759162,0.418749990357053,0.0217107782132716
-126.558889861562,-128.777546872254,4.73796549527536,-14.1057479064855,3.60316942548752,0.973056875725221,0.0488689914759162,0.418749990357053,0.0217107782132716
-126.527165116573,-128.744905357177,4.70624075028667,-14.4404008204599,3.53458164548874,0.973056875725221,0.0488689914759162,0.418749990357053,0.0217107782132716
-126.501582220711,-128.714385985374,4.68065785442456,-14.1668817862353,3.51072548246384,0.973056875725221,0.0488689914759162,0.418749990357053,0.0217107782132716
-126.464053123007,-128.685594076448,4.64312875671982,-14.3509461370176,3.53502033567429,0.973056875725221,0.0488689914759162,0.418749990357053,0.0217107782132716
-126.437893221105,-128.659482058466,4.61696885481833,-13.2604002062445,3.51010130262375,0.973056875725221,0.0488689914759162,0.418749990357053,0.0217107782132716
-126.420920159149,-128.635024191525,4.59999579286272,-14.7602003586693,3.41737554883957,0.973056875725221,0.0488689914759162,0.418749990357053,0.0217107782132716
-126.393792172,-128.612536084299,4.57286780571323,-13.7156000378574,3.48894117689133,0.973056875725221,0.0488689914759162,0.418749990357053,0.0217107782132716
-126.369288677846,-128.592934242231,4.54836431155972,-13.1555558379101,3.4873466334343,0.973056875725221,0.0488689914759162,0.418749990357053,0.0217107782132716
-126.337000632187,-128.575206354126,4.51607626590064,-13.0358246521385,3.30333708143234,0.973056875725221,0.0488689914759162,0.418749990357053,0.0217107782132716
-126.322674380331,-128.559645363491,4.50175001404399,-14.475760573222,3.32199428892136,0.973056875725221,0.0488689914759162,0.418749990357053,0.0217107782132716
-126.288612829822,-128.546178087005,4.46768846353507,-13.878809014925,3.29885624265671,0.973056875725221,0.0488689914759162,0.418749990357053,0.0217107782132716
-126.275405380467,-128.534831665079,4.45448101418056,-11.8981563905929,3.25240324354172,0.973056875725221,0.0488689914759162,0.418749990357053,0.0217107782132716
-126.25112261052,-128.525807217017,4.43019824423307,-12.2946062929807,3.16148804044724,0.973056875725221,0.0488689914759162,0.418749990357053,0.0217107782132716
-126.217247846561,-128.518934854618,4.39632348027436,-12.3355649459607,3.18484924650192,0.973056875725221,0.0488689914759162,0.418749990357053,0.0217107782132716
-126.189568230693,-128.514269037614,4.36864386440658,-12.5119720559566,3.30463503217697,0.973056875725221,0.0488689914759162,0.418749990357053,0.0217107782132716
-126.164055761026,-128.511810312312,4.34313139473894,-10.901305095278,3.18231151914597,0.973056875725221,0.0488689914759162,0.418749990357053,0.0217107782132716
-126.140152267949,-128.511561626582,4.31922790166245,-11.2799358616392,3.15861414289474,0.973056875725221,0.0488689914759162,0.418749990357053,0.0217107782132716
-126.130366999707,-128.513521433886,4.30944263342067,-12.0505976767789,3.27585457181931,0.973056875725221,0.0488689914759162,0.418749990357053,0.0217107782132716
-126.098337600231,-128.517668941955,4.27741323394384,-11.4553903890619,3.18205450391769,0.973056875725221,0.0488689914759162,0.418749990357053,0.0217107782132716
-126.086234284291,-128.524063019659,4.26530991800436,-10.2766809854126,3.20708034849167,0.973056875725221,0.0488689914759162,0.418749990357053,0.0217107782132716
-126.054160904186,-128.532686680714,4.23323653789884,-10.7298742692812,3.09194229459763,0.973056875725221,0.0488689914759162,0.418749990357053,0.0217107782132716
-126.036033466722,-128.543440947301,4.21510910043552,-8.34806429842659,3.13854645109177,0.973056875725221,0.0488689914759162,0.418749990357053,0.0217107782132716
-126.011668001834,-128.556359300599,4.19074363554756,-8.91728624221082,3.13545654630661,0.973056875725221,0.0488689914759162,0.418749990357053,0.0217107782132716
-125.995380467251,-128.571558198473,4.17445610096426,-8.91325847025455,3.15776823377609,0.973056875725221,0.0488689914759162,0.418749990357053,0.0217107782132716
-125.981318266048,-128.58892255447,4.16039389976178,-9.24639733506201,3.08858106946945,0.973056875725221,0.0488689914759162,0.418749990357053,0.0217107782132716
-125.963045826373,-128.608345331275,4.14212146008666,-8.4316315918269,3.06754730558395,0.973056875725221,0.0488689914759162,0.418749990357053,0.0217107782132716
-125.935748961367,-128.629971073939,4.11482459508031,-7.66457492179102,3.16328714704514,0.973056875725221,0.0488689914759162,0.418749990357053,0.0217107782132716
-125.934699397208,-128.653754951553,4.11377503092134,-7.6165690456705,3.16423843717575,0.973056875725221,0.0488689914759162,0.418749990357053,0.0217107782132716
-125.914198138871,-128.679713715668,4.09327377258423,-7.36817950369413,3.02071903562546,0.973056875725221,0.0488689914759162,0.418749990357053,0.0217107782132716
-125.896626869495,-128.707676781365,4.07570250320785,-6.47335645993634,3.1385950884819,0.973056875725221,0.0488689914759162,0.418749990357053,0.0217107782132716
-125.909279113951,-128.737706436115,4.08835474766439,-5.48454376321084,3.18481634473801,0.973056875725221,0.0488689914759162,0.418749990357053,0.0217107782132716
-125.883744482915,-128.769911318528,4.06282011662853,-6.38023867782486,3.16486023283005,0.973056875725221,0.0488689914759162,0.418749990357053,0.0217107782132716
-125.873917835312,-128.804569604881,4.05299346902491,-4.58793924984861,3.18364189481735,0.973056875725221,0.0488689914759162,0.418749990357053,0.0217107782132716
-125.867131391343,-128.840254039387,4.0462070250559,-5.1776275440914,3.11672685956955,0.973056875725221,0.0488689914759162,0.418749990357053,0.0217107782132716
-125.855344316291,-128.878329550392,4.03441995000392,-5.08161374490537,3.20514725065231,0.973056875725221,0.0488689914759162,0.418749990357053,0.0217107782132716
-125.851726100941,-128.918648872078,4.0308017346545,-3.92891615084904,3.13841770505905,0.973056875725221,0.0488689914759162,0.418749990357053,0.0217107782132716
-125.834135906285,-128.960876931723,4.0132115399987,-3.27919927042097,3.13895367002487,0.973056875725221,0.0488689914759162,0.418749990357053,0.0217107782132716
-125.825862064954,-129.004914893939,4.00493769866739,-4.91225179187717,3.21006821012497,0.973056875725221,0.0488689914759162,0.418749990357053,0.0217107782132716
-125.826370776971,-129.050786396729,4.00544641068409,-2.97291425350089,3.20975540494919,0.973056875725221,0.0488689914759162,0.418749990357053,0.0217107782132716
-125.816735153368,-129.098769160147,3.99581078708142,-3.33636000288951,3.35139892911911,0.973056875725221,0.0488689914759162,0.418749990357053,0.0217107782132716
-125.816746353212,-129.148619974483,3.99582198692502,-2.00991952081036,3.27930401182175,0.973056875725221,0.0488689914759162,0.418749990357053,0.0217107782132716
-125.810188243994,-129.199915595313,3.98926387770748,-0.641412340136928,3.30028484678268,0.973056875725221,0.0488689914759162,0.418749990357053,0.0217107782132716
-125.811568932088,-129.253095448168,3.99064456580137,-0.401300866500546,3.34633730268478,0.973056875725221,0.0488689914759162,0.418749990357053,0.0217107782132716
-125.809667707766,-129.308111347827,3.98874334147942,-0.218964523762693,3.34615038251877,0.973056875725221,0.0488689914759162,0.418749990357053,0.0217107782132716
-125.80396836396,-129.365404490155,3.98304399767349,1.46956948608813,3.32086418485641,0.973056875725221,0.0488689914759162,0.418749990357053,0.0217107782132716
-125.803726057978,-129.423611382669,3.98280169169121,1.27659872572622,3.34549330091476,0.973056875725221,0.0488689914759162,0.418749990357053,0.0217107782132716
-125.808677793899,-129.483303857608,3.98775342761273,0.881013127009267,3.32083986616135,0.973056875725221,0.0488689914759162,0.418749990357053,0.0217107782132716
-125.808599115486,-129.544850313296,3.98767474919901,0.803633446551796,3.37168119764328,0.973056875725221,0.0488689914759162,0.418749990357053,0.0217107782132716
-125.815964517057,-129.607981247467,3.9950401507701,5.43701874725816,3.43802212095261,0.973056875725221,0.0488689914759162,0.418749990357053,0.0217107782132716
-125.824158597454,-129.67287749456,4.0032342311678,5.08313335596669,3.43940780973434,0.973056875725221,0.0488689914759162,0.418749990357053,0.0217107782132716
-125.836967690177,-129.738637679146,4.01604332388991,3.53257526193172,3.41432903623581,0.973056875725221,0.0488689914759162,0.418749990357053,0.0217107782132716
-125.854648176507,-129.806458728605,4.03372381021991,7.26885255646715,3.53721617078781,0.973056875725221,0.0488689914759162,0.418749990357053,0.0217107782132716
-125.851443715972,-129.875440328562,4.03051934968543,6.3896289173737,3.46318958616257,0.973056875725221,0.0488689914759162,0.418749990357053,0.0217107782132716
-125.863881141817,-129.946134227856,4.04295677553065,9.43550531292359,3.58223579740524,0.973056875725221,0.0488689914759162,0.418749990357053,0.0217107782132716
-125.886879470522,-130.018058989205,4.06595510423563,6.24852978821123,3.53345630979538,0.973056875725221,0.0488689914759162,0.418749990357053,0.0217107782132716
-125.898991101682,-130.091032749133,4.07806673539557,7.42353627479565,3.48521469449997,0.973056875725221,0.0488689914759162,0.418749990357053,0.0217107782132716
-125.915410957778,-130.166156521384,4.09448659149128,7.5512352537591,3.65045641279221,0.973056875725221,0.0488689914759162,0.418749990357053,0.0217107782132716
-125.927216559803,-130.240034188659,4.10629219351619,5.5884322853167,3.67433689451218,0.973056875725221,0.0488689914759162,0.418749990357053,0.0217107782132716
-125.937377917069,-130.316474605239,4.11645355078252,7.78413435386104,3.58014820432663,0.973056875725221,0.0488689914759162,0.418749990357053,0.0217107782132716
-125.955054549109,-130.393976883032,4.13413018282241,4.89847025214561,3.790688975811,0.973056875725221,0.0488689914759162,0.418749990357053,0.0217107782132716
-125.969875369465,-130.472642372308,4.14895100317783,8.49415573191311,3.74424837446213,0.973056875725221,0.0488689914759162,0.418749990357053,0.0217107782132716
-125.986097370372,-130.552092947116,4.1651730040852,6.5367379204516,3.65502260541916,0.973056875725221,0.0488689914759162,0.418749990357053,0.0217107782132716
-126.007945450878,-130.632560838832,4.18702108459082,8.55623896704911,3.76791141843796,0.973056875725221,0.0488689914759162,0.418749990357053,0.0217107782132716
-126.036816922318,-130.713316640702,4.21589255603119,6.93049360012972,3.74536321973801,0.973056875725221,0.0488689914759162,0.418749990357053,0.0217107782132716
-126.031550426826,-130.795776687147,4.21062606053899,8.75994666861737,3.91070078229904,0.973056875725221,0.0488689914759162,0.418749990357053,0.0217107782132716
-126.053862889285,-130.878435935796,4.23293852299839,8.54084084769039,3.8183636507988,0.973056875725221,0.0488689914759162,0.418749990357053,0.0217107782132716
-126.067327248792,-130.96179727253,4.24640288250541,9.9533461150405,3.84134386396408,0.973056875725221,0.0488689914759162,0.418749990357053,0.0217107782132716
-126.079352702196,-131.046574116913,4.25842833590936,7.36410184559923,3.93228004789352,0.973056875725221,0.0488689914759162,0.418749990357053,0.0217107782132716
-126.089989232653,-131.1307603786,4.26906486636622,7.76240304482147,3.91789053297043,0.973056875725221,0.0488689914759162,0.418749990357053,0.0217107782132716
-126.102504469726,-131.216852392521,4.28158010343918,7.32096064202016,3.88849686002731,0.973056875725221,0.0488689914759162,0.418749990357053,0.0217107782132716
-126.115786644479,-131.302725239347,4.29486227819273,9.29943185470697,4.07613204336166,0.973056875725221,0.0488689914759162,0.418749990357053,0.0217107782132716
-126.136562714846,-131.388611917403,4.3156383485598,6.26259445128556,4.02773116445541,0.973056875725221,0.0488689914759162,0.418749990357053,0.0217107782132716
-126.144007938725,-131.475768504932,4.3230835724388,9.18745445199525,4.1466905913353,0.973056875725221,0.0488689914759162,0.418749990357053,0.0217107782132716
-126.155375635034,-131.562590607999,4.33445126874762,7.44293937027419,4.10209487295151,0.973056875725221,0.0488689914759162,0.418749990357053,0.0217107782132716
-126.176213935505,-131.650424570929,4.35528956921874,8.95442234213194,4.11867354726791,0.973056875725221,0.0488689914759162,0.418749990357053,0.0217107782132716
-126.192750850548,-131.738300775338,4.37182648426107,8.01430005742974,4.26136802053452,0.973056875725221,0.0488689914759162,0.418749990357053,0.0217107782132716
-126.203024710386,-131.825313887519,4.38210034409933,8.89099374828777,4.30893920278549,0.973056875725221,0.0488689914759162,0.418749990357053,0.0217107782132716
-126.226983292376,-131.913155287075,4.4060589260895,10.1190508772979,4.25934241628647,0.973056875725221,0.0488689914759162,0.418749990357053,0.0217107782132716
-126.237582931688,-132.001656381469,4.41665856540138,9.45948911230613,4.37400935506821,0.973056875725221,0.0488689914759162,0.418749990357053,0.0217107782132716
-126.260979083122,-132.089230668057,4.44005471683501,10.8742537012012,4.35273478841782,0.973056875725221,0.0488689914759162,0.418749990357053,0.0217107782132716
-126.27253209565,-132.177499906846,4.45160772936351,8.99902332433266,4.4245169005394,0.973056875725221,0.0488689914759162,0.418749990357053,0.0217107782132716
-126.291584070539,-132.264753472985,4.47065970425189,11.9604522436545,4.47035811758041,0.973056875725221,0.0488689914759162,0.418749990357053,0.0217107782132716
-126.318154330756,-132.353007444456,4.49722996446947,9.88361561514549,4.44678138113022,0.973056875725221,0.0488689914759162,0.418749990357053,0.0217107782132716
-126.35460978926,-132.439845816242,4.53368542297367,13.3381868451003,4.60951636648178,0.973056875725221,0.0488689914759162,0.418749990357053,0.0217107782132716
-126.371175934594,-132.526998038544,4.55025156830688,11.0775704855106,4.70528052663803,0.973056875725221,0.0488689914759162,0.418749990357053,0.0217107782132716
-126.391005157369,-132.613742006293,4.57008079108251,12.6445890791414,4.67833827352524,0.973056875725221,0.0488689914759162,0.418749990357053,0.0217107782132716
-126.428122003053,-132.700486700489,4.60719763676634,13.1038889099293,4.7747194609642,0.973056875725221,0.0488689914759162,0.418749990357053,0.0217107782132716
-126.453994722938,-132.786281910516,4.63307035665159,13.5595332003396,4.77340148305893,0.973056875725221,0.0488689914759162,0.418749990357053,0.0217107782132716
-126.466707008657,-132.872037438865,4.64578264236987,15.0560728765354,4.91862510061264,0.973056875725221,0.0488689914759162,0.418749990357053,0.0217107782132716
-126.50120993922,-132.957074829385,4.6802855729329,14.2363813210722,4.86853717184067,0.973056875725221,0.0488689914759162,0.418749990357053,0.0217107782132716
-126.545233535446,-133.041484076855,4.72430916915981,14.6360644898893,5.03312514638901,0.973056875725221,0.0488689914759162,0.418749990357053,0.0217107782132716
-126.575682206708,-133.125321856642,4.75475784042168,15.5135564930789,5.03013156270981,0.973056875725221,0.0488689914759162,0.418749990357053,0.0217107782132716
-126.597214208399,-133.207981318465,4.77628984211187,14.7280692666524,5.05515597677231,0.973056875725221,0.0488689914759162,0.418749990357053,0.0217107782132716
-126.636288972713,-133.290370056508,4.81536460642656,15.2494501234843,5.14818499898911,0.973056875725221,0.0488689914759162,0.418749990357053,0.0217107782132716
-126.678982473497,-133.372170983763,4.85805810721041,16.6265201099575,5.1731569609642,0.973056875725221,0.0488689914759162,0.418749990357053,0.0217107782132716
-126.699882821028,-133.452751802919,4.87895845474162,15.8221754346446,5.17659972524643,0.973056875725221,0.0488689914759162,0.418749990357053,0.0217107782132716
-126.719122429911,-133.532498351471,4.89819806362388,16.1560723326881,5.14916823720932,0.973056875725221,0.0488689914759162,0.418749990357053,0.0217107782132716
-126.763307088742,-133.610891178091,4.94238272245534,15.9447326390597,5.3166649184227,0.973056875725221,0.0488689914759162,0.418749990357053,0.0217107782132716
-126.793484726065,-133.688392979217,4.97256035977878,17.2086486994973,5.36138556814194,0.973056875725221,0.0488689914759162,0.418749990357053,0.0217107782132716
-126.834013931614,-133.765558662825,5.01308956532773,14.4499189754445,5.40944503164291,0.973056875725221,0.0488689914759162,0.418749990357053,0.0217107782132716
-126.858779811183,-133.841816480817,5.03785544489616,15.93707832359,5.35914157247543,0.973056875725221,0.0488689914759162,0.418749990357053,0.0217107782132716
-126.897292601415,-133.914776150705,5.07636823512869,16.7018322931578,5.45525954580307,0.973056875725221,0.0488689914759162,0.418749990357053,0.0217107782132716
-126.931068727891,-133.988379994922,5.11014436160401,15.2298851074075,5.48256800985336,0.973056875725221,0.0488689914759162,0.418749990357053,0.0217107782132716
-126.950444182634,-134.060713084558,5.12951981634688,16.0047978734274,5.59757827138901,0.973056875725221,0.0488689914759162,0.418749990357053,0.0217107782132716
-126.987205295438,-134.131571185791,5.16628092915114,14.3115508052717,5.62001822805405,0.973056875725221,0.0488689914759162,0.418749990357053,0.0217107782132716
-127.011499852443,-134.200378742311,5.19057548615676,15.137532554802,5.54905436849594,0.973056875725221,0.0488689914759162,0.418749990357053,0.0217107782132716
-127.055069652001,-134.269458784059,5.23414528571417,15.5258233300273,5.68980239248276,0.973056875725221,0.0488689914759162,0.418749990357053,0.0217107782132716
-127.067501242473,-134.336240817817,5.24657687618604,13.5448167994421,5.83219073629379,0.973056875725221,0.0488689914759162,0.418749990357053,0.0217107782132716
-127.114180323531,-134.399625563879,5.29325595724436,15.1600076880378,5.71580241537094,0.973056875725221,0.0488689914759162,0.418749990357053,0.0217107782132716
-127.124541874152,-134.463643226696,5.30361750786579,15.3207895165365,5.80937121725082,0.973056875725221,0.0488689914759162,0.418749990357053,0.0217107782132716
-127.148752713996,-134.52588427191,5.32782834770967,16.4991963865758,5.94854377126694,0.973056875725221,0.0488689914759162,0.418749990357053,0.0217107782132716
-127.188306820675,-134.585969673356,5.36738245438875,15.2375066703812,5.97267554616928,0.973056875725221,0.0488689914759162,0.418749990357053,0.0217107782132716
-127.223330765387,-134.644652642064,5.40240639910042,14.0596531142619,5.9500181517601,0.973056875725221,0.0488689914759162,0.418749990357053,0.0217107782132716
-127.250918344092,-134.701704216867,5.42999397780577,14.8669095756889,5.9718048415184,0.973056875725221,0.0488689914759162,0.418749990357053,0.0217107782132716
-127.268093279001,-134.757164068919,5.44716891271399,13.3933896361708,6.01874564504623,0.973056875725221,0.0488689914759162,0.418749990357053,0.0217107782132716
-127.295062662366,-134.811245282166,5.47413829607937,15.0724753432198,6.0452558836937,0.973056875725221,0.0488689914759162,0.418749990357053,0.0217107782132716
-127.324538698385,-134.862868157595,5.50361433209831,14.519961649944,6.06739257192612,0.973056875725221,0.0488689914759162,0.418749990357053,0.0217107782132716
-127.347339636387,-134.912720816709,5.5264152701007,14.9532690125812,6.08961509084702,0.973056875725221,0.0488689914759162,0.418749990357053,0.0217107782132716
-127.366267584077,-134.961295757285,5.54534321779074,13.4290725637992,6.27917884206772,0.973056875725221,0.0488689914759162,0.418749990357053,0.0217107782132716
-127.419717905722,-135.007528910086,5.59879353943574,15.3944157320133,6.23321364736557,0.973056875725221,0.0488689914759162,0.418749990357053,0.0217107782132716
-127.443050132981,-135.052107194001,5.62212576669435,14.0929408718879,6.27982734060287,0.973056875725221,0.0488689914759162,0.418749990357053,0.0217107782132716
-127.472308386381,-135.09490356643,5.65138402009463,13.7956613430675,6.28061793661118,0.973056875725221,0.0488689914759162,0.418749990357053,0.0217107782132716
-127.499312867024,-135.13580914786,5.67838850073779,13.9592684242523,6.37378142690659,0.973056875725221,0.0488689914759162,0.418749990357053,0.0217107782132716
-127.519296979938,-135.174050200385,5.69837261365116,13.2755634049798,6.32543490743637,0.973056875725221,0.0488689914759162,0.418749990357053,0.0217107782132716
-127.53730677721,-135.210987693107,5.7163824109237,13.756073000114,6.39594386434555,0.973056875725221,0.0488689914759162,0.418749990357053,0.0217107782132716
-127.579828588861,-135.245682229222,5.75890422257444,11.9827504760487,6.49051020956039,0.973056875725221,0.0488689914759162,0.418749990357053,0.0217107782132716
-127.618309857044,-135.278218266553,5.79738549075751,14.3804142870723,6.39399836874008,0.973056875725221,0.0488689914759162,0.418749990357053,0.0217107782132716
-127.628676862413,-135.308621204848,5.80775249612622,11.7645792601958,6.46918128347397,0.973056875725221,0.0488689914759162,0.418749990357053,0.0217107782132716
-127.661623535563,-135.337146472062,5.84069916927601,12.7558505099475,6.53874038076401,0.973056875725221,0.0488689914759162,0.418749990357053,0.0217107782132716
-127.684521583413,-135.363404557504,5.86359721712676,11.3169956835562,6.6312868437767,0.973056875725221,0.0488689914759162,0.418749990357053,0.0217107782132716
-127.689086876236,-135.387708356929,5.86816250994957,12.465154684953,6.6084825835228,0.973056875725221,0.0488689914759162,0.418749990357053,0.0217107782132716
-127.712880580665,-135.409758871767,5.89195621437857,12.4300197377064,6.67976497030258,0.973056875725221,0.0488689914759162,0.418749990357053,0.0217107782132716
-127.742220957871,-135.42977856908,5.9212965915838,11.4740545269439,6.65013430929184,0.973056875725221,0.0488689914759162,0.418749990357053,0.0217107782132716
-127.771150266039,-135.447527933525,5.95022589975214,10.91880340544,6.67813418722153,0.973056875725221,0.0488689914759162,0.418749990357053,0.0217107782132716
-127.790138944348,-135.463166342907,5.96921457806102,12.2748907900043,6.72542308187485,0.973056875725221,0.0488689914759162,0.418749990357053,0.0217107782132716
-127.818656712797,-135.476659281803,5.99773234650988,10.2884592389087,6.72812293386459,0.973056875725221,0.0488689914759162,0.418749990357053,0.0217107782132716
-127.821878580658,-135.487988648265,6.00095421437133,10.5847333340088,6.72112010335922,0.973056875725221,0.0488689914759162,0.418749990357053,0.0217107782132716
-127.843068323406,-135.497012628162,6.02214395711939,10.2217193680538,6.77057860708237,0.973056875725221,0.0488689914759162,0.418749990357053,0.0217107782132716
-127.867343100693,-135.503868113183,6.0464187344062,9.23500890560116,6.70388053274155,0.973056875725221,0.0488689914759162,0.418749990357053,0.0217107782132716
-127.870214659543,-135.508550361796,6.04929029325632,10.7970367953013,6.81600497579575,0.973056875725221,0.0488689914759162,0.418749990357053,0.0217107782132716
-127.916218835263,-135.510998078686,6.09529446897647,9.8762612941943,6.91033004140854,0.973056875725221,0.0488689914759162,0.418749990357053,0.0217107782132716
-127.926532067597,-135.511224796153,6.10560770131074,8.90133464481052,6.88683532094955,0.973056875725221,0.0488689914759162,0.418749990357053,0.0217107782132716
-127.945268707673,-135.509253422294,6.12434434138631,9.20918589766463,6.77073310232162,0.973056875725221,0.0488689914759162,0.418749990357053,0.0217107782132716
-127.946980147628,-135.505086299901,6.12605578134118,9.33958772904759,6.86290667867661,0.973056875725221,0.0488689914759162,0.418749990357053,0.0217107782132716
-127.96458063837,-135.498643788532,6.14365627208349,9.56313482750869,6.88589309072495,0.973056875725221,0.0488689914759162,0.418749990357053,0.0217107782132716
-127.98413067934,-135.490062037149,6.16320631305317,9.21094073293888,6.97923682546616,0.973056875725221,0.0488689914759162,0.418749990357053,0.0217107782132716
-128.000059904777,-135.479335321389,6.1791355384902,7.64587277869451,6.88567183828354,0.973056875725221,0.0488689914759162,0.418749990357053,0.0217107782132716
-128.017598964164,-135.466398248381,6.19667459787737,8.64076622952498,6.91132853841782,0.973056875725221,0.0488689914759162,0.418749990357053,0.0217107782132716
-128.045896816544,-135.451255314647,6.22497245025694,7.02084370603866,6.9332306227684,0.973056875725221,0.0488689914759162,0.418749990357053,0.0217107782132716
-128.044740978955,-135.433926203939,6.22381661266877,8.34750395659603,7.00206206655502,0.973056875725221,0.0488689914759162,0.418749990357053,0.0217107782132716
-128.069270542865,-135.414308552381,6.24834617657818,7.17766333082321,6.98116992330551,0.973056875725221,0.0488689914759162,0.418749990357053,0.0217107782132716
-128.083296285557,-135.392532555877,6.26237191927076,8.53242334880887,6.86021922445297,0.973056875725221,0.0488689914759162,0.418749990357053,0.0217107782132716
-128.095736150737,-135.368878281179,6.27481178444991,6.55096896849654,6.9040558180809,0.973056875725221,0.0488689914759162,0.418749990357053,0.0217107782132716
-128.10804428582,-135.34312735124,6.28711991953335,7.2848169999503,6.88969348287582,0.973056875725221,0.0488689914759162,0.418749990357053,0.0217107782132716
-128.128322645126,-135.315101998379,6.3073982788395,6.23877564346867,6.98313544607162,0.973056875725221,0.0488689914759162,0.418749990357053,0.0217107782132716
-128.130140520755,-135.285004329501,6.30921615446811,6.43648913072864,6.86326144552231,0.973056875725221,0.0488689914759162,0.418749990357053,0.0217107782132716
-128.142817594162,-135.252781927676,6.32189322787577,5.60910260430201,6.84003470754623,0.973056875725221,0.0488689914759162,0.418749990357053,0.0217107782132716
-128.165891409291,-135.217890301433,6.34496704300408,5.75720733458259,6.88403819417953,0.973056875725221,0.0488689914759162,0.418749990357053,0.0217107782132716
-128.178419727909,-135.182000446968,6.35749536162214,6.17100659789325,6.97937033987045,0.973056875725221,0.0488689914759162,0.418749990357053,0.0217107782132716
-128.18558823521,-135.144143959921,6.36466386892334,3.84933592064788,6.90799353933334,0.973056875725221,0.0488689914759162,0.418749990357053,0.0217107782132716
-128.189764854003,-135.103931185932,6.36884048771655,4.04617065966045,6.91221354818344,0.973056875725221,0.0488689914759162,0.418749990357053,0.0217107782132716
-128.201320474311,-135.061960286342,6.38039610802399,3.59790937233466,6.86553786611557,0.973056875725221,0.0488689914759162,0.418749990357053,0.0217107782132716
-128.20547224641,-135.017795293846,6.38454788012291,4.87165394420169,6.83898566579819,0.973056875725221,0.0488689914759162,0.418749990357053,0.0217107782132716
-128.216171356455,-134.967498798537,6.39524699016861,1.87550858699564,6.7937156996727,0.973056875725221,0.0488689914759162,0.418749990357053,0.0217107782132716
-128.217629565152,-134.922846016721,6.39670519886507,0.868346407143975,6.68077681875229,0.973056875725221,0.0488689914759162,0.418749990357053,0.0217107782132716
-128.209069524345,-134.87428470312,6.38814515805833,-0.484950228344001,6.65457270956039,0.973056875725221,0.0488689914759162,0.418749990357053,0.0217107782132716
-128.217229232359,-134.82291172372,6.39630486607276,0.445335604446732,6.67825148916245,0.973056875725221,0.0488689914759162,0.418749990357053,0.0217107782132716
-128.213231796804,-134.769300389934,6.39230743051747,0.583968050359064,6.70140193319321,0.973056875725221,0.0488689914759162,0.418749990357053,0.0217107782132716
-128.232731440315,-134.714464931308,6.41180707402839,-0.330444744645724,6.6036407790184,0.973056875725221,0.0488689914759162,0.418749990357053,0.0217107782132716
-128.220263782842,-134.65794750646,6.39933941655549,-3.57995525853786,6.67982600545883,0.973056875725221,0.0488689914759162,0.418749990357053,0.0217107782132716
-128.221096276634,-134.599248251204,6.40017191034734,-4.26321766244716,6.62995265340805,0.973056875725221,0.0488689914759162,0.418749990357053,0.0217107782132716
-128.210708819331,-134.539274666473,6.38978445304469,-2.08574318486008,6.60602496480942,0.973056875725221,0.0488689914759162,0.418749990357053,0.0217107782132716
-128.194290883485,-134.477633290258,6.37336651719841,-2.782951575852,6.60454200124741,0.973056875725221,0.0488689914759162,0.418749990357053,0.0217107782132716
-128.199761628088,-134.414616640234,6.37883726180172,-3.78516144432908,6.53327391958237,0.973056875725221,0.0488689914759162,0.418749990357053,0.0217107782132716
-128.184971320661,-134.34966111873,6.36404695437409,-8.13240751790783,6.51348422384262,0.973056875725221,0.0488689914759162,0.418749990357053,0.0217107782132716
-128.171933200177,-134.283695853824,6.35100883389036,-4.36723347090497,6.34755061483383,0.973056875725221,0.0488689914759162,0.418749990357053,0.0217107782132716
-128.166685545526,-134.216166341238,6.34576117923893,-8.57554172464864,6.44002936697006,0.973056875725221,0.0488689914759162,0.418749990357053,0.0217107782132716
-128.137746235448,-134.147280998476,6.31682186916155,-5.45453978335295,6.51196883535385,0.973056875725221,0.0488689914759162,0.418749990357053,0.0217107782132716
-128.136675875255,-134.076754988573,6.31575150896796,-8.60566149522193,6.34355185842514,0.973056875725221,0.0488689914759162,0.418749990357053,0.0217107782132716
-128.117056207856,-134.004987056655,6.29613184156974,-6.8211091344764,6.41751311635971,0.973056875725221,0.0488689914759162,0.418749990357053,0.0217107782132716
-128.110075957361,-133.932192896249,6.28915159107421,-5.09928776717281,6.39486335134506,0.973056875725221,0.0488689914759162,0.418749990357053,0.0217107782132716
-128.087208183231,-133.857869058053,6.2662838169438,-6.7043652671904,6.34256289815903,0.973056875725221,0.0488689914759162,0.418749990357053,0.0217107782132716
-128.086272245114,-133.78260815151,6.26534787882776,-4.33838141799227,6.34647105550766,0.973056875725221,0.0488689914759162,0.418749990357053,0.0217107782132716
-128.077220504944,-133.706229739377,6.25629613865705,-6.48194721065188,6.29880545949936,0.973056875725221,0.0488689914759162,0.418749990357053,0.0217107782132716
-128.050553172352,-133.628540221657,6.22962880606492,-4.95607788945736,6.2249901137352,0.973056875725221,0.0488689914759162,0.418749990357053,0.0217107782132716
-128.035735471905,-133.550191392632,6.21481110561842,-5.24851812048394,6.20383952474594,0.973056875725221,0.0488689914759162,0.418749990357053,0.0217107782132716
-128.028709632681,-133.470817518244,6.20778526639454,-6.51730797540549,6.1073667845726,0.973056875725221,0.0488689914759162,0.418749990357053,0.0217107782132716
-128.01906887587,-133.390158146737,6.19814450958328,-6.80079752603196,6.18220256185532,0.973056875725221,0.0488689914759162,0.418749990357053,0.0217107782132716
-128.012374295457,-133.30886591294,6.19144992916984,-4.21855495165358,6.20420096731186,0.973056875725221,0.0488689914759162,0.418749990357053,0.0217107782132716
-128.002487409387,-133.227166903966,6.18156304310008,-9.12699380349013,6.25136493062973,0.973056875725221,0.0488689914759162,0.418749990357053,0.0217107782132716
-127.987441251551,-133.144270860768,6.16651688526412,-5.93274038561586,6.13288043355942,0.973056875725221,0.0488689914759162,0.418749990357053,0.0217107782132716
-127.980092855246,-133.060328558541,6.15916848895909,-6.00067949966066,5.9941961607933,0.973056875725221,0.0488689914759162,0.418749990357053,0.0217107782132716
-127.979310268185,-132.976373172024,6.15838590189863,-6.52294869443566,5.89750789022446,0.973056875725221,0.0488689914759162,0.418749990357053,0.0217107782132716
-127.96107430065,-132.891436917494,6.1401499343629,-5.19031279663928,5.90047095632553,0.973056875725221,0.0488689914759162,0.418749990357053,0.0217107782132716
-127.959367257113,-132.806147945879,6.13844289082646,-7.90821722380206,5.94324324941635,0.973056875725221,0.0488689914759162,0.418749990357053,0.0217107782132716
-127.933425656036,-132.719978430868,6.11250128974886,-5.63349926930179,5.83006594991684,0.973056875725221,0.0488689914759162,0.418749990357053,0.0217107782132716
-127.921637676399,-132.633823010733,6.10071331011217,-5.74753231990411,5.94637034749985,0.973056875725221,0.0488689914759162,0.418749990357053,0.0217107782132716
-127.913415602976,-132.546965410358,6.09249123668951,-8.47900093572672,5.87681411123276,0.973056875725221,0.0488689914759162,0.418749990357053,0.0217107782132716
-127.90126600896,-132.459976690663,6.08034164267379,-6.88074967475874,5.78344939565659,0.973056875725221,0.0488689914759162,0.418749990357053,0.0217107782132716
-127.888525501392,-132.371891724303,6.06760113510557,-9.05057700923085,5.7637331328392,0.973056875725221,0.0488689914759162,0.418749990357053,0.0217107782132716
-127.864079717226,-132.285080748911,6.04315535093913,-7.29620838690742,5.73941157674789,0.973056875725221,0.0488689914759162,0.418749990357053,0.0217107782132716
-127.84922170869,-132.197398432925,6.02829734240287,-9.64955927688365,5.59327815389633,0.973056875725221,0.0488689914759162,0.418749990357053,0.0217107782132716
-127.837756027525,-132.109305377816,6.01683166123859,-10.6490817343161,5.57040904378891,0.973056875725221,0.0488689914759162,0.418749990357053,0.0217107782132716
-127.811394065267,-132.021317974595,5.99046969898076,-9.38842197636781,5.54964183187485,0.973056875725221,0.0488689914759162,0.418749990357053,0.0217107782132716
-127.79335918304,-131.933596874179,5.97243481675327,-10.2938152680769,5.52397273397446,0.973056875725221,0.0488689914759162,0.418749990357053,0.0217107782132716
-127.791679578902,-131.845526621328,5.97075521261561,-9.40011711835889,5.45397494649887,0.973056875725221,0.0488689914759162,0.418749990357053,0.0217107782132716
-127.757853922717,-131.757456935516,5.93692955643074,-11.8451983779194,5.38317893362045,0.973056875725221,0.0488689914759162,0.418749990357053,0.0217107782132716
-127.741154859456,-131.668265004713,5.92023049316912,-11.983099994698,5.40978167867661,0.973056875725221,0.0488689914759162,0.418749990357053,0.0217107782132716
-127.711478747641,-131.581743050583,5.89055438135397,-12.0872031937917,5.38309691762924,0.973056875725221,0.0488689914759162,0.418749990357053,0.0217107782132716
-127.679133854892,-131.495403928215,5.85820948860577,-13.4328178460251,5.2909023604393,0.973056875725221,0.0488689914759162,0.418749990357053,0.0217107782132716
-127.654867211484,-131.408392992815,5.83394284519742,-11.5808265249789,5.26863120412827,0.973056875725221,0.0488689914759162,0.418749990357053,0.0217107782132716
-127.629904585011,-131.322586978877,5.80898021872464,-12.4902911553946,5.26824687337875,0.973056875725221,0.0488689914759162,0.418749990357053,0.0217107782132716
-127.606988898241,-131.236330114525,5.78606453195404,-11.6805978550826,5.15176699972153,0.973056875725221,0.0488689914759162,0.418749990357053,0.0217107782132716
-127.57316617489,-131.150474057193,5.75224180860287,-11.5011034661077,5.15022776937485,0.973056875725221,0.0488689914759162,0.418749990357053,0.0217107782132716
-127.552615229011,-131.06560010856,5.7316908627246,-13.8745277883227,5.07839415884018,0.973056875725221,0.0488689914759162,0.418749990357053,0.0217107782132716
-127.528475060139,-130.980610513865,5.70755069385237,-12.5816152720792,5.03215335226059,0.973056875725221,0.0488689914759162,0.418749990357053,0.0217107782132716
-127.48395087901,-130.897464293847,5.66302651272299,-14.0453880800445,4.98321364736557,0.973056875725221,0.0488689914759162,0.418749990357053,0.0217107782132716
-127.464026809971,-130.814657105005,5.64310244368382,-13.6702343567026,4.84105704641342,0.973056875725221,0.0488689914759162,0.418749990357053,0.0217107782132716
-127.450410886515,-130.732133210144,5.6294865202281,-13.9860296675124,4.91227172231674,0.973056875725221,0.0488689914759162,0.418749990357053,0.0217107782132716
-127.414011644672,-130.650460869026,5.59308727838539,-14.5805046824141,4.84268973684311,0.973056875725221,0.0488689914759162,0.418749990357053,0.0217107782132716
-127.404850838881,-130.569470968094,5.58392647259437,-12.7629203969657,4.77688620901108,0.973056875725221,0.0488689914759162,0.418749990357053,0.0217107782132716
-127.365796236519,-130.489646128475,5.54487187023253,-12.9985948441628,4.60881923055649,0.973056875725221,0.0488689914759162,0.418749990357053,0.0217107782132716
-127.329991600669,-130.412119441195,5.50906723438274,-13.8316700598509,4.77294753408432,0.973056875725221,0.0488689914759162,0.418749990357053,0.0217107782132716
-127.327081042839,-130.333998145036,5.5061566765521,-13.3222562956088,4.65581630086899,0.973056875725221,0.0488689914759162,0.418749990357053,0.0217107782132716
-127.30722966725,-130.257155762295,5.48630530096353,-12.2070477112853,4.70245288228989,0.973056875725221,0.0488689914759162,0.418749990357053,0.0217107782132716
-127.274042407401,-130.181739389597,5.45311804111448,-14.0097211623333,4.58695338582993,0.973056875725221,0.0488689914759162,0.418749990357053,0.0217107782132716
-127.237850505125,-130.107184015888,5.41692613883868,-12.1023704738557,4.51279185628891,0.973056875725221,0.0488689914759162,0.418749990357053,0.0217107782132716
-127.21357242006,-130.034312260239,5.3926480537734,-14.9005789309289,4.49257682180405,0.973056875725221,0.0488689914759162,0.418749990357053,0.0217107782132716
-127.186256200734,-129.962584581927,5.36533183444698,-12.1394639884814,4.39973758077621,0.973056875725221,0.0488689914759162,0.418749990357053,0.0217107782132716
-127.163815290595,-129.8915836845,5.34289092430784,-13.438039317064,4.44759295797348,0.973056875725221,0.0488689914759162,0.418749990357053,0.0217107782132716
-127.144025700587,-129.82253190227,5.3231013343005,-13.9372614235443,4.35009024953842,0.973056875725221,0.0488689914759162,0.418749990357053,0.0217107782132716
-127.130266021607,-129.754747724518,5.3093416553204,-13.0241064610492,4.23398803091049,0.973056875725221,0.0488689914759162,0.418749990357053,0.0217107782132716
-127.092922766789,-129.687739144295,5.27199840050258,-15.7394059478141,4.25959227895737,0.973056875725221,0.0488689914759162,0.418749990357053,0.0217107782132716
-127.051494677177,-129.622856253025,5.2305703108903,-13.7033107222992,4.23477099752426,0.973056875725221,0.0488689914759162,0.418749990357053,0.0217107782132716
-127.040578706097,-129.559639244017,5.21965433981042,-15.0277742367669,4.25685523366928,0.973056875725221,0.0488689914759162,0.418749990357053,0.0217107782132716
-127.021497878677,-129.497313037335,5.20057351239009,-15.0042445021051,4.16409037923813,0.973056875725221,0.0488689914759162,0.418749990357053,0.0217107782132716
-126.97690438318,-129.436897455334,5.15598001689352,-13.4228263696553,4.04389403676987,0.973056875725221,0.0488689914759162,0.418749990357053,0.0217107782132716
-126.942584827672,-129.378026019775,5.12166046138537,-14.7718501182603,3.97763298368454,0.973056875725221,0.0488689914759162,0.418749990357053,0.0217107782132716
-126.909962846934,-129.32081017712,5.08903848064762,-13.2636736244005,4.0010275683403,0.973056875725221,0.0488689914759162,0.418749990357053,0.0217107782132716
-126.894568975854,-129.265599509151,5.07364460956727,-15.2983686882695,3.97413395261765,0.973056875725221,0.0488689914759162,0.418749990357053,0.0217107782132716
-126.840885247089,-129.211368342304,5.01996088080262,-14.2247517193134,3.90543983793259,0.973056875725221,0.0488689914759162,0.418749990357053,0.0217107782132716
-126.814318314936,-129.159952256748,4.99339394864931,-15.5591365110294,3.97491119718552,0.973056875725221,0.0488689914759162,0.418749990357053,0.0217107782132716
-126.790231570418,-129.109823096139,4.96930720413166,-14.1704338532086,3.74121902799606,0.973056875725221,0.0488689914759162,0.418749990357053,0.0217107782132716
-126.75908229534,-129.061630141512,4.93815792905314,-14.9786825093331,3.86103199338913,0.973056875725221,0.0488689914759162,0.418749990357053,0.0217107782132716
-126.738090955713,-129.015278022311,4.91716658942626,-16.0472182771059,3.71784065580368,0.973056875725221,0.0488689914759162,0.418749990357053,0.0217107782132716
-126.702311692596,-128.970501972293,4.88138732630913,-15.3350560066609,3.6949333987236,0.973056875725221,0.0488689914759162,0.418749990357053,0.0217107782132716
-126.671012666866,-128.92838381541,4.85008830057923,-12.9400075165922,3.7173361620903,0.973056875725221,0.0488689914759162,0.418749990357053,0.0217107782132716
-126.628319479428,-128.887549518327,4.80739511314091,-16.1956332122689,3.64874122953415,0.973056875725221,0.0488689914759162,0.418749990357053,0.0217107782132716
-126.615317643077,-128.848611152266,4.79439327679035,-13.6516379645054,3.57971952772141,0.973056875725221,0.0488689914759162,0.418749990357053,0.0217107782132716
-126.583558403871,-128.812144270853,4.76263403758434,-15.6451382300409,3.53375671720505,0.973056875725221,0.0488689914759162,0.418749990357053,0.0217107782132716
-126.566550974163,-128.777514785823,4.74562660787609,-13.8114171211465,3.6245364985466,0.973056875725221,0.0488689914759162,0.418749990357053,0.0217107782132716
-126.521938438587,-128.744559007917,4.7010140723007,-15.4444056302024,3.51011656141281,0.973056875725221,0.0488689914759162,0.418749990357053,0.0217107782132716
-126.491726122241,-128.714364870699,4.67080175595397,-14.410659428408,3.41755960798264,0.973056875725221,0.0488689914759162,0.418749990357053,0.0217107782132716
-126.467365722795,-128.685911113597,4.64644135650819,-14.2605652436058,3.50781439161301,0.973056875725221,0.0488689914759162,0.418749990357053,0.0217107782132716
-126.439755594966,-128.659448862987,4.61883122867943,-13.0639497563835,3.44096420621872,0.973056875725221,0.0488689914759162,0.418749990357053,0.0217107782132716
-126.414330914822,-128.635369726942,4.59340654853571,-15.9636036420664,3.3917746386528,0.973056875725221,0.0488689914759162,0.418749990357053,0.0217107782132716
-126.390499277701,-128.613052272569,4.56957491141433,-11.747168061309,3.4870853266716,0.973056875725221,0.0488689914759162,0.418749990357053,0.0217107782132716
-126.369065106116,-128.592617262566,4.54814073982926,-14.1899109350123,3.41430471754074,0.973056875725221,0.0488689914759162,0.418749990357053,0.0217107782132716
-126.342706101345,-128.575066906262,4.52178173505799,-13.5912860026476,3.41675375318527,0.973056875725221,0.0488689914759162,0.418749990357053,0.0217107782132716
-126.317321418481,-128.559655774869,4.49639705219398,-14.3788315115129,3.34729383802414,0.973056875725221,0.0488689914759162,0.418749990357053,0.0217107782132716
-126.277628744347,-128.546216437842,4.45670437805995,-12.8261711628256,3.34512279844284,0.973056875725221,0.0488689914759162,0.418749990357053,0.0217107782132716
-126.266289806959,-128.534904405744,4.44536544067192,-13.6518891107471,3.30067537641525,0.973056875725221,0.0488689914759162,0.418749990357053,0.0217107782132716
-126.238650243332,-128.525839553509,4.41772587704536,-13.462418611781,3.32275055265427,0.973056875725221,0.0488689914759162,0.418749990357053,0.0217107782132716
-126.209361278491,-128.518941734132,4.38843691220439,-11.2995584536311,3.22952793455124,0.973056875725221,0.0488689914759162,0.418749990357053,0.0217107782132716
-126.174397561381,-128.514260126994,4.35347319509391,-12.1727283037929,3.32446907377243,0.973056875725221,0.0488689914759162,0.418749990357053,0.0217107782132716
-126.154624290795,-128.511820677074,4.33369992450855,-10.1188020382554,3.15918444013596,0.973056875725221,0.0488689914759162,0.418749990357053,0.0217107782132716
-126.145441693368,-128.511556596759,4.32451732708164,-11.3265709473074,3.22973917341232,0.973056875725221,0.0488689914759162,0.418749990357053,0.0217107782132716
-126.129745865267,-128.513508306516,4.30882149898068,-11.3112559846723,3.06784771299362,0.973056875725221,0.0488689914759162,0.418749990357053,0.0217107782132716
-126.092295892206,-128.517658280082,4.27137152591947,-11.3263826833667,3.15759847974777,0.973056875725221,0.0488689914759162,0.418749990357053,0.0217107782132716
-126.077091976192,-128.524070150798,4.25616760990574,-10.5328403641717,3.13637445783615,0.973056875725221,0.0488689914759162,0.418749990357053,0.0217107782132716
-126.044381917049,-128.532664744912,4.22345755076195,-11.2285500469254,3.0674018702507,0.973056875725221,0.0488689914759162,0.418749990357053,0.0217107782132716
-126.023452658619,-128.543490515569,4.20252829233217,-8.5930922931067,3.20838974332809,0.973056875725221,0.0488689914759162,0.418749990357053,0.0217107782132716
-126.019056175144,-128.556406224003,4.19813180885703,-10.0450466697716,3.18026541090012,0.973056875725221,0.0488689914759162,0.418749990357053,0.0217107782132716
-125.995462663507,-128.5714517716,4.1745382972207,-7.81826822059877,3.11423490858078,0.973056875725221,0.0488689914759162,0.418749990357053,0.0217107782132716
-125.967029377195,-128.588920359659,4.14610501090879,-9.17560076942357,3.1611690363884,0.973056875725221,0.0488689914759162,0.418749990357053,0.0217107782132716
-125.971003761315,-128.608362488829,4.15007939502818,-7.00651993327917,3.1399926981926,0.973056875725221,0.0488689914759162,0.418749990357053,0.0217107782132716
-125.950091415715,-128.630133508903,4.12916704942864,-9.1230374100715,3.11274574613571,0.973056875725221,0.0488689914759162,0.418749990357053,0.0217107782132716
-125.924609383542,-128.653734230623,4.10368501725483,-6.86213599963576,3.06491516447067,0.973056875725221,0.0488689914759162,0.418749990357053,0.0217107782132716
-125.92544802042,-128.679553115848,4.10452365413283,-7.86935281096973,3.13886640882492,0.973056875725221,0.0488689914759162,0.418749990357053,0.0217107782132716
-125.912069766128,-128.707514087839,4.09114539984101,-6.30117142705856,3.13988111829758,0.973056875725221,0.0488689914759162,0.418749990357053,0.0217107782132716
-125.905011842231,-128.737665633616,4.08408747594399,-4.25163475328773,3.25587652540207,0.973056875725221,0.0488689914759162,0.418749990357053,0.0217107782132716
-125.878707060624,-128.769693826149,4.05778269433746,-6.75124251143948,3.16321562147141,0.973056875725221,0.0488689914759162,0.418749990357053,0.0217107782132716
-125.868006768726,-128.804149632569,4.04708240243898,-4.70575089483504,3.01938579893112,0.973056875725221,0.0488689914759162,0.418749990357053,0.0217107782132716
-125.862807645073,-128.840209664315,4.04188327878649,-5.06110178517453,3.21104572629929,0.973056875725221,0.0488689914759162,0.418749990357053,0.0217107782132716
-125.851268334966,-128.878451086974,4.03034396867974,-4.94122411360146,3.09194324827194,0.973056875725221,0.0488689914759162,0.418749990357053,0.0217107782132716
-125.85101509911,-128.918845263868,4.03009073282379,-5.26118083591042,3.23178814268112,0.973056875725221,0.0488689914759162,0.418749990357053,0.0217107782132716
-125.842690584575,-128.9607741184,4.02176621828851,-3.07267645013251,3.20940540647507,0.973056875725221,0.0488689914759162,0.418749990357053,0.0217107782132716
-125.83885738088,-129.005000797576,4.01793301459347,-4.30046069957231,3.23135231351852,0.973056875725221,0.0488689914759162,0.418749990357053,0.0217107782132716
-125.840941182041,-129.050512376216,4.02001681575409,-3.26089148258898,3.20413349485397,0.973056875725221,0.0488689914759162,0.418749990357053,0.0217107782132716
-125.812825722548,-129.099001767452,3.99190135626112,-3.09837686868217,3.23491714811325,0.973056875725221,0.0488689914759162,0.418749990357053,0.0217107782132716
-125.801024507225,-129.148523453022,3.98010014093833,-1.91944136967328,3.37111376142502,0.973056875725221,0.0488689914759162,0.418749990357053,0.0217107782132716
-125.802666341583,-129.199771953523,3.98174197529652,-1.9085008505277,3.22891424512863,0.973056875725221,0.0488689914759162,0.418749990357053,0.0217107782132716
-125.794967892085,-129.252863086689,3.97404352579792,-0.522136434499867,3.20507000303268,0.973056875725221,0.0488689914759162,0.418749990357053,0.0217107782132716
-125.800115860057,-129.307998121507,3.9791914937708,1.89415061418111,3.34249685621262,0.973056875725221,0.0488689914759162,0.418749990357053,0.0217107782132716
-125.799009056956,-129.364711348413,3.97808469066949,0.751091000782165,3.3260483584404,0.973056875725221,0.0488689914759162,0.418749990357053,0.0217107782132716
-125.812155812716,-129.42345606,3.99123144642902,0.18298223604693,3.25439642286301,0.973056875725221,0.0488689914759162,0.418749990357053,0.0217107782132716
-125.80570986354,-129.4835721936,3.98478549725348,-0.0557248466689297,3.36819170331955,0.973056875725221,0.0488689914759162,0.418749990357053,0.0217107782132716
-125.809690757085,-129.544932151582,3.98876639079868,3.64816814788435,3.32133768415451,0.973056875725221,0.0488689914759162,0.418749990357053,0.0217107782132716
-125.812726900077,-129.608293806121,3.99180253379008,5.17419991494181,3.36849020338058,0.973056875725221,0.0488689914759162,0.418749990357053,0.0217107782132716
-125.812912481489,-129.672822880925,3.99198811520232,5.42257559489012,3.50992678022385,0.973056875725221,0.0488689914759162,0.418749990357053,0.0217107782132716
-125.821020200487,-129.739052383541,4.00009583420077,4.49192960311717,3.41384123182297,0.973056875725221,0.0488689914759162,0.418749990357053,0.0217107782132716
-125.837907661773,-129.806475015999,4.01698329548617,6.86895649641712,3.41624925947189,0.973056875725221,0.0488689914759162,0.418749990357053,0.0217107782132716
-125.847765802187,-129.875839089888,4.02684143590021,4.69281925737087,3.58119533872604,0.973056875725221,0.0488689914759162,0.418749990357053,0.0217107782132716
-125.863770298562,-129.945897186796,4.04284593227525,9.0302117979481,3.60253666257858,0.973056875725221,0.0488689914759162,0.418749990357053,0.0217107782132716
-125.878535084581,-130.017395350148,4.0576107182945,6.37528221202631,3.55628250455856,0.973056875725221,0.0488689914759162,0.418749990357053,0.0217107782132716
-125.903048794525,-130.090226273761,4.08212442823821,8.53487383953611,3.60777185773849,0.973056875725221,0.0488689914759162,0.418749990357053,0.0217107782132716
-125.904233493347,-130.164793412382,4.08330912705987,5.21954409076884,3.55414722776413,0.973056875725221,0.0488689914759162,0.418749990357053,0.0217107782132716
-125.924452094994,-130.241852365036,4.10352772870737,7.25186071452055,3.69971893644333,0.973056875725221,0.0488689914759162,0.418749990357053,0.0217107782132716
-125.945603687052,-130.316814076017,4.12467932076546,6.58318773180699,3.67505691862106,0.973056875725221,0.0488689914759162,0.418749990357053,0.0217107782132716
-125.95350874657,-130.394014080508,4.13258438028355,6.37441211063382,3.69822595930099,0.973056875725221,0.0488689914759162,0.418749990357053,0.0217107782132716
-125.979800971381,-130.47232215445,4.15887660509454,7.87373376077167,3.72181318616867,0.973056875725221,0.0488689914759162,0.418749990357053,0.0217107782132716
-125.993260270302,-130.551959511038,4.17233590401492,8.08579894291164,3.58052538251877,0.973056875725221,0.0488689914759162,0.418749990357053,0.0217107782132716
-126.007030084759,-130.632483733772,4.18610571847231,7.89314509479733,3.83991621351242,0.973056875725221,0.0488689914759162,0.418749990357053,0.0217107782132716
-126.029013263463,-130.713657489316,4.20808889717641,7.84165621056495,3.77239988660812,0.973056875725221,0.0488689914759162,0.418749990357053,0.0217107782132716
-126.038718268241,-130.795629187456,4.2177939019539,8.04200558619174,3.84000490522385,0.973056875725221,0.0488689914759162,0.418749990357053,0.0217107782132716
-126.04424861592,-130.878465700657,4.22332424963315,9.79759344172577,3.90936325407028,0.973056875725221,0.0488689914759162,0.418749990357053,0.0217107782132716
-126.05914832457,-130.962177415002,4.23822395828363,7.92622089715376,3.93166731214523,0.973056875725221,0.0488689914759162,0.418749990357053,0.0217107782132716
-126.081220555895,-131.046473318353,4.26029618960819,7.31463414890567,3.90981100416183,0.973056875725221,0.0488689914759162,0.418749990357053,0.0217107782132716
-126.086354509295,-131.13120693522,4.26543014300848,7.59158771498873,4.00689028120041,0.973056875725221,0.0488689914759162,0.418749990357053,0.0217107782132716
-126.101570007122,-131.216831967695,4.28064564083491,7.01701049205903,4.05096839284897,0.973056875725221,0.0488689914759162,0.418749990357053,0.0217107782132716
-126.115114132205,-131.302602011873,4.29418976591825,7.69578251196504,4.00326393461227,0.973056875725221,0.0488689914759162,0.418749990357053,0.0217107782132716
-126.13755599814,-131.388952442603,4.31663163185331,7.64562709183225,3.93323801374435,0.973056875725221,0.0488689914759162,0.418749990357053,0.0217107782132716
-126.147099079872,-131.476307370489,4.32617471358507,7.63332240778195,4.05198787069321,0.973056875725221,0.0488689914759162,0.418749990357053,0.0217107782132716
-126.155958977651,-131.563162593552,4.3350346113642,7.62852169301563,4.07423995351791,0.973056875725221,0.0488689914759162,0.418749990357053,0.0217107782132716
-126.188133832143,-131.650351559066,4.3672094658562,9.13586400827618,4.17033027029037,0.973056875725221,0.0488689914759162,0.418749990357053,0.0217107782132716
-126.183392785731,-131.737987149652,4.36246841944446,8.05858100027979,4.21583770132065,0.973056875725221,0.0488689914759162,0.418749990357053,0.0217107782132716
-126.205338679669,-131.825355772995,4.38441431338213,10.5270503939898,4.21234534597397,0.973056875725221,0.0488689914759162,0.418749990357053,0.0217107782132716
-126.225839449954,-131.913909998035,4.40491508366686,8.49813181138061,4.33029483175278,0.973056875725221,0.0488689914759162,0.418749990357053,0.0217107782132716
-126.237689430166,-132.001027212259,4.41676506387914,11.0666163108511,4.44812129354477,0.973056875725221,0.0488689914759162,0.418749990357053,0.0217107782132716
-126.248301443272,-132.088842774245,4.42737707698485,10.0614593800443,4.37515567159653,0.973056875725221,0.0488689914759162,0.418749990357053,0.0217107782132716
-126.271215480319,-132.177133302582,4.4502911140325,10.7336732868027,4.37630198812485,0.973056875725221,0.0488689914759162,0.418749990357053,0.0217107782132716
-126.297959155272,-132.265129984254,4.47703478898553,12.3241440481135,4.46866248464584,0.973056875725221,0.0488689914759162,0.418749990357053,0.0217107782132716
-126.322797062276,-132.353059625068,4.50187269598959,9.71250405384262,4.63353370046616,0.973056875725221,0.0488689914759162,0.418749990357053,0.0217107782132716
-126.342227626505,-132.439981111231,4.5213032602188,12.0476220208621,4.58774207448959,0.973056875725221,0.0488689914759162,0.418749990357053,0.0217107782132716
-126.372068678842,-132.527246960162,4.5511443125551,12.1609863493553,4.65515731191635,0.973056875725221,0.0488689914759162,0.418749990357053,0.0217107782132716
-126.40368851865,-132.613979588894,4.58276415236283,11.1489389670682,4.70126555776596,0.973056875725221,0.0488689914759162,0.418749990357053,0.0217107782132716
-126.42498522941,-132.700455857607,4.60406086312321,12.948454310493,4.70560572957993,0.973056875725221,0.0488689914759162,0.418749990357053,0.0217107782132716
-126.444653250838,-132.786772749189,4.62372888455095,13.9107826109576,4.77214358663559,0.973056875725221,0.0488689914759162,0.418749990357053,0.0217107782132716
-126.470684515598,-132.871884974572,4.64976014931154,15.1670275851233,4.9168789229393,0.973056875725221,0.0488689914759162,0.418749990357053,0.0217107782132716
-126.505890520666,-132.956983963475,4.68496615437924,15.7767994447292,4.89087985372543,0.973056875725221,0.0488689914759162,0.418749990357053,0.0217107782132716
-126.545081096933,-133.041634402249,4.72415673064588,13.9749997647212,5.05670951223373,0.973056875725221,0.0488689914759162,0.418749990357053,0.0217107782132716
-126.568168914235,-133.125003741539,4.74724454794831,17.1824811689111,4.96144412374496,0.973056875725221,0.0488689914759162,0.418749990357053,0.0217107782132716
-126.597705235277,-133.207941901047,4.77678086899072,15.5041269214672,5.07933638906479,0.973056875725221,0.0488689914759162,0.418749990357053,0.0217107782132716
-126.638985786384,-133.290321251375,4.81806142009766,15.9112940236494,5.02695296621323,0.973056875725221,0.0488689914759162,0.418749990357053,0.0217107782132716
-126.676438900094,-133.372199967307,4.85551453380767,16.6137890615648,5.078441842556,0.973056875725221,0.0488689914759162,0.418749990357053,0.0217107782132716
-126.700426963085,-133.453153132097,4.87950259679809,15.7202005260681,5.31619475698471,0.973056875725221,0.0488689914759162,0.418749990357053,0.0217107782132716
-126.734641864051,-133.532054462954,4.91371749776456,16.1171962507188,5.12821982717514,0.973056875725221,0.0488689914759162,0.418749990357053,0.0217107782132716
-126.76842043005,-133.610695305125,4.94749606376313,15.5258178696526,5.26496051168442,0.973056875725221,0.0488689914759162,0.418749990357053,0.0217107782132716
-126.804595285299,-133.688254915566,4.98367091901264,15.1469031800541,5.38469336843491,0.973056875725221,0.0488689914759162,0.418749990357053,0.0217107782132716
-126.828090041676,-133.765858099698,5.00716567538886,15.8733940564987,5.38210223531723,0.973056875725221,0.0488689914759162,0.418749990357053,0.0217107782132716
-126.857424802878,-133.84059183735,5.03650043659107,16.1002869857346,5.4574587187767,0.973056875725221,0.0488689914759162,0.418749990357053,0.0217107782132716
-126.890025251056,-133.915286523148,5.06910088476956,16.2183366227343,5.47704528188705,0.973056875725221,0.0488689914759162,0.418749990357053,0.0217107782132716
-126.930446639643,-133.989054884934,5.10952227335607,14.5391145419233,5.5503828368187,0.973056875725221,0.0488689914759162,0.418749990357053,0.0217107782132716
-126.958951254925,-134.060619575419,5.13802688863804,16.3541681555003,5.52586768484116,0.973056875725221,0.0488689914759162,0.418749990357053,0.0217107782132716
-126.995103172737,-134.131078898826,5.17417880645046,15.5553144630887,5.64592288351059,0.973056875725221,0.0488689914759162,0.418749990357053,0.0217107782132716
-127.023060009646,-134.20035419553,5.20213564335892,14.3253808623154,5.57372592306137,0.973056875725221,0.0488689914759162,0.418749990357053,0.0217107782132716
-127.054513551116,-134.268649473686,5.23358918482922,15.7390740394231,5.78167079305649,0.973056875725221,0.0488689914759162,0.418749990357053,0.0217107782132716
-127.078766577897,-134.336115397099,5.25784221160994,14.3309883459218,5.73895762777328,0.973056875725221,0.0488689914759162,0.418749990357053,0.0217107782132716
-127.112669214293,-134.400890107825,5.29174484800615,15.2640811049869,5.80702231740952,0.973056875725221,0.0488689914759162,0.418749990357053,0.0217107782132716
-127.131924878241,-134.463239164283,5.31100051195429,15.4808866757897,5.73774169301987,0.973056875725221,0.0488689914759162,0.418749990357053,0.0217107782132716
-127.153011950345,-134.525658139351,5.33208758405798,14.0139244557021,5.94499610280991,0.973056875725221,0.0488689914759162,0.418749990357053,0.0217107782132716
-127.18609502147,-134.586608904775,5.36517065518327,15.9519087907933,5.90045379018784,0.973056875725221,0.0488689914759162,0.418749990357053,0.0217107782132716
-127.208054556429,-134.645004910319,5.38713019014217,14.5839869076411,5.92269347524643,0.973056875725221,0.0488689914759162,0.418749990357053,0.0217107782132716
-127.234519296882,-134.70191214052,5.41359493059487,14.5533537969578,5.99663565969467,0.973056875725221,0.0488689914759162,0.418749990357053,0.0217107782132716
-127.254979412319,-134.757281114104,5.43405504603231,15.2119285322985,5.97187159872055,0.973056875725221,0.0488689914759162,0.418749990357053,0.0217107782132716
-127.29822320278,-134.811087966105,5.47729883649356,14.7410822036681,6.11465476369858,0.973056875725221,0.0488689914759162,0.418749990357053,0.0217107782132716
-127.327254954635,-134.862953284595,5.50633058834854,14.5622294841778,6.18127654409409,0.973056875725221,0.0488689914759162,0.418749990357053,0.0217107782132716
-127.358058208759,-134.912867438019,5.5371338424719,14.1481761824712,6.13774703359604,0.973056875725221,0.0488689914759162,0.418749990357053,0.0217107782132716
-127.388545570662,-134.961177238064,5.56762120437518,13.7327715998567,6.21062968587875,0.973056875725221,0.0488689914759162,0.418749990357053,0.0217107782132716
-127.419760085617,-135.007642733836,5.59883571933004,13.6441106856545,6.20719645833969,0.973056875725221,0.0488689914759162,0.418749990357053,0.0217107782132716
-127.442320350021,-135.052143543324,5.62139598373426,14.6141323150547,6.2544557890892,0.973056875725221,0.0488689914759162,0.418749990357053,0.0217107782132716
-127.460170278516,-135.095022626286,5.63924591222914,13.599627123057,6.32506297445297,0.973056875725221,0.0488689914759162,0.418749990357053,0.0217107782132716
-127.498790037988,-135.135454630203,5.67786567170145,15.2135695939928,6.27765677785873,0.973056875725221,0.0488689914759162,0.418749990357053,0.0217107782132716
-127.526143098757,-135.174238827509,5.70521873247068,13.5479759335848,6.4658291182518,0.973056875725221,0.0488689914759162,0.418749990357053,0.0217107782132716
-127.556772785198,-135.210902679029,5.73584841891112,13.0560545041954,6.397120698452,0.973056875725221,0.0488689914759162,0.418749990357053,0.0217107782132716
-127.572046313688,-135.245481803698,5.75112194740121,13.1413239076516,6.39885638570786,0.973056875725221,0.0488689914759162,0.418749990357053,0.0217107782132716
-127.601443810089,-135.278131699134,5.78051944380273,13.0836995422379,6.49096225118637,0.973056875725221,0.0488689914759162,0.418749990357053,0.0217107782132716
-127.638557805668,-135.308730230815,5.81763343938133,13.1973875341541,6.51458285665512,0.973056875725221,0.0488689914759162,0.418749990357053,0.0217107782132716
-127.655885737618,-135.336966715297,5.83496137133174,10.9919775781131,6.46637938833237,0.973056875725221,0.0488689914759162,0.418749990357053,0.0217107782132716
-127.682507398849,-135.363190272281,5.86158303256193,12.036431591085,6.44627402639389,0.973056875725221,0.0488689914759162,0.418749990357053,0.0217107782132716
-127.717166837012,-135.387506570882,5.89624247072526,11.4542314071452,6.58268569326401,0.973056875725221,0.0488689914759162,0.418749990357053,0.0217107782132716
-127.72354396193,-135.409881762789,5.90261959564334,13.5243007591741,6.56537745809555,0.973056875725221,0.0488689914759162,0.418749990357053,0.0217107782132716
-127.763276624614,-135.429756053731,5.94235225832779,11.5019222624424,6.70408652639389,0.973056875725221,0.0488689914759162,0.418749990357053,0.0217107782132716
-127.777665484045,-135.447488044394,5.95674111775824,11.8165292875266,6.70185778951645,0.973056875725221,0.0488689914759162,0.418749990357053,0.0217107782132716
-127.785865646413,-135.463051774804,5.96494128012587,11.300228708127,6.74966643667221,0.973056875725221,0.0488689914759162,0.418749990357053,0.0217107782132716
-127.823261981982,-135.476656334227,6.00233761569499,10.0128316549558,6.72486899709702,0.973056875725221,0.0488689914759162,0.418749990357053,0.0217107782132716
-127.825834054378,-135.487995912408,6.004909688091,9.95738697229613,6.84227774953842,0.973056875725221,0.0488689914759162,0.418749990357053,0.0217107782132716
-127.853459851933,-135.496971759591,6.03253548564633,10.3793530615294,6.72490142202377,0.973056875725221,0.0488689914759162,0.418749990357053,0.0217107782132716
-127.867757545582,-135.503826118505,6.04683317929511,9.28768929550256,6.89041827535629,0.973056875725221,0.0488689914759162,0.418749990357053,0.0217107782132716
-127.875034694956,-135.508495117154,6.0541103286692,10.8803455297044,6.77168963766098,0.973056875725221,0.0488689914759162,0.418749990357053,0.0217107782132716
-127.895603482866,-135.510972966494,6.07467911657922,9.23773369152092,6.81704161977768,0.973056875725221,0.0488689914759162,0.418749990357053,0.0217107782132716
-127.923890009946,-135.511236687638,6.1029656436597,10.1096467950361,6.83756469106674,0.973056875725221,0.0488689914759162,0.418749990357053,0.0217107782132716
-127.928081025878,-135.509285964093,6.10715665959174,8.79126277193279,6.81477378225327,0.973056875725221,0.0488689914759162,0.418749990357053,0.0217107782132716
-127.951547623984,-135.505112710152,6.13062325769695,8.24952227513699,7.0278465590477,0.973056875725221,0.0488689914759162,0.418749990357053,0.0217107782132716
-127.96917254347,-135.498706319662,6.14824817718287,8.96496626552842,6.79501555776596,0.973056875725221,0.0488689914759162,0.418749990357053,0.0217107782132716
-127.987448682609,-135.49011172027,6.16652431632239,9.94723892634307,6.88460944509506,0.973056875725221,0.0488689914759162,0.418749990357053,0.0217107782132716
-128.008686861333,-135.47932115856,6.18776249504618,7.86705617558301,6.93155310964584,0.973056875725221,0.0488689914759162,0.418749990357053,0.0217107782132716
-128.016322889394,-135.46638316209,6.1953985231071,6.81269361850677,6.95590709066391,0.973056875725221,0.0488689914759162,0.418749990357053,0.0217107782132716
-128.037987878487,-135.451321107379,6.21706351220072,8.44360107007762,6.93165896749496,0.973056875725221,0.0488689914759162,0.418749990357053,0.0217107782132716
-128.044425271969,-135.433851587151,6.22350090568269,9.15004667357795,6.95448993062973,0.973056875725221,0.0488689914759162,0.418749990357053,0.0217107782132716
-128.082430003677,-135.414433602593,6.26150563738989,7.20081346050725,6.90341113424301,0.973056875725221,0.0488689914759162,0.418749990357053,0.0217107782132716
-128.092484986176,-135.392987343176,6.27156061988912,7.51255043590892,6.93326686239243,0.973056875725221,0.0488689914759162,0.418749990357053,0.0217107782132716
-128.102724485226,-135.368842736259,6.28180011893881,5.74065343910119,7.02314780569077,0.973056875725221,0.0488689914759162,0.418749990357053,0.0217107782132716
-128.102284983717,-135.34312092653,6.28136061742998,6.82601015894133,6.91063903188705,0.973056875725221,0.0488689914759162,0.418749990357053,0.0217107782132716
-128.14094138092,-135.315212780302,6.32001701463325,7.19424702063276,6.88531611776352,0.973056875725221,0.0488689914759162,0.418749990357053,0.0217107782132716
-128.134951010684,-135.285085945812,6.3140266443977,5.27415988455673,6.88485167837143,0.973056875725221,0.0488689914759162,0.418749990357053,0.0217107782132716
-128.153457522213,-135.252785883625,6.33253315592677,6.74794098523676,7.00065253591537,0.973056875725221,0.0488689914759162,0.418749990357053,0.0217107782132716
-128.15974535444,-135.218239089899,6.33882098815358,5.83393183445548,6.97891734457016,0.973056875725221,0.0488689914759162,0.418749990357053,0.0217107782132716
-128.172700033908,-135.181618405236,6.35177566762143,5.87663351544333,6.83761142110825,0.973056875725221,0.0488689914759162,0.418749990357053,0.0217107782132716
-128.181224139499,-135.144003665504,6.36029977321276,4.51311669349749,6.74748252248764,0.973056875725221,0.0488689914759162,0.418749990357053,0.0217107782132716
-128.191042207816,-135.104250307253,6.37011784152974,3.18009597454688,6.8193504652977,0.973056875725221,0.0488689914759162,0.418749990357053,0.0217107782132716
-128.208008900944,-135.061816335423,6.38708453465695,4.26562214426971,6.79343627309799,0.973056875725221,0.0488689914759162,0.418749990357053,0.0217107782132716
-128.205197912472,-135.017473093679,6.38427354618518,4.05836456583055,6.79166625356674,0.973056875725221,0.0488689914759162,0.418749990357053,0.0217107782132716
-128.223320818256,-134.972160693481,6.4023964519688,1.72233420342864,6.8392946562767,0.973056875725221,0.0488689914759162,0.418749990357053,0.0217107782132716
-128.227746732169,-134.924085076565,6.40682236588253,1.35980223880359,6.76886866903305,0.973056875725221,0.0488689914759162,0.418749990357053,0.0217107782132716
-128.216265696903,-134.874507881899,6.3953413306162,0.782108811506713,6.72426436758041,0.973056875725221,0.0488689914759162,0.418749990357053,0.0217107782132716
-128.213519089311,-134.822930459985,6.39259472302431,-0.417446526291227,6.61054347372055,0.973056875725221,0.0488689914759162,0.418749990357053,0.0217107782132716
-128.222305187973,-134.769771645999,6.40138082168595,-1.58722701020711,6.77196048116684,0.973056875725221,0.0488689914759162,0.418749990357053,0.0217107782132716
-128.216301814672,-134.714604814911,6.39537744838542,-0.124334183903199,6.74738524770737,0.973056875725221,0.0488689914759162,0.418749990357053,0.0217107782132716
-128.21625146368,-134.657796535281,6.3953270973936,0.151284641346854,6.70452998495102,0.973056875725221,0.0488689914759162,0.418749990357053,0.0217107782132716
-128.219950914163,-134.599227070596,6.39902654787591,-2.56910130456722,6.60354636526108,0.973056875725221,0.0488689914759162,0.418749990357053,0.0217107782132716
-128.213204894506,-134.538614587289,6.39228052821944,-5.98197536406327,6.62874244070053,0.973056875725221,0.0488689914759162,0.418749990357053,0.0217107782132716
-128.195728652413,-134.477305880131,6.374804286126,-6.15451403104956,6.46592353200912,0.973056875725221,0.0488689914759162,0.418749990357053,0.0217107782132716
-128.199044745782,-134.414342180239,6.37812037949534,-2.97118982603733,6.46940825796127,0.973056875725221,0.0488689914759162,0.418749990357053,0.0217107782132716
-128.182629519037,-134.349926398873,6.36170515275022,-5.81571134194567,6.58109591817856,0.973056875725221,0.0488689914759162,0.418749990357053,0.0217107782132716
-128.185244929195,-134.283775610177,6.36432056290873,-5.24574747680777,6.51194022512436,0.973056875725221,0.0488689914759162,0.418749990357053,0.0217107782132716
-128.176456521551,-134.216019744367,6.35553215526438,-7.78047457382326,6.55733416891098,0.973056875725221,0.0488689914759162,0.418749990357053,0.0217107782132716
-128.158962088905,-134.146790837946,6.33803772261843,-7.90554995232719,6.46506141042709,0.973056875725221,0.0488689914759162,0.418749990357053,0.0217107782132716
-128.142687943006,-134.076517938689,6.32176357671907,-7.93401983701023,6.4911501250267,0.973056875725221,0.0488689914759162,0.418749990357053,0.0217107782132716
-128.131689192525,-134.004866390874,6.31076482623843,-5.61039404697742,6.39296840047836,0.973056875725221,0.0488689914759162,0.418749990357053,0.0217107782132716
-128.098971442101,-133.932000040408,6.27804707581459,-4.59549219073319,6.43947814321518,0.973056875725221,0.0488689914759162,0.418749990357053,0.0217107782132716
-128.094786943095,-133.858011586972,6.27386257680782,-5.48695610854524,6.36564181661606,0.973056875725221,0.0488689914759162,0.418749990357053,0.0217107782132716
-128.084913850228,-133.782445351058,6.26398948394111,-5.03428922541428,6.34253524160385,0.973056875725221,0.0488689914759162,0.418749990357053,0.0217107782132716
-128.064399755424,-133.70627561297,6.24347538913764,-7.18709597442082,6.22782729482651,0.973056875725221,0.0488689914759162,0.418749990357053,0.0217107782132716
-128.058703317758,-133.628949397727,6.23777895147154,-5.01839765527958,6.3916570982933,0.973056875725221,0.0488689914759162,0.418749990357053,0.0217107782132716
-128.054250529599,-133.550087789926,6.23332616331204,-8.34840139904099,6.2312271437645,0.973056875725221,0.0488689914759162,0.418749990357053,0.0217107782132716
-128.018813724245,-133.470788924936,6.19788935795842,-4.50688654047484,6.2296116194725,0.973056875725221,0.0488689914759162,0.418749990357053,0.0217107782132716
-128.034430598252,-133.389878631384,6.21350623196579,-7.5625241901985,6.22779582357407,0.973056875725221,0.0488689914759162,0.418749990357053,0.0217107782132716
-128.001667933282,-133.309119124611,6.18074356699491,-6.43573580936369,6.29370044088364,0.973056875725221,0.0488689914759162,0.418749990357053,0.0217107782132716
-127.999805006138,-133.226311371584,6.17888063985123,-5.97807475619267,6.06148837423325,0.973056875725221,0.0488689914759162,0.418749990357053,0.0217107782132716
-127.99433607594,-133.144151799676,6.17341170965322,-6.5013704648022,6.15575812673569,0.973056875725221,0.0488689914759162,0.418749990357053,0.0217107782132716
-127.979695167932,-133.060238520348,6.15877080164567,-6.20417177968624,6.08661197042465,0.973056875725221,0.0488689914759162,0.418749990357053,0.0217107782132716
-127.977790194603,-132.976262294037,6.15686582831665,-5.29464014679361,6.0644676527977,0.973056875725221,0.0488689914759162,0.418749990357053,0.0217107782132716
-127.95971855892,-132.890990340365,6.13879419263352,-5.79562374708047,5.9693167052269,0.973056875725221,0.0488689914759162,0.418749990357053,0.0217107782132716
-127.958662624536,-132.805637323086,6.13773825824962,-7.32899817095969,5.92065928792953,0.973056875725221,0.0488689914759162,0.418749990357053,0.0217107782132716
-127.934723123457,-132.719978430868,6.11379875717025,-7.84017131699059,5.85045455312729,0.973056875725221,0.0488689914759162,0.418749990357053,0.0217107782132716
-127.923316004508,-132.633255454599,6.10239163822099,-7.86359698861146,5.83201049184799,0.973056875725221,0.0488689914759162,0.418749990357053,0.0217107782132716
-127.910195715415,-132.546789243712,6.08927134912829,-7.51709704173036,5.83038829183578,0.973056875725221,0.0488689914759162,0.418749990357053,0.0217107782132716
-127.896837663546,-132.46015348524,6.07591329725926,-6.43072181861282,5.73653720235825,0.973056875725221,0.0488689914759162,0.418749990357053,0.0217107782132716
-127.904457793757,-132.372131623254,6.08353342747075,-8.18816642188307,5.71394275045395,0.973056875725221,0.0488689914759162,0.418749990357053,0.0217107782132716
-127.875252284116,-132.284526678752,6.05432791782967,-7.44766373718557,5.57231639242172,0.973056875725221,0.0488689914759162,0.418749990357053,0.0217107782132716
-127.857319757262,-132.196518831216,6.03639539097539,-9.73302432706132,5.71061919546127,0.973056875725221,0.0488689914759162,0.418749990357053,0.0217107782132716
-127.845870628691,-132.109263449436,6.02494626240402,-10.0196642404253,5.59453891134262,0.973056875725221,0.0488689914759162,0.418749990357053,0.0217107782132716
-127.81347603843,-132.021485753058,5.99255167214358,-10.2931516346957,5.6248810133934,0.973056875725221,0.0488689914759162,0.418749990357053,0.0217107782132716
-127.80028552975,-131.933334784254,5.97936116346368,-10.9779594332764,5.50370334005356,0.973056875725221,0.0488689914759162,0.418749990357053,0.0217107782132716
-127.778937967889,-131.845348556501,5.95801360160261,-11.9259699772062,5.4087526640892,0.973056875725221,0.0488689914759162,0.418749990357053,0.0217107782132716
-127.751152171243,-131.757655648564,5.93022780495664,-10.4375221024627,5.40458033895493,0.973056875725221,0.0488689914759162,0.418749990357053,0.0217107782132716
-127.737287666217,-131.669778210837,5.91636329992987,-12.7900441560269,5.40833876943588,0.973056875725221,0.0488689914759162,0.418749990357053,0.0217107782132716
-127.709189994163,-131.581545320462,5.88826562787625,-10.8003551700635,5.29283068990707,0.973056875725221,0.0488689914759162,0.418749990357053,0.0217107782132716
-127.677450352387,-131.494169739011,5.8565259861002,-12.2300189812849,5.1965477309227,0.973056875725221,0.0488689914759162,0.418749990357053,0.0217107782132716
-127.652811359501,-131.408713206637,5.83188699321441,-12.3135840435995,5.19888327932358,0.973056875725221,0.0488689914759162,0.418749990357053,0.0217107782132716
-127.625084432651,-131.321785070454,5.80416006636419,-12.8160059367457,5.12655280447006,0.973056875725221,0.0488689914759162,0.418749990357053,0.0217107782132716
-127.601639022926,-131.236473277071,5.7807146566396,-12.4598687560188,5.10289214468002,0.973056875725221,0.0488689914759162,0.418749990357053,0.0217107782132716
-127.579322041087,-131.150728159906,5.75839767480027,-13.0447391335877,5.07893298482895,0.973056875725221,0.0488689914759162,0.418749990357053,0.0217107782132716
-127.547043472213,-131.066296757742,5.7261191059268,-12.1081094015959,5.07743953084946,0.973056875725221,0.0488689914759162,0.418749990357053,0.0217107782132716
-127.525736273051,-130.981151667554,5.70481190676406,-13.8300373793547,5.17241595602036,0.973056875725221,0.0488689914759162,0.418749990357053,0.0217107782132716
-127.491044065893,-130.897822173699,5.67011969960635,-12.8276523281238,4.96170066213608,0.973056875725221,0.0488689914759162,0.418749990357053,0.0217107782132716
-127.467432320181,-130.814519147803,5.64650795389429,-13.1233320818152,4.89108394002914,0.973056875725221,0.0488689914759162,0.418749990357053,0.0217107782132716
-127.432142899186,-130.732035604184,5.61121853289967,-14.1350961564961,4.91542743062973,0.973056875725221,0.0488689914759162,0.418749990357053,0.0217107782132716
-127.419576964906,-130.65056714068,5.59865259861944,-13.6539481585014,4.82192347860336,0.973056875725221,0.0488689914759162,0.418749990357053,0.0217107782132716
-127.379567514271,-130.569958287471,5.55864314798407,-12.8769650336399,4.79672358846664,0.973056875725221,0.0488689914759162,0.418749990357053,0.0217107782132716
-127.354402578374,-130.49072273898,5.53347821208744,-14.577248347096,4.74857352590561,0.973056875725221,0.0488689914759162,0.418749990357053,0.0217107782132716
-127.35813923501,-130.411140136672,5.53721486872313,-13.1066095090903,4.7047846159935,0.973056875725221,0.0488689914759162,0.418749990357053,0.0217107782132716
-127.320856274977,-130.334053366115,5.49993190869055,-13.452337522752,4.61228869771957,0.973056875725221,0.0488689914759162,0.418749990357053,0.0217107782132716
-127.295609576559,-130.257373541936,5.47468521027206,-13.3311640104974,4.65336440420151,0.973056875725221,0.0488689914759162,0.418749990357053,0.0217107782132716
-127.264751990646,-130.182070153993,5.44382762435927,-12.5314749128209,4.47088931417465,0.973056875725221,0.0488689914759162,0.418749990357053,0.0217107782132716
-127.242648674029,-130.107826344403,5.42172430774199,-11.8314543419515,4.49194739675522,0.973056875725221,0.0488689914759162,0.418749990357053,0.0217107782132716
-127.221320870304,-130.034165163244,5.4003965040175,-12.4111298816887,4.51384566640854,0.973056875725221,0.0488689914759162,0.418749990357053,0.0217107782132716
-127.183564108836,-129.962159514176,5.36263974254916,-13.0164420047393,4.35122702932358,0.973056875725221,0.0488689914759162,0.418749990357053,0.0217107782132716
-127.161947231966,-129.891508588337,5.34102286567947,-12.7408120007015,4.37817881917953,0.973056875725221,0.0488689914759162,0.418749990357053,0.0217107782132716
-127.145691581596,-129.822049168615,5.32476721530981,-12.9165740733168,4.30347369527817,0.973056875725221,0.0488689914759162,0.418749990357053,0.0217107782132716
-127.126302797823,-129.754250801413,5.30537843153658,-14.389631308951,4.35258220052719,0.973056875725221,0.0488689914759162,0.418749990357053,0.0217107782132716
-127.092345820049,-129.68772346078,5.27142145376192,-14.7811209512451,4.32796214437485,0.973056875725221,0.0488689914759162,0.418749990357053,0.0217107782132716
-127.065311779216,-129.622925237027,5.24438741292946,-14.7333866014227,4.16497538900375,0.973056875725221,0.0488689914759162,0.418749990357053,0.0217107782132716
-127.041876987368,-129.55912293673,5.22095262108144,-14.4081958530025,4.14233802175522,0.973056875725221,0.0488689914759162,0.418749990357053,0.0217107782132716
-127.01376531584,-129.497276560167,5.19284094955294,-15.5605005540164,4.18940471029282,0.973056875725221,0.0488689914759162,0.418749990357053,0.0217107782132716
-126.964403780509,-129.436876143911,5.1434794142223,-14.4649926657639,4.09388182973862,0.973056875725221,0.0488689914759162,0.418749990357053,0.0217107782132716
-126.94392054336,-129.377894783031,5.12299617707299,-12.9094093440463,4.0476333937645,0.973056875725221,0.0488689914759162,0.418749990357053,0.0217107782132716
-126.915177797789,-129.321004677939,5.09425343150224,-13.387392898912,3.97539566373825,0.973056875725221,0.0488689914759162,0.418749990357053,0.0217107782132716
-126.896057198558,-129.265593006554,5.0751328322714,-15.639970449156,3.90758751249313,0.973056875725221,0.0488689914759162,0.418749990357053,0.0217107782132716
-126.854573158794,-129.211563393963,5.0336487925069,-13.8410788785728,3.98010824537277,0.973056875725221,0.0488689914759162,0.418749990357053,0.0217107782132716
-126.826560589072,-129.159988741897,5.00563622278499,-13.8383730872272,3.93214081144333,0.973056875725221,0.0488689914759162,0.418749990357053,0.0217107782132716
-126.80373142595,-129.109799640115,4.98280705966345,-15.4462956750929,3.90576980924606,0.973056875725221,0.0488689914759162,0.418749990357053,0.0217107782132716
-126.76363100144,-129.061669650885,4.94270663515337,-15.3957946295864,3.7178621134758,0.973056875725221,0.0488689914759162,0.418749990357053,0.0217107782132716
-126.731051614806,-129.015158777495,4.91012724851955,-16.5296027933298,3.74314020490646,0.973056875725221,0.0488689914759162,0.418749990357053,0.0217107782132716
-126.70778743866,-128.970429288742,4.88686307237324,-13.0081906692545,3.71824215269089,0.973056875725221,0.0488689914759162,0.418749990357053,0.0217107782132716
-126.681349378165,-128.92801160079,4.86042501187795,-14.927535146478,3.78917978620529,0.973056875725221,0.0488689914759162,0.418749990357053,0.0217107782132716
-126.639745493288,-128.887431297401,4.81882112700099,-14.2988575504096,3.69789265012741,0.973056875725221,0.0488689914759162,0.418749990357053,0.0217107782132716
-126.620268258907,-128.848750382769,4.79934389262077,-14.4745130991641,3.58142135953903,0.973056875725221,0.0488689914759162,0.418749990357053,0.0217107782132716
-126.581038596413,-128.812016703211,4.76011423012662,-15.369283132858,3.69903753614426,0.973056875725221,0.0488689914759162,0.418749990357053,0.0217107782132716
-126.568921580105,-128.777442598147,4.747997213818,-12.6987598133259,3.46400068616867,0.973056875725221,0.0488689914759162,0.418749990357053,0.0217107782132716
-126.527238718842,-128.744818746594,4.706314352555,-16.7195318909367,3.48828695631027,0.973056875725221,0.0488689914759162,0.418749990357053,0.0217107782132716
-126.51574925137,-128.7141326796,4.69482488508288,-13.7252052493579,3.44092272138596,0.973056875725221,0.0488689914759162,0.418749990357053,0.0217107782132716
-126.488866126333,-128.685750925704,4.66794176004601,-13.3715543204105,3.486649497509,0.973056875725221,0.0488689914759162,0.418749990357053,0.0217107782132716
-126.454691666005,-128.65946395139,4.63376729971815,-13.5021594613355,3.46568296766281,0.973056875725221,0.0488689914759162,0.418749990357053,0.0217107782132716
-126.42568183537,-128.635203810846,4.60475746908379,-14.4394251635887,3.48889540052414,0.973056875725221,0.0488689914759162,0.418749990357053,0.0217107782132716
-126.399364614704,-128.613089909657,4.57844024841733,-14.9883646882635,3.43871019697189,0.973056875725221,0.0488689914759162,0.418749990357053,0.0217107782132716
-126.381009202181,-128.592977002446,4.56008483589446,-11.8528125522982,3.37201021528244,0.973056875725221,0.0488689914759162,0.418749990357053,0.0217107782132716
-126.347868030127,-128.575072879499,4.5269436638406,-13.9691297629504,3.41777656888962,0.973056875725221,0.0488689914759162,0.418749990357053,0.0217107782132716
-126.312643038935,-128.559657510207,4.491718672648,-13.719563732749,3.32191608762741,0.973056875725221,0.0488689914759162,0.418749990357053,0.0217107782132716
-126.303843283816,-128.546173663261,4.48291891752972,-13.8352985782104,3.37130640363693,0.973056875725221,0.0488689914759162,0.418749990357053,0.0217107782132716
-126.265066913631,-128.534915326533,4.44414254734476,-13.5947299799244,3.3019800028801,0.973056875725221,0.0488689914759162,0.418749990357053,0.0217107782132716
-126.250785235275,-128.52579201236,4.42986086898836,-11.9369625422159,3.29978464460373,0.973056875725221,0.0488689914759162,0.418749990357053,0.0217107782132716
-126.22000301982,-128.518956191316,4.39907865353331,-12.0584850043481,3.25527237272263,0.973056875725221,0.0488689914759162,0.418749990357053,0.0217107782132716
-126.186443409862,-128.514266065869,4.36551904357529,-11.2861879873768,3.20746181821823,0.973056875725221,0.0488689914759162,0.418749990357053,0.0217107782132716
-126.177722314378,-128.511797695748,4.35679794809116,-11.7509927598444,3.20639561033249,0.973056875725221,0.0488689914759162,0.418749990357053,0.0217107782132716
-126.155718463315,-128.511566632006,4.33479409702839,-12.084909912785,3.25458525037766,0.973056875725221,0.0488689914759162,0.418749990357053,0.0217107782132716
-126.13185143918,-128.513519608207,4.31092707289357,-10.1739599071557,3.2309350810051,0.973056875725221,0.0488689914759162,0.418749990357053,0.0217107782132716
-126.096824009324,-128.517694064469,4.27589964303682,-11.7686268744649,3.13809345579147,0.973056875725221,0.0488689914759162,0.418749990357053,0.0217107782132716
-126.091211702328,-128.52405767262,4.27028733604112,-10.4324028781961,3.16191528654099,0.973056875725221,0.0488689914759162,0.418749990357053,0.0217107782132716
-126.068773325619,-128.532676288666,4.24784895933206,-10.9020510206722,3.2313275179863,0.973056875725221,0.0488689914759162,0.418749990357053,0.0217107782132716
-126.040165101466,-128.543465018554,4.21924073517935,-8.97810168984967,3.1114954791069,0.973056875725221,0.0488689914759162,0.418749990357053,0.0217107782132716
-126.023968890803,-128.556565609604,4.20304452451584,-9.43062213741745,3.13427112913132,0.973056875725221,0.0488689914759162,0.418749990357053,0.0217107782132716
-125.998914857365,-128.571567878275,4.17799049107836,-9.0167089233532,3.13593719816208,0.973056875725221,0.0488689914759162,0.418749990357053,0.0217107782132716
-125.989242362656,-128.588973043604,4.16831799636894,-8.35720716949427,3.09242962217331,0.973056875725221,0.0488689914759162,0.418749990357053,0.0217107782132716
-125.976417234048,-128.608298768318,4.15549286776176,-8.64093027230752,3.06986521100998,0.973056875725221,0.0488689914759162,0.418749990357053,0.0217107782132716
-125.957009315121,-128.630049570529,4.13608494883397,-8.46716476544574,3.08914564466476,0.973056875725221,0.0488689914759162,0.418749990357053,0.0217107782132716
-125.940938383159,-128.653929658067,4.12001401687204,-6.73169718964014,3.0710811457634,0.973056875725221,0.0488689914759162,0.418749990357053,0.0217107782132716
-125.907086257828,-128.679768336638,4.08616189154118,-8.77085388854868,3.14017961835861,0.973056875725221,0.0488689914759162,0.418749990357053,0.0217107782132716
-125.906658443445,-128.707756421219,4.08573407715809,-5.33669225428678,3.06752870893478,0.973056875725221,0.0488689914759162,0.418749990357053,0.0217107782132716
-125.899096765007,-128.737739822623,4.07817239871996,-8.14057501962934,3.18795727109909,0.973056875725221,0.0488689914759162,0.418749990357053,0.0217107782132716
-125.885715303161,-128.769903408172,4.06479093687426,-5.03279957356328,3.11507175779343,0.973056875725221,0.0488689914759162,0.418749990357053,0.0217107782132716
-125.880418151879,-128.804283992388,4.05949378559203,-6.9705391243662,3.0725722155571,0.973056875725221,0.0488689914759162,0.418749990357053,0.0217107782132716
-125.868636321463,-128.840356112854,4.04771195517664,-4.49194666721206,3.11689947462082,0.973056875725221,0.0488689914759162,0.418749990357053,0.0217107782132716
-125.866317124767,-128.878572642566,4.0453927584802,-4.51533187507758,3.20972393369675,0.973056875725221,0.0488689914759162,0.418749990357053,0.0217107782132716
-125.861276131603,-128.918899279397,4.04035176531589,-4.56303278276367,3.16546009397507,0.973056875725221,0.0488689914759162,0.418749990357053,0.0217107782132716
-125.833727005785,-128.960918060119,4.01280263949796,-2.93590124637671,3.11623667097092,0.973056875725221,0.0488689914759162,0.418749990357053,0.0217107782132716
-125.84060032158,-129.004888050469,4.01967595529307,-4.48396214057535,3.18254278516769,0.973056875725221,0.0488689914759162,0.418749990357053,0.0217107782132716
-125.840604348325,-129.050976570911,4.01967998203864,-2.7661127294986,3.30573938703537,0.973056875725221,0.0488689914759162,0.418749990357053,0.0217107782132716
-125.821615369582,-129.098850567946,4.00069100329528,-2.64285493275125,3.25697563505173,0.973056875725221,0.0488689914759162,0.418749990357053,0.0217107782132716
-125.812026630107,-129.14860790894,3.99110226381996,-3.34461686518199,3.32758711194992,0.973056875725221,0.0488689914759162,0.418749990357053,0.0217107782132716
-125.819207776995,-129.199965560805,3.99828341070793,-0.863453259638134,3.37076090192795,0.973056875725221,0.0488689914759162,0.418749990357053,0.0217107782132716
-125.817944316127,-129.25312126809,3.9970199498402,0.0614804037114912,3.30539034223557,0.973056875725221,0.0488689914759162,0.418749990357053,0.0217107782132716
-125.805452821784,-129.308118008417,3.98452845549715,0.142517035413793,3.27787063932419,0.973056875725221,0.0488689914759162,0.418749990357053,0.0217107782132716
-125.814062143323,-129.365047594836,3.99313777703675,1.28221763123178,3.39418695783615,0.973056875725221,0.0488689914759162,0.418749990357053,0.0217107782132716
-125.808081182512,-129.423378402882,3.98715681622494,0.647427970961515,3.34465025281906,0.973056875725221,0.0488689914759162,0.418749990357053,0.0217107782132716
-125.806737678242,-129.483456152602,3.98581331195499,0.665618838576217,3.36845730161667,0.973056875725221,0.0488689914759162,0.418749990357053,0.0217107782132716
-125.810852941272,-129.545073514931,3.98992857498545,2.72341272156663,3.30523012495041,0.973056875725221,0.0488689914759162,0.418749990357053,0.0217107782132716
-125.831133955326,-129.608400541772,4.010209589039,1.77660532394494,3.34574030256271,0.973056875725221,0.0488689914759162,0.418749990357053,0.0217107782132716
-125.828840753603,-129.673002329587,4.00791638731654,6.97894158245886,3.39398096418381,0.973056875725221,0.0488689914759162,0.418749990357053,0.0217107782132716
-125.838698514252,-129.739411306863,4.01777414796531,3.3785493320553,3.3941578707695,0.973056875725221,0.0488689914759162,0.418749990357053,0.0217107782132716
-125.839128258719,-129.806931095152,4.01820389243268,7.57978028128965,3.53433273649216,0.973056875725221,0.0488689914759162,0.418749990357053,0.0217107782132716
-125.853293626218,-129.875573244096,4.03236925993175,8.15201662142107,3.50553654050827,0.973056875725221,0.0488689914759162,0.418749990357053,0.0217107782132716
-125.882450583463,-129.946278152733,4.06152621717651,8.81965153267682,3.55576942777634,0.973056875725221,0.0488689914759162,0.418749990357053,0.0217107782132716
-125.877344227889,-130.018033131151,4.05641986160193,6.69992745392189,3.60449884748459,0.973056875725221,0.0488689914759162,0.418749990357053,0.0217107782132716
-125.888120266486,-130.090971381747,4.06719590019916,7.19622587175014,3.55557630872726,0.973056875725221,0.0488689914759162,0.418749990357053,0.0217107782132716
-125.901208367514,-130.164766688633,4.08028400122726,6.91254817894703,3.64807890272141,0.973056875725221,0.0488689914759162,0.418749990357053,0.0217107782132716
-125.926933023778,-130.241933790934,4.10600865749169,7.69440080007841,3.67344234800339,0.973056875725221,0.0488689914759162,0.418749990357053,0.0217107782132716
-125.948386222533,-130.317722492109,4.12746185624599,7.0506938540226,3.67559574460983,0.973056875725221,0.0488689914759162,0.418749990357053,0.0217107782132716
-125.944095498068,-130.39463717276,4.12317113178134,6.01942534876117,3.69959925031662,0.973056875725221,0.0488689914759162,0.418749990357053,0.0217107782132716
-125.984744531444,-130.473037957589,4.16382016515707,7.41816076182849,3.69870422697067,0.973056875725221,0.0488689914759162,0.418749990357053,0.0217107782132716
-125.989195967836,-130.551826077527,4.16827160154967,5.78625283915566,3.72299192762375,0.973056875725221,0.0488689914759162,0.418749990357053,0.0217107782132716
-126.016478987013,-130.632483733772,4.19555462072616,7.86853829930269,3.67646168088913,0.973056875725221,0.0488689914759162,0.418749990357053,0.0217107782132716
-126.031032450012,-130.713073186146,4.21010808372504,8.79526373604209,3.69910333967209,0.973056875725221,0.0488689914759162,0.418749990357053,0.0217107782132716
-126.050019709564,-130.795314529654,4.22909534327748,8.12829924709904,3.86303232526779,0.973056875725221,0.0488689914759162,0.418749990357053,0.0217107782132716
-126.062499613664,-130.878574839265,4.24157524737717,8.29005792526467,3.81709621763229,0.973056875725221,0.0488689914759162,0.418749990357053,0.0217107782132716
-126.080912917139,-130.962137399365,4.25998855085188,9.29488955808979,3.88623045301437,0.973056875725221,0.0488689914759162,0.418749990357053,0.0217107782132716
-126.094497701044,-131.046463238545,4.27357333475728,8.25747546159551,3.88569448804855,0.973056875725221,0.0488689914759162,0.418749990357053,0.0217107782132716
-126.103346790112,-131.130922761055,4.28242242382507,8.76218223081968,3.9601774058342,0.973056875725221,0.0488689914759162,0.418749990357053,0.0217107782132716
-126.102769076473,-131.216515386538,4.28184471018625,6.9049728004281,4.0287067732811,0.973056875725221,0.0488689914759162,0.418749990357053,0.0217107782132716
-126.13247294879,-131.303587857306,4.31154858250293,7.30153285192803,3.98348425245285,0.973056875725221,0.0488689914759162,0.418749990357053,0.0217107782132716
-126.129680122482,-131.389231058656,4.30875575619494,8.13054095958358,4.02609656667709,0.973056875725221,0.0488689914759162,0.418749990357053,0.0217107782132716
-126.143803975608,-131.47585140648,4.32287960932168,7.97151840974927,4.04910682058334,0.973056875725221,0.0488689914759162,0.418749990357053,0.0217107782132716
-126.161613430641,-131.56275700254,4.34068906435453,7.483280782815,4.09803603506088,0.973056875725221,0.0488689914759162,0.418749990357053,0.0217107782132716
-126.170850582988,-131.650518443557,4.34992621670124,7.57133604843562,4.16817305898666,0.973056875725221,0.0488689914759162,0.418749990357053,0.0217107782132716
-126.184579491594,-131.737882608248,4.36365512530687,8.40089741987172,4.21489261007309,0.973056875725221,0.0488689914759162,0.418749990357053,0.0217107782132716
-126.207423439082,-131.825743214909,4.38649907279573,9.61050823934842,4.35710929250717,0.973056875725221,0.0488689914759162,0.418749990357053,0.0217107782132716
-126.225240957028,-131.913323000228,4.40431659074159,8.55664195487313,4.28065894460678,0.973056875725221,0.0488689914759162,0.418749990357053,0.0217107782132716
-126.231754334522,-132.000922350756,4.41082996823494,10.6525952985737,4.33304904317856,0.973056875725221,0.0488689914759162,0.418749990357053,0.0217107782132716
-126.267340035316,-132.08917825003,4.4464156690297,10.4925807264935,4.44575999593735,0.973056875725221,0.0488689914759162,0.418749990357053,0.0217107782132716
-126.286098939467,-132.176934288076,4.46517457318005,9.63301389169765,4.44895194387436,0.973056875725221,0.0488689914759162,0.418749990357053,0.0217107782132716
-126.295559218192,-132.26522411161,4.47463485190483,10.8703215704041,4.47223971700668,0.973056875725221,0.0488689914759162,0.418749990357053,0.0217107782132716
-126.33300776934,-132.353143113887,4.51208340305329,11.0992009294454,4.51866458272934,0.973056875725221,0.0488689914759162,0.418749990357053,0.0217107782132716
-126.331982211165,-132.44005396211,4.51105784487796,12.4704729014485,4.65544722890854,0.973056875725221,0.0488689914759162,0.418749990357053,0.0217107782132716
-126.375842179265,-132.527184730007,4.55491781297862,13.2923261236383,4.72643397665024,0.973056875725221,0.0488689914759162,0.418749990357053,0.0217107782132716
-126.392923609153,-132.613855633111,4.57199924286641,11.5375153861773,4.81915114736557,0.973056875725221,0.0488689914759162,0.418749990357053,0.0217107782132716
-126.431394006897,-132.700764283924,4.61046964061065,12.9069296444572,4.74722598409653,0.973056875725221,0.0488689914759162,0.418749990357053,0.0217107782132716
-126.46053708651,-132.786578460798,4.63961272022356,14.4325342171998,4.81981395101547,0.973056875725221,0.0488689914759162,0.418749990357053,0.0217107782132716
-126.483958468055,-132.872189901421,4.66303410176841,12.9746480993258,4.72785495138168,0.973056875725221,0.0488689914759162,0.418749990357053,0.0217107782132716
-126.503360873054,-132.957074829385,4.68243650676733,15.6950536353439,4.88876651144028,0.973056875725221,0.0488689914759162,0.418749990357053,0.0217107782132716
-126.551042291248,-133.042135471867,4.73011792496161,13.6520051308948,4.95860026693344,0.973056875725221,0.0488689914759162,0.418749990357053,0.0217107782132716
-126.569803683784,-133.125292033786,4.74887931749737,16.9056899502902,5.0291778883934,0.973056875725221,0.0488689914759162,0.418749990357053,0.0217107782132716
-126.61627390872,-133.208060152784,4.79534954243352,15.437554212857,5.10276912069321,0.973056875725221,0.0488689914759162,0.418749990357053,0.0217107782132716
-126.63341319244,-133.289891753831,4.81248882615304,16.3034387093873,5.07945559835434,0.973056875725221,0.0488689914759162,0.418749990357053,0.0217107782132716
-126.67505341229,-133.372209628465,4.85412904600305,16.1180307358637,5.17369960165024,0.973056875725221,0.0488689914759162,0.418749990357053,0.0217107782132716
-126.712486630694,-133.452608465539,4.89156226440776,15.9683549900199,5.15057109212875,0.973056875725221,0.0488689914759162,0.418749990357053,0.0217107782132716
-126.734067862671,-133.5323566882,4.91314349638411,16.2012991832477,5.14872763967514,0.973056875725221,0.0488689914759162,0.418749990357053,0.0217107782132716
-126.777592975506,-133.611021756551,4.95666860921948,15.9652563194501,5.40505622243881,0.973056875725221,0.0488689914759162,0.418749990357053,0.0217107782132716
-126.806300089185,-133.688659892671,4.98537572289812,16.5184113057069,5.42992614126205,0.973056875725221,0.0488689914759162,0.418749990357053,0.0217107782132716
-126.840479873699,-133.765440698136,5.0195555074122,15.9434398984953,5.42812751150131,0.973056875725221,0.0488689914759162,0.418749990357053,0.0217107782132716
-126.871582511941,-133.840931550373,5.05065814565386,16.211002754721,5.38590072011948,0.973056875725221,0.0488689914759162,0.418749990357053,0.0217107782132716
-126.89595127978,-133.915383311436,5.0750269134929,14.2110269358774,5.50028441762924,0.973056875725221,0.0488689914759162,0.418749990357053,0.0217107782132716
-126.921530997306,-133.988916454761,5.10060663101883,15.1385132814999,5.50259707784653,0.973056875725221,0.0488689914759162,0.418749990357053,0.0217107782132716
-126.950122945573,-134.060645078132,5.12919857928615,15.5289086583898,5.54710124349594,0.973056875725221,0.0488689914759162,0.418749990357053,0.0217107782132716
-126.999767849369,-134.131379285191,5.17884348308181,15.4624180306872,5.57299445486069,0.973056875725221,0.0488689914759162,0.418749990357053,0.0217107782132716
-127.023798382012,-134.200125083711,5.20287401572514,13.9388714370038,5.64410136556625,0.973056875725221,0.0488689914759162,0.418749990357053,0.0217107782132716
-127.056913611101,-134.268545290009,5.23598924481472,15.518290182456,5.57287810659409,0.973056875725221,0.0488689914759162,0.418749990357053,0.0217107782132716
-127.084422315849,-134.335190254344,5.26349794956224,14.8947606551705,5.71892569875717,0.973056875725221,0.0488689914759162,0.418749990357053,0.0217107782132716
-127.111679716116,-134.400506974342,5.29075534982928,16.0724773839075,5.76330493307114,0.973056875725221,0.0488689914759162,0.418749990357053,0.0217107782132716
-127.135104760235,-134.464630664574,5.31418039394813,16.41402029155,5.8527223906517,0.973056875725221,0.0488689914759162,0.418749990357053,0.0217107782132716
-127.159409370074,-134.525731087707,5.33848500378689,14.092244688828,5.82953189229965,0.973056875725221,0.0488689914759162,0.418749990357053,0.0217107782132716
-127.190615677027,-134.586317722568,5.36969131073997,14.7359440889805,5.99307940816879,0.973056875725221,0.0488689914759162,0.418749990357053,0.0217107782132716
-127.221281149394,-134.644521389152,5.40035678310741,13.2746449839289,5.97372363424301,0.973056875725221,0.0488689914759162,0.418749990357053,0.0217107782132716
-127.24456899828,-134.701596892353,5.4236446319931,14.0941605514954,6.02197955465317,0.973056875725221,0.0488689914759162,0.418749990357053,0.0217107782132716
-127.272635733249,-134.757372143726,5.45171136696213,14.6878358181653,6.11314986562729,0.973056875725221,0.0488689914759162,0.418749990357053,0.0217107782132716
-127.303499268595,-134.810943221457,5.48257490230788,14.7869405632369,6.15943549489975,0.973056875725221,0.0488689914759162,0.418749990357053,0.0217107782132716
-127.336267146145,-134.86283775388,5.51534277985841,15.8702224870433,6.20781730031967,0.973056875725221,0.0488689914759162,0.418749990357053,0.0217107782132716
-127.356854097035,-134.912978859328,5.53592973074843,13.7689456117879,6.16107867574692,0.973056875725221,0.0488689914759162,0.418749990357053,0.0217107782132716
-127.385415997253,-134.961199814054,5.5644916309667,12.84205693267,6.13746283864975,0.973056875725221,0.0488689914759162,0.418749990357053,0.0217107782132716
-127.414538585415,-135.007615634019,5.59361421912827,14.9070921109356,6.23062346792221,0.973056875725221,0.0488689914759162,0.418749990357053,0.0217107782132716
-127.437227303842,-135.052211045661,5.61630293755538,14.0867640643896,6.32699225759506,0.973056875725221,0.0488689914759162,0.418749990357053,0.0217107782132716
-127.458151618321,-135.094844030524,5.63722725203444,13.5985148789022,6.30211470937729,0.973056875725221,0.0488689914759162,0.418749990357053,0.0217107782132716
-127.508281087141,-135.135610637407,5.68735672085449,14.5185884231005,6.32623217916489,0.973056875725221,0.0488689914759162,0.418749990357053,0.0217107782132716
-127.529160994383,-135.173978329261,5.70823662809658,14.1817645756153,6.39801333761215,0.973056875725221,0.0488689914759162,0.418749990357053,0.0217107782132716
-127.556643341229,-135.210911180953,5.73571897494218,12.3881766621361,6.44097064352036,0.973056875725221,0.0488689914759162,0.418749990357053,0.0217107782132716
-127.574705999959,-135.245413642487,5.7537816336723,12.0841180742174,6.51342414236069,0.973056875725221,0.0488689914759162,0.418749990357053,0.0217107782132716
-127.605795944823,-135.27820697603,5.78487157853638,13.093224194327,6.44171355581284,0.973056875725221,0.0488689914759162,0.418749990357053,0.0217107782132716
-127.642113937204,-135.308666928878,5.82118957091771,14.5517880671602,6.58628295278549,0.973056875725221,0.0488689914759162,0.418749990357053,0.0217107782132716
-127.64281012167,-135.337172610978,5.82188575538337,10.7494301250605,6.48917220449448,0.973056875725221,0.0488689914759162,0.418749990357053,0.0217107782132716
-127.689264804425,-135.363594570908,5.86834043813866,12.6228125280796,6.51481078481674,0.973056875725221,0.0488689914759162,0.418749990357053,0.0217107782132716
-127.708236483752,-135.387680724551,5.8873121174651,12.1174691939042,6.63279174184799,0.973056875725221,0.0488689914759162,0.418749990357053,0.0217107782132716
-127.725290453062,-135.409678576871,5.90436608677528,12.7637974067892,6.6554567656517,0.973056875725221,0.0488689914759162,0.418749990357053,0.0217107782132716
-127.743901074237,-135.429807834446,5.92297670795078,10.5331894750052,6.56450103139877,0.973056875725221,0.0488689914759162,0.418749990357053,0.0217107782132716
-127.764757009383,-135.447521950942,5.94383264309586,10.6287315297208,6.60499022817612,0.973056875725221,0.0488689914759162,0.418749990357053,0.0217107782132716
-127.80885973404,-135.463145522381,5.98793536775352,12.0822177127152,6.67568896627426,0.973056875725221,0.0488689914759162,0.418749990357053,0.0217107782132716
-127.802519769528,-135.47657965358,5.98159540324086,9.81173083922641,6.67612098073959,0.973056875725221,0.0488689914759162,0.418749990357053,0.0217107782132716
-127.820309778147,-135.487878337704,5.99938541185982,11.1155056889394,6.70446704244614,0.973056875725221,0.0488689914759162,0.418749990357053,0.0217107782132716
-127.843790565362,-135.49697271068,6.02286619907552,9.65782368404713,6.82116244649887,0.973056875725221,0.0488689914759162,0.418749990357053,0.0217107782132716
-127.865543661828,-135.503837833665,6.04461929554154,12.223955286054,6.72213385915756,0.973056875725221,0.0488689914759162,0.418749990357053,0.0217107782132716
-127.881206788548,-135.508516002431,6.06028242226111,9.35108390778388,6.81549952840805,0.973056875725221,0.0488689914759162,0.418749990357053,0.0217107782132716
-127.902355201803,-135.51098899171,6.08143083551646,8.25889874623574,6.79284594869614,0.973056875725221,0.0488689914759162,0.418749990357053,0.0217107782132716
-127.922592422675,-135.51123028178,6.10166805638798,9.28488273138333,6.77080367422104,0.973056875725221,0.0488689914759162,0.418749990357053,0.0217107782132716
-127.936813910509,-135.509274292306,6.11588954422274,9.07400140656885,6.91247676229477,0.973056875725221,0.0488689914759162,0.418749990357053,0.0217107782132716
-127.958671372569,-135.505127776886,6.13774700628247,10.1136414788153,6.88724921560287,0.973056875725221,0.0488689914759162,0.418749990357053,0.0217107782132716
-127.970013396169,-135.498707211852,6.14908902988198,8.44708009113742,6.86303256368637,0.973056875725221,0.0488689914759162,0.418749990357053,0.0217107782132716
-127.978735717268,-135.490174031246,6.15781135098131,7.12508898445859,6.88495848989487,0.973056875725221,0.0488689914759162,0.418749990357053,0.0217107782132716
-128.004048696786,-135.4791821981,6.18312433049958,10.3717452502962,6.86453364706039,0.973056875725221,0.0488689914759162,0.418749990357053,0.0217107782132716
-128.022106413641,-135.465979934358,6.20118204735448,6.96526730606213,6.97913287496567,0.973056875725221,0.0488689914759162,0.418749990357053,0.0217107782132716
-128.040394189855,-135.451065477057,6.21946982356822,9.03005990298875,6.95649169301987,0.973056875725221,0.0488689914759162,0.418749990357053,0.0217107782132716
-128.053928461587,-135.43366928524,6.23300409530067,7.72138118969665,6.9079267821312,0.973056875725221,0.0488689914759162,0.418749990357053,0.0217107782132716
-128.063942426622,-135.414203056156,6.24301806033545,7.60722301576933,6.88811419820786,0.973056875725221,0.0488689914759162,0.418749990357053,0.0217107782132716
-128.083483403853,-135.392266867693,6.26255903756626,8.62655578382681,6.83917163228989,0.973056875725221,0.0488689914759162,0.418749990357053,0.0217107782132716
-128.102796826904,-135.368863471323,6.28187246061723,7.27719288558706,7.0271894774437,0.973056875725221,0.0488689914759162,0.418749990357053,0.0217107782132716
-128.103380067457,-135.343050246818,6.28245570117028,7.29339882851966,6.81390212392807,0.973056875725221,0.0488689914759162,0.418749990357053,0.0217107782132716
-128.121664965299,-135.314946159923,6.30074059901223,6.15117863391714,7.00143550252914,0.973056875725221,0.0488689914759162,0.418749990357053,0.0217107782132716
-128.150966733746,-135.284922698968,6.33004236745938,5.75175688336868,6.8641388258934,0.973056875725221,0.0488689914759162,0.418749990357053,0.0217107782132716
-128.14862584169,-135.253046911927,6.32770147540332,7.12892903707476,6.83750651693344,0.973056875725221,0.0488689914759162,0.418749990357053,0.0217107782132716
-128.163768248619,-135.218596077375,6.34284388233225,5.06893891567526,7.00115035390854,0.973056875725221,0.0488689914759162,0.418749990357053,0.0217107782132716
-128.173436895052,-135.182040415914,6.35251252876567,3.96601103224644,6.86169551229477,0.973056875725221,0.0488689914759162,0.418749990357053,0.0217107782132716
-128.192769060755,-135.142613385503,6.37184469446833,6.33283911972121,6.83722232198715,0.973056875725221,0.0488689914759162,0.418749990357053,0.0217107782132716
-128.202636865464,-135.102958370565,6.38171249917704,4.17542727258448,6.90975592947006,0.973056875725221,0.0488689914759162,0.418749990357053,0.0217107782132716
-128.201876782911,-135.061836901154,6.38095241662448,4.80662624320316,6.77063487386703,0.973056875725221,0.0488689914759162,0.418749990357053,0.0217107782132716
-128.217663995205,-135.017789924639,6.3967396289186,2.88636353725845,6.67626975393295,0.973056875725221,0.0488689914759162,0.418749990357053,0.0217107782132716
-128.222882514938,-134.972138324513,6.40195814865158,1.75235476812646,6.72408603048325,0.973056875725221,0.0488689914759162,0.418749990357053,0.0217107782132716
-128.226579794747,-134.923864110554,6.40565542846067,1.79407646595801,6.76857112264633,0.973056875725221,0.0488689914759162,0.418749990357053,0.0217107782132716
-128.228987136238,-134.874375185244,6.40806276995157,0.577997813446963,6.84340022420883,0.973056875725221,0.0488689914759162,0.418749990357053,0.0217107782132716
-128.212164735123,-134.822917969167,6.39124036883582,0.622498730680378,6.60770533895493,0.973056875725221,0.0488689914759162,0.418749990357053,0.0217107782132716
-128.233570903312,-134.769791009864,6.41264653702553,-0.076094291759001,6.69977687215805,0.973056875725221,0.0488689914759162,0.418749990357053,0.0217107782132716
-128.231617971517,-134.714844590479,6.41069360523039,-1.01197978830809,6.6537592253685,0.973056875725221,0.0488689914759162,0.418749990357053,0.0217107782132716
-128.223335420944,-134.657940644383,6.40241105465736,-1.36849544803305,6.58323977804184,0.973056875725221,0.0488689914759162,0.418749990357053,0.0217107782132716
-128.218086468604,-134.599269431602,6.3971621023178,-1.15247974577026,6.67663024282455,0.973056875725221,0.0488689914759162,0.418749990357053,0.0217107782132716
-128.211755115171,-134.539187633819,6.39083074888408,-1.8500508980154,6.60605643606186,0.973056875725221,0.0488689914759162,0.418749990357053,0.0217107782132716
-128.199527150182,-134.477834179799,6.37860278389521,-6.07687004349034,6.62962649679184,0.973056875725221,0.0488689914759162,0.418749990357053,0.0217107782132716
-128.200279363793,-134.414517532905,6.37935499750653,-6.58379653536846,6.49124549245834,0.973056875725221,0.0488689914759162,0.418749990357053,0.0217107782132716
-128.192394251376,-134.349731342306,6.37146988508933,-5.84072340135326,6.46955035543442,0.973056875725221,0.0488689914759162,0.418749990357053,0.0217107782132716
-128.179829686249,-134.283512406472,6.35890531996269,-7.58992642231634,6.46540091848373,0.973056875725221,0.0488689914759162,0.418749990357053,0.0217107782132716
-128.169358719039,-134.215864996269,6.34843435275267,-6.0460835715522,6.55696700429916,0.973056875725221,0.0488689914759162,0.418749990357053,0.0217107782132716
-128.145135411876,-134.146832379562,6.32421104558908,-7.74744156522836,6.46327613210678,0.973056875725221,0.0488689914759162,0.418749990357053,0.0217107782132716
-128.135530317826,-134.076754988573,6.31460595153974,-7.00627265571296,6.43889354085922,0.973056875725221,0.0488689914759162,0.418749990357053,0.0217107782132716
-128.125100535168,-134.005288705761,6.30417616888113,-5.67312114201132,6.37402366018295,0.973056875725221,0.0488689914759162,0.418749990357053,0.0217107782132716
-128.114500412692,-133.931561700646,6.29357604640488,-5.8967678476418,6.4658291182518,0.973056875725221,0.0488689914759162,0.418749990357053,0.0217107782132716
-128.096756125846,-133.858154111648,6.2758317595594,-5.07052188775067,6.3942434630394,0.973056875725221,0.0488689914759162,0.418749990357053,0.0217107782132716
-128.072878752387,-133.782336814562,6.25195438609999,-5.99643228394716,6.39199183797836,0.973056875725221,0.0488689914759162,0.418749990357053,0.0217107782132716
-128.073776958451,-133.706459103537,6.2528525921644,-5.10978536288637,6.34408496236801,0.973056875725221,0.0488689914759162,0.418749990357053,0.0217107782132716
-128.06448118443,-133.628698315743,6.24355681814351,-5.61174486884673,6.29552577352524,0.973056875725221,0.0488689914759162,0.418749990357053,0.0217107782132716
-128.035969507804,-133.550266739005,6.21504514151716,-6.85349655894604,6.25196383810043,0.973056875725221,0.0488689914759162,0.418749990357053,0.0217107782132716
-128.030101277857,-133.470379074569,6.20917691157005,-6.02723479087853,6.23016761159897,0.973056875725221,0.0488689914759162,0.418749990357053,0.0217107782132716
-128.011030961296,-133.390794246325,6.19010659500899,-6.11698923434462,6.27467368459702,0.973056875725221,0.0488689914759162,0.418749990357053,0.0217107782132716
-128.005360290442,-133.308807478359,6.18443592415502,-6.49670719219669,6.17877314901352,0.973056875725221,0.0488689914759162,0.418749990357053,0.0217107782132716
-127.996992258841,-133.227314401202,6.17606789255384,-7.03352066664273,6.06290934896469,0.973056875725221,0.0488689914759162,0.418749990357053,0.0217107782132716
-127.982165901601,-133.143566394679,6.16124153531386,-7.43223314204007,6.0439655623436,0.973056875725221,0.0488689914759162,0.418749990357053,0.0217107782132716
-127.981702736495,-133.060808749356,6.16077837020862,-5.70164321371423,6.01676963186264,0.973056875725221,0.0488689914759162,0.418749990357053,0.0217107782132716
-127.98061460595,-132.976746117559,6.15969023966367,-7.79842604943713,5.94445823049545,0.973056875725221,0.0488689914759162,0.418749990357053,0.0217107782132716
-127.956075058625,-132.891609454562,6.13515069233808,-4.72224673422737,5.96549914693832,0.973056875725221,0.0488689914759162,0.418749990357053,0.0217107782132716
-127.939801902679,-132.806393038485,6.11887753639201,-6.42873697965932,5.96916793203354,0.973056875725221,0.0488689914759162,0.418749990357053,0.0217107782132716
-127.928317482116,-132.720522681666,6.10739311582939,-5.65681592009381,5.73468325948715,0.973056875725221,0.0488689914759162,0.418749990357053,0.0217107782132716
-127.927023884648,-132.634421506164,6.10609951836091,-7.4190090534722,5.80590079641342,0.973056875725221,0.0488689914759162,0.418749990357053,0.0217107782132716
-127.914264458958,-132.546809969271,6.09334009267162,-8.79161555905102,5.74075721120834,0.973056875725221,0.0488689914759162,0.418749990357053,0.0217107782132716
-127.907974259651,-132.459248700739,6.08704989336412,-7.0613012674956,5.7376797041893,0.973056875725221,0.0488689914759162,0.418749990357053,0.0217107782132716
-127.884994807992,-132.372580125394,6.06407044170573,-9.5737744568089,5.71189807271957,0.973056875725221,0.0488689914759162,0.418749990357053,0.0217107782132716
-127.87506922796,-132.285718443758,6.05414486167286,-8.07225273983166,5.59550784444809,0.973056875725221,0.0488689914759162,0.418749990357053,0.0217107782132716
-127.853606819118,-132.197754458842,6.03268245283084,-8.91792292805354,5.57640956258774,0.973056875725221,0.0488689914759162,0.418749990357053,0.0217107782132716
-127.843628865511,-132.109546465726,6.02270449922443,-10.6227895357765,5.59882281637192,0.973056875725221,0.0488689914759162,0.418749990357053,0.0217107782132716
-127.808409722808,-132.021611586891,5.98748535652174,-8.72128080193181,5.55061839437485,0.973056875725221,0.0488689914759162,0.418749990357053,0.0217107782132716
-127.786642629152,-131.933628324999,5.96571826286482,-12.0294000273314,5.48151992177963,0.973056875725221,0.0488689914759162,0.418749990357053,0.0217107782132716
-127.772317728381,-131.845442826062,5.95139336209433,-9.36274001029085,5.52714560842514,0.973056875725221,0.0488689914759162,0.418749990357053,0.0217107782132716
-127.761657204828,-131.757279140329,5.94073283854163,-12.5166854496679,5.36258147573471,0.973056875725221,0.0488689914759162,0.418749990357053,0.0217107782132716
-127.735301598859,-131.669726030241,5.91437723257185,-11.6273720526331,5.33858226156235,0.973056875725221,0.0488689914759162,0.418749990357053,0.0217107782132716
-127.708790026024,-131.58272131481,5.88786565973751,-11.4636728049799,5.22178767538071,0.973056875725221,0.0488689914759162,0.418749990357053,0.0217107782132716
-127.674840021078,-131.493526742106,5.85391565479138,-11.2769025157449,5.24585936880112,0.973056875725221,0.0488689914759162,0.418749990357053,0.0217107782132716
-127.655171107097,-131.406647402557,5.8342467408099,-12.7077401465316,5.17673991537094,0.973056875725221,0.0488689914759162,0.418749990357053,0.0217107782132716
-127.624601536396,-131.322648665699,5.80367717010946,-12.3926949249819,5.2942793211937,0.973056875725221,0.0488689914759162,0.418749990357053,0.0217107782132716
-127.595107863193,-131.236820963215,5.77418349690637,-12.0194243295224,5.24570296621323,0.973056875725221,0.0488689914759162,0.418749990357053,0.0217107782132716
-127.567190573679,-131.150606190001,5.74626620739196,-12.3656599511,5.03145812368393,0.973056875725221,0.0488689914759162,0.418749990357053,0.0217107782132716
-127.550905000221,-131.065054933045,5.72998063393398,-13.5677547261428,5.03495620107651,0.973056875725221,0.0488689914759162,0.418749990357053,0.0217107782132716
-127.522231178643,-130.981883270036,5.70130681235645,-13.2994814777704,4.98801539754868,0.973056875725221,0.0488689914759162,0.418749990357053,0.0217107782132716
-127.496640498299,-130.897851997605,5.67571613201254,-12.5224831029469,5.05618403768539,0.973056875725221,0.0488689914759162,0.418749990357053,0.0217107782132716
-127.479803921604,-130.814597980232,5.65887955531716,-13.1550560638144,4.89073680257797,0.973056875725221,0.0488689914759162,0.418749990357053,0.0217107782132716
-127.449864381322,-130.732191774271,5.62894001503544,-12.305243253733,4.96256469106674,0.973056875725221,0.0488689914759162,0.418749990357053,0.0217107782132716
-127.420355372159,-130.650644430083,5.59943100587246,-14.1438082107727,4.91418002462387,0.973056875725221,0.0488689914759162,0.418749990357053,0.0217107782132716
-127.406504779067,-130.570445640503,5.58558041278023,-13.9115687236591,4.77106116628647,0.973056875725221,0.0488689914759162,0.418749990357053,0.0217107782132716
-127.367486211175,-130.490165523669,5.54656184488797,-13.3697317499912,4.80148242330551,0.973056875725221,0.0488689914759162,0.418749990357053,0.0217107782132716
-127.343892347623,-130.411671739483,5.52296798133647,-12.6547920757724,4.67976878499985,0.973056875725221,0.0488689914759162,0.418749990357053,0.0217107782132716
-127.325685326538,-130.334292663722,5.5047609602516,-13.5216587812569,4.65637992238998,0.973056875725221,0.0488689914759162,0.418749990357053,0.0217107782132716
-127.300518559939,-130.257055949657,5.4795941936521,-12.4584984664767,4.63318942403793,0.973056875725221,0.0488689914759162,0.418749990357053,0.0217107782132716
-127.26822311818,-130.18172151108,5.44729875189334,-12.4538357481581,4.49517653799057,0.973056875725221,0.0488689914759162,0.418749990357053,0.0217107782132716
-127.254916689994,-130.107324792427,5.43399232370742,-12.8744119804245,4.51581500387192,0.973056875725221,0.0488689914759162,0.418749990357053,0.0217107782132716
-127.226351031497,-130.034320913163,5.40542666521038,-12.0392531314826,4.46922419881821,0.973056875725221,0.0488689914759162,0.418749990357053,0.0217107782132716
-127.200975934845,-129.962380543668,5.38005156855864,-12.5557525650377,4.37359164571762,0.973056875725221,0.0488689914759162,0.418749990357053,0.0217107782132716
-127.172211416608,-129.891541964219,5.35128705032173,-12.9582041231129,4.44265197134018,0.973056875725221,0.0488689914759162,0.418749990357053,0.0217107782132716
-127.159347315919,-129.820707692103,5.33842294963235,-13.7379903430078,4.32595084524155,0.973056875725221,0.0488689914759162,0.418749990357053,0.0217107782132716
-127.120761381457,-129.753721904336,5.2998370151705,-14.2247392059224,4.30756495809555,0.973056875725221,0.0488689914759162,0.418749990357053,0.0217107782132716
-127.097550539933,-129.687527423884,5.2766261736468,-13.7300743468431,4.30623172140121,0.973056875725221,0.0488689914759162,0.418749990357053,0.0217107782132716
-127.082281131972,-129.622833258744,5.26135676568532,-14.3521412666848,4.30308459615707,0.973056875725221,0.0488689914759162,0.418749990357053,0.0217107782132716
-127.037936344627,-129.558763828252,5.21701197833982,-14.3646940017212,4.18929789876938,0.973056875725221,0.0488689914759162,0.418749990357053,0.0217107782132716
-127.024639076095,-129.497065003714,5.20371470980849,-15.1834909660028,4.16678641653061,0.973056875725221,0.0488689914759162,0.418749990357053,0.0217107782132716
-126.990439551052,-129.437011119772,5.16951518476494,-14.9011394393025,4.02788852071762,0.973056875725221,0.0488689914759162,0.418749990357053,0.0217107782132716
-126.958711208088,-129.378164172934,5.1377868418013,-13.7192217711548,4.0255808672905,0.973056875725221,0.0488689914759162,0.418749990357053,0.0217107782132716
-126.932304418036,-129.321018092538,5.11138005174946,-14.1303151860054,3.97998569822311,0.973056875725221,0.0488689914759162,0.418749990357053,0.0217107782132716
-126.891055013573,-129.265228900488,5.07013064728626,-15.2207315455192,3.90660475111008,0.973056875725221,0.0488689914759162,0.418749990357053,0.0217107782132716
-126.877297061649,-129.211783642605,5.05637269536266,-13.9994502299984,3.90629289960861,0.973056875725221,0.0488689914759162,0.418749990357053,0.0217107782132716
-126.832740754851,-129.160165099777,5.01181638856457,-15.0034410681725,3.88397453641891,0.973056875725221,0.0488689914759162,0.418749990357053,0.0217107782132716
-126.809987616403,-129.110022489166,4.98906325011644,-12.9444701115231,3.81645773267746,0.973056875725221,0.0488689914759162,0.418749990357053,0.0217107782132716
-126.787444237779,-129.061861572006,4.96651987149227,-16.4952454541873,3.74595068311691,0.973056875725221,0.0488689914759162,0.418749990357053,0.0217107782132716
-126.741679933061,-129.014692763576,4.92075556677452,-13.7985958198913,3.69693992948532,0.973056875725221,0.0488689914759162,0.418749990357053,0.0217107782132716
-126.717512001853,-128.970501972293,4.89658763556639,-15.864315929919,3.81033609724045,0.973056875725221,0.0488689914759162,0.418749990357053,0.0217107782132716
-126.681596652598,-128.92804137223,4.86067228631151,-14.9557666818096,3.7438516459465,0.973056875725221,0.0488689914759162,0.418749990357053,0.0217107782132716
-126.656294442841,-128.88744075443,4.83537007655396,-14.0513950367481,3.64791487073898,0.973056875725221,0.0488689914759162,0.418749990357053,0.0217107782132716
-126.624507962172,-128.848889640553,4.80358359588529,-15.4194075711189,3.62571810102463,0.973056875725221,0.0488689914759162,0.418749990357053,0.0217107782132716
-126.598250961943,-128.811978437959,4.77732659565624,-14.1558945135787,3.64946363782883,0.973056875725221,0.0488689914759162,0.418749990357053,0.0217107782132716
-126.568544091281,-128.777177990471,4.74761972499477,-14.809233970072,3.51100824689865,0.973056875725221,0.0488689914759162,0.418749990357053,0.0217107782132716
-126.534223650698,-128.744931719998,4.71329928441175,-14.2756084671933,3.58189009046555,0.973056875725221,0.0488689914759162,0.418749990357053,0.0217107782132716
-126.507960220785,-128.714129162544,4.68703585449834,-14.5734165621375,3.48539779996872,0.973056875725221,0.0488689914759162,0.418749990357053,0.0217107782132716
-126.483723599765,-128.685878416369,4.66279923347859,-14.5256516907296,3.36729715681076,0.973056875725221,0.0488689914759162,0.418749990357053,0.0217107782132716
-126.460993795532,-128.659557516274,4.64006942924575,-13.2738989492428,3.46365211820602,0.973056875725221,0.0488689914759162,0.418749990357053,0.0217107782132716
-126.43081419699,-128.635154057291,4.60988983070368,-14.307623717001,3.46482132291794,0.973056875725221,0.0488689914759162,0.418749990357053,0.0217107782132716
-126.394432733742,-128.612987051208,4.57350836745565,-13.7371852383778,3.41825531339645,0.973056875725221,0.0488689914759162,0.418749990357053,0.0217107782132716
-126.381666292296,-128.593145900931,4.56074192600978,-12.7622402973531,3.34810589170456,0.973056875725221,0.0488689914759162,0.418749990357053,0.0217107782132716
-126.351984014001,-128.575262175591,4.53105964771475,-14.8345988910537,3.29878662443161,0.973056875725221,0.0488689914759162,0.418749990357053,0.0217107782132716
-126.336952198544,-128.559506651703,4.51602783225766,-11.9462124027152,3.34776972150803,0.973056875725221,0.0488689914759162,0.418749990357053,0.0217107782132716
-126.311312780794,-128.545888188918,4.4903884145068,-14.3946581532803,3.2986407122612,0.973056875725221,0.0488689914759162,0.418749990357053,0.0217107782132716
-126.262611273422,-128.534830453687,4.44168690713523,-12.8747791708363,3.18398044919968,0.973056875725221,0.0488689914759162,0.418749990357053,0.0217107782132716
-126.237244434058,-128.525817674865,4.41632006777107,-12.9681458172543,3.27702806806564,0.973056875725221,0.0488689914759162,0.418749990357053,0.0217107782132716
-126.228180173007,-128.518958946633,4.40725580672061,-10.8276485475497,3.18350027418137,0.973056875725221,0.0488689914759162,0.418749990357053,0.0217107782132716
-126.18935510323,-128.514284770962,4.3684307369434,-12.1262911910877,3.27907083845139,0.973056875725221,0.0488689914759162,0.418749990357053,0.0217107782132716
-126.180419372148,-128.511816288749,4.35949500586136,-11.9763375192415,3.3028755030632,0.973056875725221,0.0488689914759162,0.418749990357053,0.0217107782132716
-126.160697156404,-128.511570045512,4.33977279011691,-14.0622508279474,3.13922642087936,0.973056875725221,0.0488689914759162,0.418749990357053,0.0217107782132716
-126.148029896519,-128.513513406769,4.3271055302328,-9.87187403924289,3.18617533063889,0.973056875725221,0.0488689914759162,0.418749990357053,0.0217107782132716
-126.112233604272,-128.51769154996,4.29130923798499,-11.5150831931799,3.20660780286789,0.973056875725221,0.0488689914759162,0.418749990357053,0.0217107782132716
-126.095169060538,-128.524054999523,4.27424469425139,-10.1108133479067,3.18136976575851,0.973056875725221,0.0488689914759162,0.418749990357053,0.0217107782132716
-126.058695513376,-128.532631285686,4.23777114708956,-10.9941141744427,3.20800827360153,0.973056875725221,0.0488689914759162,0.418749990357053,0.0217107782132716
-126.046140696303,-128.543484848694,4.22521633001616,-7.30354278367988,3.18552921628952,0.973056875725221,0.0488689914759162,0.418749990357053,0.0217107782132716
-126.02834038143,-128.556407900289,4.20741601514305,-9.37823970147237,3.18701313352585,0.973056875725221,0.0488689914759162,0.418749990357053,0.0217107782132716
-125.999572019874,-128.571649219087,4.17864765358747,-8.96980214872858,3.1814327082634,0.973056875725221,0.0488689914759162,0.418749990357053,0.0217107782132716
-125.989715347237,-128.588920359659,4.16879098095049,-9.24605438106171,3.11471746778488,0.973056875725221,0.0488689914759162,0.418749990357053,0.0217107782132716
-125.993024991985,-128.608597943442,4.17210062569803,-10.0991299257157,3.11460493421555,0.973056875725221,0.0488689914759162,0.418749990357053,0.0217107782132716
-125.965044690285,-128.630060399648,4.14412032399805,-7.22274047045118,3.09002397871017,0.973056875725221,0.0488689914759162,0.418749990357053,0.0217107782132716
-125.940463352631,-128.653757911806,4.11953898634465,-9.18008745511071,3.02372263288498,0.973056875725221,0.0488689914759162,0.418749990357053,0.0217107782132716
-125.922237547969,-128.679598076261,4.10131318168261,-5.89945004163048,3.04668663358688,0.973056875725221,0.0488689914759162,0.418749990357053,0.0217107782132716
-125.907478671813,-128.70760754207,4.08655430552665,-7.25335577254208,3.09193466520309,0.973056875725221,0.0488689914759162,0.418749990357053,0.0217107782132716
-125.900041558766,-128.737992153163,4.07911719247905,-4.93665185335382,3.11314295148849,0.973056875725221,0.0488689914759162,0.418749990357053,0.0217107782132716
-125.889424947531,-128.770200126169,4.06850058124422,-6.25293189563352,3.11322449064255,0.973056875725221,0.0488689914759162,0.418749990357053,0.0217107782132716
-125.896610278471,-128.804170624347,4.07568591218432,-5.03952468780438,3.13814066267014,0.973056875725221,0.0488689914759162,0.418749990357053,0.0217107782132716
-125.872048412237,-128.840338359865,4.05112404595051,-4.68920165704625,3.09155176496506,0.973056875725221,0.0488689914759162,0.418749990357053,0.0217107782132716
-125.866321601387,-128.878530563479,4.04539723509997,-6.02341845261446,3.18262861585617,0.973056875725221,0.0488689914759162,0.418749990357053,0.0217107782132716
-125.851139773499,-128.918722513794,4.03021540721188,-4.3464944072559,3.18639372205734,0.973056875725221,0.0488689914759162,0.418749990357053,0.0217107782132716
-125.851847927555,-128.960671316031,4.03092356126836,-4.0717319676489,3.09045885419846,0.973056875725221,0.0488689914759162,0.418749990357053,0.0217107782132716
-125.843340999293,-129.005043751985,4.02241663300631,-3.97060737989676,3.18824003553391,0.973056875725221,0.0488689914759162,0.418749990357053,0.0217107782132716
-125.835916171406,-129.050937414891,4.01499180511902,-3.22238036043716,3.15963552808762,0.973056875725221,0.0488689914759162,0.418749990357053,0.0217107782132716
-125.835315923841,-129.09867031471,4.01439155755387,-2.36979164497121,3.20818518018723,0.973056875725221,0.0488689914759162,0.418749990357053,0.0217107782132716
-125.837407780359,-129.149138890038,4.01648341407243,-3.58272901813609,3.37101267194748,0.973056875725221,0.0488689914759162,0.418749990357053,0.0217107782132716
-125.819498619561,-129.199940577857,3.99857425327385,-2.05367969172982,3.25290439939499,0.973056875725221,0.0488689914759162,0.418749990357053,0.0217107782132716
-125.80615940199,-129.253172909125,3.98523503570283,-1.20414941730372,3.18420790052414,0.973056875725221,0.0488689914759162,0.418749990357053,0.0217107782132716
-125.81292116941,-129.308297853524,3.99199680312337,-0.67030465029309,3.32148454999924,0.973056875725221,0.0488689914759162,0.418749990357053,0.0217107782132716
-125.809820335017,-129.36515740194,3.98889596872989,0.045207258418332,3.27647922849655,0.973056875725221,0.0488689914759162,0.418749990357053,0.0217107782132716
-125.801388128183,-129.42323015619,3.98046376189667,1.43990250457603,3.36740730619431,0.973056875725221,0.0488689914759162,0.418749990357053,0.0217107782132716
-125.817493715161,-129.483144321206,3.99656934887405,1.09831012918428,3.36958883619308,0.973056875725221,0.0488689914759162,0.418749990357053,0.0217107782132716
-125.805229337674,-129.545058634202,3.98430497138705,0.999798252948235,3.346916659832,0.973056875725221,0.0488689914759162,0.418749990357053,0.0217107782132716
-125.819071871699,-129.608331925511,3.99814750541261,4.78004916274256,3.34481905317307,0.973056875725221,0.0488689914759162,0.418749990357053,0.0217107782132716
-125.817942218728,-129.673213000881,3.99701785244141,4.08121054393743,3.4889426074028,0.973056875725221,0.0488689914759162,0.418749990357053,0.0217107782132716
-125.820498308343,-129.739275708754,3.99957394205649,5.32619447468121,3.43812750196457,0.973056875725221,0.0488689914759162,0.418749990357053,0.0217107782132716
-125.839742390728,-129.806890371276,4.01881802444115,6.44036687230801,3.55846737241745,0.973056875725221,0.0488689914759162,0.418749990357053,0.0217107782132716
-125.849725278381,-129.875930478912,4.02880091209473,5.78322767024373,3.60388706541061,0.973056875725221,0.0488689914759162,0.418749990357053,0.0217107782132716
-125.868840318284,-129.946252753836,4.04791595199744,8.74502762395119,3.55628107404709,0.973056875725221,0.0488689914759162,0.418749990357053,0.0217107782132716
-125.873974060335,-130.017834891425,4.05304969404838,7.28012007646117,3.51065109586716,0.973056875725221,0.0488689914759162,0.418749990357053,0.0217107782132716
-125.887483885935,-130.090953848364,4.06655951964832,8.14613751295596,3.53012989377975,0.973056875725221,0.0488689914759162,0.418749990357053,0.0217107782132716
-125.910377744939,-130.164731057199,4.08945337865185,7.01542699549862,3.5780391535759,0.973056875725221,0.0488689914759162,0.418749990357053,0.0217107782132716
-125.9239762666,-130.240395963626,4.10305190031282,7.66606333920257,3.67449854230881,0.973056875725221,0.0488689914759162,0.418749990357053,0.0217107782132716
-125.939508307236,-130.316593876383,4.11858394094974,6.4830069469742,3.62459324216843,0.973056875725221,0.0488689914759162,0.418749990357053,0.0217107782132716
-125.950346077576,-130.394609271714,4.12942171128902,7.79580304853867,3.62814901685715,0.973056875725221,0.0488689914759162,0.418749990357053,0.0217107782132716
-125.981452884268,-130.474083550215,4.16052851798157,6.78346119694441,3.67623661375046,0.973056875725221,0.0488689914759162,0.418749990357053,0.0217107782132716
-126.012910591167,-130.552474207201,4.19198622488026,7.32431057841967,3.69936416959763,0.973056875725221,0.0488689914759162,0.418749990357053,0.0217107782132716
-126.012637116246,-130.632570477021,4.19171274995958,9.29626004247389,3.78924654340744,0.973056875725221,0.0488689914759162,0.418749990357053,0.0217107782132716
-126.014824321256,-130.713628273162,4.1938999549693,8.70189988719001,3.74456404066086,0.973056875725221,0.0488689914759162,0.418749990357053,0.0217107782132716
-126.046306911971,-130.796130696424,4.22538254568386,8.81610492119857,3.83897493696213,0.973056875725221,0.0488689914759162,0.418749990357053,0.0217107782132716
-126.067536710011,-130.87895187301,4.24661234372481,10.534163897606,3.86201046323776,0.973056875725221,0.0488689914759162,0.418749990357053,0.0217107782132716
-126.081511935108,-130.962437520319,4.26058756882144,7.41966443933134,3.91162680006027,0.973056875725221,0.0488689914759162,0.418749990357053,0.0217107782132716
-126.097780101893,-131.046664836357,4.27685573560621,8.66818794781879,3.88849542951584,0.973056875725221,0.0488689914759162,0.418749990357053,0.0217107782132716
-126.099716127523,-131.131562161636,4.2787917612363,7.8456323060012,4.0236048541069,0.973056875725221,0.0488689914759162,0.418749990357053,0.0217107782132716
-126.110635271175,-131.217281320459,4.28971090488875,8.84239939781963,3.95782659864426,0.973056875725221,0.0488689914759162,0.418749990357053,0.0217107782132716
-126.136274195272,-131.302653356543,4.31534982898552,8.30929088801023,4.03050444936752,0.973056875725221,0.0488689914759162,0.418749990357053,0.0217107782132716
-126.134364408151,-131.389747025059,4.31344004186412,7.56232041493111,3.97633455610275,0.973056875725221,0.0488689914759162,0.418749990357053,0.0217107782132716
-126.15930691107,-131.476369548119,4.33838254478328,8.84931602616155,4.19265960073471,0.973056875725221,0.0488689914759162,0.418749990357053,0.0217107782132716
-126.170716485165,-131.563432990961,4.34979211887795,7.93616376118803,4.14118121480942,0.973056875725221,0.0488689914759162,0.418749990357053,0.0217107782132716
-126.194636319192,-131.650674898521,4.37371195290573,8.51358118474696,4.21356986379623,0.973056875725221,0.0488689914759162,0.418749990357053,0.0217107782132716
-126.202532914549,-131.738039420446,4.38160854826186,8.98449192892669,4.19144461965561,0.973056875725221,0.0488689914759162,0.418749990357053,0.0217107782132716
-126.226635676783,-131.826256317171,4.40571131049583,9.27200194963227,4.35305045461655,0.973056875725221,0.0488689914759162,0.418749990357053,0.0217107782132716
-126.24269921505,-131.913878551654,4.42177484876313,10.2530700931058,4.30917571401596,0.973056875725221,0.0488689914759162,0.418749990357053,0.0217107782132716
-126.249917236733,-132.001855618452,4.42899287044626,9.40640257600415,4.40214656209946,0.973056875725221,0.0488689914759162,0.418749990357053,0.0217107782132716
-126.272811206479,-132.089471790755,4.45188684019213,10.6296037448553,4.39981006002426,0.973056875725221,0.0488689914759162,0.418749990357053,0.0217107782132716
-126.294445126342,-132.177437060531,4.4735207600558,9.15300624969463,4.42320273733139,0.973056875725221,0.0488689914759162,0.418749990357053,0.0217107782132716
-126.30781244429,-132.26561107769,4.48688807800293,10.9236119167754,4.53965972280502,0.973056875725221,0.0488689914759162,0.418749990357053,0.0217107782132716
-126.330168782825,-132.352725667828,4.50924441653799,10.2740087339753,4.53872893667221,0.973056875725221,0.0488689914759162,0.418749990357053,0.0217107782132716
-126.363990969546,-132.440189256099,4.54306660325973,12.9935313834976,4.65606807088852,0.973056875725221,0.0488689914759162,0.418749990357053,0.0217107782132716
-126.381162200552,-132.527599594553,4.56023783426498,10.8899974704192,4.58621619558334,0.973056875725221,0.0488689914759162,0.418749990357053,0.0217107782132716
-126.407993027409,-132.614113873446,4.58706866112263,12.2006433572258,4.67722819662094,0.973056875725221,0.0488689914759162,0.418749990357053,0.0217107782132716
-126.439551745575,-132.700825968519,4.61862737928795,12.712130645143,4.72669623708725,0.973056875725221,0.0488689914759162,0.418749990357053,0.0217107782132716
-126.463878853692,-132.787099966063,4.64295448740487,15.2756099701661,4.79621432638168,0.973056875725221,0.0488689914759162,0.418749990357053,0.0217107782132716
-126.486771838309,-132.872383018162,4.66584747202187,15.3472352231587,4.95904944753647,0.973056875725221,0.0488689914759162,0.418749990357053,0.0217107782132716
-126.519574044321,-132.957216174989,4.69864967803446,13.9477422090957,4.89274905538559,0.973056875725221,0.0488689914759162,0.418749990357053,0.0217107782132716
-126.549631604846,-133.04152416383,4.72870723855981,13.9865856180407,4.98344539022446,0.973056875725221,0.0488689914759162,0.418749990357053,0.0217107782132716
-126.588931348464,-133.125073330092,4.76800698217697,16.2505083132253,5.08049224233627,0.973056875725221,0.0488689914759162,0.418749990357053,0.0217107782132716
-126.628699972869,-133.208286797624,4.80777560658199,14.3783376004389,5.07792399740219,0.973056875725221,0.0488689914759162,0.418749990357053,0.0217107782132716
-126.643669839868,-133.290448144123,4.82274547358136,15.8707790941725,5.03006575918198,0.973056875725221,0.0488689914759162,0.418749990357053,0.0217107782132716
-126.681895283853,-133.37202606439,4.86097091756613,15.2409025952103,5.14827082967758,0.973056875725221,0.0488689914759162,0.418749990357053,0.0217107782132716
-126.720314481501,-133.453669093209,4.89939011521437,17.1219467358124,5.12669108724594,0.973056875725221,0.0488689914759162,0.418749990357053,0.0217107782132716
-126.747500034214,-133.532932766346,4.92657566792748,16.0776371435134,5.2700979552269,0.973056875725221,0.0488689914759162,0.418749990357053,0.0217107782132716
-126.789377413059,-133.611273578491,4.96845304677232,15.6897540157522,5.26945899343491,0.973056875725221,0.0488689914759162,0.418749990357053,0.0217107782132716
-126.821393961542,-133.68917527592,5.00046959525502,15.2477686800147,5.40278075551987,0.973056875725221,0.0488689914759162,0.418749990357053,0.0217107782132716
-126.843734084508,-133.765885320381,5.02280971822089,15.9721089285651,5.52320121145248,0.973056875725221,0.0488689914759162,0.418749990357053,0.0217107782132716
-126.867949071152,-133.841396382397,5.04702470486509,16.2522265374867,5.42935775136948,0.973056875725221,0.0488689914759162,0.418749990357053,0.0217107782132716
-126.9056581571,-133.915726453249,5.08473379081353,13.5054226830585,5.54692290639877,0.973056875725221,0.0488689914759162,0.418749990357053,0.0217107782132716
-126.936801906395,-133.988596317582,5.1158775401082,16.0072321030418,5.52341292715073,0.973056875725221,0.0488689914759162,0.418749990357053,0.0217107782132716
-126.959324693994,-134.060500560568,5.13840032770771,15.6643583532319,5.57351802206039,0.973056875725221,0.0488689914759162,0.418749990357053,0.0217107782132716
-127.001810889111,-134.131254127203,5.18088652282458,15.3791785605273,5.47809241628647,0.973056875725221,0.0488689914759162,0.418749990357053,0.0217107782132716
-127.031946114112,-134.200591473673,5.21102174782542,14.5255891654084,5.62037394857407,0.973056875725221,0.0488689914759162,0.418749990357053,0.0217107782132716
-127.050023937949,-134.268729612646,5.2290995716622,14.331319920557,5.61932681417465,0.973056875725221,0.0488689914759162,0.418749990357053,0.0217107782132716
-127.081277731677,-134.33523730251,5.26035336539027,15.5527530708507,5.66849158620834,0.973056875725221,0.0488689914759162,0.418749990357053,0.0217107782132716
-127.115729452406,-134.400085465586,5.29480508611899,14.3878120478892,5.80623839712143,0.973056875725221,0.0488689914759162,0.418749990357053,0.0217107782132716
-127.129281188997,-134.464159435259,5.3083568227098,15.3352715870721,5.85324214315414,0.973056875725221,0.0488689914759162,0.418749990357053,0.0217107782132716
-127.166620367611,-134.52790391269,5.34569600132465,15.1220094420432,5.94625972127914,0.973056875725221,0.0488689914759162,0.418749990357053,0.0217107782132716
-127.19615198979,-134.587247948953,5.3752276235037,14.1386197336547,5.94728873586655,0.973056875725221,0.0488689914759162,0.418749990357053,0.0217107782132716
-127.216719590548,-134.645039443113,5.3957952242617,14.5926817003401,6.01549838399887,0.973056875725221,0.0488689914759162,0.418749990357053,0.0217107782132716
-127.255316581397,-134.70209992258,5.43439221511008,14.5091733951462,5.95006488180161,0.973056875725221,0.0488689914759162,0.418749990357053,0.0217107782132716
-127.267553066436,-134.757417656726,5.44662870014925,14.4812503254862,6.02129100179672,0.973056875725221,0.0488689914759162,0.418749990357053,0.0217107782132716
-127.311153102522,-134.811289327848,5.49022873623581,14.9720880301651,5.94931243276596,0.973056875725221,0.0488689914759162,0.418749990357053,0.0217107782132716
-127.327037174284,-134.862928963107,5.50611280799762,14.43177039555,6.04292891836166,0.973056875725221,0.0488689914759162,0.418749990357053,0.0217107782132716
-127.36138469138,-134.913078544108,5.54046032509317,13.749609183866,6.22784827566147,0.973056875725221,0.0488689914759162,0.418749990357053,0.0217107782132716
-127.381738082043,-134.961566614511,5.56081371575629,14.8600401117894,6.18349002218246,0.973056875725221,0.0488689914759162,0.418749990357053,0.0217107782132716
-127.412574726218,-135.007729448732,5.59165035993084,12.3524037583362,6.09123156881332,0.973056875725221,0.0488689914759162,0.418749990357053,0.0217107782132716
-127.443645927927,-135.052517344445,5.62272156164026,14.6800294337154,6.27829097127914,0.973056875725221,0.0488689914759162,0.418749990357053,0.0217107782132716
-127.455532238407,-135.094878760287,5.63460787211992,13.1148739542673,6.39521334981918,0.973056875725221,0.0488689914759162,0.418749990357053,0.0217107782132716
-127.489903630681,-135.135690992836,5.66897926439394,14.8762869112623,6.372631295681,0.973056875725221,0.0488689914759162,0.418749990357053,0.0217107782132716
-127.534280635369,-135.174184939155,5.71335626908193,13.4143190970059,6.44298385000229,0.973056875725221,0.0488689914759162,0.418749990357053,0.0217107782132716
-127.549011046619,-135.210796395276,5.72808668033195,13.3663661398009,6.37370608663559,0.973056875725221,0.0488689914759162,0.418749990357053,0.0217107782132716
-127.579528760398,-135.245461757154,5.75860439411119,12.4760035516002,6.41963122701645,0.973056875725221,0.0488689914759162,0.418749990357053,0.0217107782132716
-127.608599010841,-135.278045116202,5.78767464455393,12.9371362646565,6.39504454946518,0.973056875725221,0.0488689914759162,0.418749990357053,0.0217107782132716
-127.617809098392,-135.308621204848,5.79688473210532,13.7265361855898,6.5362636885643,0.973056875725221,0.0488689914759162,0.418749990357053,0.0217107782132716
-127.643262613447,-135.337064775636,5.82233824716033,11.8186218019145,6.46770499563217,0.973056875725221,0.0488689914759162,0.418749990357053,0.0217107782132716
-127.677685362756,-135.363380420272,5.8567609964689,11.7220799448736,6.58511088705063,0.973056875725221,0.0488689914759162,0.418749990357053,0.0217107782132716
-127.703047076858,-135.387661380084,5.88212271057162,12.5687451588509,6.53582595205307,0.973056875725221,0.0488689914759162,0.418749990357053,0.0217107782132716
-127.714674760399,-135.409972003396,5.89375039411202,11.0830990126,6.58329985952377,0.973056875725221,0.0488689914759162,0.418749990357053,0.0217107782132716
-127.749774735312,-135.429893349629,5.92885036902574,11.6802712139873,6.63001559591293,0.973056875725221,0.0488689914759162,0.418749990357053,0.0217107782132716
-127.770988710338,-135.447635572551,5.95006434405101,11.2148610112424,6.63064406728745,0.973056875725221,0.0488689914759162,0.418749990357053,0.0217107782132716
-127.788521889409,-135.463207970572,5.96759752312268,10.9097717716725,6.72638438558578,0.973056875725221,0.0488689914759162,0.418749990357053,0.0217107782132716
-127.813372119791,-135.476662229254,5.99244775350399,12.5994233498747,6.77379821157455,0.973056875725221,0.0488689914759162,0.418749990357053,0.0217107782132716
-127.840202721587,-135.487892898943,6.01927835530003,11.1815285696847,6.6784059844017,0.973056875725221,0.0488689914759162,0.418749990357053,0.0217107782132716
-127.845800958202,-135.49698602264,6.02487659191536,10.5568564259033,6.7907745680809,0.973056875725221,0.0488689914759162,0.418749990357053,0.0217107782132716
-127.860163615687,-135.503842654921,6.03923924940045,9.63762155737497,6.77035163259506,0.973056875725221,0.0488689914759162,0.418749990357053,0.0217107782132716
-127.884942558798,-135.508531723002,6.06401819251154,9.98363025600025,6.76851390218735,0.973056875725221,0.0488689914759162,0.418749990357053,0.0217107782132716
-127.905877522769,-135.510987386981,6.08495315648222,9.44659286675668,6.79328463888168,0.973056875725221,0.0488689914759162,0.418749990357053,0.0217107782132716
-127.933608178808,-135.511233551131,6.1126838125212,8.41049313719419,6.8386318526268,0.973056875725221,0.0488689914759162,0.418749990357053,0.0217107782132716
-127.945487609925,-135.509282320113,6.12456324363853,8.85784429116741,6.88728068685532,0.973056875725221,0.0488689914759162,0.418749990357053,0.0217107782132716
-127.956322731508,-135.505093851332,6.13539836522112,9.86206393174381,6.81654380178452,0.973056875725221,0.0488689914759162,0.418749990357053,0.0217107782132716
-127.964272687494,-135.49871434825,6.1433483212073,9.76275476310906,6.8171531996727,0.973056875725221,0.0488689914759162,0.418749990357053,0.0217107782132716
-127.988395952561,-135.490130192274,6.16747158627406,8.78578209376599,6.86194251394272,0.973056875725221,0.0488689914759162,0.418749990357053,0.0217107782132716
-128.002760250664,-135.479373545479,6.1818358843774,7.8871122548348,6.88752292013168,0.973056875725221,0.0488689914759162,0.418749990357053,0.0217107782132716
-128.027435354811,-135.466396572251,6.20651098852393,8.66672862684655,6.90893386220932,0.973056875725221,0.0488689914759162,0.418749990357053,0.0217107782132716
-128.032525184392,-135.451119746627,6.21160081810518,7.85843018593427,6.9113275847435,0.973056875725221,0.0488689914759162,0.418749990357053,0.0217107782132716
-128.05045927536,-135.433825243335,6.22953490907346,7.8307242637305,6.93466780996323,0.973056875725221,0.0488689914759162,0.418749990357053,0.0217107782132716
-128.066862855956,-135.414445858141,6.24593848966962,7.18678268277178,6.95399497365952,0.973056875725221,0.0488689914759162,0.418749990357053,0.0217107782132716
-128.084861464414,-135.392814191884,6.26393709812759,8.62418546089211,6.88487170553207,0.973056875725221,0.0488689914759162,0.418749990357053,0.0217107782132716
-128.107944277269,-135.369002654225,6.28701991098193,7.1362229074787,6.93306277608871,0.973056875725221,0.0488689914759162,0.418749990357053,0.0217107782132716
-128.119918436155,-135.34316268501,6.29899406986792,7.01519845449648,6.99986384725571,0.973056875725221,0.0488689914759162,0.418749990357053,0.0217107782132716
-128.121907014956,-135.315147007198,6.30098264866902,5.06861734218948,6.95335410451889,0.973056875725221,0.0488689914759162,0.418749990357053,0.0217107782132716
-128.140689256538,-135.285045139435,6.31976489025149,7.61941197750364,6.95645449972153,0.973056875725221,0.0488689914759162,0.418749990357053,0.0217107782132716
-128.153882096074,-135.252797751297,6.33295772978712,5.12097442827753,6.83804057455063,0.973056875725221,0.0488689914759162,0.418749990357053,0.0217107782132716
-128.158829376099,-135.218591878732,6.33790500981235,5.91100184341772,6.78718303060532,0.973056875725221,0.0488689914759162,0.418749990357053,0.0217107782132716
-128.188373032943,-135.182533176679,6.3674486666562,5.46789349660988,6.90446208333969,0.973056875725221,0.0488689914759162,0.418749990357053,0.0217107782132716
-128.185483048918,-135.144298254547,6.36455868263161,4.1760937455431,6.81304095602036,0.973056875725221,0.0488689914759162,0.418749990357053,0.0217107782132716
-128.201097597886,-135.103046853288,6.3801732315989,6.27937622201302,6.88659213399887,0.973056875725221,0.0488689914759162,0.418749990357053,0.0217107782132716
-128.224029604028,-135.061430646844,6.40310523774132,3.45874201586531,6.83877013540268,0.973056875725221,0.0488689914759162,0.418749990357053,0.0217107782132716
-128.221642948331,-135.017832877537,6.40071858204397,4.34077046847064,6.88693831777573,0.973056875725221,0.0488689914759162,0.418749990357053,0.0217107782132716
-128.216157976009,-134.971925798105,6.39523360972216,1.70963724124359,6.72344611501694,0.973056875725221,0.0488689914759162,0.418749990357053,0.0217107782132716
-128.21760638627,-134.923957153475,6.39668201998286,2.68851711932756,6.745265229702,0.973056875725221,0.0488689914759162,0.418749990357053,0.0217107782132716
-128.225534371394,-134.874441535126,6.40461000510739,0.190996688191783,6.74590991353989,0.973056875725221,0.0488689914759162,0.418749990357053,0.0217107782132716
-128.240351982028,-134.8230428728,6.41942761574124,0.131616431399442,6.69967196798325,0.973056875725221,0.0488689914759162,0.418749990357053,0.0217107782132716
-128.23776874438,-134.769700643254,6.41684437809345,-2.26207373260271,6.72160075521469,0.973056875725221,0.0488689914759162,0.418749990357053,0.0217107782132716
-128.215637512471,-134.71430505123,6.39471314618459,-1.00481397050916,6.67494319295883,0.973056875725221,0.0488689914759162,0.418749990357053,0.0217107782132716
-128.227128926671,-134.65772104538,6.40620456038382,-0.42357215131523,6.65275786733627,0.973056875725221,0.0488689914759162,0.418749990357053,0.0217107782132716
-128.226455452506,-134.598909336392,6.40553108621972,-2.33068599944101,6.58079932546616,0.973056875725221,0.0488689914759162,0.418749990357053,0.0217107782132716
-128.221329009204,-134.538621841927,6.40040464291738,-5.36314231916207,6.65261958456039,0.973056875725221,0.0488689914759162,0.418749990357053,0.0217107782132716
-128.209993332042,-134.477417502034,6.3890689657555,-5.0375556649821,6.4417927107811,0.973056875725221,0.0488689914759162,0.418749990357053,0.0217107782132716
-128.205596258964,-134.41426593639,6.38467189267722,-4.82699113084514,6.53898070669174,0.973056875725221,0.0488689914759162,0.418749990357053,0.0217107782132716
-128.190917641226,-134.349302171682,6.36999327493934,-5.87194949368421,6.51221679067612,0.973056875725221,0.0488689914759162,0.418749990357053,0.0217107782132716
-128.178691468888,-134.283057729578,6.35776710260097,-5.17888304204057,6.56103156423569,0.973056875725221,0.0488689914759162,0.418749990357053,0.0217107782132716
-128.176033694695,-134.215506604829,6.3551093284088,-6.98515859640958,6.4427463850975,0.973056875725221,0.0488689914759162,0.418749990357053,0.0217107782132716
-128.160220357541,-134.146599740341,6.33929599125402,-5.89383638084828,6.41513369894028,0.973056875725221,0.0488689914759162,0.418749990357053,0.0217107782132716
-128.140872124691,-134.076026860556,6.31994775840461,-7.64960816484252,6.39205382680893,0.973056875725221,0.0488689914759162,0.418749990357053,0.0217107782132716
-128.133792316226,-134.004573330805,6.31286794993902,-6.92630219149198,6.46301864004135,0.973056875725221,0.0488689914759162,0.418749990357053,0.0217107782132716
-128.113310519028,-133.93153539889,6.29238615274089,-8.58341875650077,6.440990670681,0.973056875725221,0.0488689914759162,0.418749990357053,0.0217107782132716
-128.110298218951,-133.857717616427,6.28937385266415,-5.50013620094909,6.39656947469711,0.973056875725221,0.0488689914759162,0.418749990357053,0.0217107782132716
-128.097471260436,-133.782038327394,6.27654689414911,-5.42251501058524,6.25554107046127,0.973056875725221,0.0488689914759162,0.418749990357053,0.0217107782132716
-128.062676074201,-133.705440654062,6.24175170791427,-4.9636677573738,6.27490924215317,0.973056875725221,0.0488689914759162,0.418749990357053,0.0217107782132716
-128.056885515006,-133.62860531973,6.23596114871913,-4.67734508344513,6.32491420125961,0.973056875725221,0.0488689914759162,0.418749990357053,0.0217107782132716
-128.04383665493,-133.5500501158,6.22291228864316,-8.78381891231838,6.2758295378685,0.973056875725221,0.0488689914759162,0.418749990357053,0.0217107782132716
-128.032778866597,-133.47054111133,6.21185450031037,-3.09006580231907,6.25290034627914,0.973056875725221,0.0488689914759162,0.418749990357053,0.0217107782132716
-128.02331747297,-133.390187061525,6.2023931066835,-9.22649725069746,6.15614150381088,0.973056875725221,0.0488689914759162,0.418749990357053,0.0217107782132716
-128.02434034338,-133.308632172102,6.20341597709287,-5.04711615379452,6.18183635091782,0.973056875725221,0.0488689914759162,0.418749990357053,0.0217107782132716
-127.995662890434,-133.226921069783,6.17473852414763,-8.4322498244233,6.11273501729965,0.973056875725221,0.0488689914759162,0.418749990357053,0.0217107782132716
-127.981331768611,-133.144151799676,6.16040740232399,-6.83652799939894,6.11265300130844,0.973056875725221,0.0488689914759162,0.418749990357053,0.0217107782132716
-127.973563567039,-133.060058441674,6.15263920075182,-6.72719457932406,6.06394694662094,0.973056875725221,0.0488689914759162,0.418749990357053,0.0217107782132716
-127.971009071068,-132.976232054404,6.15008470478159,-6.09629738269011,6.08658336019516,0.973056875725221,0.0488689914759162,0.418749990357053,0.0217107782132716
-127.969636765456,-132.891518111693,6.14871239916936,-5.33722957454696,5.96901343679428,0.973056875725221,0.0488689914759162,0.418749990357053,0.0217107782132716
-127.945523339484,-132.806137733597,6.12459897319748,-7.66765236090496,5.89750502920151,0.973056875725221,0.0488689914759162,0.418749990357053,0.0217107782132716
-127.933746294875,-132.720101659029,6.112821928588,-6.60493854283523,6.04032157278061,0.973056875725221,0.0488689914759162,0.418749990357053,0.0217107782132716
-127.914153439188,-132.633853967854,6.09322907290094,-7.89087605529124,5.90113471364975,0.973056875725221,0.0488689914759162,0.418749990357053,0.0217107782132716
-127.924841688089,-132.546778880924,6.10391732180196,-4.87878143194225,5.76157019948959,0.973056875725221,0.0488689914759162,0.418749990357053,0.0217107782132716
-127.90571963295,-132.459467099786,6.08479526666372,-7.91873554995587,5.64166758871078,0.973056875725221,0.0488689914759162,0.418749990357053,0.0217107782132716
-127.877501314161,-132.371964737209,6.05657694787412,-8.67330504943256,5.6702968916893,0.973056875725221,0.0488689914759162,0.418749990357053,0.0217107782132716
-127.875873557272,-132.28480894177,6.05494919098509,-9.07409444129242,5.57426665639877,0.973056875725221,0.0488689914759162,0.418749990357053,0.0217107782132716
-127.86401563346,-132.196864390432,6.04309126717303,-9.37329592345261,5.64435599660873,0.973056875725221,0.0488689914759162,0.418749990357053,0.0217107782132716
-127.82969488236,-132.109085253666,6.00877051607299,-9.43045636158454,5.55277846670151,0.973056875725221,0.0488689914759162,0.418749990357053,0.0217107782132716
-127.817128188359,-132.021150196109,5.99620382207236,-8.88655180007407,5.57286952352524,0.973056875725221,0.0488689914759162,0.418749990357053,0.0217107782132716
-127.801411654102,-131.93294689197,5.98048728781495,-12.7436521456859,5.43406890249252,0.973056875725221,0.0488689914759162,0.418749990357053,0.0217107782132716
-127.781135148074,-131.845359030891,5.9602107817871,-9.04292767698985,5.52435611104965,0.973056875725221,0.0488689914759162,0.418749990357053,0.0217107782132716
-127.756678650189,-131.75737326711,5.93575428390206,-10.9685553614258,5.24765704488754,0.973056875725221,0.0488689914759162,0.418749990357053,0.0217107782132716
-127.730634935934,-131.66969472192,5.90971056964698,-12.0293739869614,5.36095832204819,0.973056875725221,0.0488689914759162,0.418749990357053,0.0217107782132716
-127.715229776436,-131.582481949141,5.8943054101489,-10.9912463411975,5.29169677114487,0.973056875725221,0.0488689914759162,0.418749990357053,0.0217107782132716
-127.685500209067,-131.495435043077,5.86457584278025,-12.6732344233082,5.22305129384995,0.973056875725221,0.0488689914759162,0.418749990357053,0.0217107782132716
-127.666107757187,-131.406946930706,5.8451833909007,-11.8813235284579,5.22351859426498,0.973056875725221,0.0488689914759162,0.418749990357053,0.0217107782132716
-127.63526286978,-131.320315002857,5.81433850349297,-14.1925200334194,5.24746821737289,0.973056875725221,0.0488689914759162,0.418749990357053,0.0217107782132716
-127.608021906295,-131.235921086194,5.78709754000792,-12.4844105804639,5.17483733510971,0.973056875725221,0.0488689914759162,0.418749990357053,0.0217107782132716
-127.576213921663,-131.150321597883,5.75528955537641,-12.4167630654565,5.10715030050278,0.973056875725221,0.0488689914759162,0.418749990357053,0.0217107782132716
-127.559264592961,-131.065549628305,5.73834022667383,-12.5869158685189,5.10673545217514,0.973056875725221,0.0488689914759162,0.418749990357053,0.0217107782132716
-127.52335177784,-130.980660619555,5.70242741155333,-15.4882576135751,5.01103137350082,0.973056875725221,0.0488689914759162,0.418749990357053,0.0217107782132716
-127.501877978414,-130.897235655171,5.680953612127,-12.3301332304109,5.00965903615952,0.973056875725221,0.0488689914759162,0.418749990357053,0.0217107782132716
-127.468918717829,-130.814253093431,5.64799435154262,-12.8841015348362,4.91427157735825,0.973056875725221,0.0488689914759162,0.418749990357053,0.0217107782132716
-127.457683898088,-130.732064885852,5.63675953180084,-12.3542565406963,4.79819606161118,0.973056875725221,0.0488689914759162,0.418749990357053,0.0217107782132716
-127.402708901384,-130.650615446465,5.58178453509758,-14.0801842074377,4.79440520620346,0.973056875725221,0.0488689914759162,0.418749990357053,0.0217107782132716
-127.397567017968,-130.569948731866,5.57664265168131,-13.0562069892139,4.77320407247543,0.973056875725221,0.0488689914759162,0.418749990357053,0.0217107782132716
-127.349925545822,-130.490165523669,5.52900117953575,-13.7717601698505,4.72674105978012,0.973056875725221,0.0488689914759162,0.418749990357053,0.0217107782132716
-127.33567284299,-130.411839623749,5.51474847670347,-12.9924401018571,4.74646495199203,0.973056875725221,0.0488689914759162,0.418749990357053,0.0217107782132716
-127.309966232137,-130.333952127884,5.48904186585039,-14.6890821793394,4.56419394826889,0.973056875725221,0.0488689914759162,0.418749990357053,0.0217107782132716
-127.290739741419,-130.256656718163,5.469815375132,-12.4320748561532,4.63160250997543,0.973056875725221,0.0488689914759162,0.418749990357053,0.0217107782132716
-127.270041153033,-130.181480157543,5.44911678674645,-13.248154486124,4.58459018087387,0.973056875725221,0.0488689914759162,0.418749990357053,0.0217107782132716
-127.249431531187,-130.107166419128,5.42850716490015,-13.1062662964204,4.56270812368393,0.973056875725221,0.0488689914759162,0.418749990357053,0.0217107782132716
-127.224027838441,-130.034052680767,5.40310347215436,-11.905083873174,4.4951259932518,0.973056875725221,0.0488689914759162,0.418749990357053,0.0217107782132716
-127.209511667481,-129.962202018882,5.38858730119471,-13.1530036772728,4.4682295165062,0.973056875725221,0.0488689914759162,0.418749990357053,0.0217107782132716
-127.170306657062,-129.89153362022,5.34938229077561,-13.3437658089609,4.32953856801987,0.973056875725221,0.0488689914759162,0.418749990357053,0.0217107782132716
-127.141878358407,-129.822253708422,5.32095399212071,-12.0417244957648,4.42118857717514,0.973056875725221,0.0488689914759162,0.418749990357053,0.0217107782132716
-127.111648435489,-129.754250801413,5.29072406920228,-15.4751672082183,4.28288577413559,0.973056875725221,0.0488689914759162,0.418749990357053,0.0217107782132716
-127.088217845838,-129.687268675144,5.26729347955141,-13.8371653309246,4.25868247365952,0.973056875725221,0.0488689914759162,0.418749990357053,0.0217107782132716
-127.063678263397,-129.622610990639,5.24275389711074,-15.5268202702625,4.23363517141342,0.973056875725221,0.0488689914759162,0.418749990357053,0.0217107782132716
-127.039443839543,-129.558816195079,5.21851947325602,-12.1201759031895,4.18810294485092,0.973056875725221,0.0488689914759162,0.418749990357053,0.0217107782132716
-127.006785167391,-129.497152542013,5.185860801104,-16.0385482090996,4.09569571828842,0.973056875725221,0.0488689914759162,0.418749990357053,0.0217107782132716
-126.971247841614,-129.436883247696,5.15032347532748,-13.3271476802794,4.09426234579086,0.973056875725221,0.0488689914759162,0.418749990357053,0.0217107782132716
-126.960540100869,-129.378095095173,5.13961573458252,-14.2407780709387,4.09241984701157,0.973056875725221,0.0488689914759162,0.418749990357053,0.0217107782132716
-126.924448546595,-129.320850417003,5.10352418030868,-12.729919796014,4.04800341939926,0.973056875725221,0.0488689914759162,0.418749990357053,0.0217107782132716
-126.895709988513,-129.265540986669,5.0747856222261,-16.531183324024,3.95632074689865,0.973056875725221,0.0488689914759162,0.418749990357053,0.0217107782132716
-126.866469742352,-129.211745883509,5.045545376065,-13.6802463464541,3.90246914243698,0.973056875725221,0.0488689914759162,0.418749990357053,0.0217107782132716
-126.831247120877,-129.160025227969,5.01032275459076,-14.3230826872659,3.88382004117966,0.973056875725221,0.0488689914759162,0.418749990357053,0.0217107782132716
-126.801530621752,-129.10989346671,4.98060625546542,-14.5549585527801,3.74290274000168,0.973056875725221,0.0488689914759162,0.418749990357053,0.0217107782132716
-126.765777754402,-129.061601921326,4.94485338811537,-14.7974507971305,3.69758318281174,0.973056875725221,0.0488689914759162,0.418749990357053,0.0217107782132716
-126.744075989839,-129.015240079367,4.92315162355197,-14.4306809322118,3.71970842695236,0.973056875725221,0.0488689914759162,0.418749990357053,0.0217107782132716
-126.710486171387,-128.970771986609,4.88956180510003,-15.6682481984802,3.77010200834274,0.973056875725221,0.0488689914759162,0.418749990357053,0.0217107782132716
-126.681191512175,-128.928215058825,4.86026714588864,-14.9777362951269,3.62170980787277,0.973056875725221,0.0488689914759162,0.418749990357053,0.0217107782132716
-126.639596185859,-128.887516414701,4.81867181957249,-16.1312808682549,3.6253180346489,0.973056875725221,0.0488689914759162,0.418749990357053,0.0217107782132716
-126.612105543277,-128.848647080107,4.79118117699015,-15.1313836124434,3.62609527921677,0.973056875725221,0.0488689914759162,0.418749990357053,0.0217107782132716
-126.581424931859,-128.812033710737,4.76050056557226,-13.4086228182738,3.67336700773239,0.973056875725221,0.0488689914759162,0.418749990357053,0.0217107782132716
-126.553485546947,-128.777450618535,4.73256118066015,-13.9676008770101,3.46565864896774,0.973056875725221,0.0488689914759162,0.418749990357053,0.0217107782132716
-126.514302937045,-128.744852635845,4.69337857075855,-15.6456580260969,3.50894497251511,0.973056875725221,0.0488689914759162,0.418749990357053,0.0217107782132716
-126.513651640743,-128.714213580044,4.69272727445627,-13.1360508163598,3.51331184720993,0.973056875725221,0.0488689914759162,0.418749990357053,0.0217107782132716
-126.475163163247,-128.685809761908,4.65423879696034,-15.4733509533816,3.46339081144333,0.973056875725221,0.0488689914759162,0.418749990357053,0.0217107782132716
-126.441952272316,-128.659141223773,4.62102790602956,-13.1042445033059,3.48846433973312,0.973056875725221,0.0488689914759162,0.418749990357053,0.0217107782132716
-126.425759519521,-128.635165112788,4.60483515323387,-15.1270480145598,3.4169063410759,0.973056875725221,0.0488689914759162,0.418749990357053,0.0217107782132716
-126.393920853268,-128.61301965931,4.57299648698167,-14.3682038817551,3.34718798017502,0.973056875725221,0.0488689914759162,0.418749990357053,0.0217107782132716
-126.366250923355,-128.592731844359,4.54532655706782,-12.8354003342908,3.36801288938522,0.973056875725221,0.0488689914759162,0.418749990357053,0.0217107782132716
-126.348377128462,-128.575238249145,4.52745276217545,-14.001016838898,3.25200889921188,0.973056875725221,0.0488689914759162,0.418749990357053,0.0217107782132716
-126.318103766698,-128.559600260409,4.49717940041128,-14.0480674550093,3.22906015729904,0.973056875725221,0.0488689914759162,0.418749990357053,0.0217107782132716
-126.30122287771,-128.546023422553,4.48029851142315,-12.4896233312513,3.34499452924728,0.973056875725221,0.0488689914759162,0.418749990357053,0.0217107782132716
-126.260833706104,-128.534575547838,4.43990933981706,-13.5596097791705,3.35058592176437,0.973056875725221,0.0488689914759162,0.418749990357053,0.0217107782132716
-126.248758453609,-128.525771119034,4.42783408732259,-12.257807851062,3.27774093961716,0.973056875725221,0.0488689914759162,0.418749990357053,0.0217107782132716
-126.219340659108,-128.518923166639,4.39841629282159,-11.6550337486223,3.3241648516655,0.973056875725221,0.0488689914759162,0.418749990357053,0.0217107782132716
-126.196928161401,-128.514275410819,4.37600379511424,-13.1677163612739,3.18594692564011,0.973056875725221,0.0488689914759162,0.418749990357053,0.0217107782132716
-126.179807652523,-128.511809668787,4.35888328623604,-11.3306271689289,3.18333052015305,0.973056875725221,0.0488689914759162,0.418749990357053,0.0217107782132716
-126.156405855128,-128.511561525215,4.3354814888408,-11.3026113761721,3.23001335477829,0.973056875725221,0.0488689914759162,0.418749990357053,0.0217107782132716
-126.119218507166,-128.513517783312,4.29829414087959,-9.76684907106532,3.18063114500046,0.973056875725221,0.0488689914759162,0.418749990357053,0.0217107782132716
-126.100421960912,-128.517689035952,4.2794975946257,-11.326999523381,3.16127060270309,0.973056875725221,0.0488689914759162,0.418749990357053,0.0217107782132716
-126.083958202948,-128.524060345999,4.26303383666093,-9.61765172374567,3.16246364927292,0.973056875725221,0.0488689914759162,0.418749990357053,0.0217107782132716
-126.053942226869,-128.532673979666,4.23301786058214,-10.949355547207,3.16093777036667,0.973056875725221,0.0488689914759162,0.418749990357053,0.0217107782132716
-126.037339458113,-128.543477765801,4.21641509182588,-9.06914990840347,3.15697668409348,0.973056875725221,0.0488689914759162,0.418749990357053,0.0217107782132716
-126.015126053551,-128.556511890562,4.19420168726406,-9.66983014345147,3.18068264341354,0.973056875725221,0.0488689914759162,0.418749990357053,0.0217107782132716
-125.989626301698,-128.571554326769,4.16870193541161,-8.65752275606175,3.13581894254684,0.973056875725221,0.0488689914759162,0.418749990357053,0.0217107782132716
-125.981685938645,-128.588937919008,4.16076157235798,-9.24140690111427,3.08923290586472,0.973056875725221,0.0488689914759162,0.418749990357053,0.0217107782132716
-125.977986998575,-128.60847772831,4.15706263228863,-7.63800479900903,3.11258266782761,0.973056875725221,0.0488689914759162,0.418749990357053,0.0217107782132716
-125.948151300709,-128.629998138845,4.12722693442211,-7.80693918148989,3.09409712171555,0.973056875725221,0.0488689914759162,0.418749990357053,0.0217107782132716
-125.945159237697,-128.653837850039,4.1242348714102,-7.23292504305763,3.09505413389206,0.973056875725221,0.0488689914759162,0.418749990357053,0.0217107782132716
-125.927714082393,-128.679713715668,4.10678971610676,-6.91580352622098,3.160881503582,0.973056875725221,0.0488689914759162,0.418749990357053,0.0217107782132716
-125.908836102336,-128.707701017921,4.08791173604925,-6.27850782113164,3.13720320081711,0.973056875725221,0.0488689914759162,0.418749990357053,0.0217107782132716
-125.900978272911,-128.737743532381,4.0800539066245,-4.60187722334577,3.15933559751511,0.973056875725221,0.0488689914759162,0.418749990357053,0.0217107782132716
-125.901432440782,-128.769887587809,4.08050807449536,-6.21352989858834,3.11247156476974,0.973056875725221,0.0488689914759162,0.418749990357053,0.0217107782132716
-125.878815296759,-128.804451983616,4.05789093047226,-5.93420092925399,3.13600872373581,0.973056875725221,0.0488689914759162,0.418749990357053,0.0217107782132716
-125.877264278023,-128.840271790212,4.05633991173607,-5.97271580229993,3.20663641309738,0.973056875725221,0.0488689914759162,0.418749990357053,0.0217107782132716
-125.857490280076,-128.878535238821,4.03656591378926,-4.3697945627824,3.13522384977341,0.973056875725221,0.0488689914759162,0.418749990357053,0.0217107782132716
-125.863759328407,-128.919149758918,4.04283496212057,-3.06909289642947,3.13871954298019,0.973056875725221,0.0488689914759162,0.418749990357053,0.0217107782132716
-125.839388240206,-128.960969473079,4.01846387391888,-5.22583195054035,3.0876507601738,0.973056875725221,0.0488689914759162,0.418749990357053,0.0217107782132716
-125.842595856673,-129.00503838259,4.0216714903861,-3.15746239745583,3.20675609922409,0.973056875725221,0.0488689914759162,0.418749990357053,0.0217107782132716
-125.828171581495,-129.051077263796,4.0072472152082,-4.56140680653214,3.13815353727341,0.973056875725221,0.0488689914759162,0.418749990357053,0.0217107782132716
-125.840059475336,-129.099013398915,4.01913510904911,-2.4268293691691,3.23196218824387,0.973056875725221,0.0488689914759162,0.418749990357053,0.0217107782132716
-125.83030967034,-129.148638072989,4.00938530405362,-3.32736210789189,3.13835953092575,0.973056875725221,0.0488689914759162,0.418749990357053,0.0217107782132716
-125.829845923895,-129.200302870116,4.0089215576081,-0.522292700037777,3.23184393262863,0.973056875725221,0.0488689914759162,0.418749990357053,0.0217107782132716
-125.815667354523,-129.253282651583,3.99474298823602,-0.337421415224101,3.39492271757126,0.973056875725221,0.0488689914759162,0.418749990357053,0.0217107782132716
-125.804641994856,-129.30843774528,3.98371762856903,-0.343806811372216,3.3684215388298,0.973056875725221,0.0488689914759162,0.418749990357053,0.0217107782132716
-125.804823696288,-129.364992693565,3.98389933000082,1.53756335882146,3.37020490980148,0.973056875725221,0.0488689914759162,0.418749990357053,0.0217107782132716
-125.819508265674,-129.423216037991,3.99858389938734,1.99646511214865,3.29698274946213,0.973056875725221,0.0488689914759162,0.418749990357053,0.0217107782132716
-125.81203362886,-129.483398134282,3.99110926257337,1.0511490415168,3.36834762907028,0.973056875725221,0.0488689914759162,0.418749990357053,0.0217107782132716
-125.823039797603,-129.545281854433,4.00211543131596,3.56828993195472,3.41768406248093,0.973056875725221,0.0488689914759162,0.418749990357053,0.0217107782132716
-125.813442789558,-129.60832430159,3.99251842327084,2.40245207945746,3.34480331754684,0.973056875725221,0.0488689914759162,0.418749990357053,0.0217107782132716
-125.81486626359,-129.673205197967,3.99394189730287,5.2019999799025,3.39486263608933,0.973056875725221,0.0488689914759162,0.418749990357053,0.0217107782132716
-125.823052499086,-129.739507026723,4.00212813279893,5.43826528747259,3.2984490237236,0.973056875725221,0.0488689914759162,0.418749990357053,0.0217107782132716
-125.83532109351,-129.807093995604,4.01439672722356,6.55996296991344,3.41750715589523,0.973056875725221,0.0488689914759162,0.418749990357053,0.0217107782132716
-125.860339137303,-129.875988636772,4.03941477101669,6.35831646341551,3.505692466259,0.973056875725221,0.0488689914759162,0.418749990357053,0.0217107782132716
-125.870160830355,-129.946134227856,4.04923646406805,6.07536656889323,3.53558300352097,0.973056875725221,0.0488689914759162,0.418749990357053,0.0217107782132716
-125.888233529842,-130.018102086318,4.06730916355566,7.24801559202182,3.46373937940598,0.973056875725221,0.0488689914759162,0.418749990357053,0.0217107782132716
-125.902299106405,-130.091102884322,4.0813747401186,8.54372320729817,3.60538385725021,0.973056875725221,0.0488689914759162,0.418749990357053,0.0217107782132716
-125.915710104524,-130.165033932843,4.09478573823735,6.92058763640179,3.62508343076706,0.973056875725221,0.0488689914759162,0.418749990357053,0.0217107782132716
-125.92593833258,-130.240911536899,4.10501396629323,6.94426056145416,3.67577074384689,0.973056875725221,0.0488689914759162,0.418749990357053,0.0217107782132716
-125.942449973471,-130.316970056059,4.12152560718407,6.87866272185746,3.62592981672287,0.973056875725221,0.0488689914759162,0.418749990357053,0.0217107782132716
-125.95614378285,-130.394386068044,4.13521941656339,6.95931993289675,3.79333494520187,0.973056875725221,0.0488689914759162,0.418749990357053,0.0217107782132716
-125.976284127836,-130.473640801045,4.15535976154921,8.70723196214991,3.67363117551804,0.973056875725221,0.0488689914759162,0.418749990357053,0.0217107782132716
-126.003524877833,-130.554905232578,4.18260051154631,7.90615282551268,3.62837742185593,0.973056875725221,0.0488689914759162,0.418749990357053,0.0217107782132716
-126.01037387351,-130.634054905668,4.18944950722369,6.62077220886902,3.72079704618454,0.973056875725221,0.0488689914759162,0.418749990357053,0.0217107782132716
-126.023715080528,-130.71433922935,4.20279071424121,5.9893385657272,3.72074125623703,0.973056875725221,0.0488689914759162,0.418749990357053,0.0217107782132716
-126.043678285543,-130.796111028871,4.22275391925583,8.16240373054211,3.79192732191086,0.973056875725221,0.0488689914759162,0.418749990357053,0.0217107782132716
-126.056021543005,-130.878574839265,4.23509717671838,9.8790327019516,3.84087084150314,0.973056875725221,0.0488689914759162,0.418749990357053,0.0217107782132716
-126.071299806346,-130.96237749545,4.2503754400591,8.14601705791032,3.90803716993332,0.973056875725221,0.0488689914759162,0.418749990357053,0.0217107782132716
-126.076184329981,-131.046574116913,4.25525996369402,8.08003834129566,3.93361376142502,0.973056875725221,0.0488689914759162,0.418749990357053,0.0217107782132716
-126.100561359948,-131.131531713279,4.27963699366099,8.63960323068144,3.91060493803024,0.973056875725221,0.0488689914759162,0.418749990357053,0.0217107782132716
-126.111061804378,-131.217608131138,4.29013743809145,8.9337597983668,3.95943592405319,0.973056875725221,0.0488689914759162,0.418749990357053,0.0217107782132716
-126.124896428724,-131.303238697014,4.3039720624371,8.77243196083382,4.00087068891525,0.973056875725221,0.0488689914759162,0.418749990357053,0.0217107782132716
-126.141512544605,-131.389870859072,4.32058817831799,6.81806518735451,4.10087703084946,0.973056875725221,0.0488689914759162,0.418749990357053,0.0217107782132716
-126.147636488728,-131.47561306536,4.32671212244129,6.89354027306113,4.00532434797287,0.973056875725221,0.0488689914759162,0.418749990357053,0.0217107782132716
-126.168272376752,-131.563141793864,4.34734801046546,9.19093756979902,4.07487319326401,0.973056875725221,0.0488689914759162,0.418749990357053,0.0217107782132716
-126.192666177889,-131.650664468167,4.3717418116021,7.66970168504631,4.26362727499008,0.973056875725221,0.0488689914759162,0.418749990357053,0.0217107782132716
-126.192779973921,-131.737778067089,4.3718556076342,8.86635503940487,4.28205417013168,0.973056875725221,0.0488689914759162,0.418749990357053,0.0217107782132716
-126.213043842737,-131.826402918551,4.39211947644982,7.8457416003009,4.23766730642319,0.973056875725221,0.0488689914759162,0.418749990357053,0.0217107782132716
-126.231266731989,-131.914465552059,4.4103423657024,9.64889133297872,4.35058520650864,0.973056875725221,0.0488689914759162,0.418749990357053,0.0217107782132716
-126.236018497538,-132.001320824517,4.41509413125121,10.8618074838609,4.3789264998436,0.973056875725221,0.0488689914759162,0.418749990357053,0.0217107782132716
-126.264435597994,-132.089492757929,4.44351123170775,9.91929815413265,4.42280696249008,0.973056875725221,0.0488689914759162,0.418749990357053,0.0217107782132716
-126.27483559378,-132.177018083723,4.45391122749378,9.93859157435426,4.39910815572739,0.973056875725221,0.0488689914759162,0.418749990357053,0.0217107782132716
-126.302920971541,-132.26516136006,4.4819966052542,11.454516794937,4.44553778982162,0.973056875725221,0.0488689914759162,0.418749990357053,0.0217107782132716
-126.334672984129,-132.352923955318,4.51374861784262,12.5324905117663,4.54100535726547,0.973056875725221,0.0488689914759162,0.418749990357053,0.0217107782132716
-126.348770993844,-132.440439027908,4.5278466275577,11.9732594415147,4.63222335195541,0.973056875725221,0.0488689914759162,0.418749990357053,0.0217107782132716
-126.380940974213,-132.52737141997,4.56001660792674,12.5178837928225,4.70346091604233,0.973056875725221,0.0488689914759162,0.418749990357053,0.0217107782132716
-126.416502076309,-132.614351451568,4.59557771002225,10.9927082520848,4.67992518758774,0.973056875725221,0.0488689914759162,0.418749990357053,0.0217107782132716
-126.432639087793,-132.700743722343,4.61171472150648,13.1967582626645,4.75233004903793,0.973056875725221,0.0488689914759162,0.418749990357053,0.0217107782132716
-126.467866001325,-132.787151093056,4.64694163503815,13.9999970681059,4.88996337270737,0.973056875725221,0.0488689914759162,0.418749990357053,0.0217107782132716
-126.48975120276,-132.872017110393,4.66882683647318,14.2817999496876,4.84071181631088,0.973056875725221,0.0488689914759162,0.418749990357053,0.0217107782132716
-126.521335777013,-132.956963770958,4.70041141072605,14.6710195796211,4.91429446554184,0.973056875725221,0.0488689914759162,0.418749990357053,0.0217107782132716
-126.563709331693,-133.041844854305,4.74278496540623,14.4908634480967,5.00514434194565,0.973056875725221,0.0488689914759162,0.418749990357053,0.0217107782132716
-126.593104150744,-133.125252269838,4.77217978445726,15.4871238041188,4.94016860342026,0.973056875725221,0.0488689914759162,0.418749990357053,0.0217107782132716
-126.620790080281,-133.208267089603,4.79986571399413,15.8534762693921,5.00805686330795,0.973056875725221,0.0488689914759162,0.418749990357053,0.0217107782132716
-126.641832642563,-133.290682402561,4.82090827627638,16.72342250273,5.07729457235336,0.973056875725221,0.0488689914759162,0.418749990357053,0.0217107782132716
-126.691011440249,-133.372035725767,4.87008707396225,16.4572796036711,5.17167590475082,0.973056875725221,0.0488689914759162,0.418749990357053,0.0217107782132716
-126.709080830613,-133.452847359556,4.88815646432592,17.0560301719652,5.22154353475571,0.973056875725221,0.0488689914759162,0.418749990357053,0.0217107782132716
-126.741802258659,-133.532470019063,4.92087789237214,15.1518870700354,5.26482795095444,0.973056875725221,0.0488689914759162,0.418749990357053,0.0217107782132716
-126.774215468467,-133.612262111525,4.95329110217982,15.3182867556256,5.31562541341782,0.973056875725221,0.0488689914759162,0.418749990357053,0.0217107782132716
-126.811776131947,-133.688715114564,4.99085176566,16.3599298835991,5.33914874410629,0.973056875725221,0.0488689914759162,0.418749990357053,0.0217107782132716
-126.835556391428,-133.765712920325,5.01463202514138,14.1471177889955,5.40654490804672,0.973056875725221,0.0488689914759162,0.418749990357053,0.0217107782132716
-126.878131087662,-133.841280178555,5.05720672137489,16.605448358402,5.48113559103012,0.973056875725221,0.0488689914759162,0.418749990357053,0.0217107782132716
-126.90810918292,-133.915568083335,5.08718481663334,14.7114687562706,5.4778444609642,0.973056875725221,0.0488689914759162,0.418749990357053,0.0217107782132716
-126.933616207084,-133.988743410654,5.11269184079774,15.0830390650838,5.4819366774559,0.973056875725221,0.0488689914759162,0.418749990357053,0.0217107782132716
-126.965324674853,-134.06049205937,5.14440030856667,15.8961616523852,5.47980807638168,0.973056875725221,0.0488689914759162,0.418749990357053,0.0217107782132716
-127.005761161879,-134.131262471202,5.18483679559209,14.7106334525937,5.59701274251938,0.973056875725221,0.0488689914759162,0.418749990357053,0.0217107782132716
-127.024746313878,-134.200386924532,5.20382194759122,15.2672908937197,5.74071048116684,0.973056875725221,0.0488689914759162,0.418749990357053,0.0217107782132716
-127.046159915606,-134.268417059243,5.22523554931978,15.8703855742054,5.66430304861069,0.973056875725221,0.0488689914759162,0.418749990357053,0.0217107782132716
-127.08591178279,-134.335354919642,5.26498741650369,13.984470874467,5.80635569906235,0.973056875725221,0.0488689914759162,0.418749990357053,0.0217107782132716
-127.103085065043,-134.400154444185,5.28216069875662,15.6507678070492,5.66791175222397,0.973056875725221,0.0488689914759162,0.418749990357053,0.0217107782132716
-127.135030517117,-134.463523511191,5.31410615083014,14.5540085657904,5.83247969961166,0.973056875725221,0.0488689914759162,0.418749990357053,0.0217107782132716
-127.156738121741,-134.525767561039,5.33581375545458,14.4332095398966,5.9503900847435,0.973056875725221,0.0488689914759162,0.418749990357053,0.0217107782132716
-127.187587715412,-134.587063355426,5.36666334912508,15.5975757032447,6.04292796468735,0.973056875725221,0.0488689914759162,0.418749990357053,0.0217107782132716
-127.218476758732,-134.645391643851,5.39755239244505,13.888910308174,5.92744754171371,0.973056875725221,0.0488689914759162,0.418749990357053,0.0217107782132716
-127.248568613401,-134.701999327402,5.42764424711448,15.4167062818066,5.99609778738022,0.973056875725221,0.0488689914759162,0.418749990357053,0.0217107782132716
-127.273437555977,-134.757424158484,5.45251318969023,13.1301448495741,6.01874087667465,0.973056875725221,0.0488689914759162,0.418749990357053,0.0217107782132716
-127.307860227497,-134.811100551968,5.48693586121005,15.1310986119864,6.13966010427475,0.973056875725221,0.0488689914759162,0.418749990357053,0.0217107782132716
-127.331352930341,-134.862904641209,5.5104285640544,14.5526018293347,6.09040568685532,0.973056875725221,0.0488689914759162,0.418749990357053,0.0217107782132716
-127.361655008942,-134.912961267115,5.54073064265556,14.9802755739192,6.16279624319077,0.973056875725221,0.0488689914759162,0.418749990357053,0.0217107782132716
-127.394719767723,-134.961092574328,5.57379540143615,12.9628319981107,6.20614360189438,0.973056875725221,0.0488689914759162,0.418749990357053,0.0217107782132716
-127.420661185651,-135.007512648583,5.59973681936415,15.3681849306227,6.18457816457748,0.973056875725221,0.0488689914759162,0.418749990357053,0.0217107782132716
-127.43920212717,-135.052060457192,5.61827776088328,12.5084173160676,6.30313704824448,0.973056875725221,0.0488689914759162,0.418749990357053,0.0217107782132716
-127.470362540604,-135.094918449784,5.64943817431759,14.3044751225442,6.20875953054428,0.973056875725221,0.0488689914759162,0.418749990357053,0.0217107782132716
-127.507529516205,-135.135965085653,5.68660514991828,13.6549046488059,6.3496353468895,0.973056875725221,0.0488689914759162,0.418749990357053,0.0217107782132716
-127.536015107947,-135.174306182202,5.71509074166066,14.6481681272055,6.30380271291733,0.973056875725221,0.0488689914759162,0.418749990357053,0.0217107782132716
-127.546807239659,-135.210826156536,5.72588287337258,12.8756293639381,6.44569037771225,0.973056875725221,0.0488689914759162,0.418749990357053,0.0217107782132716
-127.56558719417,-135.24576237911,5.74466282788311,11.257398263094,6.32918666219711,0.973056875725221,0.0488689914759162,0.418749990357053,0.0217107782132716
-127.592491837205,-135.278158047382,5.77156747091789,13.2862647556376,6.46819709157944,0.973056875725221,0.0488689914759162,0.418749990357053,0.0217107782132716
-127.641058447689,-135.308698581045,5.82013408140189,14.405726928876,6.42025206899643,0.973056875725221,0.0488689914759162,0.418749990357053,0.0217107782132716
-127.655668447001,-135.337126866621,5.83474408071447,10.7048496779436,6.51102755880356,0.973056875725221,0.0488689914759162,0.418749990357053,0.0217107782132716
-127.678869627037,-135.363525214776,5.85794526075012,12.0401658361783,6.56047366476059,0.973056875725221,0.0488689914759162,0.418749990357053,0.0217107782132716
-127.706656344116,-135.387661380084,5.88573197782921,11.5601749223496,6.58382724142075,0.973056875725221,0.0488689914759162,0.418749990357053,0.0217107782132716
-127.727293470258,-135.409946940527,5.90636910397141,12.6392684851101,6.67862151479721,0.973056875725221,0.0488689914759162,0.418749990357053,0.0217107782132716
-127.75220527016,-135.429760557047,5.93128090387327,9.7003266467073,6.58180545186996,0.973056875725221,0.0488689914759162,0.418749990357053,0.0217107782132716
-127.763446032139,-135.447643542234,5.94252166585227,12.3407277824788,6.65430091238022,0.973056875725221,0.0488689914759162,0.418749990357053,0.0217107782132716
-127.792722789979,-135.46317328209,5.97179842369255,10.1266023774449,6.74988864278793,0.973056875725221,0.0488689914759162,0.418749990357053,0.0217107782132716
-127.810629968481,-135.476654860392,5.98970560219425,11.8104772102749,6.67540095663071,0.973056875725221,0.0488689914759162,0.418749990357053,0.0217107782132716
-127.817332054501,-135.487889259055,5.99640768821383,10.17653290532,6.72602008199692,0.973056875725221,0.0488689914759162,0.418749990357053,0.0217107782132716
-127.838905679132,-135.497002178918,6.01798131284567,10.613831249706,6.69816325521469,0.973056875725221,0.0488689914759162,0.418749990357053,0.0217107782132716
-127.867655071989,-135.503870175485,6.04673070570264,10.3832390976402,6.72120784139633,0.973056875725221,0.0488689914759162,0.418749990357053,0.0217107782132716
-127.882311639949,-135.508528327601,6.06138727366215,8.81819666330971,6.72340224599838,0.973056875725221,0.0488689914759162,0.418749990357053,0.0217107782132716
-127.901943682002,-135.510986904949,6.08101931571528,9.90438934648134,6.74514697408676,0.973056875725221,0.0488689914759162,0.418749990357053,0.0217107782132716
-127.918153274481,-135.511229665195,6.09722890819439,8.09660213377045,6.76886962270737,0.973056875725221,0.0488689914759162,0.418749990357053,0.0217107782132716
-127.936024367267,-135.50926734697,6.11510000098078,10.4098224933995,6.72293685293198,0.973056875725221,0.0488689914759162,0.418749990357053,0.0217107782132716
-127.962994095254,-135.50508692936,6.14206972896778,8.67506290683518,6.79340575551987,0.973056875725221,0.0488689914759162,0.418749990357053,0.0217107782132716
-127.973232677332,-135.498716132037,6.15230831104524,9.82390210420473,6.79200003957748,0.973056875725221,0.0488689914759162,0.418749990357053,0.0217107782132716
-127.982428186236,-135.49012326621,6.16150381994895,8.93824893855886,6.88545821523666,0.973056875725221,0.0488689914759162,0.418749990357053,0.0217107782132716
-127.991996760794,-135.479400430309,6.17107239450726,7.90559825427477,6.92918227529526,0.973056875725221,0.0488689914759162,0.418749990357053,0.0217107782132716
-128.019805497866,-135.466374779732,6.19888113157915,8.89074032632624,6.85975192403793,0.973056875725221,0.0488689914759162,0.418749990357053,0.0217107782132716
-128.041281994704,-135.451214660127,6.22035762841686,7.77593108952808,6.81685469961166,0.973056875725221,0.0488689914759162,0.418749990357053,0.0217107782132716
-128.040959873558,-135.433763757228,6.22003550727177,7.32269588581048,6.90881560659409,0.973056875725221,0.0488689914759162,0.418749990357053,0.0217107782132716
-128.060684167958,-135.414394379707,6.23975980167094,7.77842955179379,6.86361621236801,0.973056875725221,0.0488689914759162,0.418749990357053,0.0217107782132716
-128.094324116768,-135.392730277033,6.2733997504815,6.67126315512043,6.9528314909935,0.973056875725221,0.0488689914759162,0.418749990357053,0.0217107782132716
-128.107232391729,-135.36857304604,6.28630802544258,9.53577750434257,6.9321377120018,0.973056875725221,0.0488689914759162,0.418749990357053,0.0217107782132716
-128.110991283579,-135.342600127714,6.29006691729261,6.6343341702824,6.95405982351303,0.973056875725221,0.0488689914759162,0.418749990357053,0.0217107782132716
-128.121148283413,-135.314700159356,6.30022391712595,6.85652382789074,6.86177943563461,0.973056875725221,0.0488689914759162,0.418749990357053,0.0217107782132716
-128.13953838735,-135.284655445061,6.31861402106323,6.91625234331508,6.95340369558334,0.973056875725221,0.0488689914759162,0.418749990357053,0.0217107782132716
-128.153757973339,-135.252429731689,6.33283360705186,6.39324962449441,6.86245654439926,0.973056875725221,0.0488689914759162,0.418749990357053,0.0217107782132716
-128.164926975372,-135.218541492763,6.34400260908524,5.72964897207525,6.88173507070541,0.973056875725221,0.0488689914759162,0.418749990357053,0.0217107782132716
-128.169118741953,-135.181942709978,6.34819437566675,4.3712003327446,6.93203757619858,0.973056875725221,0.0488689914759162,0.418749990357053,0.0217107782132716
-128.185317718157,-135.144349679284,6.36439335187036,4.99695237703713,6.86587165212631,0.973056875725221,0.0488689914759162,0.418749990357053,0.0217107782132716
-128.200048390248,-135.104127582164,6.37912402396182,5.84447623117428,6.77171920156479,0.973056875725221,0.0488689914759162,0.418749990357053,0.0217107782132716
-128.208080412384,-135.061178580464,6.38715604609733,4.13736738703115,6.86545298910141,0.973056875725221,0.0488689914759162,0.418749990357053,0.0217107782132716
-128.204860009673,-135.016790782921,6.38393564338607,2.67084405711036,6.79026244497299,0.973056875725221,0.0488689914759162,0.418749990357053,0.0217107782132716
-128.222274528691,-134.971825114308,6.4013501624044,4.70309875545823,6.81869815206528,0.973056875725221,0.0488689914759162,0.418749990357053,0.0217107782132716
-128.222039019289,-134.924015301903,6.4011146530028,1.50204014107695,6.84062789297104,0.973056875725221,0.0488689914759162,0.418749990357053,0.0217107782132716
-128.222644270008,-134.874302800007,6.40171990372168,0.300551048459695,6.74831794118881,0.973056875725221,0.0488689914759162,0.418749990357053,0.0217107782132716
-128.226388091265,-134.8230428728,6.40546372497841,-0.69933299624762,6.60868380880356,0.973056875725221,0.0488689914759162,0.418749990357053,0.0217107782132716
-128.239120391068,-134.769771645999,6.4181960247808,-0.771385819505826,6.61067698812485,0.973056875725221,0.0488689914759162,0.418749990357053,0.0217107782132716
-128.236049484183,-134.714664761752,6.41512511789624,-0.314429851032779,6.79631923055649,0.973056875725221,0.0488689914759162,0.418749990357053,0.0217107782132716
-128.231232687094,-134.65800240222,6.41030832080738,-0.0347798472778118,6.74793551778793,0.973056875725221,0.0488689914759162,0.418749990357053,0.0217107782132716
-128.217059194945,-134.599608289548,6.39613482865808,-1.4221866983655,6.65171073293686,0.973056875725221,0.0488689914759162,0.418749990357053,0.0217107782132716
-128.22468905918,-134.539289171598,6.40376469289336,-5.69503462882944,6.60378478384018,0.973056875725221,0.0488689914759162,0.418749990357053,0.0217107782132716
-128.216021873979,-134.477849059863,6.39509750769274,-4.9301663691193,6.60334132528305,0.973056875725221,0.0488689914759162,0.418749990357053,0.0217107782132716
-128.198179880703,-134.414182065665,6.37725551441665,-3.26989439247657,6.5360309920311,0.973056875725221,0.0488689914759162,0.418749990357053,0.0217107782132716
-128.200622768647,-134.349918596862,6.37969840235988,-7.17957982585706,6.48794196462631,0.973056875725221,0.0488689914759162,0.418749990357053,0.0217107782132716
-128.182284151653,-134.283815487588,6.36135978536606,-6.20763555509393,6.51085589742661,0.973056875725221,0.0488689914759162,0.418749990357053,0.0217107782132716
-128.1758932062,-134.216174485321,6.35496883991329,-5.66227747742355,6.46398375844955,0.973056875725221,0.0488689914759162,0.418749990357053,0.0217107782132716
-128.152606339615,-134.147164695236,6.3316819733282,-6.55957336819474,6.41948817586899,0.973056875725221,0.0488689914759162,0.418749990357053,0.0217107782132716
-128.153194139675,-134.076695727464,6.33226977338852,-7.79529175066987,6.44213412618637,0.973056875725221,0.0488689914759162,0.418749990357053,0.0217107782132716
-128.144627043917,-134.005133574673,6.32370267763005,-7.40308422232975,6.3023130736351,0.973056875725221,0.0488689914759162,0.418749990357053,0.0217107782132716
-128.115530543294,-133.932245491848,6.29460617700739,-6.28364265905848,6.3718292555809,0.973056875725221,0.0488689914759162,0.418749990357053,0.0217107782132716
-128.098772234996,-133.85826100237,6.27784786870922,-5.26097133247514,6.3211347899437,0.973056875725221,0.0488689914759162,0.418749990357053,0.0217107782132716
-128.086239086107,-133.78279807886,6.26531471982072,-4.38171554959305,6.29889129018784,0.973056875725221,0.0488689914759162,0.418749990357053,0.0217107782132716
-128.065111488808,-133.706523323798,6.24418712252164,-7.01982906442431,6.2016050658226,0.973056875725221,0.0488689914759162,0.418749990357053,0.0217107782132716
-128.068981780026,-133.62881920839,6.24805741373904,-6.81489963776106,6.300853951931,0.973056875725221,0.0488689914759162,0.418749990357053,0.0217107782132716
-128.054716679638,-133.550483354903,6.23379231335161,-6.24773192961013,6.32386515951157,0.973056875725221,0.0488689914759162,0.418749990357053,0.0217107782132716
-128.038886809186,-133.470893766489,6.21796244289896,-5.41469720266072,6.24866698598862,0.973056875725221,0.0488689914759162,0.418749990357053,0.0217107782132716
-128.02437103643,-133.390370185925,6.20344667014355,-6.43700099226943,6.1114647231102,0.973056875725221,0.0488689914759162,0.418749990357053,0.0217107782132716
-128.015871764451,-133.309255466095,6.19494739816467,-7.11120213423533,6.15714190816879,0.973056875725221,0.0488689914759162,0.418749990357053,0.0217107782132716
-127.995486996811,-133.227176737192,6.17456263052435,-6.71370938032397,6.0892889342308,0.973056875725221,0.0488689914759162,0.418749990357053,0.0217107782132716
-128.000771252291,-133.143864062659,6.17984688600448,-7.72526747665254,6.01591800069809,0.973056875725221,0.0488689914759162,0.418749990357053,0.0217107782132716
-127.987503392071,-133.060508632639,6.16657902578383,-6.3415032342102,6.01365969991684,0.973056875725221,0.0488689914759162,0.418749990357053,0.0217107782132716
-127.978020311384,-132.976453809901,6.15709594509725,-5.96529856812444,5.87594149923325,0.973056875725221,0.0488689914759162,0.418749990357053,0.0217107782132716
-127.962033455617,-132.891812436425,6.14110908932983,-6.59975481611267,6.04068206167221,0.973056875725221,0.0488689914759162,0.418749990357053,0.0217107782132716
-127.962425346084,-132.806117309014,6.14150097979751,-5.72691366181876,5.87798045492172,0.973056875725221,0.0488689914759162,0.418749990357053,0.0217107782132716
-127.953538040276,-132.720183810627,6.13261367398885,-6.72126754061401,5.87186740255356,0.973056875725221,0.0488689914759162,0.418749990357053,0.0217107782132716
-127.945966000634,-132.634091304114,6.12504163434716,-6.02441633539799,5.85161136007309,0.973056875725221,0.0488689914759162,0.418749990357053,0.0217107782132716
-127.912830621397,-132.547255564158,6.09190625511044,-8.51557295774736,5.80372165060043,0.973056875725221,0.0488689914759162,0.418749990357053,0.0217107782132716
-127.895467281961,-132.459893492813,6.07454291567425,-7.48329940932834,5.69030211782455,0.973056875725221,0.0488689914759162,0.418749990357053,0.0217107782132716
-127.894141402507,-132.371516226856,6.07321703621991,-8.10434097932826,5.71005557394028,0.973056875725221,0.0488689914759162,0.418749990357053,0.0217107782132716
-127.884555647856,-132.284882120779,6.06363128156895,-6.88318741356916,5.8059866271019,0.973056875725221,0.0488689914759162,0.418749990357053,0.0217107782132716
-127.846143485622,-132.197010990764,6.02521911933548,-10.8399257667495,5.62016414022446,0.973056875725221,0.0488689914759162,0.418749990357053,0.0217107782132716
-127.847403225122,-132.10914814632,6.02647885883525,-8.84246510974686,5.64123080587387,0.973056875725221,0.0488689914759162,0.418749990357053,0.0217107782132716
-127.83754451334,-132.021359919213,6.01662014705331,-10.7179076302718,5.57016490316391,0.973056875725221,0.0488689914759162,0.418749990357053,0.0217107782132716
-127.800145601367,-131.933586390574,5.97922123508077,-10.3842060760327,5.50315783834457,0.973056875725221,0.0488689914759162,0.418749990357053,0.0217107782132716
-127.775293357041,-131.845160017742,5.95436899075444,-11.3310881724223,5.50234340047836,0.973056875725221,0.0488689914759162,0.418749990357053,0.0217107782132716
-127.763642568072,-131.757415101295,5.94271820178541,-11.2778907844135,5.43121455526352,0.973056875725221,0.0488689914759162,0.418749990357053,0.0217107782132716
-127.735068640859,-131.66975733859,5.91414427457279,-10.4047788655397,5.36243270254135,0.973056875725221,0.0488689914759162,0.418749990357053,0.0217107782132716
-127.705462798065,-131.582086479891,5.88453843177833,-12.5716748510743,5.35875151968002,0.973056875725221,0.0488689914759162,0.418749990357053,0.0217107782132716
-127.699966526232,-131.495051296029,5.87904215994492,-11.0138397806217,5.29185698843002,0.973056875725221,0.0488689914759162,0.418749990357053,0.0217107782132716
-127.669550965191,-131.408351675281,5.84862659890398,-12.6550203966409,5.24607394552231,0.973056875725221,0.0488689914759162,0.418749990357053,0.0217107782132716
-127.642014937951,-131.319677670299,5.82109057166413,-11.5966450745639,5.10504935598373,0.973056875725221,0.0488689914759162,0.418749990357053,0.0217107782132716
-127.605735392298,-131.233446702524,5.78481102601128,-12.8833226380968,5.19871829366684,0.973056875725221,0.0488689914759162,0.418749990357053,0.0217107782132716
-127.579122799754,-131.14943736819,5.7581984334677,-12.7709686464233,5.08072112417221,0.973056875725221,0.0488689914759162,0.418749990357053,0.0217107782132716
-127.556839720473,-131.065236655465,5.73591535418633,-12.7104552975133,5.17404960012436,0.973056875725221,0.0488689914759162,0.418749990357053,0.0217107782132716
-127.532949725687,-130.981291971061,5.71202535940027,-12.6952690601569,4.98382972097397,0.973056875725221,0.0488689914759162,0.418749990357053,0.0217107782132716
-127.509815611237,-130.897712820147,5.68889124495003,-14.439018542608,4.94136355733871,0.973056875725221,0.0488689914759162,0.418749990357053,0.0217107782132716
-127.479614836519,-130.814716230165,5.65869047023196,-12.7641735723556,5.05527900075912,0.973056875725221,0.0488689914759162,0.418749990357053,0.0217107782132716
-127.451735941563,-130.732416273922,5.63081157527598,-13.010679609915,4.93672870016098,0.973056875725221,0.0488689914759162,0.418749990357053,0.0217107782132716
-127.422425034325,-130.650402903292,5.60150066803863,-13.1090435230101,4.93575785970688,0.973056875725221,0.0488689914759162,0.418749990357053,0.0217107782132716
-127.406382281999,-130.570025177072,5.58545791571227,-14.4363209090431,4.82214759206772,0.973056875725221,0.0488689914759162,0.418749990357053,0.0217107782132716
-127.370458159516,-130.490241075502,5.54953379322928,-14.027778786409,4.75200770711899,0.973056875725221,0.0488689914759162,0.418749990357053,0.0217107782132716
-127.351254862797,-130.411541166049,5.53033049651,-13.351099022886,4.70305274343491,0.973056875725221,0.0488689914759162,0.418749990357053,0.0217107782132716
-127.317452050872,-130.334126995064,5.49652768458553,-12.4019626818421,4.68276427602768,0.973056875725221,0.0488689914759162,0.418749990357053,0.0217107782132716
-127.304375469598,-130.257137614401,5.48345110331158,-12.4870050632846,4.60716365194321,0.973056875725221,0.0488689914759162,0.418749990357053,0.0217107782132716
-127.270673223846,-130.182016514996,5.44974885755914,-12.9230274128267,4.49361346578598,0.973056875725221,0.0488689914759162,0.418749990357053,0.0217107782132716
-127.245807863975,-130.107184015888,5.4248834976886,-13.510687077051,4.49103854513168,0.973056875725221,0.0488689914759162,0.418749990357053,0.0217107782132716
-127.220940003948,-130.034338219065,5.40001563766138,-12.2083460641952,4.46919844961166,0.973056875725221,0.0488689914759162,0.418749990357053,0.0217107782132716
-127.204350732013,-129.962474059889,5.3834263657265,-14.5683096622271,4.42254565572739,0.973056875725221,0.0488689914759162,0.418749990357053,0.0217107782132716
-127.175745602599,-129.891642093693,5.35482123631187,-13.5453189876768,4.39906047201157,0.973056875725221,0.0488689914759162,0.418749990357053,0.0217107782132716
-127.149834283101,-129.822400984688,5.32890991681467,-13.94674348342,4.39822219228745,0.973056875725221,0.0488689914759162,0.418749990357053,0.0217107782132716
-127.131043261654,-129.754587418233,5.31011889536728,-12.4107504346602,4.2343895277977,0.973056875725221,0.0488689914759162,0.418749990357053,0.0217107782132716
-127.088948344649,-129.68772346078,5.26802397836204,-14.2668836132448,4.33026812887192,0.973056875725221,0.0488689914759162,0.418749990357053,0.0217107782132716
-127.072506057857,-129.62274894803,5.25158169157028,-14.4736909064683,4.18744109487534,0.973056875725221,0.0488689914759162,0.418749990357053,0.0217107782132716
-127.040231851629,-129.55891345062,5.21930748534266,-14.7049823119165,4.16447566366196,0.973056875725221,0.0488689914759162,0.418749990357053,0.0217107782132716
-127.030162180988,-129.497371401979,5.20923781470137,-13.6514711149705,4.23651812887192,0.973056875725221,0.0488689914759162,0.418749990357053,0.0217107782132716
-127.005156657845,-129.437011119772,5.18423229155823,-16.0509417560579,4.07020305013657,0.973056875725221,0.0488689914759162,0.418749990357053,0.0217107782132716
-126.94542573527,-129.378136541546,5.12450136898288,-14.4226087451828,4.14037631368637,0.973056875725221,0.0488689914759162,0.418749990357053,0.0217107782132716
-126.921851590736,-129.321058336912,5.10092722444938,-15.4510212367297,4.06954882955551,0.973056875725221,0.0488689914759162,0.418749990357053,0.0217107782132716
-126.900628374755,-129.265560493941,5.07970400846802,-13.6155427271923,4.07190917348862,0.973056875725221,0.0488689914759162,0.418749990357053,0.0217107782132716
-126.868422170018,-129.211764762944,5.04749780373101,-14.3149047517759,3.90589092588425,0.973056875725221,0.0488689914759162,0.418749990357053,0.0217107782132716
-126.839937900069,-129.160067796216,5.01901353378237,-13.546326983192,3.85899685239792,0.973056875725221,0.0488689914759162,0.418749990357053,0.0217107782132716
-126.803985727716,-129.110010759331,4.98306136142915,-15.5360710853863,3.85896728849411,0.973056875725221,0.0488689914759162,0.418749990357053,0.0217107782132716
-126.77696602563,-129.061709161555,4.95604165934294,-14.6572888003932,3.85976169919968,0.973056875725221,0.0488689914759162,0.418749990357053,0.0217107782132716
-126.753677782865,-129.015104579609,4.93275341657853,-15.2152797962329,3.64734600400925,0.973056875725221,0.0488689914759162,0.418749990357053,0.0217107782132716
-126.715463802735,-128.970683704578,4.8945394364481,-14.6618097220753,3.74261234617233,0.973056875725221,0.0488689914759162,0.418749990357053,0.0217107782132716
-126.68646860861,-128.928210095881,4.86554424232374,-14.7320092059884,3.74137352323532,0.973056875725221,0.0488689914759162,0.418749990357053,0.0217107782132716
-126.666574689445,-128.887535330891,4.84565032315845,-14.5049263316543,3.74293945646286,0.973056875725221,0.0488689914759162,0.418749990357053,0.0217107782132716
-126.627422984871,-128.848674027179,4.80649861858443,-14.8007743745537,3.65027807569504,0.973056875725221,0.0488689914759162,0.418749990357053,0.0217107782132716
-126.592546270611,-128.812195305147,4.77162190432431,-15.7617528714249,3.57775305128098,0.973056875725221,0.0488689914759162,0.418749990357053,0.0217107782132716
-126.57738281113,-128.777334334267,4.75645844484307,-13.3563828725721,3.50920818662643,0.973056875725221,0.0488689914759162,0.418749990357053,0.0217107782132716
-126.546200039412,-128.744852635845,4.7252756731255,-14.5695678027847,3.58248470640183,0.973056875725221,0.0488689914759162,0.418749990357053,0.0217107782132716
-126.518664741045,-128.714347275951,4.69774037475823,-15.2995028049518,3.53265093183517,0.973056875725221,0.0488689914759162,0.418749990357053,0.0217107782132716
-126.486801143281,-128.685868607783,4.66587677699398,-13.4293754064702,3.51070402479172,0.973056875725221,0.0488689914759162,0.418749990357053,0.0217107782132716
-126.471149011798,-128.659524312522,4.65022464551154,-12.8938106201116,3.36910341596603,0.973056875725221,0.0488689914759162,0.418749990357053,0.0217107782132716
-126.423550380823,-128.635181696942,4.60262601453604,-14.3874696752608,3.39175031995773,0.973056875725221,0.0488689914759162,0.418749990357053,0.0217107782132716
-126.400919073323,-128.613104966414,4.57999470703621,-15.1270791609094,3.41678903913498,0.973056875725221,0.0488689914759162,0.418749990357053,0.0217107782132716
-126.36881827152,-128.593112107426,4.54789390523366,-14.2416533670291,3.32342480039597,0.973056875725221,0.0488689914759162,0.418749990357053,0.0217107782132716
-126.356185879307,-128.575316026334,4.53526151302067,-13.6735359662622,3.31804798460007,0.973056875725221,0.0488689914759162,0.418749990357053,0.0217107782132716
-126.324368461956,-128.559607197981,4.50344409566958,-12.8079242184833,3.32125280714035,0.973056875725221,0.0488689914759162,0.418749990357053,0.0217107782132716
-126.293926222687,-128.546166290978,4.47300185640045,-15.0837985332128,3.27330540037155,0.973056875725221,0.0488689914759162,0.418749990357053,0.0217107782132716
-126.272924797207,-128.534823185986,4.45200043092006,-11.2572437502148,3.27646587705612,0.973056875725221,0.0488689914759162,0.418749990357053,0.0217107782132716
-126.258629859371,-128.525577159239,4.43770549308398,-12.8431607966709,3.18478058195114,0.973056875725221,0.0488689914759162,0.418749990357053,0.0217107782132716
-126.233917651585,-128.518878560853,4.41299328529837,-12.3103069304227,3.34567497587204,0.973056875725221,0.0488689914759162,0.418749990357053,0.0217107782132716
-126.19867547068,-128.514231790414,4.37775110439348,-11.7578872051734,3.13548277235031,0.973056875725221,0.0488689914759162,0.418749990357053,0.0217107782132716
-126.175033828641,-128.511813214396,4.35410946235451,-10.932670374531,3.20840261793137,0.973056875725221,0.0488689914759162,0.418749990357053,0.0217107782132716
-126.159866247195,-128.511561930868,4.33894188090847,-12.1643312297854,3.20503710126877,0.973056875725221,0.0488689914759162,0.418749990357053,0.0217107782132716
-126.127756231405,-128.513520338384,4.30683186511824,-10.8933385200941,3.13530252790451,0.973056875725221,0.0488689914759162,0.418749990357053,0.0217107782132716
-126.107098846442,-128.517687779136,4.28617448015545,-12.5940747075231,3.18132255887985,0.973056875725221,0.0488689914759162,0.418749990357053,0.0217107782132716
-126.092163930256,-128.524035405419,4.27123956396969,-9.06248774298846,3.13831947660446,0.973056875725221,0.0488689914759162,0.418749990357053,0.0217107782132716
-126.060563102671,-128.532670516399,4.23963873638389,-11.660316766923,3.08801935529709,0.973056875725221,0.0488689914759162,0.418749990357053,0.0217107782132716
-126.039369704495,-128.543460770032,4.21844533820856,-10.4382711965272,3.06991241788864,0.973056875725221,0.0488689914759162,0.418749990357053,0.0217107782132716
-126.033002038638,-128.556381083441,4.21207767235085,-7.87733840802625,3.06941221570969,0.973056875725221,0.0488689914759162,0.418749990357053,0.0217107782132716
-126.01036806064,-128.57154658373,4.18944369435334,-9.02571674000199,3.13984535551071,0.973056875725221,0.0488689914759162,0.418749990357053,0.0217107782132716
-125.991074934036,-128.588867693409,4.17015056774914,-8.00106299071779,3.09018181180954,0.973056875725221,0.0488689914759162,0.418749990357053,0.0217107782132716
-125.969525988259,-128.608313471218,4.1486016219727,-9.15992792907945,3.04058264112473,0.973056875725221,0.0488689914759162,0.418749990357053,0.0217107782132716
-125.951762836427,-128.629892602877,4.13083847014001,-8.20606451559129,3.11571405744553,0.973056875725221,0.0488689914759162,0.418749990357053,0.0217107782132716
-125.945333698925,-128.653686874044,4.12440933263855,-6.3166060001875,3.13947389936447,0.973056875725221,0.0488689914759162,0.418749990357053,0.0217107782132716
-125.922445110675,-128.679549904614,4.10152074438874,-6.5902690346367,3.14106891965866,0.973056875725221,0.0488689914759162,0.418749990357053,0.0217107782132716
-125.917865162803,-128.707593695635,4.09694079651604,-6.859379309608,3.13681696271896,0.973056875725221,0.0488689914759162,0.418749990357053,0.0217107782132716
-125.907814553624,-128.737647088202,4.08689018733768,-7.26902370138621,3.16183040952683,0.973056875725221,0.0488689914759162,0.418749990357053,0.0217107782132716
-125.897362027913,-128.76986781301,4.0764376616261,-5.13569090778136,3.06981514310837,0.973056875725221,0.0488689914759162,0.418749990357053,0.0217107782132716
-125.886303750301,-128.804258797676,4.06537938401466,-6.18635810522121,3.18474529600143,0.973056875725221,0.0488689914759162,0.418749990357053,0.0217107782132716
-125.875527553099,-128.840267352463,4.05460318681228,-5.41069759634024,3.13770340299606,0.973056875725221,0.0488689914759162,0.418749990357053,0.0217107782132716
-125.868005815041,-128.878769041757,4.04708144875385,-6.26635561668405,3.20924518918991,0.973056875725221,0.0488689914759162,0.418749990357053,0.0217107782132716
-125.864654724459,-128.918634144484,4.04373035817243,-2.76179196337243,3.23329256391525,0.973056875725221,0.0488689914759162,0.418749990357053,0.0217107782132716
-125.844164659887,-128.960804961247,4.02324029360077,-2.81099325544801,3.22907112455368,0.973056875725221,0.0488689914759162,0.418749990357053,0.0217107782132716
-125.840980440239,-129.005049121408,4.02005607395192,-2.26140314525092,3.16097496366501,0.973056875725221,0.0488689914759162,0.418749990357053,0.0217107782132716
-125.828051766622,-129.050976570911,4.0071274003351,-4.69453451009798,3.34807060575485,0.973056875725221,0.0488689914759162,0.418749990357053,0.0217107782132716
-125.831801297312,-129.098838937946,4.01087693102489,-2.07707961018148,3.30008648252487,0.973056875725221,0.0488689914759162,0.418749990357053,0.0217107782132716
-125.830647600634,-129.148342493014,4.00972323434701,-1.00983933092145,3.34927557325363,0.973056875725221,0.0488689914759162,0.418749990357053,0.0217107782132716
-125.821619505992,-129.19997805243,4.00069513970547,-0.729574090196579,3.27570198392868,0.973056875725221,0.0488689914759162,0.418749990357053,0.0217107782132716
-125.831107628071,-129.253005081557,4.01018326178418,-0.116099518922421,3.43968342161179,0.973056875725221,0.0488689914759162,0.418749990357053,0.0217107782132716
-125.828003645155,-129.307891561965,4.00707927886798,-0.424544444557896,3.32345913267136,0.973056875725221,0.0488689914759162,0.418749990357053,0.0217107782132716
-125.825492835734,-129.364704486835,4.00456846944752,-0.56318107873432,3.32259176588058,0.973056875725221,0.0488689914759162,0.418749990357053,0.0217107782132716
-125.837188179155,-129.423103095751,4.0162638128684,3.0372698199686,3.30058906888962,0.973056875725221,0.0488689914759162,0.418749990357053,0.0217107782132716
-125.82406220582,-129.483173327008,4.00313783953302,2.56879653976771,3.50891207075119,0.973056875725221,0.0488689914759162,0.418749990357053,0.0217107782132716
-125.834341156118,-129.544612253516,4.01341678983139,2.90063628704162,3.39036033964157,0.973056875725221,0.0488689914759162,0.418749990357053,0.0217107782132716
-125.836324469059,-129.607950755881,4.01540010277213,3.16602069630053,3.48775146818161,0.973056875725221,0.0488689914759162,0.418749990357053,0.0217107782132716
-125.851542347549,-129.672838484716,4.03061798126278,6.89921120033313,3.46786640501022,0.973056875725221,0.0488689914759162,0.418749990357053,0.0217107782132716
-125.855459364869,-129.739116189113,4.03453499858239,4.6128087686786,3.37171266889572,0.973056875725221,0.0488689914759162,0.418749990357053,0.0217107782132716
-125.87162258594,-129.807118431354,4.05069821965368,6.44323046279893,3.43991802549362,0.973056875725221,0.0488689914759162,0.418749990357053,0.0217107782132716
-125.874061708544,-129.875722779938,4.05313734225776,5.44277876024873,3.53102730131149,0.973056875725221,0.0488689914759162,0.418749990357053,0.0217107782132716
-125.890029920829,-129.946091898029,4.0691055545426,6.97064051216868,3.46638630247116,0.973056875725221,0.0488689914759162,0.418749990357053,0.0217107782132716
-125.908903438154,-130.017817653635,4.08797907186689,7.74324693366364,3.43935774183273,0.973056875725221,0.0488689914759162,0.418749990357053,0.0217107782132716
-125.928579470368,-130.090436644571,4.10765510408115,6.8732237822096,3.67375276899338,0.973056875725221,0.0488689914759162,0.418749990357053,0.0217107782132716
-125.929080613405,-130.164927033369,4.10815624711783,6.67750295292279,3.65143440580368,0.973056875725221,0.0488689914759162,0.418749990357053,0.0217107782132716
-125.962401558413,-130.240477366498,4.14147719212662,7.02501754635741,3.60190914487839,0.973056875725221,0.0488689914759162,0.418749990357053,0.0217107782132716
-125.965394855312,-130.316676450219,4.14447048902541,5.27419870396048,3.74475048398972,0.973056875725221,0.0488689914759162,0.418749990357053,0.0217107782132716
-125.990878487334,-130.394376768073,4.16995412104731,6.48732536537878,3.65076826429367,0.973056875725221,0.0488689914759162,0.418749990357053,0.0217107782132716
-125.992635769107,-130.47279306859,4.17171140282049,6.54725650380686,3.67593620634079,0.973056875725221,0.0488689914759162,0.418749990357053,0.0217107782132716
-126.017895248016,-130.552169197457,4.19697088172974,7.42206151198557,3.6963195643425,0.973056875725221,0.0488689914759162,0.418749990357053,0.0217107782132716
-126.026045876293,-130.633659671985,4.20512151000638,7.78990850090302,3.72338531827927,0.973056875725221,0.0488689914759162,0.418749990357053,0.0217107782132716
-126.021122765664,-130.714124962048,4.20019839937713,7.68337137726092,3.79694746351242,0.973056875725221,0.0488689914759162,0.418749990357053,0.0217107782132716
-126.058098196647,-130.796101195111,4.23717383036079,8.68138862066725,3.77079962110519,0.973056875725221,0.0488689914759162,0.418749990357053,0.0217107782132716
-126.066372530333,-130.878644291746,4.24544816404657,7.65114700366721,3.79608677244186,0.973056875725221,0.0488689914759162,0.418749990357053,0.0217107782132716
-126.085982833588,-130.96261759696,4.26505846730132,7.14150052020535,3.88521049833298,0.973056875725221,0.0488689914759162,0.418749990357053,0.0217107782132716
-126.093959138952,-131.046362440938,4.27303477266527,6.70780561388043,3.79414366102219,0.973056875725221,0.0488689914759162,0.418749990357053,0.0217107782132716
-126.100788085087,-131.131663656675,4.27986371880021,6.97154253143769,3.88860271787643,0.973056875725221,0.0488689914759162,0.418749990357053,0.0217107782132716
-126.114211053609,-131.216811542897,4.29328668732187,8.4829915409087,4.02644084310532,0.973056875725221,0.0488689914759162,0.418749990357053,0.0217107782132716
-126.124180782898,-131.302684163421,4.30325641661156,7.92922118128225,4.12150977468491,0.973056875725221,0.0488689914759162,0.418749990357053,0.0217107782132716
-126.138158069194,-131.389777983487,4.31723370290693,8.22195791597017,4.07374785757065,0.973056875725221,0.0488689914759162,0.418749990357053,0.0217107782132716
-126.16115671738,-131.475799592976,4.34023235109329,8.06634628308753,4.12417815542221,0.973056875725221,0.0488689914759162,0.418749990357053,0.0217107782132716
-126.165754447034,-131.562944197631,4.34483008074685,8.02591940078644,4.16819403982162,0.973056875725221,0.0488689914759162,0.418749990357053,0.0217107782132716
-126.185655206853,-131.650935658412,4.36473084056582,8.73129018050554,4.16922210073471,0.973056875725221,0.0488689914759162,0.418749990357053,0.0217107782132716
-126.199672771029,-131.737955787205,4.37874840474184,7.16824423317291,4.16791461324692,0.973056875725221,0.0488689914759162,0.418749990357053,0.0217107782132716
-126.223302817603,-131.82547095819,4.40237845131666,8.43821047552911,4.2138702712059,0.973056875725221,0.0488689914759162,0.418749990357053,0.0217107782132716
-126.240009989202,-131.913343964388,4.41908562291532,9.6938089537507,4.25915072774887,0.973056875725221,0.0488689914759162,0.418749990357053,0.0217107782132716
-126.255614591205,-132.001163532227,4.43469022491835,9.31249054378598,4.39977572774887,0.973056875725221,0.0488689914759162,0.418749990357053,0.0217107782132716
-126.277537650024,-132.089262118864,4.45661328373759,10.66997034863,4.49536727285385,0.973056875725221,0.0488689914759162,0.418749990357053,0.0217107782132716
-126.299430971994,-132.177059981511,4.47850660570689,10.8273134031209,4.35299037313461,0.973056875725221,0.0488689914759162,0.418749990357053,0.0217107782132716
-126.321340258939,-132.264847601079,4.50041589265202,11.1790137139484,4.51784346914291,0.973056875725221,0.0488689914759162,0.418749990357053,0.0217107782132716
-126.333971611297,-132.352725667828,4.51304724501078,12.6498096241053,4.56059573507309,0.973056875725221,0.0488689914759162,0.418749990357053,0.0217107782132716
-126.353043569141,-132.439835408908,4.53211920285465,12.7157974824339,4.60998748159409,0.973056875725221,0.0488689914759162,0.418749990357053,0.0217107782132716
-126.384314511547,-132.527153614868,4.56339014526042,10.8595489432656,4.70566771841049,0.973056875725221,0.0488689914759162,0.418749990357053,0.0217107782132716
-126.422760244453,-132.613865962789,4.6018358781664,13.7723839341266,4.79413722372055,0.973056875725221,0.0488689914759162,0.418749990357053,0.0217107782132716
-126.443073755895,-132.700342766562,4.62214938960845,11.5699335308072,4.84440348958969,0.973056875725221,0.0488689914759162,0.418749990357053,0.0217107782132716
-126.481255323074,-132.786373943988,4.66033095678744,15.6201417461594,4.82331584310532,0.973056875725221,0.0488689914759162,0.418749990357053,0.0217107782132716
-126.496595681861,-132.871854481504,4.67567131557456,13.6866350417243,4.8026792845726,0.973056875725221,0.0488689914759162,0.418749990357053,0.0217107782132716
-126.534561447672,-132.957095021716,4.71363708138497,13.7319132262219,4.91632483816147,0.973056875725221,0.0488689914759162,0.418749990357053,0.0217107782132716
-126.55714475929,-133.041233529908,4.73622039300303,14.829584630221,5.00901053762436,0.973056875725221,0.0488689914759162,0.418749990357053,0.0217107782132716
-126.590448817002,-133.125590258297,4.76952445071493,16.5878780492983,5.00433753347397,0.973056875725221,0.0488689914759162,0.418749990357053,0.0217107782132716
-126.619227382931,-133.208188257088,4.79830301664463,14.7742205907629,5.10299037313461,0.973056875725221,0.0488689914759162,0.418749990357053,0.0217107782132716
-126.648192727478,-133.290213879072,4.8272683611911,15.5298210060592,5.03422377920151,0.973056875725221,0.0488689914759162,0.418749990357053,0.0217107782132716
-126.691533060353,-133.371726555645,4.87060869406647,16.173284470307,5.12928984975815,0.973056875725221,0.0488689914759162,0.418749990357053,0.0217107782132716
-126.717130221929,-133.45250334961,4.8962058556426,16.1112538382717,5.20018599843979,0.973056875725221,0.0488689914759162,0.418749990357053,0.0217107782132716
-126.757718871417,-133.532177243646,4.9367945051299,15.7612730519943,5.33812449789047,0.973056875725221,0.0488689914759162,0.418749990357053,0.0217107782132716
-126.781625772974,-133.610909832329,4.96070140668686,14.9401343514249,5.26626036977768,0.973056875725221,0.0488689914759162,0.418749990357053,0.0217107782132716
-126.810036668053,-133.688466611779,4.98911230176588,16.0884939085898,5.36188720083237,0.973056875725221,0.0488689914759162,0.418749990357053,0.0217107782132716
-126.842445181082,-133.765295507174,5.02152081479512,15.395714788486,5.26796267843246,0.973056875725221,0.0488689914759162,0.418749990357053,0.0217107782132716
-126.871235647229,-133.841020944596,5.0503112809428,15.4951793334022,5.45457290029526,0.973056875725221,0.0488689914759162,0.418749990357053,0.0217107782132716
-126.909378515159,-133.91527772411,5.08845414887257,14.5994457042044,5.50186179494858,0.973056875725221,0.0488689914759162,0.418749990357053,0.0217107782132716
-126.931945449552,-133.988708800981,5.11102108326505,15.1825796366266,5.59559081411362,0.973056875725221,0.0488689914759162,0.418749990357053,0.0217107782132716
-126.970993409941,-134.060288025083,5.15006904365459,16.2719841095549,5.6443426451683,0.973056875725221,0.0488689914759162,0.418749990357053,0.0217107782132716
-126.995779239368,-134.131103931965,5.17485487308114,14.450230269575,5.59818957662582,0.973056875725221,0.0488689914759162,0.418749990357053,0.0217107782132716
-127.028738625055,-134.200239641546,5.20781425876857,13.6418958565066,5.59675906515121,0.973056875725221,0.0488689914759162,0.418749990357053,0.0217107782132716
-127.058621297297,-134.268312867928,5.23769693100987,14.3132611989964,5.73917220449448,0.973056875725221,0.0488689914759162,0.418749990357053,0.0217107782132716
-127.089159497085,-134.33540980603,5.26823513079808,15.1553435595692,5.83035586690903,0.973056875725221,0.0488689914759162,0.418749990357053,0.0217107782132716
-127.110588282096,-134.400093129961,5.28966391580951,17.0920049243606,5.87731860494614,0.973056875725221,0.0488689914759162,0.418749990357053,0.0217107782132716
-127.135843172579,-134.463433720864,5.31491880629267,14.3853392793308,5.78600047445297,0.973056875725221,0.0488689914759162,0.418749990357053,0.0217107782132716
-127.175174694877,-134.525563303113,5.35425032859005,15.0380861330068,5.80797885274887,0.973056875725221,0.0488689914759162,0.418749990357053,0.0217107782132716
-127.199491898172,-134.58626800465,5.37856753188481,14.3795035198489,5.9976370177269,0.973056875725221,0.0488689914759162,0.418749990357053,0.0217107782132716
-127.217767220511,-134.646013024541,5.39684285422404,14.8398286182167,5.94935916280746,0.973056875725221,0.0488689914759162,0.418749990357053,0.0217107782132716
-127.249977444498,-134.703179301914,5.42905307821132,13.9025716684511,6.01759360647202,0.973056875725221,0.0488689914759162,0.418749990357053,0.0217107782132716
-127.278600383787,-134.757385147563,5.45767601750044,14.9992635499013,5.99488662099838,0.973056875725221,0.0488689914759162,0.418749990357053,0.0217107782132716
-127.306785471123,-134.810729226757,5.48586110483615,14.2730683953841,6.02434180593491,0.973056875725221,0.0488689914759162,0.418749990357053,0.0217107782132716
-127.335042995206,-134.862673562759,5.51411862891898,15.176885004719,6.11718200063705,0.973056875725221,0.0488689914759162,0.418749990357053,0.0217107782132716
-127.376243834963,-134.912714951518,5.5553194686763,14.7896278581527,6.20724604940414,0.973056875725221,0.0488689914759162,0.418749990357053,0.0217107782132716
-127.400308329389,-134.961137729062,5.57938396310223,14.3079830677674,6.18399356222153,0.973056875725221,0.0488689914759162,0.418749990357053,0.0217107782132716
-127.423754131223,-135.007447600147,5.6028297649364,14.4656327362481,6.2321169219017,0.973056875725221,0.0488689914759162,0.418749990357053,0.0217107782132716
-127.442521576454,-135.052003331423,5.62159721016731,14.2525306319865,6.2312099776268,0.973056875725221,0.0488689914759162,0.418749990357053,0.0217107782132716
-127.475087621288,-135.094719984585,5.65416325500104,13.2442899339473,6.30011866903305,0.973056875725221,0.0488689914759162,0.418749990357053,0.0217107782132716
-127.505486914812,-135.13522765612,5.68456254852523,14.4066088171916,6.44253276205063,0.973056875725221,0.0488689914759162,0.418749990357053,0.0217107782132716
-127.531856156913,-135.174032233285,5.71093179062623,13.0475203996098,6.32520697927475,0.973056875725221,0.0488689914759162,0.418749990357053,0.0217107782132716
-127.56397438659,-135.210787891801,5.74305002030287,12.9786563638693,6.35178016042709,0.973056875725221,0.0488689914759162,0.418749990357053,0.0217107782132716
-127.588666112919,-135.245229164205,5.76774174663214,13.7482565653209,6.44558833456039,0.973056875725221,0.0488689914759162,0.418749990357053,0.0217107782132716
-127.60927660526,-135.277864371424,5.78835223897292,13.0928787744982,6.60758517599106,0.973056875725221,0.0488689914759162,0.418749990357053,0.0217107782132716
-127.625013826071,-135.308438258711,5.80408945978417,11.5197125299684,6.49395583486557,0.973056875725221,0.0488689914759162,0.418749990357053,0.0217107782132716
-127.664578749857,-135.336950369295,5.84365438357046,11.1083642878992,6.53841613149643,0.973056875725221,0.0488689914759162,0.418749990357053,0.0217107782132716
-127.679936751071,-135.36330196097,5.85901238478445,13.959728465458,6.51764224386215,0.973056875725221,0.0488689914759162,0.418749990357053,0.0217107782132716
-127.702139674202,-135.387597809234,5.88121530791561,13.0171545575391,6.6292059264183,0.973056875725221,0.0488689914759162,0.418749990357053,0.0217107782132716
-127.724645412323,-135.409655988304,5.90372104603667,11.2001032681624,6.5633575758934,0.973056875725221,0.0488689914759162,0.418749990357053,0.0217107782132716
-127.74311526396,-135.429715518371,5.92219089767323,11.6537394787713,6.63375781393051,0.973056875725221,0.0488689914759162,0.418749990357053,0.0217107782132716
-127.771402810965,-135.447490039144,5.95047844467853,12.0753840374062,6.70385573720932,0.973056875725221,0.0488689914759162,0.418749990357053,0.0217107782132716
-127.795122915915,-135.463128168535,5.97419854962819,10.2727271050313,6.70427058553696,0.973056875725221,0.0488689914759162,0.418749990357053,0.0217107782132716
-127.81997512556,-135.476684331175,5.99905075927371,11.4603806599623,6.65483783102036,0.973056875725221,0.0488689914759162,0.418749990357053,0.0217107782132716
-127.832791507995,-135.487866199905,6.0118671417084,9.47851002643139,6.72208712911606,0.973056875725221,0.0488689914759162,0.418749990357053,0.0217107782132716
-127.85415995388,-135.496952731242,6.03323558759353,10.5573955496581,6.70043395376205,0.973056875725221,0.0488689914759162,0.418749990357053,0.0217107782132716
-127.873658635248,-135.5038763607,6.05273426896158,11.114157883615,6.88758490896225,0.973056875725221,0.0488689914759162,0.418749990357053,0.0217107782132716
-127.890427573628,-135.508510468784,6.06950320734131,9.39294395420289,6.77143309926987,0.973056875725221,0.0488689914759162,0.418749990357053,0.0217107782132716
-127.907255238619,-135.510976228728,6.08633087233273,11.6015454279176,6.83970664358139,0.973056875725221,0.0488689914759162,0.418749990357053,0.0217107782132716
-127.925008601836,-135.51123283871,6.1040842355497,7.94641598710991,6.86628745412827,0.973056875725221,0.0488689914759162,0.418749990357053,0.0217107782132716
-127.942829587595,-135.509283778082,6.12190522130859,8.15960372343624,6.88869593954086,0.973056875725221,0.0488689914759162,0.418749990357053,0.0217107782132716
-127.952917023886,-135.505126522015,6.13199265759898,10.3857627796876,6.8393061003685,0.973056875725221,0.0488689914759162,0.418749990357053,0.0217107782132716
-127.982556737909,-135.498740200898,6.16163237162221,8.39041807322208,6.93389056539536,0.973056875725221,0.0488689914759162,0.418749990357053,0.0217107782132716
-128.006701674269,-135.490179796175,6.18577730798187,9.25851703796662,6.9794428191185,0.973056875725221,0.0488689914759162,0.418749990357053,0.0217107782132716
-128.008724408678,-135.479430132046,6.18780004239092,7.29638971086087,6.91177199697495,0.973056875725221,0.0488689914759162,0.418749990357053,0.0217107782132716
-128.022593289153,-135.466466943029,6.20166892286653,9.02015315405255,6.93597720479965,0.973056875725221,0.0488689914759162,0.418749990357053,0.0217107782132716
-128.045534715614,-135.451280474906,6.22461034932753,9.08805178045328,6.88651870107651,0.973056875725221,0.0488689914759162,0.418749990357053,0.0217107782132716
-128.059664451111,-135.433945949497,6.23874008482456,8.18461623755347,7.00308631277084,0.973056875725221,0.0488689914759162,0.418749990357053,0.0217107782132716
-128.078377736597,-135.414438504904,6.25745337031045,8.58702610638896,6.91008017873764,0.973056875725221,0.0488689914759162,0.418749990357053,0.0217107782132716
-128.089565358507,-135.392873726664,6.2686409922206,6.21990677786909,6.90721534109116,0.973056875725221,0.0488689914759162,0.418749990357053,0.0217107782132716
-128.103081703821,-135.369150648055,6.28215733753401,7.57613341668853,6.9569179854393,0.973056875725221,0.0488689914759162,0.418749990357053,0.0217107782132716
-128.106921481949,-135.343233341693,6.28599711566213,6.43058436948329,6.91358683919907,0.973056875725221,0.0488689914759162,0.418749990357053,0.0217107782132716
-128.131253744164,-135.315254315694,6.31032937787765,6.15683316147173,6.93521712636948,0.973056875725221,0.0488689914759162,0.418749990357053,0.0217107782132716
-128.146101764708,-135.285208343611,6.32517739842103,7.49985337667673,6.88955806112289,0.973056875725221,0.0488689914759162,0.418749990357053,0.0217107782132716
-128.150620193151,-135.253062727751,6.32969582686413,5.35008693034896,7.04960749959946,0.973056875725221,0.0488689914759162,0.418749990357053,0.0217107782132716
-128.165742050647,-135.218659053574,6.34481768436043,4.54196531561237,6.88234923696518,0.973056875725221,0.0488689914759162,0.418749990357053,0.0217107782132716
-128.183275926725,-135.182666295063,6.36235156043857,5.26788100240581,6.76864550924301,0.973056875725221,0.0488689914759162,0.418749990357053,0.0217107782132716
-128.186062211711,-135.144354354091,6.365137845424,4.52443738498212,6.81488154745102,0.973056875725221,0.0488689914759162,0.418749990357053,0.0217107782132716
-128.197716567073,-135.10402447968,6.37679220078619,5.13643805185511,6.81806395864487,0.973056875725221,0.0488689914759162,0.418749990357053,0.0217107782132716
-128.21027125727,-135.062032253751,6.38934689098333,3.66364935212271,6.84213946676254,0.973056875725221,0.0488689914759162,0.418749990357053,0.0217107782132716
-128.213380603511,-135.016833775968,6.39245623722381,3.20289944737698,6.72244380331039,0.973056875725221,0.0488689914759162,0.418749990357053,0.0217107782132716
-128.219205143319,-134.970991345617,6.39828077703264,2.57912754328649,6.70096133565903,0.973056875725221,0.0488689914759162,0.418749990357053,0.0217107782132716
-128.237974805028,-134.924131590914,6.4170504387408,1.32782646887829,6.72595046377182,0.973056875725221,0.0488689914759162,0.418749990357053,0.0217107782132716
-128.239495567251,-134.874411376474,6.41857120096415,-0.79875278778944,6.65759108877182,0.973056875725221,0.0488689914759162,0.418749990357053,0.0217107782132716
-128.218907017332,-134.823111565496,6.39798265104491,-2.11645212838638,6.72149394369125,0.973056875725221,0.0488689914759162,0.418749990357053,0.0217107782132716
-128.223802156719,-134.76983619135,6.4028777904323,0.654108286542217,6.67621634817123,0.973056875725221,0.0488689914759162,0.418749990357053,0.0217107782132716
-128.216782448671,-134.714817950302,6.39585808238463,-1.66099028162406,6.72662852621078,0.973056875725221,0.0488689914759162,0.418749990357053,0.0217107782132716
-128.225095492511,-134.657844572812,6.40417112622416,-2.22616645007874,6.53820155477524,0.973056875725221,0.0488689914759162,0.418749990357053,0.0217107782132716
-128.21399988389,-134.59952358008,6.39307551760357,-4.15818327090113,6.62915252065659,0.973056875725221,0.0488689914759162,0.418749990357053,0.0217107782132716
-128.213120598039,-134.539325434012,6.39219623175236,-3.79126921642147,6.54070590353012,0.973056875725221,0.0488689914759162,0.418749990357053,0.0217107782132716
-128.197992258443,-134.477573764331,6.37706789215595,-5.33987147684443,6.51419852590561,0.973056875725221,0.0488689914759162,0.418749990357053,0.0217107782132716
-128.187871363896,-134.414929185621,6.36694699760881,-4.86186530094916,6.53589938497543,0.973056875725221,0.0488689914759162,0.418749990357053,0.0217107782132716
-128.188709379558,-134.349762552238,6.36778501327137,-3.94851813053396,6.56047080373764,0.973056875725221,0.0488689914759162,0.418749990357053,0.0217107782132716
-128.176293690516,-134.283871315108,6.35536932422942,-6.45317741591928,6.44389079427719,0.973056875725221,0.0488689914759162,0.418749990357053,0.0217107782132716
-128.161911048373,-134.216150053014,6.34098668208624,-8.83723315903057,6.53406451559067,0.973056875725221,0.0488689914759162,0.418749990357053,0.0217107782132716
-128.154902488154,-134.147073311483,6.33397812186751,-8.01126277920333,6.48889754629135,0.973056875725221,0.0488689914759162,0.418749990357053,0.0217107782132716
-128.13633590813,-134.076865042507,6.31541154184337,-5.74176666802024,6.41843722677231,0.973056875725221,0.0488689914759162,0.418749990357053,0.0217107782132716
-128.132892118984,-134.004650907542,6.31196775269754,-5.12349730362533,6.34952948904037,0.973056875725221,0.0488689914759162,0.418749990357053,0.0217107782132716
-128.116584489207,-133.932263023577,6.29566012292046,-6.6577688540755,6.37167476034164,0.973056875725221,0.0488689914759162,0.418749990357053,0.0217107782132716
-128.110108476824,-133.85821646486,6.28918411053705,-5.89763813558285,6.34980128622055,0.973056875725221,0.0488689914759162,0.418749990357053,0.0217107782132716
-128.078723388018,-133.782571974077,6.25779902173138,-4.35151136287425,6.32360480642319,0.973056875725221,0.0488689914759162,0.418749990357053,0.0217107782132716
-128.073892749186,-133.70627561297,6.25296838289932,-6.57367843496544,6.32244799947739,0.973056875725221,0.0488689914759162,0.418749990357053,0.0217107782132716
-128.055294466088,-133.628363523302,6.23437009980093,-5.13618054893735,6.25356887197495,0.973056875725221,0.0488689914759162,0.418749990357053,0.0217107782132716
-128.054746608044,-133.54925890812,6.23382224175742,-5.66636701722899,6.32647441244125,0.973056875725221,0.0488689914759162,0.418749990357053,0.0217107782132716
-128.040739850241,-133.470827049321,6.21981548395451,-6.4133636572273,6.25124476766586,0.973056875725221,0.0488689914759162,0.418749990357053,0.0217107782132716
-128.030689695145,-133.390630407648,6.20976532885795,-6.73770505276507,6.2542869887352,0.973056875725221,0.0488689914759162,0.418749990357053,0.0217107782132716
-128.023122810934,-133.30916781826,6.20219844464773,-5.0279501031472,6.18156932210922,0.973056875725221,0.0488689914759162,0.418749990357053,0.0217107782132716
-128.001505158561,-133.22719640361,6.18058079227432,-7.35182492170752,6.15747664785385,0.973056875725221,0.0488689914759162,0.418749990357053,0.0217107782132716
-128.001083829819,-133.144310547473,6.1801594635322,-5.04585122202183,6.03956721639633,0.973056875725221,0.0488689914759162,0.418749990357053,0.0217107782132716
-127.985328329429,-133.060658692057,6.1644039631428,-7.82895803817675,6.03977988576889,0.973056875725221,0.0488689914759162,0.418749990357053,0.0217107782132716
-127.97158736294,-132.976574765678,6.15066299665329,-4.95826398471372,5.92470382070541,0.973056875725221,0.0488689914759162,0.418749990357053,0.0217107782132716
-127.975753478094,-132.891700796791,6.15482911180748,-6.91362167843673,5.9693806014061,0.973056875725221,0.0488689914759162,0.418749990357053,0.0217107782132716
-127.95463982196,-132.806444098927,6.13371545567362,-6.35160234859204,5.92274211263657,0.973056875725221,0.0488689914759162,0.418749990357053,0.0217107782132716
-127.959041817501,-132.720348112603,6.13811745121382,-6.39435556773917,5.94662974691391,0.973056875725221,0.0488689914759162,0.418749990357053,0.0217107782132716
-127.94229503128,-132.634246087038,6.12137066499305,-6.20558528775329,5.83035014486313,0.973056875725221,0.0488689914759162,0.418749990357053,0.0217107782132716
-127.927749390653,-132.547255564158,6.1068250243668,-8.07108268212052,5.73757289266586,0.973056875725221,0.0488689914759162,0.418749990357053,0.0217107782132716
-127.908259933733,-132.46026788111,6.08733556744648,-6.68115327186151,5.80590175008774,0.973056875725221,0.0488689914759162,0.418749990357053,0.0217107782132716
-127.889756350164,-132.372736578218,6.06883198387689,-7.73753428574906,5.59688876485825,0.973056875725221,0.0488689914759162,0.418749990357053,0.0217107782132716
-127.876789533758,-132.284610312425,6.05586516747145,-6.91545352286748,5.62247298574448,0.973056875725221,0.0488689914759162,0.418749990357053,0.0217107782132716
-127.866129739062,-132.197419375679,6.04520537277573,-8.99118920902275,5.47946952199936,0.973056875725221,0.0488689914759162,0.418749990357053,0.0217107782132716
-127.842274575738,-132.109452127034,6.02135020945135,-10.6276528422599,5.57792209005356,0.973056875725221,0.0488689914759162,0.418749990357053,0.0217107782132716
-127.825467473657,-132.021538183823,6.00454310736995,-10.5053910849598,5.57616160726547,0.973056875725221,0.0488689914759162,0.418749990357053,0.0217107782132716
-127.820118202795,-131.933450103767,5.99919383650849,-10.1146743110707,5.45635150289536,0.973056875725221,0.0488689914759162,0.418749990357053,0.0217107782132716
-127.79796774043,-131.845861803346,5.97704337414315,-11.7784215842757,5.53132460927963,0.973056875725221,0.0488689914759162,0.418749990357053,0.0217107782132716
-127.779769646676,-131.758168122848,5.95884528038942,-11.1166526927837,5.36057780599594,0.973056875725221,0.0488689914759162,0.418749990357053,0.0217107782132716
-127.746823661384,-131.669913880747,5.92589929509704,-12.6817982322603,5.32075427389145,0.973056875725221,0.0488689914759162,0.418749990357053,0.0217107782132716
-127.714687107178,-131.583168829997,5.89376274089137,-12.2460176005135,5.24604724264145,0.973056875725221,0.0488689914759162,0.418749990357053,0.0217107782132716
-127.691977514861,-131.49578768109,5.87105314857389,-11.8354394957224,5.31739447927475,0.973056875725221,0.0488689914759162,0.418749990357053,0.0217107782132716
-127.673309042672,-131.408589252283,5.8523846763853,-11.7656140328274,5.22587607717514,0.973056875725221,0.0488689914759162,0.418749990357053,0.0217107782132716
-127.649039299851,-131.322401919746,5.82811493356386,-12.342680199518,5.19845507955551,0.973056875725221,0.0488689914759162,0.418749990357053,0.0217107782132716
-127.610756446524,-131.236013116598,5.78983208023723,-15.0267960699616,5.152735932827,0.973056875725221,0.0488689914759162,0.418749990357053,0.0217107782132716
-127.591877879634,-131.149173127001,5.77095351334744,-10.8602894867445,5.14923880910873,0.973056875725221,0.0488689914759162,0.418749990357053,0.0217107782132716
-127.567237434618,-131.065711165867,5.7463130683312,-13.9541235679627,5.128002389431,0.973056875725221,0.0488689914759162,0.418749990357053,0.0217107782132716
-127.525236387424,-130.98138216713,5.70431202113733,-13.9744568042461,4.98646281576157,0.973056875725221,0.0488689914759162,0.418749990357053,0.0217107782132716
-127.503531236758,-130.897792349883,5.68260687047106,-13.6308255832175,5.07879184103012,0.973056875725221,0.0488689914759162,0.418749990357053,0.0217107782132716
-127.471672350453,-130.814676813349,5.65074798416659,-14.5581110986758,4.91634581899643,0.973056875725221,0.0488689914759162,0.418749990357053,0.0217107782132716
-127.447732972656,-130.73256269001,5.62680860636949,-11.6129223157411,4.86652110433578,0.973056875725221,0.0488689914759162,0.418749990357053,0.0217107782132716
-127.425329509707,-130.650982580416,5.60440514342045,-13.0638160724224,4.91499446249008,0.973056875725221,0.0488689914759162,0.418749990357053,0.0217107782132716
-127.407690624284,-130.569786288553,5.58676625799687,-13.3294880058983,4.89036868429184,0.973056875725221,0.0488689914759162,0.418749990357053,0.0217107782132716
-127.365559894098,-130.490212743462,5.54463552781151,-13.6264806526112,4.74986098623276,0.973056875725221,0.0488689914759162,0.418749990357053,0.0217107782132716
-127.347364223658,-130.411979530857,5.52643985737158,-13.035599410843,4.67990039205551,0.973056875725221,0.0488689914759162,0.418749990357053,0.0217107782132716
-127.323353174745,-130.3341638099,5.50242880845822,-13.7021295555349,4.75017379140854,0.973056875725221,0.0488689914759162,0.418749990357053,0.0217107782132716
-127.307704931208,-130.257455211639,5.48678056492169,-12.682457471224,4.6585371336937,0.973056875725221,0.0488689914759162,0.418749990357053,0.0217107782132716
-127.279727406525,-130.181927117982,5.45880304023791,-12.9347614911647,4.6096222243309,0.973056875725221,0.0488689914759162,0.418749990357053,0.0217107782132716
-127.260431882989,-130.107544764528,5.43950751670189,-13.3575780714916,4.60884021139145,0.973056875725221,0.0488689914759162,0.418749990357053,0.0217107782132716
-127.213794890805,-130.034208426534,5.39287052451867,-12.0280000030778,4.44663356161118,0.973056875725221,0.0488689914759162,0.418749990357053,0.0217107782132716
-127.221570879744,-129.962499564699,5.40064651345778,-12.565758104568,4.44515155172348,0.973056875725221,0.0488689914759162,0.418749990357053,0.0217107782132716
-127.187584603521,-129.891625405257,5.36666023723442,-12.1126766288169,4.33141444540024,0.973056875725221,0.0488689914759162,0.418749990357053,0.0217107782132716
-127.151146972223,-129.822433713612,5.33022260593635,-14.0865539084117,4.3304588637352,0.973056875725221,0.0488689914759162,0.418749990357053,0.0217107782132716
-127.136882691453,-129.754627494045,5.31595832516604,-13.7314175329171,4.32981513357162,0.973056875725221,0.0488689914759162,0.418749990357053,0.0217107782132716
-127.110786575443,-129.687417648917,5.28986220915634,-14.6162067831337,4.30603812551498,0.973056875725221,0.0488689914759162,0.418749990357053,0.0217107782132716
-127.0837560005,-129.622909907099,5.26283163421307,-12.5840927507939,4.28391478872299,0.973056875725221,0.0488689914759162,0.418749990357053,0.0217107782132716
-127.042927869146,-129.559549443918,5.22200350285953,-16.1538963416464,4.14275382375717,0.973056875725221,0.0488689914759162,0.418749990357053,0.0217107782132716
-127.029217205166,-129.497400584842,5.2082928388795,-12.4557853110491,4.11790393209457,0.973056875725221,0.0488689914759162,0.418749990357053,0.0217107782132716
-126.996020281061,-129.437124790125,5.17509591477441,-17.0840181823836,4.09924720144272,0.973056875725221,0.0488689914759162,0.418749990357053,0.0217107782132716
-126.971722628444,-129.378198712702,5.15079826215706,-12.9178146850021,4.0485174498558,0.973056875725221,0.0488689914759162,0.418749990357053,0.0217107782132716
-126.942794237221,-129.321125412801,5.12186987093402,-14.299525243002,4.02359150266647,0.973056875725221,0.0488689914759162,0.418749990357053,0.0217107782132716
-126.903703651528,-129.265801101868,5.08277928524092,-15.1673440472535,4.02191828107834,0.973056875725221,0.0488689914759162,0.418749990357053,0.0217107782132716
-126.875968614305,-129.211871750682,5.05504424801845,-14.7832366602867,3.91150711393356,0.973056875725221,0.0488689914759162,0.418749990357053,0.0217107782132716
-126.837103843893,-129.159873208751,5.0161794776061,-15.4979228593981,3.95545624113083,0.973056875725221,0.0488689914759162,0.418749990357053,0.0217107782132716
-126.814699379576,-129.109963841032,4.99377501328921,-12.7523431989845,3.76870344495773,0.973056875725221,0.0488689914759162,0.418749990357053,0.0217107782132716
-126.782558362622,-129.061788186787,4.96163399633565,-16.0742617215724,3.69669006681442,0.973056875725221,0.0488689914759162,0.418749990357053,0.0217107782132716
-126.751970644099,-129.015397280144,4.93104627781263,-15.0567208721085,3.7669343791008,0.973056875725221,0.0488689914759162,0.418749990357053,0.0217107782132716
-126.707079654801,-128.970875857921,4.88615528851424,-15.7376962760648,3.70007656431198,0.973056875725221,0.0488689914759162,0.418749990357053,0.0217107782132716
-126.679948227552,-128.928224984797,4.85902386126541,-16.053712806366,3.65343664503098,0.973056875725221,0.0488689914759162,0.418749990357053,0.0217107782132716
-126.655699798324,-128.887492770095,4.83477543203756,-13.6984016167003,3.69595096921921,0.973056875725221,0.0488689914759162,0.418749990357053,0.0217107782132716
-126.631637105075,-128.848853700449,4.81071273878875,-16.0188845981956,3.58435819959641,0.973056875725221,0.0488689914759162,0.418749990357053,0.0217107782132716
-126.58843125362,-128.812250596965,4.76750688733282,-14.8170187903473,3.60615204191208,0.973056875725221,0.0488689914759162,0.418749990357053,0.0217107782132716
-126.578787299693,-128.777655177673,4.75786293340633,-14.0259466008489,3.55892322874069,0.973056875725221,0.0488689914759162,0.418749990357053,0.0217107782132716
-126.543171408642,-128.744841339164,4.72224704235516,-14.8471664040309,3.50961540555954,0.973056875725221,0.0488689914759162,0.418749990357053,0.0217107782132716
-126.522203967676,-128.71437894703,4.70127960138972,-14.1256741656721,3.53498886442184,0.973056875725221,0.0488689914759162,0.418749990357053,0.0217107782132716
-126.475515716354,-128.685881685958,4.65459135006718,-15.4479315721198,3.37042663908005,0.973056875725221,0.0488689914759162,0.418749990357053,0.0217107782132716
-126.454972002273,-128.659539404685,4.63404763598588,-13.3845945460845,3.39456842756271,0.973056875725221,0.0488689914759162,0.418749990357053,0.0217107782132716
-126.439985232476,-128.635325471982,4.61906086618935,-13.567990754641,3.34560726499558,0.973056875725221,0.0488689914759162,0.418749990357053,0.0217107782132716
-126.394648535412,-128.613104966414,4.57372416912508,-14.134481331377,3.41843269681931,0.973056875725221,0.0488689914759162,0.418749990357053,0.0217107782132716
-126.379145733004,-128.593100844459,4.5582213667176,-14.7358273284303,3.37098215436935,0.973056875725221,0.0488689914759162,0.418749990357053,0.0217107782132716
-126.352617964385,-128.57535393478,4.53169359809849,-13.4639212355314,3.34932134962082,0.973056875725221,0.0488689914759162,0.418749990357053,0.0217107782132716
-126.334907559531,-128.559685279831,4.51398319324431,-12.8511835880649,3.27557037687302,0.973056875725221,0.0488689914759162,0.418749990357053,0.0217107782132716
-126.299105064421,-128.546213487031,4.47818069813477,-13.6542885128627,3.28132055616379,0.973056875725221,0.0488689914759162,0.418749990357053,0.0217107782132716
-126.288795506853,-128.534932319451,4.46787114056626,-13.6374847474642,3.2324728808403,0.973056875725221,0.0488689914759162,0.418749990357053,0.0217107782132716
-126.247762298101,-128.525838601919,4.42683793181439,-11.2758864324231,3.2768335185051,0.973056875725221,0.0488689914759162,0.418749990357053,0.0217107782132716
-126.238748922584,-128.51885870254,4.41782455629744,-11.4146094819011,3.30102680540085,0.973056875725221,0.0488689914759162,0.418749990357053,0.0217107782132716
-126.198497624952,-128.51427031169,4.377573258665,-10.447847797951,3.2268519244194,0.973056875725221,0.0488689914759162,0.418749990357053,0.0217107782132716
-126.180883543463,-128.51181774898,4.35995917717658,-12.6324744305019,3.25363491392136,0.973056875725221,0.0488689914759162,0.418749990357053,0.0217107782132716
-126.165887137085,-128.51155990763,4.34496277079785,-12.0330748535836,3.16085050916672,0.973056875725221,0.0488689914759162,0.418749990357053,0.0217107782132716
-126.138509832494,-128.513502848789,4.31758546620722,-11.0793630769928,3.27888964033127,0.973056875725221,0.0488689914759162,0.418749990357053,0.0217107782132716
-126.10714311715,-128.517669569407,4.28621875086338,-11.1918104012483,3.19144390439987,0.973056875725221,0.0488689914759162,0.418749990357053,0.0217107782132716
-126.092367061328,-128.524014047314,4.2714426950409,-10.4086543140048,3.18424175596237,0.973056875725221,0.0488689914759162,0.418749990357053,0.0217107782132716
-126.070369834826,-128.532618601125,4.24944546853959,-10.6629957733062,3.18147848463058,0.973056875725221,0.0488689914759162,0.418749990357053,0.0217107782132716
-126.049819756914,-128.543415469898,4.22889539062682,-10.0320120824332,3.13456247663498,0.973056875725221,0.0488689914759162,0.418749990357053,0.0217107782132716
-126.040060342701,-128.556339198011,4.21913597641393,-9.24246458020192,3.09290359830856,0.973056875725221,0.0488689914759162,0.418749990357053,0.0217107782132716
-126.01673247957,-128.571449837431,4.19580811328335,-9.55993551248219,3.09034632062912,0.973056875725221,0.0488689914759162,0.418749990357053,0.0217107782132716
-125.997786638655,-128.58881285155,4.17686227236821,-7.92833232071687,3.1868128619194,0.973056875725221,0.0488689914759162,0.418749990357053,0.0217107782132716
-125.971634270289,-128.608259565959,4.15070990400193,-7.33708951230326,3.13890646314621,0.973056875725221,0.0488689914759162,0.418749990357053,0.0217107782132716
-125.965545131065,-128.629895308351,4.14462076477815,-8.24760090431634,3.04567526197433,0.973056875725221,0.0488689914759162,0.418749990357053,0.0217107782132716
-125.948600399101,-128.653666157967,4.12767603281436,-6.37441200200492,3.11540792798996,0.973056875725221,0.0488689914759162,0.418749990357053,0.0217107782132716
-125.934678988894,-128.679511372142,4.11375462260757,-7.8451063759387,3.11058090543747,0.973056875725221,0.0488689914759162,0.418749990357053,0.0217107782132716
-125.919835386342,-128.707469099068,4.0989110200558,-6.24992215206624,3.16492842054367,0.973056875725221,0.0488689914759162,0.418749990357053,0.0217107782132716
-125.908400338629,-128.737554372147,4.08747597234266,-6.303566366329,3.06708715772629,0.973056875725221,0.0488689914759162,0.418749990357053,0.0217107782132716
-125.902290987457,-128.769670105033,4.08136662117012,-5.80456658724563,3.1637997469902,0.973056875725221,0.0488689914759162,0.418749990357053,0.0217107782132716
-125.892172322017,-128.804082463715,4.07124795572991,-6.43916094193681,3.09291981077194,0.973056875725221,0.0488689914759162,0.418749990357053,0.0217107782132716
-125.875598169843,-128.840098739089,4.05467380355598,-5.85023477267053,3.04610823011398,0.973056875725221,0.0488689914759162,0.418749990357053,0.0217107782132716
-125.875835426274,-128.878282810615,4.05491105998704,-5.39382175259559,3.00040529584885,0.973056875725221,0.0488689914759162,0.418749990357053,0.0217107782132716
-125.862198414666,-128.918437800444,4.0412740483797,-3.98168931093319,3.2790512881279,0.973056875725221,0.0488689914759162,0.418749990357053,0.0217107782132716
-125.857102045996,-128.96063019815,4.03617767970924,-4.54165937512853,3.20695589399338,0.973056875725221,0.0488689914759162,0.418749990357053,0.0217107782132716
-125.850157260352,-129.005022274565,4.02923289406487,-3.43718416361821,3.25552795743942,0.973056875725221,0.0488689914759162,0.418749990357053,0.0217107782132716
-125.837196495601,-129.050819954647,4.01627212931455,-2.97713800568026,3.11340330457687,0.973056875725221,0.0488689914759162,0.418749990357053,0.0217107782132716
-125.82664243432,-129.098687757473,4.00571806803376,-3.40629917236143,3.20765207624435,0.973056875725221,0.0488689914759162,0.418749990357053,0.0217107782132716
-125.827726655486,-129.148390746755,4.00680228919884,-1.71996303923669,3.1891960940361,0.973056875725221,0.0488689914759162,0.418749990357053,0.0217107782132716
-125.806784717768,-129.200009281935,3.9858603514813,-2.56223394875036,3.27934978818893,0.973056875725221,0.0488689914759162,0.418749990357053,0.0217107782132716
-125.817659903396,-129.25294053695,3.9967355371093,-0.988337352359351,3.27480409955978,0.973056875725221,0.0488689914759162,0.418749990357053,0.0217107782132716
-125.816075383938,-129.307918201268,3.99515101765155,-0.76490211193019,3.32237623548508,0.973056875725221,0.0488689914759162,0.418749990357053,0.0217107782132716
-125.81895932802,-129.364766241892,3.99803496173309,0.311936454644743,3.25220297193527,0.973056875725221,0.0488689914759162,0.418749990357053,0.0217107782132716
-125.81066994667,-129.422919577295,3.98974558038326,0.199176739048594,3.36802576398849,0.973056875725221,0.0488689914759162,0.418749990357053,0.0217107782132716
-125.803075649407,-129.483115315767,3.98215128312032,1.99592640228589,3.44183872556686,0.973056875725221,0.0488689914759162,0.418749990357053,0.0217107782132716
-125.804470915118,-129.54476847769,3.98354654883118,3.11999179155571,3.39053724622726,0.973056875725221,0.0488689914759162,0.418749990357053,0.0217107782132716
-125.824325557555,-129.607874528427,4.00340119126782,5.39750781722755,3.44139526700974,0.973056875725221,0.0488689914759162,0.418749990357053,0.0217107782132716
-125.844135190127,-129.672737061577,4.02321082384038,4.86622693152401,3.44121692991257,0.973056875725221,0.0488689914759162,0.418749990357053,0.0217107782132716
-125.830515413888,-129.738805149281,4.00959104760157,4.84283836075235,3.43949220991135,0.973056875725221,0.0488689914759162,0.418749990357053,0.0217107782132716
-125.846074834963,-129.806637894286,4.02515046867649,4.71895032567152,3.41504476881027,0.973056875725221,0.0488689914759162,0.418749990357053,0.0217107782132716
-125.862299869398,-129.875564936731,4.04137550311121,6.73394382041141,3.57857654905319,0.973056875725221,0.0488689914759162,0.418749990357053,0.0217107782132716
-125.875355774333,-129.945668625255,4.05443140804601,8.49604952160962,3.57863520002365,0.973056875725221,0.0488689914759162,0.418749990357053,0.0217107782132716
-125.895076657054,-130.017593568882,4.07415229076716,9.68356294248928,3.48462627744675,0.973056875725221,0.0488689914759162,0.418749990357053,0.0217107782132716
-125.903037756466,-130.090489238825,4.0821133901793,5.45077708064264,3.55840442991257,0.973056875725221,0.0488689914759162,0.418749990357053,0.0217107782132716
-125.92454147793,-130.164428200717,4.10361711164345,7.37251789100542,3.48789165830612,0.973056875725221,0.0488689914759162,0.418749990357053,0.0217107782132716
-125.939904394168,-130.240251250586,4.11898002788164,6.6481937845013,3.72321222639084,0.973056875725221,0.0488689914759162,0.418749990357053,0.0217107782132716
-125.9358544093,-130.316245244883,4.11493004301283,7.46566811904224,3.74240444517136,0.973056875725221,0.0488689914759162,0.418749990357053,0.0217107782132716
-125.962141682518,-130.393772301066,4.14121731623121,8.05611628142949,3.62580536222458,0.973056875725221,0.0488689914759162,0.418749990357053,0.0217107782132716
-125.984040597378,-130.47235982631,4.16311623109114,5.88554349084398,3.70028065061569,0.973056875725221,0.0488689914759162,0.418749990357053,0.0217107782132716
-126.00597674193,-130.551797484966,4.18505237564301,9.46852090914906,3.67772339200974,0.973056875725221,0.0488689914759162,0.418749990357053,0.0217107782132716
-126.026215131419,-130.632464457631,4.20529076513201,8.50559598835529,3.83918093061447,0.973056875725221,0.0488689914759162,0.418749990357053,0.0217107782132716
-126.042463705635,-130.715322983362,4.2215393393488,8.17153900744132,3.69834898328781,0.973056875725221,0.0488689914759162,0.418749990357053,0.0217107782132716
-126.051289661025,-130.796238868745,4.23036529473828,8.91552589317362,3.88537500715256,0.973056875725221,0.0488689914759162,0.418749990357053,0.0217107782132716
-126.068682182819,-130.878515308963,4.24775781653236,6.47849121424296,3.91089819288254,0.973056875725221,0.0488689914759162,0.418749990357053,0.0217107782132716
-126.089047800217,-130.962137399365,4.26812343393032,8.15565911111855,3.81886146879196,0.973056875725221,0.0488689914759162,0.418749990357053,0.0217107782132716
-126.099908728158,-131.046090291727,4.27898436187155,8.90177338064705,3.79485557889938,0.973056875725221,0.0488689914759162,0.418749990357053,0.0217107782132716
-126.113287544728,-131.131115592848,4.29236317844164,6.86784126673706,3.91060207700729,0.973056875725221,0.0488689914759162,0.418749990357053,0.0217107782132716
-126.12651943197,-131.216464325703,4.30559506568295,8.88843007260449,3.93776510572433,0.973056875725221,0.0488689914759162,0.418749990357053,0.0217107782132716
-126.135691324333,-131.30241717238,4.3147669580462,8.27776799714023,3.95803402280808,0.973056875725221,0.0488689914759162,0.418749990357053,0.0217107782132716
-126.158109642858,-131.389107228796,4.33718527657106,7.84751518114402,4.02684424734116,0.973056875725221,0.0488689914759162,0.418749990357053,0.0217107782132716
-126.153489861032,-131.475426539302,4.33256549474567,7.81489214742711,4.05348037099838,0.973056875725221,0.0488689914759162,0.418749990357053,0.0217107782132716
-126.170537532831,-131.562933797869,4.34961316654417,6.68921274252671,4.19610713338852,0.973056875725221,0.0488689914759162,0.418749990357053,0.0217107782132716
-126.196916428201,-131.650184675405,4.37599206191427,10.0104015428082,4.19222377157211,0.973056875725221,0.0488689914759162,0.418749990357053,0.0217107782132716
-126.195328995699,-131.737453991057,4.37440462941252,8.8869377579413,4.263256295681,0.973056875725221,0.0488689914759162,0.418749990357053,0.0217107782132716
-126.20539758826,-131.825209173948,4.38447322197352,9.1996951678489,4.1886827788353,0.973056875725221,0.0488689914759162,0.418749990357053,0.0217107782132716
-126.230110833589,-131.913417338975,4.40918646730262,7.64273295806993,4.35759375905991,0.973056875725221,0.0488689914759162,0.418749990357053,0.0217107782132716
-126.257778675448,-132.000932836906,4.43685430916099,9.06615511409118,4.38031981801987,0.973056875725221,0.0488689914759162,0.418749990357053,0.0217107782132716
-126.270974331656,-132.089104864763,4.45004996536896,10.8190669495377,4.37696002340317,0.973056875725221,0.0488689914759162,0.418749990357053,0.0217107782132716
-126.296428744708,-132.176944762537,4.47550437842112,8.55578775757895,4.51591323232651,0.973056875725221,0.0488689914759162,0.418749990357053,0.0217107782132716
-126.295146845465,-132.264952187633,4.47422247917861,11.729039637446,4.56468604421616,0.973056875725221,0.0488689914759162,0.418749990357053,0.0217107782132716
-126.338154051942,-132.353038752832,4.51722968565529,11.5855074829764,4.63518164968491,0.973056875725221,0.0488689914759162,0.418749990357053,0.0217107782132716
-126.359286874583,-132.439731335359,4.53836250829626,13.5161608786653,4.56453822469711,0.973056875725221,0.0488689914759162,0.418749990357053,0.0217107782132716
-126.37339799005,-132.526904692251,4.55247362376288,12.2436235009438,4.70261500692368,0.973056875725221,0.0488689914759162,0.418749990357053,0.0217107782132716
-126.405108749048,-132.613690357523,4.58418438276098,10.5598364425512,4.77462218618393,0.973056875725221,0.0488689914759162,0.418749990357053,0.0217107782132716
-126.427481209772,-132.700651194921,4.60655684348554,13.4720504062718,4.68307231283188,0.973056875725221,0.0488689914759162,0.418749990357053,0.0217107782132716
-126.457365391814,-132.786486428578,4.63644102552754,15.423075474555,4.84216140127182,0.973056875725221,0.0488689914759162,0.418749990357053,0.0217107782132716
-126.490422671443,-132.871651192613,4.66949830515631,13.9316723114293,4.96040938711166,0.973056875725221,0.0488689914759162,0.418749990357053,0.0217107782132716
-126.523103785053,-132.95705463702,4.70217941876663,14.9691198164249,4.91536925649643,0.973056875725221,0.0488689914759162,0.418749990357053,0.0217107782132716
-126.561399478521,-133.041554228964,4.74047511223472,14.4897078757403,4.91302893972397,0.973056875725221,0.0488689914759162,0.418749990357053,0.0217107782132716
-126.592876915128,-133.124894387108,4.77195254884141,16.0859771461638,5.05725501394272,0.973056875725221,0.0488689914759162,0.418749990357053,0.0217107782132716
-126.636868064095,-133.208070007026,4.81594369780822,15.4633660773472,5.0345432600975,0.973056875725221,0.0488689914759162,0.418749990357053,0.0217107782132716
-126.661588927696,-133.290350534489,4.84066456140886,15.6202517563209,5.10556910848618,0.973056875725221,0.0488689914759162,0.418749990357053,0.0217107782132716
-126.698081501208,-133.371774864301,4.87715713492173,15.9993004453805,5.12811110830307,0.973056875725221,0.0488689914759162,0.418749990357053,0.0217107782132716
-126.731220033635,-133.452589353668,4.91029566734827,15.0853143860122,5.12845538473129,0.973056875725221,0.0488689914759162,0.418749990357053,0.0217107782132716
-126.754704230651,-133.532026128621,4.93377986436441,17.099479141216,5.29072497701645,0.973056875725221,0.0488689914759162,0.418749990357053,0.0217107782132716
-126.789749130542,-133.61080723331,4.96882476425506,15.406033514162,5.36527274465561,0.973056875725221,0.0488689914759162,0.418749990357053,0.0217107782132716
-126.819183880874,-133.688466611779,4.99825951458718,15.9791321164521,5.31424735403061,0.973056875725221,0.0488689914759162,0.418749990357053,0.0217107782132716
-126.851075248046,-133.765676624852,5.0301508817592,16.067025605769,5.40457175588608,0.973056875725221,0.0488689914759162,0.418749990357053,0.0217107782132716
-126.87600873037,-133.840824275138,5.05508436408322,13.876906773939,5.47944377279282,0.973056875725221,0.0488689914759162,0.418749990357053,0.0217107782132716
-126.905628095479,-133.915409707883,5.08470372919206,15.7706224044944,5.43206427907944,0.973056875725221,0.0488689914759162,0.418749990357053,0.0217107782132716
-126.935030086914,-133.988483831183,5.11410572062762,14.7283171539695,5.45840094900131,0.973056875725221,0.0488689914759162,0.418749990357053,0.0217107782132716
-126.977464053663,-134.060279523425,5.15653968737626,17.4483291247431,5.59805987691879,0.973056875725221,0.0488689914759162,0.418749990357053,0.0217107782132716
-126.995093094946,-134.131020487502,5.17416872865953,13.9616857614514,5.69438098287582,0.973056875725221,0.0488689914759162,0.418749990357053,0.0217107782132716
-127.030447016309,-134.200198728475,5.20952265002214,14.0803215965945,5.59804366445541,0.973056875725221,0.0488689914759162,0.418749990357053,0.0217107782132716
-127.045772027645,-134.268264778473,5.22484766135858,15.7410637997059,5.7147304854393,0.973056875725221,0.0488689914759162,0.418749990357053,0.0217107782132716
-127.081403555538,-134.335017737974,5.2604791892509,14.6413395129104,5.81106303548813,0.973056875725221,0.0488689914759162,0.418749990357053,0.0217107782132716
-127.121963446964,-134.399870854394,5.30103908067775,14.4207688706679,5.8090383849144,0.973056875725221,0.0488689914759162,0.418749990357053,0.0217107782132716
-127.136726969038,-134.463366376039,5.31580260275175,15.0924098551799,5.85178969717026,0.973056875725221,0.0488689914759162,0.418749990357053,0.0217107782132716
-127.177077258435,-134.52533713977,5.35615289214816,14.7310269518742,5.87716983175278,0.973056875725221,0.0488689914759162,0.418749990357053,0.0217107782132716
-127.197568379692,-134.585792075851,5.37664401340562,15.4042417389231,5.92623351430893,0.973056875725221,0.0488689914759162,0.418749990357053,0.0217107782132716
-127.215205422376,-134.644583562648,5.39428105608883,13.4907930517563,5.85753367757797,0.973056875725221,0.0488689914759162,0.418749990357053,0.0217107782132716
-127.244769202719,-134.702582703782,5.42384483643243,15.7248307137957,6.09036849355698,0.973056875725221,0.0488689914759162,0.418749990357053,0.0217107782132716
-127.283789377474,-134.757729713327,5.46286501118773,14.3237351497468,6.11442397451401,0.973056875725221,0.0488689914759162,0.418749990357053,0.0217107782132716
-127.297784312033,-134.811031328478,5.47685994574676,15.142762879225,6.04477523183823,0.973056875725221,0.0488689914759162,0.418749990357053,0.0217107782132716
-127.335240572406,-134.86260666473,5.51431620611961,13.2307321896399,6.13785479879379,0.973056875725221,0.0488689914759162,0.418749990357053,0.0217107782132716
-127.360023190727,-134.912697355789,5.53909882444031,13.1568433853151,6.09178374624252,0.973056875725221,0.0488689914759162,0.418749990357053,0.0217107782132716
-127.401469636456,-134.96094580974,5.58054527016899,15.4525293868612,6.16389487600327,0.973056875725221,0.0488689914759162,0.418749990357053,0.0217107782132716
-127.415832584952,-135.00758853353,5.59490821866579,13.3294369335107,6.15830062246323,0.973056875725221,0.0488689914759162,0.418749990357053,0.0217107782132716
-127.449840999712,-135.052044877765,5.62891663342507,14.9462589333876,6.32537768697739,0.973056875725221,0.0488689914759162,0.418749990357053,0.0217107782132716
-127.470649411432,-135.094645548718,5.64972504514513,13.1886046595731,6.39515326833725,0.973056875725221,0.0488689914759162,0.418749990357053,0.0217107782132716
-127.507791356686,-135.135298592461,5.68686699039908,15.0913673410789,6.3772003493309,0.973056875725221,0.0488689914759162,0.418749990357053,0.0217107782132716
-127.537664369066,-135.174014265731,5.71674000277922,12.9616657249754,6.30307792043686,0.973056875725221,0.0488689914759162,0.418749990357053,0.0217107782132716
-127.56967423415,-135.210826156536,5.74874986786292,11.8768922871667,6.39652465200424,0.973056875725221,0.0488689914759162,0.418749990357053,0.0217107782132716
-127.592888395951,-135.245349483095,5.77196402966465,13.2343915009662,6.47048114156723,0.973056875725221,0.0488689914759162,0.418749990357053,0.0217107782132716
-127.608494379931,-135.277909563952,5.78757001364388,13.7223276515113,6.39656375265121,0.973056875725221,0.0488689914759162,0.418749990357053,0.0217107782132716
-127.638952971359,-135.30850863208,5.81802860507197,13.1193048802471,6.42035029745102,0.973056875725221,0.0488689914759162,0.418749990357053,0.0217107782132716
-127.660437513997,-135.337081116414,5.83951314771028,11.568105378574,6.56010173177719,0.973056875725221,0.0488689914759162,0.418749990357053,0.0217107782132716
-127.682104690769,-135.363335157773,5.86118032448263,13.0324466774643,6.49227546072006,0.973056875725221,0.0488689914759162,0.418749990357053,0.0217107782132716
-127.711256893006,-135.387567400117,5.89033252671886,12.4404621688689,6.46753047323227,0.973056875725221,0.0488689914759162,0.418749990357053,0.0217107782132716
-127.723080763209,-135.409681086559,5.90215639692182,11.4328364993112,6.58315108633041,0.973056875725221,0.0488689914759162,0.418749990357053,0.0217107782132716
-127.752417734104,-135.429726779191,5.93149336781693,11.9305738968164,6.67607997274399,0.973056875725221,0.0488689914759162,0.418749990357053,0.0217107782132716
-127.778424772305,-135.447496023208,5.95750040601836,10.8240609562781,6.62784312582016,0.973056875725221,0.0488689914759162,0.418749990357053,0.0217107782132716
-127.782510783575,-135.463138581215,5.96158641728844,10.5164974773549,6.74996112203598,0.973056875725221,0.0488689914759162,0.418749990357053,0.0217107782132716
-127.814802603154,-135.476588505639,5.9938782368669,10.4451210834896,6.72815059041977,0.973056875725221,0.0488689914759162,0.418749990357053,0.0217107782132716
-127.840282470982,-135.487866199905,6.01935810469517,11.9663486276265,6.72442553853989,0.973056875725221,0.0488689914759162,0.418749990357053,0.0217107782132716
-127.863408896496,-135.496969857319,6.0424845302095,9.84368217886859,6.65467475271225,0.973056875725221,0.0488689914759162,0.418749990357053,0.0217107782132716
-127.865551418292,-135.503842654921,6.04462705200562,12.0104569259774,6.77236865377426,0.973056875725221,0.0488689914759162,0.418749990357053,0.0217107782132716
-127.876861138693,-135.508519405115,6.0559367724061,8.77510720884775,6.7712433180809,0.973056875725221,0.0488689914759162,0.418749990357053,0.0217107782132716
-127.915182945208,-135.510983038519,6.09425857892112,11.2552917207687,6.86386035299301,0.973056875725221,0.0488689914759162,0.418749990357053,0.0217107782132716
-127.919744825231,-135.511236082928,6.09882045894441,7.01234088808775,6.86277602529526,0.973056875725221,0.0488689914759162,0.418749990357053,0.0217107782132716
-127.944248849709,-135.509283413637,6.12332448342218,9.64071194249951,6.88863490438461,0.973056875725221,0.0488689914759162,0.418749990357053,0.0217107782132716
-127.963821621313,-135.505125894532,6.14289725502676,7.97482943132647,6.74775622701645,0.973056875725221,0.0488689914759162,0.418749990357053,0.0217107782132716
-127.970287602203,-135.498735745423,6.14936323591631,12.4332930167432,6.91085837697983,0.973056875725221,0.0488689914759162,0.418749990357053,0.0217107782132716
-127.993013191385,-135.490157885292,6.17208882509809,7.6562343237996,6.86527751302719,0.973056875725221,0.0488689914759162,0.418749990357053,0.0217107782132716
-128.008581691342,-135.479413161306,6.18765732505513,10.0799394247328,6.95701907491684,0.973056875725221,0.0488689914759162,0.418749990357053,0.0217107782132716
-128.028387479109,-135.466476991532,6.20746311282255,7.76432140554898,6.93698619222641,0.973056875725221,0.0488689914759162,0.418749990357053,0.0217107782132716
-128.049153409764,-135.451350122237,6.22822904347714,7.89284060920154,6.90953372335434,0.973056875725221,0.0488689914759162,0.418749990357053,0.0217107782132716
-128.056595191812,-135.433948143294,6.23567082552531,8.57866707142991,6.95754264211655,0.973056875725221,0.0488689914759162,0.418749990357053,0.0217107782132716
-128.074612547042,-135.414531625595,6.25368818075567,7.65005084325745,7.02722953176498,0.973056875725221,0.0488689914759162,0.418749990357053,0.0217107782132716
-128.114442318314,-135.392852079353,6.29351795202682,6.33215863492193,6.88729403829575,0.973056875725221,0.0488689914759162,0.418749990357053,0.0217107782132716
-128.117979329654,-135.369088499824,6.29705496336749,7.36819053682473,6.9583885512352,0.973056875725221,0.0488689914759162,0.418749990357053,0.0217107782132716
-128.120323447748,-135.343252609185,6.29939908146179,5.06445168154758,6.91357158041,0.973056875725221,0.0488689914759162,0.418749990357053,0.0217107782132716
-128.126645238212,-135.315254315694,6.30572087192519,7.9025533468444,6.98432849264145,0.973056875725221,0.0488689914759162,0.418749990357053,0.0217107782132716
-128.15122871153,-135.285215760631,6.33030434524307,5.87319766537056,6.95850299215317,0.973056875725221,0.0488689914759162,0.418749990357053,0.0217107782132716
-128.157851452946,-135.253110172428,6.33692708665951,6.63444486809189,6.8619587264061,0.973056875725221,0.0488689914759162,0.418749990357053,0.0217107782132716
-128.171615990725,-135.218722023296,6.35069162443808,6.18551183954241,6.93414138174057,0.973056875725221,0.0488689914759162,0.418749990357053,0.0217107782132716
-128.173960205062,-135.182648547425,6.35303583877492,4.47900904088508,6.79509757375717,0.973056875725221,0.0488689914759162,0.418749990357053,0.0217107782132716
-128.186552703376,-135.143863345781,6.36562833708948,5.81889636412893,6.86664889669418,0.973056875725221,0.0488689914759162,0.418749990357053,0.0217107782132716
-128.211950455688,-135.103960648198,6.39102608940148,3.88915355212267,6.86806701040268,0.973056875725221,0.0488689914759162,0.418749990357053,0.0217107782132716
-128.199329482165,-135.061939723239,6.37840511587809,3.18791193876596,6.84436724996567,0.973056875725221,0.0488689914759162,0.418749990357053,0.0217107782132716
-128.214549449718,-135.017698643996,6.39362508343158,2.54515226474433,6.74644969320297,0.973056875725221,0.0488689914759162,0.418749990357053,0.0217107782132716
-128.22678882195,-134.971539796793,6.40586445566327,4.00149600127667,6.74829314565659,0.973056875725221,0.0488689914759162,0.418749990357053,0.0217107782132716
-128.233796579533,-134.922956591359,6.41287221324646,2.10316027709652,6.76997779226303,0.973056875725221,0.0488689914759162,0.418749990357053,0.0217107782132716
-128.232955941608,-134.874001155024,6.41203157532083,0.341565164033214,6.7033026061058,0.973056875725221,0.0488689914759162,0.418749990357053,0.0217107782132716
-128.235386884138,-134.822999157677,6.41446251785088,-1.00875295071401,6.68164180135727,0.973056875725221,0.0488689914759162,0.418749990357053,0.0217107782132716
-128.230087342013,-134.769694188311,6.40916297572677,-0.554724662580561,6.70420859670639,0.973056875725221,0.0488689914759162,0.418749990357053,0.0217107782132716
-128.226545763543,-134.714811290197,6.40562139725656,-0.176141831792072,6.72639296865463,0.973056875725221,0.0488689914759162,0.418749990357053,0.0217107782132716
-128.22508978643,-134.65792005801,6.4041654201438,-1.31788622467584,6.6555731139183,0.973056875725221,0.0488689914759162,0.418749990357053,0.0217107782132716
-128.226830786462,-134.59954475776,6.40590642017491,-5.39536040473864,6.56326030111313,0.973056875725221,0.0488689914759162,0.418749990357053,0.0217107782132716
-128.211747010417,-134.539252908616,6.39082264413038,-3.97107080185191,6.61167834615707,0.973056875725221,0.0488689914759162,0.418749990357053,0.0217107782132716
-128.21030347134,-134.477945778125,6.38937910505347,-4.27022668911607,6.54099009847641,0.973056875725221,0.0488689914759162,0.418749990357053,0.0217107782132716
-128.199897531089,-134.414868204003,6.37897316480271,-6.1477679880832,6.51292250967026,0.973056875725221,0.0488689914759162,0.418749990357053,0.0217107782132716
-128.193541069274,-134.349793761835,6.3726167029873,-4.45862072149761,6.60502551412582,0.973056875725221,0.0488689914759162,0.418749990357053,0.0217107782132716
-128.17817935027,-134.28385536449,6.35725498398351,-8.06213859630166,6.35191462850571,0.973056875725221,0.0488689914759162,0.418749990357053,0.0217107782132716
-128.165995204195,-134.216312931697,6.34507083790828,-7.16335792883201,6.44081805562973,0.973056875725221,0.0488689914759162,0.418749990357053,0.0217107782132716
-128.157881279091,-134.147222847326,6.33695691280464,-7.15702305522751,6.35104297018051,0.973056875725221,0.0488689914759162,0.418749990357053,0.0217107782132716
-128.142101007352,-134.077025884928,6.32117664106546,-5.52490421923243,6.4898769698143,0.973056875725221,0.0488689914759162,0.418749990357053,0.0217107782132716
-128.127416170865,-134.004995675505,6.30649180457854,-4.92079190519971,6.3729393324852,0.973056875725221,0.0488689914759162,0.418749990357053,0.0217107782132716
-128.115891457385,-133.932376978131,6.29496709109847,-7.56580271485826,6.39082835531235,0.973056875725221,0.0488689914759162,0.418749990357053,0.0217107782132716
-128.09815824551,-133.85826100237,6.2772338792236,-6.34682586416273,6.37092326498032,0.973056875725221,0.0488689914759162,0.418749990357053,0.0217107782132716
-128.080047997353,-133.782635284418,6.25912363106629,-5.13598548335502,6.3701259932518,0.973056875725221,0.0488689914759162,0.418749990357053,0.0217107782132716
-128.086470621874,-133.706468277906,6.26554625558762,-6.99552326289928,6.32584308004379,0.973056875725221,0.0488689914759162,0.418749990357053,0.0217107782132716
-128.054186117394,-133.628772711508,6.23326175110739,-5.1279374358391,6.32642958974838,0.973056875725221,0.0488689914759162,0.418749990357053,0.0217107782132716
-128.046007801826,-133.550662292958,6.22508343553971,-5.54638790050057,6.15664027547836,0.973056875725221,0.0488689914759162,0.418749990357053,0.0217107782132716
-128.044276798558,-133.470989075615,6.22335243227115,-6.84468098268861,6.11149333333969,0.973056875725221,0.0488689914759162,0.418749990357053,0.0217107782132716
-128.018849802104,-133.390389461917,6.1979254358169,-5.39173573175492,6.20416758871078,0.973056875725221,0.0488689914759162,0.418749990357053,0.0217107782132716
-128.017907302419,-133.309401543723,6.19698293613241,-8.03790339666111,6.20261691427231,0.973056875725221,0.0488689914759162,0.418749990357053,0.0217107782132716
-128.012484472122,-133.227088237769,6.19156010583524,-5.68525153417331,6.11425708150864,0.973056875725221,0.0488689914759162,0.418749990357053,0.0217107782132716
-128.00573709505,-133.144360155626,6.18481272876359,-6.11463929968957,6.08676741933823,0.973056875725221,0.0488689914759162,0.418749990357053,0.0217107782132716
-127.989471276924,-133.06087877537,6.16854691063712,-6.08510888153486,6.08819983816147,0.973056875725221,0.0488689914759162,0.418749990357053,0.0217107782132716
-127.988253893341,-132.976221974509,6.16732952705404,-6.12953859551412,5.94942782735825,0.973056875725221,0.0488689914759162,0.418749990357053,0.0217107782132716
-127.964323210671,-132.891822585435,6.14339884438447,-4.53261132793839,5.92569373464584,0.973056875725221,0.0488689914759162,0.418749990357053,0.0217107782132716
-127.958227586667,-132.806362402134,6.13730322038064,-7.20254309872834,5.85406325674057,0.973056875725221,0.0488689914759162,0.418749990357053,0.0217107782132716
-127.952690135167,-132.720368650235,6.13176576888058,-5.15244402611214,5.87773154592514,0.973056875725221,0.0488689914759162,0.418749990357053,0.0217107782132716
-127.937353071396,-132.634142898561,6.11642870510912,-8.77097186600883,5.78344939565659,0.973056875725221,0.0488689914759162,0.418749990357053,0.0217107782132716
-127.929911979423,-132.547203751256,6.10898761313594,-7.27157991925506,5.80843089437485,0.973056875725221,0.0488689914759162,0.418749990357053,0.0217107782132716
-127.92407872194,-132.460330278652,6.10315435565376,-8.6799557845042,5.71360133504868,0.973056875725221,0.0488689914759162,0.418749990357053,0.0217107782132716
-127.895463272137,-132.372600985812,6.07453890585058,-8.2217977393489,5.71599505758286,0.973056875725221,0.0488689914759162,0.418749990357053,0.0217107782132716
-127.884243581775,-132.28519574374,6.06331921548861,-8.24937210295252,5.73998473501205,0.973056875725221,0.0488689914759162,0.418749990357053,0.0217107782132716
-127.872284484707,-132.197545032066,6.0513601184205,-8.34339400169459,5.69101546621323,0.973056875725221,0.0488689914759162,0.418749990357053,0.0217107782132716
-127.845752957035,-132.109137664213,6.02482859074821,-10.4975877152199,5.57248519277573,0.973056875725221,0.0488689914759162,0.418749990357053,0.0217107782132716
-127.825662227934,-132.021548669976,6.00473786164693,-10.4359956408764,5.5514700255394,0.973056875725221,0.0488689914759162,0.418749990357053,0.0217107782132716
-127.822048173836,-131.933492038157,6.00112380754919,-10.4381226210395,5.48105262136459,0.973056875725221,0.0488689914759162,0.418749990357053,0.0217107782132716
-127.786303552477,-131.845673263274,5.96537918619078,-9.91753067336809,5.41185782766342,0.973056875725221,0.0488689914759162,0.418749990357053,0.0217107782132716
-127.761522612742,-131.757906655694,5.94059824645546,-11.2651914517457,5.505612596035,0.973056875725221,0.0488689914759162,0.418749990357053,0.0217107782132716
-127.751287678259,-131.669934753087,5.93036331197225,-11.7358702177079,5.29099582052231,0.973056875725221,0.0488689914759162,0.418749990357053,0.0217107782132716
-127.715511911223,-131.582794165635,5.89458754493585,-12.0037732306043,5.31851600027084,0.973056875725221,0.0488689914759162,0.418749990357053,0.0217107782132716
-127.694448176477,-131.495777309307,5.87352381019016,-11.0511373282331,5.26725505208969,0.973056875725221,0.0488689914759162,0.418749990357053,0.0217107782132716
-127.663693952086,-131.408682217976,5.84276958579935,-13.8993011470038,5.36479495382309,0.973056875725221,0.0488689914759162,0.418749990357053,0.0217107782132716
-127.633845003111,-131.322381357744,5.81292063682384,-14.5622904984147,5.22341941213608,0.973056875725221,0.0488689914759162,0.418749990357053,0.0217107782132716
-127.607399909721,-131.236033567875,5.7864755434345,-12.5455254712361,5.20273707723618,0.973056875725221,0.0488689914759162,0.418749990357053,0.0217107782132716
-127.574893543199,-131.150626518241,5.7539691769119,-12.405048727648,5.17457412099838,0.973056875725221,0.0488689914759162,0.418749990357053,0.0217107782132716
-127.548277172364,-131.064853022473,5.72735280607708,-12.6490944075404,5.12815116262436,0.973056875725221,0.0488689914759162,0.418749990357053,0.0217107782132716
-127.530314094738,-130.98108151648,5.7093897284517,-13.5139254192945,5.10507891988754,0.973056875725221,0.0488689914759162,0.418749990357053,0.0217107782132716
-127.497485868662,-130.897722761329,5.67656150237497,-14.1656937191005,5.01266501760483,0.973056875725221,0.0488689914759162,0.418749990357053,0.0217107782132716
-127.466621485898,-130.814775355711,5.6456971196111,-12.0314101132668,4.89374659872055,0.973056875725221,0.0488689914759162,0.418749990357053,0.0217107782132716
-127.449717982884,-130.732455317959,5.62879361659743,-14.416065230101,4.91463397359848,0.973056875725221,0.0488689914759162,0.418749990357053,0.0217107782132716
-127.425536142125,-130.651127506567,5.60461177583835,-12.647193124784,4.86875174856186,0.973056875725221,0.0488689914759162,0.418749990357053,0.0217107782132716
-127.397910655431,-130.570168514064,5.57698628914385,-16.1743715087658,4.84290812826157,0.973056875725221,0.0488689914759162,0.418749990357053,0.0217107782132716
-127.380249608962,-130.4903449607,5.55932524267486,-12.3054426096078,4.72880767202377,0.973056875725221,0.0488689914759162,0.418749990357053,0.0217107782132716
-127.353644269618,-130.411475880387,5.5327199033311,-13.8992584683641,4.63091586446762,0.973056875725221,0.0488689914759162,0.418749990357053,0.0217107782132716
-127.313711735914,-130.334108587736,5.49278736962752,-11.2657296498314,4.63434527730942,0.973056875725221,0.0488689914759162,0.418749990357053,0.0217107782132716
-127.306833208264,-130.25757318124,5.48590884197689,-14.0457357187815,4.70376895284653,0.973056875725221,0.0488689914759162,0.418749990357053,0.0217107782132716
-127.271564052218,-130.181748328879,5.45063968593149,-11.2772336731206,4.60996363973618,0.973056875725221,0.0488689914759162,0.418749990357053,0.0217107782132716
-127.247548815263,-130.107755947794,5.42662444897632,-14.4419752100985,4.56190131521225,0.973056875725221,0.0488689914759162,0.418749990357053,0.0217107782132716
-127.2264652,-130.034511281984,5.40554083371328,-11.9759990213633,4.49443648672104,0.973056875725221,0.0488689914759162,0.418749990357053,0.0217107782132716
-127.212265873428,-129.962159514176,5.39134150714174,-13.9194818593381,4.44869063711166,0.973056875725221,0.0488689914759162,0.418749990357053,0.0217107782132716
-127.175942113802,-129.89178394847,5.35501774751482,-12.6067575694857,4.44397185659409,0.973056875725221,0.0488689914759162,0.418749990357053,0.0217107782132716
-127.16000897643,-129.822294617858,5.33908461014374,-15.0216771429945,4.35165904378891,0.973056875725221,0.0488689914759162,0.418749990357053,0.0217107782132716
-127.133953393038,-129.754475208656,5.31302902675126,-12.902077757135,4.32793830251694,0.973056875725221,0.0488689914759162,0.418749990357053,0.0217107782132716
-127.091294416904,-129.687597995665,5.27037005061753,-12.9785918437056,4.14176390981674,0.973056875725221,0.0488689914759162,0.418749990357053,0.0217107782132716
-127.072026895942,-129.622733619088,5.25110252965505,-14.8189050358182,4.2592975935936,0.973056875725221,0.0488689914759162,0.418749990357053,0.0217107782132716
-127.05304717539,-129.559115454786,5.23212280910332,-14.7252872150573,4.23728583669662,0.973056875725221,0.0488689914759162,0.418749990357053,0.0217107782132716
-127.00844450952,-129.497203607522,5.18752014323334,-14.1163511011533,4.14375995016098,0.973056875725221,0.0488689914759162,0.418749990357053,0.0217107782132716
-126.996300792716,-129.436549394798,5.17537642642921,-13.7387387533756,4.14283297872543,0.973056875725221,0.0488689914759162,0.418749990357053,0.0217107782132716
-126.949068839632,-129.377846434803,5.128144473345,-15.3577720531875,4.07032321310043,0.973056875725221,0.0488689914759162,0.418749990357053,0.0217107782132716
-126.930092313714,-129.320890657754,5.10916794742769,-13.3140650722503,4.00011013364792,0.973056875725221,0.0488689914759162,0.418749990357053,0.0217107782132716
-126.893449842939,-129.265436951632,5.07252547665268,-15.5937010395307,3.93192051267624,0.973056875725221,0.0488689914759162,0.418749990357053,0.0217107782132716
-126.866737644456,-129.211771056139,5.04581327816964,-14.841596019125,3.88599346494675,0.973056875725221,0.0488689914759162,0.418749990357053,0.0217107782132716
-126.834909176019,-129.159946175979,5.01398480973236,-14.8781176399904,3.90746591901779,0.973056875725221,0.0488689914759162,0.418749990357053,0.0217107782132716
-126.79621327192,-129.109817232094,4.97528890563373,-14.4306335077327,3.74133823728561,0.973056875725221,0.0488689914759162,0.418749990357053,0.0217107782132716
-126.780501730252,-129.061556770405,4.95957736396557,-14.0950710671191,3.78960989332199,0.973056875725221,0.0488689914759162,0.418749990357053,0.0217107782132716
-126.749815158602,-129.015153357586,4.92889079231565,-15.3493216539434,3.81461284971237,0.973056875725221,0.0488689914759162,0.418749990357053,0.0217107782132716
-126.716489374348,-128.970699283187,4.89556500806124,-15.5167328636975,3.74239967679977,0.973056875725221,0.0488689914759162,0.418749990357053,0.0217107782132716
-126.693146391027,-128.928135655032,4.87222202474,-14.2608470964325,3.65045021390915,0.973056875725221,0.0488689914759162,0.418749990357053,0.0217107782132716
-126.661205699115,-128.887492770095,4.84028133282838,-15.1962726906718,3.67211531019211,0.973056875725221,0.0488689914759162,0.418749990357053,0.0217107782132716
-126.622712720434,-128.848727924391,4.8017883541473,-15.0323851850992,3.57992122983933,0.973056875725221,0.0488689914759162,0.418749990357053,0.0217107782132716
-126.595782976095,-128.812050718722,4.77485860980856,-14.7350002365976,3.62789581632614,0.973056875725221,0.0488689914759162,0.418749990357053,0.0217107782132716
-126.572281328402,-128.777518796525,4.75135696211562,-13.7704621565387,3.60604904508591,0.973056875725221,0.0488689914759162,0.418749990357053,0.0217107782132716
-126.531010900497,-128.744841339164,4.71008653420984,-14.0983329712644,3.53422544813156,0.973056875725221,0.0488689914759162,0.418749990357053,0.0217107782132716
-126.517837021682,-128.714185438983,4.69691265539554,-14.7783629728568,3.50882814741135,0.973056875725221,0.0488689914759162,0.418749990357053,0.0217107782132716
-126.491498765278,-128.685705170899,4.67057439899099,-14.0809661366979,3.46407554960251,0.973056875725221,0.0488689914759162,0.418749990357053,0.0217107782132716
-126.447522873582,-128.659445845397,4.62659850729558,-15.0024419256896,3.41803263044357,0.973056875725221,0.0488689914759162,0.418749990357053,0.0217107782132716
-126.415947393861,-128.635220397546,4.59502302757456,-13.7370350887779,3.44189737653732,0.973056875725221,0.0488689914759162,0.418749990357053,0.0217107782132716
-126.416539226109,-128.613047254809,4.59561485982266,-14.8600033215808,3.41753004407883,0.973056875725221,0.0488689914759162,0.418749990357053,0.0217107782132716
-126.383178261201,-128.593010768335,4.56225389491452,-12.9378978669271,3.37075708723068,0.973056875725221,0.0488689914759162,0.418749990357053,0.0217107782132716
-126.354356387754,-128.575262175591,4.53343202146764,-12.6778467576505,3.35014723157883,0.973056875725221,0.0488689914759162,0.418749990357053,0.0217107782132716
-126.315942292356,-128.559624544081,4.4950179260696,-12.9766099443785,3.32782457685471,0.973056875725221,0.0488689914759162,0.418749990357053,0.0217107782132716
-126.301617127987,-128.546172188742,4.48069276170043,-13.1583532759051,3.23145817136765,0.973056875725221,0.0488689914759162,0.418749990357053,0.0217107782132716
-126.274048384226,-128.534858323612,4.45312401793938,-12.2764640715875,3.27652357435226,0.973056875725221,0.0488689914759162,0.418749990357053,0.0217107782132716
-126.251839876114,-128.525832893039,4.43091550982735,-11.9463268233242,3.25685118055344,0.973056875725221,0.0488689914759162,0.418749990357053,0.0217107782132716
-126.227493421604,-128.51893623027,4.40656905531708,-13.4181681045397,3.22980879163742,0.973056875725221,0.0488689914759162,0.418749990357053,0.0217107782132716
-126.212012648812,-128.514227573159,4.3910882825258,-11.2461268361448,3.27961586332321,0.973056875725221,0.0488689914759162,0.418749990357053,0.0217107782132716
-126.171996019283,-128.51180262318,4.35107165299667,-13.0306707420841,3.23354433393478,0.973056875725221,0.0488689914759162,0.418749990357053,0.0217107782132716
-126.15739310065,-128.511564375342,4.33646873436366,-10.6354054733067,3.14162300443649,0.973056875725221,0.0488689914759162,0.418749990357053,0.0217107782132716
-126.135456703051,-128.513524356605,4.31453233676449,-10.5205992936879,3.1870684466362,0.973056875725221,0.0488689914759162,0.418749990357053,0.0217107782132716
-126.106616972685,-128.517695321912,4.28569260639808,-10.7144036700961,3.16542051649094,0.973056875725221,0.0488689914759162,0.418749990357053,0.0217107782132716
-126.102139617365,-128.524073717119,4.28121525107847,-9.41029136926702,3.16332434034348,0.973056875725221,0.0488689914759162,0.418749990357053,0.0217107782132716
-126.072545852629,-128.532661282395,4.25162148634259,-12.1034852257453,3.1153378329277,0.973056875725221,0.0488689914759162,0.418749990357053,0.0217107782132716
-126.047181048903,-128.543469267356,4.22625668261598,-8.4251219420932,3.16297529554367,0.973056875725221,0.0488689914759162,0.418749990357053,0.0217107782132716
-126.021173253801,-128.556456526061,4.20024888751477,-10.0855736973176,3.14102695798874,0.973056875725221,0.0488689914759162,0.418749990357053,0.0217107782132716
-126.021977325835,-128.571589176557,4.2010529595479,-8.15389275303953,3.11658809995651,0.973056875725221,0.0488689914759162,0.418749990357053,0.0217107782132716
-125.997442728814,-128.588907191438,4.17651836252725,-8.58730585214726,3.02590034818649,0.973056875725221,0.0488689914759162,0.418749990357053,0.0217107782132716
-125.980048297535,-128.608301218725,4.15912393124804,-8.53712820749209,3.1190900645256,0.973056875725221,0.0488689914759162,0.418749990357053,0.0217107782132716
-125.970112548792,-128.630106428821,4.14918818250523,-8.3335342244419,3.04465053892136,0.973056875725221,0.0488689914759162,0.418749990357053,0.0217107782132716
-125.93734266844,-128.653751991329,4.1164183021529,-7.51455914518063,3.16555021619797,0.973056875725221,0.0488689914759162,0.418749990357053,0.0217107782132716
-125.947869758757,-128.679671952522,4.1269453924708,-7.91609391535703,3.02318666791916,0.973056875725221,0.0488689914759162,0.418749990357053,0.0217107782132716
-125.92280940717,-128.707611003753,4.10188504088285,-6.18226577667405,3.1159710726738,0.973056875725221,0.0488689914759162,0.418749990357053,0.0217107782132716
-125.907834798934,-128.737865970909,4.0869104326475,-6.69828654625176,3.16538904523849,0.973056875725221,0.0488689914759162,0.418749990357053,0.0217107782132716
-125.899998902192,-128.769970649907,4.07907453590486,-5.1050960035345,3.18446110105515,0.973056875725221,0.0488689914759162,0.418749990357053,0.0217107782132716
-125.877340306793,-128.804158029194,4.05641594050668,-5.52438533615842,3.02186582899094,0.973056875725221,0.0488689914759162,0.418749990357053,0.0217107782132716
-125.88206211027,-128.840320607331,4.0611377439829,-5.84178038077635,3.07101295804977,0.973056875725221,0.0488689914759162,0.418749990357053,0.0217107782132716
-125.865395209683,-128.878581993784,4.04447084339668,-5.31068222956229,3.16557548856735,0.973056875725221,0.0488689914759162,0.418749990357053,0.0217107782132716
-125.865312415216,-128.918810892098,4.0443880489289,-5.09253186365,3.11638353681564,0.973056875725221,0.0488689914759162,0.418749990357053,0.0217107782132716
-125.851341204608,-128.960969473079,4.03041683832137,-3.1491768378732,3.2334723315239,0.973056875725221,0.0488689914759162,0.418749990357053,0.0217107782132716
-125.843750675369,-129.004941738083,4.02282630908224,-4.1342641819505,3.07055090284348,0.973056875725221,0.0488689914759162,0.418749990357053,0.0217107782132716
-125.840139910355,-129.051077263796,4.01921554406789,-3.29092878269067,3.25499628400803,0.973056875725221,0.0488689914759162,0.418749990357053,0.0217107782132716
-125.832503850738,-129.098920350137,4.01157948445169,-3.08054040444608,3.3032941660881,0.973056875725221,0.0488689914759162,0.418749990357053,0.0217107782132716
-125.830296857543,-129.148589810819,4.00937249125641,-2.33864684243002,3.23117254590988,0.973056875725221,0.0488689914759162,0.418749990357053,0.0217107782132716
-125.820570924316,-129.200053004301,3.9996465580289,-2.01096417110595,3.30294416761398,0.973056875725221,0.0488689914759162,0.418749990357053,0.0217107782132716
-125.81589667248,-129.253340753429,3.99497230619339,-0.723759169725557,3.36892460203171,0.973056875725221,0.0488689914759162,0.418749990357053,0.0217107782132716
-125.815708743254,-129.308291192278,3.9947843769676,1.94871808468615,3.34554479932785,0.973056875725221,0.0488689914759162,0.418749990357053,0.0217107782132716
-125.810947659937,-129.364930931452,3.99002329365053,0.772525603986484,3.44188831663132,0.973056875725221,0.0488689914759162,0.418749990357053,0.0217107782132716
-125.803021238613,-129.423300748575,3.9820968723267,0.50606145461081,3.27666614866257,0.973056875725221,0.0488689914759162,0.418749990357053,0.0217107782132716
-125.828025123838,-129.483390882094,4.00710075755095,0.178923883356197,3.34698246335983,0.973056875725221,0.0488689914759162,0.418749990357053,0.0217107782132716
-125.82797297558,-129.544909831784,4.00704860929338,4.24715503637454,3.34693525648117,0.973056875725221,0.0488689914759162,0.418749990357053,0.0217107782132716
-125.833572140135,-129.608301429956,4.01264777384794,5.8027481402052,3.41989038801193,0.973056875725221,0.0488689914759162,0.418749990357053,0.0217107782132716
-125.830372363658,-129.672916504929,4.00944799737088,3.45359775491767,3.42136190748215,0.973056875725221,0.0488689914759162,0.418749990357053,0.0217107782132716
-125.838335889505,-129.739187971942,4.01741152321819,6.25320713422462,3.34735630369186,0.973056875725221,0.0488689914759162,0.418749990357053,0.0217107782132716
-125.852262266497,-129.806825214103,4.03133790021065,5.85228054046352,3.51122139310837,0.973056875725221,0.0488689914759162,0.418749990357053,0.0217107782132716
-125.847979471299,-129.875996945114,4.02705510501256,7.08210075194523,3.58086012220383,0.973056875725221,0.0488689914759162,0.418749990357053,0.0217107782132716
-125.868393748904,-129.946472883153,4.04746938261727,8.02759640268271,3.51354788160324,0.973056875725221,0.0488689914759162,0.418749990357053,0.0217107782132716
-125.886869961544,-130.018033131151,4.06594559525725,8.61263732153921,3.4873442492485,0.973056875725221,0.0488689914759162,0.418749990357053,0.0217107782132716
-125.893745640982,-130.090831116609,4.07282127469502,7.31454195408529,3.53573606824875,0.973056875725221,0.0488689914759162,0.418749990357053,0.0217107782132716
-125.920596869221,-130.164971574526,4.09967250293394,6.27734263244504,3.65137432432175,0.973056875725221,0.0488689914759162,0.418749990357053,0.0217107782132716
-125.940301837287,-130.242123789699,4.11937747100019,6.49177101588161,3.67384956693649,0.973056875725221,0.0488689914759162,0.418749990357053,0.0217107782132716
-125.957057943274,-130.316703975104,4.13613357698722,7.08861398532312,3.65217493391037,0.973056875725221,0.0488689914759162,0.418749990357053,0.0217107782132716
-125.956634205328,-130.394153573112,4.13570983904091,7.20366292932918,3.67377565717697,0.973056875725221,0.0488689914759162,0.418749990357053,0.0217107782132716
-125.996666994665,-130.472651790722,4.17574262837814,7.7628007243897,3.6543707690239,0.973056875725221,0.0488689914759162,0.418749990357053,0.0217107782132716
-126.009435735825,-130.55205482226,4.18851136953793,7.36718115933782,3.72385071134567,0.973056875725221,0.0488689914759162,0.418749990357053,0.0217107782132716
-126.017611491715,-130.632849989862,4.19668712542828,8.51757337887458,3.74962566709518,0.973056875725221,0.0488689914759162,0.418749990357053,0.0217107782132716
-126.051158641938,-130.714202876778,4.23023427565097,7.64877500840609,3.76889608716965,0.973056875725221,0.0488689914759162,0.418749990357053,0.0217107782132716
-126.058063368253,-130.796533890874,4.23713900196601,8.70957092697195,3.79429100370407,0.973056875725221,0.0488689914759162,0.418749990357053,0.0217107782132716
-126.075495101769,-130.881770168626,4.2545707354826,9.7391136927018,3.72193001127243,0.973056875725221,0.0488689914759162,0.418749990357053,0.0217107782132716
-126.081092806896,-130.962877713048,4.26016844060964,8.34636914295445,3.96077488279343,0.973056875725221,0.0488689914759162,0.418749990357053,0.0217107782132716
-126.107316978756,-131.046846277349,4.28639261246963,8.24006205980444,3.88664291715622,0.973056875725221,0.0488689914759162,0.418749990357053,0.0217107782132716
-126.111008232537,-131.131643357605,4.29008386625004,7.80134727195018,3.95809839582443,0.973056875725221,0.0488689914759162,0.418749990357053,0.0217107782132716
-126.125491734944,-131.216791118128,4.30456736865767,8.53945150374768,3.89002750730515,0.973056875725221,0.0488689914759162,0.418749990357053,0.0217107782132716
-126.136449909513,-131.302910082276,4.31552554322637,8.48590105424022,3.95781992292404,0.973056875725221,0.0488689914759162,0.418749990357053,0.0217107782132716
-126.158385258903,-131.389375527842,4.33746089261663,6.72630674998681,3.98050545072556,0.973056875725221,0.0488689914759162,0.418749990357053,0.0217107782132716
-126.168887064347,-131.476328096346,4.34796269805995,7.40227007365026,4.07762454366684,0.973056875725221,0.0488689914759162,0.418749990357053,0.0217107782132716
-126.181052454222,-131.563349791468,4.36012808793576,6.73561235896352,4.11844752645493,0.973056875725221,0.0488689914759162,0.418749990357053,0.0217107782132716
-126.185849064659,-131.650612316448,4.36492469837235,11.3216740919313,4.194972260952,0.973056875725221,0.0488689914759162,0.418749990357053,0.0217107782132716
-126.190833597874,-131.738541223191,4.36990923158773,8.18213513771715,4.33453677511215,0.973056875725221,0.0488689914759162,0.418749990357053,0.0217107782132716
-126.212129008361,-131.825732743476,4.39120464207401,8.65082916828792,4.21277354574203,0.973056875725221,0.0488689914759162,0.418749990357053,0.0217107782132716
-126.237190658357,-131.914014819361,4.41626629207026,9.63263568444808,4.30760882711411,0.973056875725221,0.0488689914759162,0.418749990357053,0.0217107782132716
-126.243673108611,-132.001541033756,4.42274874232465,8.56900855052973,4.33353446340561,0.973056875725221,0.0488689914759162,0.418749990357053,0.0217107782132716
-126.260198462598,-132.089744363794,4.43927409631148,9.67090581663074,4.4946434340477,0.973056875725221,0.0488689914759162,0.418749990357053,0.0217107782132716
-126.289445869247,-132.177468483695,4.46852150296007,9.87612376556573,4.37687514638901,0.973056875725221,0.0488689914759162,0.418749990357053,0.0217107782132716
-126.306911694306,-132.265129984254,4.48598732801939,10.5925040006952,4.49267314291,0.973056875725221,0.0488689914759162,0.418749990357053,0.0217107782132716
-126.3348159562,-132.3531952943,4.51389158991319,11.5784320781219,4.5612127623558,0.973056875725221,0.0488689914759162,0.418749990357053,0.0217107782132716
-126.344899818051,-132.440220477696,4.52397545176467,12.1933129432865,4.54009745931625,0.973056875725221,0.0488689914759162,0.418749990357053,0.0217107782132716
-126.384506648531,-132.527464764389,4.5635822822439,12.2326124820981,4.70937560415268,0.973056875725221,0.0488689914759162,0.418749990357053,0.0217107782132716
-126.408708439578,-132.614423757385,4.58778407329116,12.2256098609843,4.68418143606186,0.973056875725221,0.0488689914759162,0.418749990357053,0.0217107782132716
-126.43193765283,-132.700754003137,4.61101328654298,12.208799034554,4.70415328359604,0.973056875725221,0.0488689914759162,0.418749990357053,0.0217107782132716
-126.470989173268,-132.787038613442,4.65006480698096,13.7317455861492,4.77402995443344,0.973056875725221,0.0488689914759162,0.418749990357053,0.0217107782132716
-126.483946752152,-132.872952188114,4.66302238586505,15.226075128273,4.77494929647446,0.973056875725221,0.0488689914759162,0.418749990357053,0.0217107782132716
-126.518288550068,-132.957559435957,4.69736418378122,14.6538547434952,4.84490226125717,0.973056875725221,0.0488689914759162,0.418749990357053,0.0217107782132716
-126.559109358292,-133.041884939948,4.73818499200576,16.1671067615211,4.93966792440414,0.973056875725221,0.0488689914759162,0.418749990357053,0.0217107782132716
-126.588631540761,-133.125351679408,4.76770717447458,15.4967560052796,5.07997916555405,0.973056875725221,0.0488689914759162,0.418749990357053,0.0217107782132716
-126.617535961173,-133.208582412787,4.79661159488601,16.1841543572811,4.98474143362045,0.973056875725221,0.0488689914759162,0.418749990357053,0.0217107782132716
-126.654192430926,-133.290740966138,4.83326806463938,14.2579645251239,5.03370402669907,0.973056875725221,0.0488689914759162,0.418749990357053,0.0217107782132716
-126.682138402086,-133.372074371153,4.86121403579884,15.3891354122514,5.15140841817856,0.973056875725221,0.0488689914759162,0.418749990357053,0.0217107782132716
-126.720211521217,-133.45266580084,4.89928715493018,15.0522023474345,5.22184394216537,0.973056875725221,0.0488689914759162,0.418749990357053,0.0217107782132716
-126.744606681458,-133.532309466427,4.92368231517107,15.9677362058362,5.29116080617905,0.973056875725221,0.0488689914759162,0.418749990357053,0.0217107782132716
-126.787050900136,-133.611096371551,4.96612653384973,16.6015518180841,5.29313205099106,0.973056875725221,0.0488689914759162,0.418749990357053,0.0217107782132716
-126.813223304121,-133.688954403167,4.99229893783384,16.0910178583553,5.43092368459702,0.973056875725221,0.0488689914759162,0.418749990357053,0.0217107782132716
-126.852613777934,-133.765667550944,5.031689411647,16.9299416034758,5.43174289083481,0.973056875725221,0.0488689914759162,0.418749990357053,0.0217107782132716
-126.882422660517,-133.841208667118,5.06149829423072,15.0003794558443,5.43358634328842,0.973056875725221,0.0488689914759162,0.418749990357053,0.0217107782132716
-126.912178656916,-133.915471298995,5.0912542906292,15.7440283434778,5.52821658468246,0.973056875725221,0.0488689914759162,0.418749990357053,0.0217107782132716
-126.937592218172,-133.988535748355,5.11666785188489,14.9934938646192,5.54741309499741,0.973056875725221,0.0488689914759162,0.418749990357053,0.0217107782132716
-126.973930259565,-134.060976598338,5.1530058932783,15.8933173637064,5.5980198225975,0.973056875725221,0.0488689914759162,0.418749990357053,0.0217107782132716
-127.001516860063,-134.131562842496,5.18059249377581,14.1373834892339,5.61895869588852,0.973056875725221,0.0488689914759162,0.418749990357053,0.0217107782132716
-127.030639939915,-134.200542383,5.20971557362801,15.111435934192,5.62099574422836,0.973056875725221,0.0488689914759162,0.418749990357053,0.0217107782132716
-127.061659264364,-134.2685693327,5.24073489807683,15.3845516090916,5.64408133840561,0.973056875725221,0.0488689914759162,0.418749990357053,0.0217107782132716
-127.079966994249,-134.335198095757,5.25904262796209,15.5328400833059,5.85613082265854,0.973056875725221,0.0488689914759162,0.418749990357053,0.0217107782132716
-127.105710655765,-134.400200428952,5.28478628947815,15.9533944763157,5.85331366872787,0.973056875725221,0.0488689914759162,0.418749990357053,0.0217107782132716
-127.145230349658,-134.463792863154,5.3243059833715,14.9408194869512,5.83213256216049,0.973056875725221,0.0488689914759162,0.418749990357053,0.0217107782132716
-127.175883293286,-134.5255924839,5.35495892699925,13.9427542435688,5.88081096029282,0.973056875725221,0.0488689914759162,0.418749990357053,0.0217107782132716
-127.194537623697,-134.586878746269,5.37361325741068,15.1612441267081,5.9262726149559,0.973056875725221,0.0488689914759162,0.418749990357053,0.0217107782132716
-127.230265943861,-134.644970376934,5.40934157757444,14.4111131038916,5.97311519002914,0.973056875725221,0.0488689914759162,0.418749990357053,0.0217107782132716
-127.25830883961,-134.702468725068,5.43738447332306,15.8146844198956,6.06827853536606,0.973056875725221,0.0488689914759162,0.418749990357053,0.0217107782132716
-127.283996491706,-134.757521681903,5.4630721254198,14.4753360580092,6.1104938826561,0.973056875725221,0.0488689914759162,0.418749990357053,0.0217107782132716
-127.309231809197,-134.812446658374,5.48830744291021,14.3241900786129,6.11623881673813,0.973056875725221,0.0488689914759162,0.418749990357053,0.0217107782132716
-127.345800830875,-134.863634119968,5.52487646458816,14.3244082762642,6.11781714773178,0.973056875725221,0.0488689914759162,0.418749990357053,0.0217107782132716
-127.364198270657,-134.913060953223,5.54327390437059,14.0250041445489,6.25272582387924,0.973056875725221,0.0488689914759162,0.418749990357053,0.0217107782132716
-127.393264226796,-134.961544045406,5.57233986050976,13.5975957083173,6.23052142477036,0.973056875725221,0.0488689914759162,0.418749990357053,0.0217107782132716
-127.419157842601,-135.007648153719,5.59823347631411,13.6853647338031,6.27967379903793,0.973056875725221,0.0488689914759162,0.418749990357053,0.0217107782132716
-127.447660731956,-135.052205853338,5.62673636566918,14.1888848995509,6.27682135915756,0.973056875725221,0.0488689914759162,0.418749990357053,0.0217107782132716
-127.480978656429,-135.094853953452,5.66005429014271,14.153935787625,6.30352996206284,0.973056875725221,0.0488689914759162,0.418749990357053,0.0217107782132716
-127.507031521473,-135.135506635998,5.68610715518641,14.0137375310419,6.35320685720444,0.973056875725221,0.0488689914759162,0.418749990357053,0.0217107782132716
-127.532318674627,-135.174207393133,5.71139430833992,12.3987209983331,6.37525962209702,0.973056875725221,0.0488689914759162,0.418749990357053,0.0217107782132716
-127.555928457513,-135.210826156536,5.73500409122626,13.1475362240447,6.39819835042953,0.973056875725221,0.0488689914759162,0.418749990357053,0.0217107782132716
-127.596943649732,-135.245533921317,5.77601928344573,13.2111327042586,6.42127726888657,0.973056875725221,0.0488689914759162,0.418749990357053,0.0217107782132716
-127.607193164506,-135.278105349449,5.786268798219,13.8078431785522,6.51452086782455,0.973056875725221,0.0488689914759162,0.418749990357053,0.0217107782132716
-127.627068865198,-135.308557886395,5.80614449891118,11.3760315087224,6.44614718770981,0.973056875725221,0.0488689914759162,0.418749990357053,0.0217107782132716
-127.662540606628,-135.337058239116,5.8416162403418,10.8435442336652,6.53783152914047,0.973056875725221,0.0488689914759162,0.418749990357053,0.0217107782132716
-127.677421559478,-135.363419642296,5.85649719319081,13.8177925670868,6.56072543478012,0.973056875725221,0.0488689914759162,0.418749990357053,0.0217107782132716
-127.706032411772,-135.387730460649,5.88510804548495,11.9870492590029,6.636059030056,0.973056875725221,0.0488689914759162,0.418749990357053,0.0217107782132716
-127.738299348022,-135.409786465923,5.91737498173503,11.258586024859,6.63155196523666,0.973056875725221,0.0488689914759162,0.418749990357053,0.0217107782132716
-127.750358360555,-135.42979657915,5.92943399426879,9.88569635279289,6.70332454061508,0.973056875725221,0.0488689914759162,0.418749990357053,0.0217107782132716
-127.764572976433,-135.447539897858,5.94364861014582,12.0178137989786,6.6081745467186,0.973056875725221,0.0488689914759162,0.418749990357053,0.0217107782132716
-127.787088794725,-135.463180220778,5.9661644284382,11.1980521638564,6.56210730886459,0.973056875725221,0.0488689914759162,0.418749990357053,0.0217107782132716
-127.807382314411,-135.476662229254,5.986457948124,11.9933124083117,6.70005629873276,0.973056875725221,0.0488689914759162,0.418749990357053,0.0217107782132716
-127.845236447156,-135.487900177878,6.02431208086887,9.71267581818553,6.70196746206284,0.973056875725221,0.0488689914759162,0.418749990357053,0.0217107782132716
-127.84555243761,-135.49699362672,6.02462807132342,11.2878722155749,6.69987700796127,0.973056875725221,0.0488689914759162,0.418749990357053,0.0217107782132716
-127.87565512277,-135.503857109471,6.05473075648336,9.40616802407982,6.7489044508934,0.973056875725221,0.0488689914759162,0.418749990357053,0.0217107782132716
-127.882976407063,-135.508539355309,6.06205204077673,10.5783542043154,6.77197287893295,0.973056875725221,0.0488689914759162,0.418749990357053,0.0217107782132716
-127.904606198019,-135.510989472517,6.08368183173261,9.27691155143264,6.81775496816635,0.973056875725221,0.0488689914759162,0.418749990357053,0.0217107782132716
-127.917809766071,-135.511230384434,6.09688539978437,9.18942171907854,6.82268832540512,0.973056875725221,0.0488689914759162,0.418749990357053,0.0217107782132716
-127.938375490673,-135.509256724341,6.11745112438669,9.14788126418104,6.84380362844467,0.973056875725221,0.0488689914759162,0.418749990357053,0.0217107782132716
-127.945709929912,-135.505094480414,6.12478556362483,9.59030222935105,6.86414359426498,0.973056875725221,0.0488689914759162,0.418749990357053,0.0217107782132716
-127.982084059811,-135.498715240159,6.16115969352421,7.66492472309815,6.88442252492905,0.973056875725221,0.0488689914759162,0.418749990357053,0.0217107782132716
-127.989252852308,-135.490130192274,6.16832848602103,8.90414956413624,6.74646590566635,0.973056875725221,0.0488689914759162,0.418749990357053,0.0217107782132716
-127.994627396942,-135.479336737501,6.17370303065534,7.30534389735504,6.93552039480209,0.973056875725221,0.0488689914759162,0.418749990357053,0.0217107782132716
-128.028316948454,-135.466384838469,6.20739258216774,9.4061063104792,6.88751052236557,0.973056875725221,0.0488689914759162,0.418749990357053,0.0217107782132716
-128.033598644618,-135.451201105595,6.21267427833092,7.69415718435376,6.89033530569077,0.973056875725221,0.0488689914759162,0.418749990357053,0.0217107782132716
-128.04466987287,-135.433875731763,6.22374550658339,9.10032702837593,6.90657351827621,0.973056875725221,0.0488689914759162,0.418749990357053,0.0217107782132716
-128.072633292869,-135.414514475098,6.25170892658217,7.3022700913669,6.95844958639145,0.973056875725221,0.0488689914759162,0.418749990357053,0.0217107782132716
-128.085091019724,-135.392784418985,6.26416665343726,7.58978441203007,6.86255477285385,0.973056875725221,0.0488689914759162,0.418749990357053,0.0217107782132716
-128.104523241094,-135.368964163487,6.28359887480745,7.13559632216858,6.81788371419907,0.973056875725221,0.0488689914759162,0.418749990357053,0.0217107782132716
-128.109049034612,-135.343072737387,6.2881246683256,4.42203429268791,6.83873580312729,0.973056875725221,0.0488689914759162,0.418749990357053,0.0217107782132716
-128.129820984982,-135.315025818192,6.30889661869544,8.4635759482343,6.90886138296127,0.973056875725221,0.0488689914759162,0.418749990357053,0.0217107782132716
-128.131508448702,-135.2851675479,6.31058408241561,5.13816014435448,6.86422465658188,0.973056875725221,0.0488689914759162,0.418749990357053,0.0217107782132716
-128.157300755793,-135.252853130307,6.3363763895066,7.71024429670124,6.81759284353256,0.973056875725221,0.0488689914759162,0.418749990357053,0.0217107782132716
-128.164956723211,-135.218491102649,6.34403235692474,4.76946472477714,6.93375609731674,0.973056875725221,0.0488689914759162,0.418749990357053,0.0217107782132716
-128.185457170834,-135.182439978568,6.36453280454735,5.31380212629412,6.86271117544174,0.973056875725221,0.0488689914759162,0.418749990357053,0.0217107782132716
-128.173566133864,-135.144167339863,6.35264176757735,4.93602921238898,6.91048644399643,0.973056875725221,0.0488689914759162,0.418749990357053,0.0217107782132716
-128.191069670513,-135.10390663328,6.37014530422639,3.73396100845512,6.7940819106102,0.973056875725221,0.0488689914759162,0.418749990357053,0.0217107782132716
-128.207006816818,-135.061759777402,6.38608245053154,3.97679712502102,6.79341052389145,0.973056875725221,0.0488689914759162,0.418749990357053,0.0217107782132716
-128.208607576481,-135.017682534838,6.38768321019437,1.9572089576175,6.74535964345932,0.973056875725221,0.0488689914759162,0.418749990357053,0.0217107782132716
-128.208882935612,-134.971841895539,6.38795856932531,3.39428312373348,6.72374556875229,0.973056875725221,0.0488689914759162,0.418749990357053,0.0217107782132716
-128.215951013476,-134.922869296376,6.39502664718974,1.12583863287897,6.74749682760239,0.973056875725221,0.0488689914759162,0.418749990357053,0.0217107782132716
-128.231512211993,-134.873126021323,6.41058784570633,0.834109796676621,6.69970057821274,0.973056875725221,0.0488689914759162,0.418749990357053,0.0217107782132716
-128.230480738359,-134.822162086915,6.40955637207194,0.974638005141838,6.7231647810936,0.973056875725221,0.0488689914759162,0.418749990357053,0.0217107782132716
-128.22532136579,-134.769610271791,6.40439699950365,-2.57930934630016,6.65429900503159,0.973056875725221,0.0488689914759162,0.418749990357053,0.0217107782132716
-128.221949637047,-134.714551527181,6.40102527076064,-1.03881540319563,6.72514174795151,0.973056875725221,0.0488689914759162,0.418749990357053,0.0217107782132716
-128.220725609053,-134.657624963167,6.39980124276593,-0.161581458484759,6.60691665029526,0.973056875725221,0.0488689914759162,0.418749990357053,0.0217107782132716
-128.216476827562,-134.599071739751,6.39555246127491,0.376133971527146,6.6335537276268,0.973056875725221,0.0488689914759162,0.418749990357053,0.0217107782132716
-128.197673345084,-134.539209392289,6.37674897879681,-5.26477340341753,6.58269332265854,0.973056875725221,0.0488689914759162,0.418749990357053,0.0217107782132716
-128.203087663934,-134.477789539073,6.38216329764763,-3.85304678006982,6.56196044301987,0.973056875725221,0.0488689914759162,0.418749990357053,0.0217107782132716
-128.19104497792,-134.414616640234,6.37012061163286,-5.68497833379266,6.48906157827377,0.973056875725221,0.0488689914759162,0.418749990357053,0.0217107782132716
-128.190304499928,-134.349700132038,6.36938013364111,-2.49900581854297,6.51433204030991,0.973056875725221,0.0488689914759162,0.418749990357053,0.0217107782132716
-128.183789003445,-134.283568239417,6.36286463715868,-8.4414034142679,6.49126456594467,0.973056875725221,0.0488689914759162,0.418749990357053,0.0217107782132716
-128.170007147315,-134.216084899324,6.34908278102869,-4.64189977258548,6.53125975942612,0.973056875725221,0.0488689914759162,0.418749990357053,0.0217107782132716
-128.158413940827,-134.147148080181,6.33748957453989,-9.12745019657353,6.44522021627426,0.973056875725221,0.0488689914759162,0.418749990357053,0.0217107782132716
-128.157110298595,-134.076551803848,6.33618593230828,-6.77813939365363,6.41841243124008,0.973056875725221,0.0488689914759162,0.418749990357053,0.0217107782132716
-128.123826018082,-134.004995675505,6.30290165179501,-6.94743126860776,6.42164443349838,0.973056875725221,0.0488689914759162,0.418749990357053,0.0217107782132716
-128.116192999089,-133.931973741237,6.29526863280208,-5.4891807220025,6.39494441366196,0.973056875725221,0.0488689914759162,0.418749990357053,0.0217107782132716
-128.11469613541,-133.857913598796,6.29377176912363,-5.19613000111341,6.37178634023666,0.973056875725221,0.0488689914759162,0.418749990357053,0.0217107782132716
-128.099991120817,-133.782146870185,6.27906675453013,-5.94038118509408,6.29960654592514,0.973056875725221,0.0488689914759162,0.418749990357053,0.0217107782132716
-128.085887760169,-133.706404057006,6.26496339388224,-5.24223687436618,6.29996035909653,0.973056875725221,0.0488689914759162,0.418749990357053,0.0217107782132716
-128.071141903984,-133.628596020049,6.25021753769703,-7.10740347077277,6.32160209035873,0.973056875725221,0.0488689914759162,0.418749990357053,0.0217107782132716
-128.058239178204,-133.550003022832,6.23731481191733,-3.20595697511024,6.2084581694603,0.973056875725221,0.0488689914759162,0.418749990357053,0.0217107782132716
-128.040552188528,-133.470712675539,6.21962782224103,-6.94119835986465,6.18283389425278,0.973056875725221,0.0488689914759162,0.418749990357053,0.0217107782132716
-128.043756011554,-133.390399099895,6.22283164526771,-7.28450111070997,6.27453254079819,0.973056875725221,0.0488689914759162,0.418749990357053,0.0217107782132716
-128.028284147944,-133.309138602105,6.20735978165732,-6.61505183695498,6.15855239248276,0.973056875725221,0.0488689914759162,0.418749990357053,0.0217107782132716
-128.021099190547,-133.225957334036,6.20017482426022,-6.3508947170084,6.18015502309799,0.973056875725221,0.0488689914759162,0.418749990357053,0.0217107782132716
-128.004338344813,-133.143735074324,6.18341397852631,-5.81261081406179,6.11156009054184,0.973056875725221,0.0488689914759162,0.418749990357053,0.0217107782132716
-127.993622808769,-133.060428600083,6.17269844248258,-7.93933029147285,6.04209063863754,0.973056875725221,0.0488689914759162,0.418749990357053,0.0217107782132716
-127.983324122237,-132.976131255065,6.16239975594987,-5.95623029504888,6.01524279928207,0.973056875725221,0.0488689914759162,0.418749990357053,0.0217107782132716
-127.955084935924,-132.891284677009,6.13416056963714,-6.79659344721108,6.01532481527328,0.973056875725221,0.0488689914759162,0.418749990357053,0.0217107782132716
-127.96723625038,-132.805913061608,6.14631188409301,-5.73318321540618,5.92302249288559,0.973056875725221,0.0488689914759162,0.418749990357053,0.0217107782132716
-127.946906860298,-132.720204348463,6.12598249401139,-7.51406516090849,5.90040038442612,0.973056875725221,0.0488689914759162,0.418749990357053,0.0217107782132716
-127.938397505638,-132.633833329779,6.11747313935138,-7.19511203856627,5.71251223897934,0.973056875725221,0.0488689914759162,0.418749990357053,0.0217107782132716
-127.920537283161,-132.546778880924,6.09961291687469,-8.3219590496499,5.66790889120102,0.973056875725221,0.0488689914759162,0.418749990357053,0.0217107782132716
-127.922751202574,-132.459903892558,6.10182683628704,-6.68222034903496,5.73744033193588,0.973056875725221,0.0488689914759162,0.418749990357053,0.0217107782132716
-127.897810100936,-132.372267217556,6.07688573464946,-7.96791568629798,5.71235679006577,0.973056875725221,0.0488689914759162,0.418749990357053,0.0217107782132716
-127.886827914829,-132.284610312425,6.065903548542,-8.09975038980449,5.61997245168686,0.973056875725221,0.0488689914759162,0.418749990357053,0.0217107782132716
-127.869252188465,-132.1971785336,6.04832782217807,-8.04081159421621,5.57798789358139,0.973056875725221,0.0488689914759162,0.418749990357053,0.0217107782132716
-127.847167903247,-132.109221521042,6.02624353696038,-10.1155790915161,5.66846202230453,0.973056875725221,0.0488689914759162,0.418749990357053,0.0217107782132716
-127.824754501063,-132.021276029976,6.00383013477637,-9.24737720268324,5.57503817892075,0.973056875725221,0.0488689914759162,0.418749990357053,0.0217107782132716
-127.814839370566,-131.933041244059,5.99391500427926,-12.0406447537277,5.4334108672142,0.973056875725221,0.0488689914759162,0.418749990357053,0.0217107782132716
-127.790295268882,-131.844720095852,5.96937090259483,-11.4622725016514,5.36037371969223,0.973056875725221,0.0488689914759162,0.418749990357053,0.0217107782132716
-127.76664663103,-131.757551062646,5.94572226474346,-10.1341722628628,5.36712859487534,0.973056875725221,0.0488689914759162,0.418749990357053,0.0217107782132716
-127.74188149362,-131.669454692376,5.92095712733329,-13.3370919574692,5.31681178426743,0.973056875725221,0.0488689914759162,0.418749990357053,0.0217107782132716
-127.726340382333,-131.582471541984,5.90541601604647,-12.0344705535557,5.27359603261948,0.973056875725221,0.0488689914759162,0.418749990357053,0.0217107782132716
-127.705328672774,-131.495352070205,5.88440430648701,-12.2692399954018,5.20062564229965,0.973056875725221,0.0488689914759162,0.418749990357053,0.0217107782132716
-127.682975308382,-131.40806245497,5.86205094209505,-10.8088084141829,5.15403388357162,0.973056875725221,0.0488689914759162,0.418749990357053,0.0217107782132716
-127.645429924647,-131.321589739489,5.82450555836034,-13.6172915066747,5.19812224721909,0.973056875725221,0.0488689914759162,0.418749990357053,0.0217107782132716
-127.611913170719,-131.235931311766,5.79098880443185,-13.8768795599683,5.1527073225975,0.973056875725221,0.0488689914759162,0.418749990357053,0.0217107782132716
-127.596840360917,-131.150392745344,5.77591599463062,-11.9511478140732,5.12665580129623,0.973056875725221,0.0488689914759162,0.418749990357053,0.0217107782132716
-127.556832263913,-131.064661210577,5.73590789762599,-13.4981607332672,4.98983977651596,0.973056875725221,0.0488689914759162,0.418749990357053,0.0217107782132716
-127.534757080233,-130.979558347832,5.71383271394643,-13.4403832085415,4.89172862386703,0.973056875725221,0.0488689914759162,0.418749990357053,0.0217107782132716
-127.510719850445,-130.895456430713,5.68979548415854,-14.1441060088671,4.89288447713852,0.973056875725221,0.0488689914759162,0.418749990357053,0.0217107782132716
-127.46912429127,-130.813977193468,5.64819992498314,-11.3465197573236,4.91443274831772,0.973056875725221,0.0488689914759162,0.418749990357053,0.0217107782132716
-127.446803369879,-130.731928238954,5.62587900359204,-13.4867831251732,4.77714179372787,0.973056875725221,0.0488689914759162,0.418749990357053,0.0217107782132716
-127.430031883291,-130.650712058953,5.60910751700452,-14.0351339028032,4.8423406920433,0.973056875725221,0.0488689914759162,0.418749990357053,0.0217107782132716
-127.398945518084,-130.569413638615,5.57802115179731,-14.3144427330365,4.93707965230942,0.973056875725221,0.0488689914759162,0.418749990357053,0.0217107782132716
-127.369300100603,-130.49012774808,5.54837573431674,-13.2372669636032,4.6803648314476,0.973056875725221,0.0488689914759162,0.418749990357053,0.0217107782132716
-127.327565625057,-130.411690393061,5.50664125877057,-14.9750114510647,4.72868846273422,0.973056875725221,0.0488689914759162,0.418749990357053,0.0217107782132716
-127.319457372495,-130.333740453832,5.49853300620845,-12.7956478686628,4.75266574239731,0.973056875725221,0.0488689914759162,0.418749990357053,0.0217107782132716
-127.306463370549,-130.257155762295,5.48553900426224,-13.4942934752878,4.72624133443832,0.973056875725221,0.0488689914759162,0.418749990357053,0.0217107782132716
-127.272670943905,-130.181927117982,5.45174657761782,-11.0497453978291,4.61042903280258,0.973056875725221,0.0488689914759162,0.418749990357053,0.0217107782132716
-127.251348864127,-130.107104831008,5.43042449784001,-13.776137946167,4.4932892165184,0.973056875725221,0.0488689914759162,0.418749990357053,0.0217107782132716
-127.236159469193,-130.034191121164,5.41523510290584,-12.2642368055277,4.44522021627426,0.973056875725221,0.0488689914759162,0.418749990357053,0.0217107782132716
-127.206156047275,-129.962066005441,5.38523168098862,-13.0031736663603,4.5174705824852,0.973056875725221,0.0488689914759162,0.418749990357053,0.0217107782132716
-127.170987697574,-129.891541964219,5.35006333128721,-12.3394882436838,4.37870810842514,0.973056875725221,0.0488689914759162,0.418749990357053,0.0217107782132716
-127.152465130859,-129.822081894159,5.33154076457201,-13.3634898194276,4.39999888753891,0.973056875725221,0.0488689914759162,0.418749990357053,0.0217107782132716
-127.131262039129,-129.754082506405,5.31033767284236,-14.2520966474991,4.28695224142075,0.973056875725221,0.0488689914759162,0.418749990357053,0.0217107782132716
-127.105063112969,-129.686978589938,5.28413874668235,-13.5044460309842,4.11882232046127,0.973056875725221,0.0488689914759162,0.418749990357053,0.0217107782132716
-127.080532651276,-129.622549678474,5.25960828498953,-14.1120096946169,4.09584830617905,0.973056875725221,0.0488689914759162,0.418749990357053,0.0217107782132716
-127.051054345285,-129.558958339048,5.23012997899805,-14.2698390430785,4.16287825918198,0.973056875725221,0.0488689914759162,0.418749990357053,0.0217107782132716
-127.025491209206,-129.497189017264,5.20456684291951,-12.6317886968149,4.14227603292465,0.973056875725221,0.0488689914759162,0.418749990357053,0.0217107782132716
-127.010436467356,-129.436691453621,5.18951210106969,-15.3510621441488,4.0736286482811,0.973056875725221,0.0488689914759162,0.418749990357053,0.0217107782132716
-126.968876675012,-129.378046742146,5.14795230872525,-13.9535609627013,4.12028144216537,0.973056875725221,0.0488689914759162,0.418749990357053,0.0217107782132716
-126.938643776072,-129.320930899376,5.11771940978509,-13.6535096777595,3.95456884717941,0.973056875725221,0.0488689914759162,0.418749990357053,0.0217107782132716
-126.902406542904,-129.2654629598,5.08148217661697,-14.1637162284768,4.09370444631577,0.973056875725221,0.0488689914759162,0.418749990357053,0.0217107782132716
-126.883444534131,-129.211664075237,5.06252016784395,-15.2556631552843,4.02272461271286,0.973056875725221,0.0488689914759162,0.418749990357053,0.0217107782132716
-126.843044139182,-129.159690806806,5.02211977289493,-15.1830091433787,3.81369446134567,0.973056875725221,0.0488689914759162,0.418749990357053,0.0217107782132716
-126.812369490857,-129.109506474981,4.99144512456992,-13.177648244398,3.81555651044846,0.973056875725221,0.0488689914759162,0.418749990357053,0.0217107782132716
-126.794015280845,-129.061630141512,4.97309091455805,-15.9770263435313,3.84084270811081,0.973056875725221,0.0488689914759162,0.418749990357053,0.0217107782132716
-126.765787955865,-129.015240079367,4.94486358957816,-14.3987928087981,3.76616237974167,0.973056875725221,0.0488689914759162,0.418749990357053,0.0217107782132716
-126.718281339433,-128.970631777656,4.89735697314617,-17.0543558567378,3.83773039197922,0.973056875725221,0.0488689914759162,0.418749990357053,0.0217107782132716
-126.69190480422,-128.928115805191,4.87098043793338,-13.1479073033654,3.64898966169357,0.973056875725221,0.0488689914759162,0.418749990357053,0.0217107782132716
-126.669755023366,-128.887417112068,4.84883065707944,-15.0108683255317,3.71765898084641,0.973056875725221,0.0488689914759162,0.418749990357053,0.0217107782132716
-126.634020229981,-128.84878182569,4.81309586369444,-15.0646944741107,3.5346026263237,0.973056875725221,0.0488689914759162,0.418749990357053,0.0217107782132716
-126.588263831938,-128.811991192785,4.76733946565139,-14.1350097346612,3.62750576353073,0.973056875725221,0.0488689914759162,0.418749990357053,0.0217107782132716
-126.573296999403,-128.777398488086,4.75237263311581,-14.7780572391251,3.65151308393478,0.973056875725221,0.0488689914759162,0.418749990357053,0.0217107782132716
-126.541716804926,-128.744720857658,4.72079243863976,-14.4200597412856,3.57962416028976,0.973056875725221,0.0488689914759162,0.418749990357053,0.0217107782132716
-126.52269119148,-128.714262831459,4.70176682519288,-14.0278910722874,3.49197290754318,0.973056875725221,0.0488689914759162,0.418749990357053,0.0217107782132716
-126.492530709073,-128.685623480444,4.67160634278599,-14.6714348568522,3.43841598844528,0.973056875725221,0.0488689914759162,0.418749990357053,0.0217107782132716
-126.462915845111,-128.659379466024,4.64199147882405,-13.1458760981415,3.44137380933762,0.973056875725221,0.0488689914759162,0.418749990357053,0.0217107782132716
-126.429330041535,-128.635165112788,4.60840567524817,-13.9266878371159,3.39606855726242,0.973056875725221,0.0488689914759162,0.418749990357053,0.0217107782132716
-126.403910129922,-128.612969495134,4.58298576363558,-14.6075065903441,3.37261722898483,0.973056875725221,0.0488689914759162,0.418749990357053,0.0217107782132716
-126.381250587484,-128.592977002446,4.5603262211977,-13.2085142202952,3.39641474103928,0.973056875725221,0.0488689914759162,0.418749990357053,0.0217107782132716
-126.363618865446,-128.575264169662,4.54269449915926,-14.5504293626687,3.34847544050217,0.973056875725221,0.0488689914759162,0.418749990357053,0.0217107782132716
-126.33789166626,-128.559654039562,4.51696729997308,-13.3679944006566,3.39530275678635,0.973056875725221,0.0488689914759162,0.418749990357053,0.0217107782132716
-126.319579853127,-128.546178087005,4.49865548684067,-14.8138944254194,3.46477983808517,0.973056875725221,0.0488689914759162,0.418749990357053,0.0217107782132716
-126.280059214377,-128.534880146373,4.45913484808999,-11.0521767521363,3.22958563184738,0.973056875725221,0.0488689914759162,0.418749990357053,0.0217107782132716
-126.257668032435,-128.525819576699,4.43674366614805,-12.9401425746888,3.29605244016647,0.973056875725221,0.0488689914759162,0.418749990357053,0.0217107782132716
-126.237451484056,-128.518956191316,4.41652711776891,-11.3400444923579,3.34533069944382,0.973056875725221,0.0488689914759162,0.418749990357053,0.0217107782132716
-126.216395239288,-128.514272860689,4.39547087300143,-12.985134195695,3.23114775037766,0.973056875725221,0.0488689914759162,0.418749990357053,0.0217107782132716
-126.189132935264,-128.511786680337,4.36820856897779,-10.2778441586359,3.28075884199142,0.973056875725221,0.0488689914759162,0.418749990357053,0.0217107782132716
-126.170754568334,-128.511583933563,4.34983020204699,-11.8535213731563,3.18602369642258,0.973056875725221,0.0488689914759162,0.418749990357053,0.0217107782132716
-126.144846590324,-128.513556639143,4.32392222403735,-10.5028002743564,3.25246761655808,0.973056875725221,0.0488689914759162,0.418749990357053,0.0217107782132716
-126.122084231374,-128.51768338127,4.30115986508686,-10.7089782459636,3.04610060071945,0.973056875725221,0.0488689914759162,0.418749990357053,0.0217107782132716
-126.105430992759,-128.524068367826,4.2845066264724,-11.2454366226341,3.06990812635422,0.973056875725221,0.0488689914759162,0.418749990357053,0.0217107782132716
-126.076794690215,-128.532653204282,4.25587032392796,-10.6438344314154,3.13699434614182,0.973056875725221,0.0488689914759162,0.418749990357053,0.0217107782132716
-126.059704041389,-128.543436700367,4.23877967510236,-10.689616189132,3.11504600858688,0.973056875725221,0.0488689914759162,0.418749990357053,0.0217107782132716
-126.034810236681,-128.556422988254,4.21388587039387,-8.90702373464576,3.0687355837822,0.973056875725221,0.0488689914759162,0.418749990357053,0.0217107782132716
-126.020393436607,-128.571534970098,4.19946907032048,-8.98057612184909,3.09389732694626,0.973056875725221,0.0488689914759162,0.418749990357053,0.0217107782132716
-125.997584945579,-128.588900607742,4.17666057929258,-8.11868162367511,3.16150949811935,0.973056875725221,0.0488689914759162,0.418749990357053,0.0217107782132716
-125.990008741436,-128.608335527631,4.16908437514948,-8.62239286965351,3.04446743345261,0.973056875725221,0.0488689914759162,0.418749990357053,0.0217107782132716
-125.966348704652,-128.629981899537,4.14542433836559,-8.51772242035029,3.04513786649704,0.973056875725221,0.0488689914759162,0.418749990357053,0.0217107782132716
-125.954279410262,-128.653766792747,4.13335504397563,-6.70027448335367,3.13915394163132,0.973056875725221,0.0488689914759162,0.418749990357053,0.0217107782132716
-125.937345252303,-128.679781189887,4.11642088601652,-7.1100138965246,3.1664819560051,0.973056875725221,0.0488689914759162,0.418749990357053,0.0217107782132716
-125.921015115413,-128.707576388258,4.10009074912668,-6.9780702544325,3.16165350294113,0.973056875725221,0.0488689914759162,0.418749990357053,0.0217107782132716
-125.912611787889,-128.737665633616,4.09168742160213,-6.55836877832745,3.06874225950241,0.973056875725221,0.0488689914759162,0.418749990357053,0.0217107782132716
-125.90047113662,-128.769800584136,4.07954677033329,-6.619092680149,3.09084461545944,0.973056875725221,0.0488689914759162,0.418749990357053,0.0217107782132716
-125.890769809797,-128.804191616845,4.06984544351033,-4.68943553697424,3.13932846403122,0.973056875725221,0.0488689914759162,0.418749990357053,0.0217107782132716
-125.891428837039,-128.840187477846,4.07050447075241,-6.4062234445408,3.16025017118454,0.973056875725221,0.0488689914759162,0.418749990357053,0.0217107782132716
-125.879092947635,-128.878455761837,4.05816858134803,-5.16533286161985,3.11314438199997,0.973056875725221,0.0488689914759162,0.418749990357053,0.0217107782132716
-125.870260280339,-128.918673418622,4.04933591405202,-4.42804015248969,3.18951748228073,0.973056875725221,0.0488689914759162,0.418749990357053,0.0217107782132716
-125.866320361368,-128.960871790797,4.04539599508111,-3.38135218948231,3.20787618970871,0.973056875725221,0.0488689914759162,0.418749990357053,0.0217107782132716
-125.845584209304,-129.004888050469,4.02465984301767,-4.5274996870432,3.18556640958786,0.973056875725221,0.0488689914759162,0.418749990357053,0.0217107782132716
-125.837453821503,-129.050943008529,4.01652945521616,-2.75720092159003,3.15769527769089,0.973056875725221,0.0488689914759162,0.418749990357053,0.0217107782132716
-125.829281104681,-129.098769160147,4.00835673839461,-1.37939741126461,3.34879253721237,0.973056875725221,0.0488689914759162,0.418749990357053,0.0217107782132716
-125.822125684369,-129.149006126109,4.00120131808265,-3.16020880679902,3.23206804609299,0.973056875725221,0.0488689914759162,0.418749990357053,0.0217107782132716
-125.824871211576,-129.199884367701,4.00394684528935,-1.61985873288955,3.21078871107101,0.973056875725221,0.0488689914759162,0.418749990357053,0.0217107782132716
-125.834688668662,-129.253334297569,4.01376430237549,-1.04106632203415,3.27695225095749,0.973056875725221,0.0488689914759162,0.418749990357053,0.0217107782132716
-125.822228928467,-129.308098026719,4.00130456218037,0.152749701332472,3.23201559400558,0.973056875725221,0.0488689914759162,0.418749990357053,0.0217107782132716
-125.826850891593,-129.364869171264,4.00592652530651,1.79047851693693,3.30133388853073,0.973056875725221,0.0488689914759162,0.418749990357053,0.0217107782132716
-125.805361888838,-129.423286629912,3.98443752255159,0.436677702907857,3.30019234037399,0.973056875725221,0.0488689914759162,0.418749990357053,0.0217107782132716
-125.822506146249,-129.483195081597,4.00158177996213,0.290245143126924,3.27575729703903,0.973056875725221,0.0488689914759162,0.418749990357053,0.0217107782132716
-125.828502720222,-129.544932151582,4.00757835393542,2.66405281480321,3.32244919157028,0.973056875725221,0.0488689914759162,0.418749990357053,0.0217107782132716
-125.827624005535,-129.608019362434,4.00669963924827,5.28323867757447,3.44020841932297,0.973056875725221,0.0488689914759162,0.418749990357053,0.0217107782132716
-125.836233764635,-129.67287749456,4.0153093983484,4.67393369687161,3.43885372495651,0.973056875725221,0.0488689914759162,0.418749990357053,0.0217107782132716
-125.847114718745,-129.738988579275,4.02619035245796,5.73990508304683,3.48761986112595,0.973056875725221,0.0488689914759162,0.418749990357053,0.0217107782132716
-125.865287909707,-129.806572742021,4.04436354342017,6.46266627261933,3.39271639204025,0.973056875725221,0.0488689914759162,0.418749990357053,0.0217107782132716
-125.872327909361,-129.875855705901,4.05140354307446,6.82412944766245,3.64882515287399,0.973056875725221,0.0488689914759162,0.418749990357053,0.0217107782132716
-125.887314590417,-129.946007239766,4.06639022413055,8.20744256484741,3.46196316099167,0.973056875725221,0.0488689914759162,0.418749990357053,0.0217107782132716
-125.901153367106,-130.017998653997,4.08022900081917,7.62270652988659,3.53588484144211,0.973056875725221,0.0488689914759162,0.418749990357053,0.0217107782132716
-125.911188635079,-130.090682089736,4.09026426879253,6.30070826227554,3.58395384168625,0.973056875725221,0.0488689914759162,0.418749990357053,0.0217107782132716
-125.933124253512,-130.164846860329,4.11219988722497,6.02678692341745,3.72533272123337,0.973056875725221,0.0488689914759162,0.418749990357053,0.0217107782132716
-125.945563592086,-130.240938673765,4.12463922579889,8.08370466042462,3.60434435224533,0.973056875725221,0.0488689914759162,0.418749990357053,0.0217107782132716
-125.962416026525,-130.316538827843,4.14149166023817,6.54284323875391,3.65369890546799,0.973056875725221,0.0488689914759162,0.418749990357053,0.0217107782132716
-125.981933436546,-130.394004781117,4.16100907025926,5.8890133133884,3.72227762556076,0.973056875725221,0.0488689914759162,0.418749990357053,0.0217107782132716
-125.989008863861,-130.472924930737,4.16808449757478,8.05763650855399,3.77036808347702,0.973056875725221,0.0488689914759162,0.418749990357053,0.0217107782132716
-126.005002214627,-130.552312169104,4.1840778483406,8.52003819415378,3.79379938459396,0.973056875725221,0.0488689914759162,0.418749990357053,0.0217107782132716
-126.01467751229,-130.632859628421,4.19375314600332,9.18927731720377,3.79516313886642,0.973056875725221,0.0488689914759162,0.418749990357053,0.0217107782132716
-126.03887113904,-130.713745138409,4.21794677275308,7.86075017336635,3.81949280118942,0.973056875725221,0.0488689914759162,0.418749990357053,0.0217107782132716
-126.050894465648,-130.795924189294,4.22997009936177,8.61609723007974,3.79515837049484,0.973056875725221,0.0488689914759162,0.418749990357053,0.0217107782132716
-126.065199151772,-130.879299153921,4.24427478548567,7.85980065111233,3.79277466154099,0.973056875725221,0.0488689914759162,0.418749990357053,0.0217107782132716
-126.082448922282,-130.964578628814,4.26152455599521,8.79025836421335,3.93798778867722,0.973056875725221,0.0488689914759162,0.418749990357053,0.0217107782132716
-126.094440873426,-131.047934982195,4.27351650713917,7.05565691607988,3.96135519361496,0.973056875725221,0.0488689914759162,0.418749990357053,0.0217107782132716
-126.10826166082,-131.131491115579,4.28733729453348,7.69982722661597,3.93759630537033,0.973056875725221,0.0488689914759162,0.418749990357053,0.0217107782132716
-126.125479238533,-131.216709419337,4.30455487224599,8.07244239716748,4.02909968709946,0.973056875725221,0.0488689914759162,0.418749990357053,0.0217107782132716
-126.145550431444,-131.302869005892,4.32462606515702,8.87412778136092,3.9601774058342,0.973056875725221,0.0488689914759162,0.418749990357053,0.0217107782132716
-126.153189889617,-131.389561275546,4.33226552333077,7.94415198566731,4.07945845937729,0.973056875725221,0.0488689914759162,0.418749990357053,0.0217107782132716
-126.165270206243,-131.475923945586,4.34434583995596,7.19716278598691,4.14487861013412,0.973056875725221,0.0488689914759162,0.418749990357053,0.0217107782132716
-126.175669155433,-131.562902598609,4.35474478914644,8.93762219606149,4.17001078939438,0.973056875725221,0.0488689914759162,0.418749990357053,0.0217107782132716
-126.19064466869,-131.65056016481,4.36972030240354,8.24488110787597,4.19439242696762,0.973056875725221,0.0488689914759162,0.418749990357053,0.0217107782132716
-126.2075796282,-131.73815441641,4.38665526191306,8.41603233199107,4.23705981588364,0.973056875725221,0.0488689914759162,0.418749990357053,0.0217107782132716
-126.234650943517,-131.826067830162,4.41372657723008,9.11282699583071,4.33172343587875,0.973056875725221,0.0488689914759162,0.418749990357053,0.0217107782132716
-126.252558032854,-131.91358505248,4.43163366656746,8.51181089493436,4.28297446584702,0.973056875725221,0.0488689914759162,0.418749990357053,0.0217107782132716
-126.26648275399,-132.001530547601,4.44555838770339,10.080443455052,4.44926665639877,0.973056875725221,0.0488689914759162,0.418749990357053,0.0217107782132716
-126.282531097326,-132.08944033999,4.46160673103971,8.82677432731363,4.40041945791245,0.973056875725221,0.0488689914759162,0.418749990357053,0.0217107782132716
-126.300770355526,-132.177217098003,4.47984598923895,10.7809449233491,4.4940216383934,0.973056875725221,0.0488689914759162,0.418749990357053,0.0217107782132716
-126.327284566245,-132.265109067039,4.50636019995862,11.542156436367,4.54098628377914,0.973056875725221,0.0488689914759162,0.418749990357053,0.0217107782132716
-126.340095072408,-132.35381101737,4.51917070612159,11.8614280242831,4.54119418478012,0.973056875725221,0.0488689914759162,0.418749990357053,0.0217107782132716
-126.368055579377,-132.441229957328,4.54713121308983,11.5854337358921,4.63317797994614,0.973056875725221,0.0488689914759162,0.418749990357053,0.0217107782132716
-126.389228166423,-132.52796259495,4.56830380013593,11.3468419559534,4.6555788359642,0.973056875725221,0.0488689914759162,0.418749990357053,0.0217107782132716
-126.420093066678,-132.614640673243,4.59916870039129,12.7536730983638,4.65808127737045,0.973056875725221,0.0488689914759162,0.418749990357053,0.0217107782132716
-126.438749697022,-132.701288595881,4.6178253307349,13.1464755602002,4.68437598562241,0.973056875725221,0.0488689914759162,0.418749990357053,0.0217107782132716
-126.468692974081,-132.787059064344,4.64776860779456,14.0277983991258,4.79869578695297,0.973056875725221,0.0488689914759162,0.418749990357053,0.0217107782132716
-126.50629943361,-132.872789570602,4.68537506732317,13.6833499057092,4.962794526577,0.973056875725221,0.0488689914759162,0.418749990357053,0.0217107782132716
-126.528805762874,-132.957418094395,4.70788139658743,13.2992524143467,4.86941169118881,0.973056875725221,0.0488689914759162,0.418749990357053,0.0217107782132716
-126.565908782247,-133.043528323836,4.74498441596047,15.3438700659628,5.01097606039047,0.973056875725221,0.0488689914759162,0.418749990357053,0.0217107782132716
-126.596587307361,-133.125928235194,4.77566294107398,15.0535753804529,4.96422599172592,0.973056875725221,0.0488689914759162,0.418749990357053,0.0217107782132716
-126.629823649893,-133.209065230085,4.80889928360626,15.1863665528447,4.98378108358383,0.973056875725221,0.0488689914759162,0.418749990357053,0.0217107782132716
-126.656349356861,-133.29147297595,4.83542499057396,15.1239864053093,5.05952380514145,0.973056875725221,0.0488689914759162,0.418749990357053,0.0217107782132716
-126.692787555459,-133.372586404065,4.87186318917213,15.2470512097281,5.22135852193832,0.973056875725221,0.0488689914759162,0.418749990357053,0.0217107782132716
-126.72379238996,-133.453095800755,4.90286802367337,16.6123898997427,5.27005313253403,0.973056875725221,0.0488689914759162,0.418749990357053,0.0217107782132716
-126.762688695205,-133.532592791945,4.94176432891794,14.8141494936838,5.24607585287094,0.973056875725221,0.0488689914759162,0.418749990357053,0.0217107782132716
-126.784113350526,-133.611544042246,4.96318898423953,16.2776446087785,5.24737475728989,0.973056875725221,0.0488689914759162,0.418749990357053,0.0217107782132716
-126.813403153578,-133.68958018677,4.99247878729178,15.2362415474293,5.31479571676254,0.973056875725221,0.0488689914759162,0.418749990357053,0.0217107782132716
-126.851907408477,-133.765994201698,5.0309830421903,15.6702370040272,5.43744014120102,0.973056875725221,0.0488689914759162,0.418749990357053,0.0217107782132716
-126.878011013212,-133.841557275441,5.05708664692525,15.5553837488544,5.43371985769272,0.973056875725221,0.0488689914759162,0.418749990357053,0.0217107782132716
-126.907782032455,-133.915735251416,5.08685766616876,13.4632630595248,5.43692611074448,0.973056875725221,0.0488689914759162,0.418749990357053,0.0217107782132716
-126.937643377428,-133.989349033962,5.11671901114105,17.0086533956496,5.50530265188217,0.973056875725221,0.0488689914759162,0.418749990357053,0.0217107782132716
-126.987937550916,-134.061571564413,5.1670131846295,15.0724507314104,5.57359526968002,0.973056875725221,0.0488689914759162,0.418749990357053,0.0217107782132716
-127.000356824953,-134.131996668599,5.17943245866601,13.9770167647001,5.57737372732162,0.973056875725221,0.0488689914759162,0.418749990357053,0.0217107782132716
-127.018016931093,-134.201016896545,5.19709256480647,15.0004977564351,5.64235328054428,0.973056875725221,0.0488689914759162,0.418749990357053,0.0217107782132716
-127.043124576416,-134.269026109181,5.22220021012923,15.201191589406,5.66747401571274,0.973056875725221,0.0488689914759162,0.418749990357053,0.0217107782132716
-127.085187863206,-134.335354919642,5.26426349691964,15.6755480447802,5.71610663747787,0.973056875725221,0.0488689914759162,0.418749990357053,0.0217107782132716
-127.114365292001,-134.40034604229,5.2934409257146,15.204550367816,5.7823164305687,0.973056875725221,0.0488689914759162,0.418749990357053,0.0217107782132716
-127.124416947989,-134.463935009632,5.30349258170235,14.226647150628,5.8811065993309,0.973056875725221,0.0488689914759162,0.418749990357053,0.0217107782132716
-127.165163730799,-134.526037446159,5.34423936451275,15.2048991112802,5.90637038564682,0.973056875725221,0.0488689914759162,0.418749990357053,0.0217107782132716
-127.185622599165,-134.586275107279,5.36469823287797,15.6737746040913,5.85645221090317,0.973056875725221,0.0488689914759162,0.418749990357053,0.0217107782132716
-127.223725387114,-134.644970376934,5.40280102082755,14.8743891908337,5.99420283651352,0.973056875725221,0.0488689914759162,0.418749990357053,0.0217107782132716
-127.244101563279,-134.702086510204,5.42317719699265,13.318309495423,5.99895308828354,0.973056875725221,0.0488689914759162,0.418749990357053,0.0217107782132716
-127.280768384038,-134.75763220174,5.45984401775137,15.3661371121724,6.13838027334213,0.973056875725221,0.0488689914759162,0.418749990357053,0.0217107782132716
-127.315955202391,-134.811515829046,5.49503083610392,13.6271914900187,6.04746363973618,0.973056875725221,0.0488689914759162,0.418749990357053,0.0217107782132716
-127.33742834834,-134.865091971355,5.51650398205281,14.8095165548039,6.08948825216293,0.973056875725221,0.0488689914759162,0.418749990357053,0.0217107782132716
-127.358678459943,-134.913424450535,5.53775409365595,14.9282278832345,6.11423133230209,0.973056875725221,0.0488689914759162,0.418749990357053,0.0217107782132716
-127.387739210714,-134.961386049806,5.56681484442692,14.8851976301152,6.18701289510727,0.973056875725221,0.0488689914759162,0.418749990357053,0.0217107782132716
-127.433549490342,-135.007734868185,5.61262512405511,13.7990034971355,6.18640731191635,0.973056875725221,0.0488689914759162,0.418749990357053,0.0217107782132716
-127.451991448028,-135.052330461573,5.63106708174108,13.6177855655065,6.27789996480942,0.973056875725221,0.0488689914759162,0.418749990357053,0.0217107782132716
-127.472743261031,-135.095225983322,5.65181889474411,14.5781670813254,6.34947036123276,0.973056875725221,0.0488689914759162,0.418749990357053,0.0217107782132716
-127.49695022177,-135.13571935164,5.67602585548307,13.2479312476197,6.3052952132225,0.973056875725221,0.0488689914759162,0.418749990357053,0.0217107782132716
-127.522652499797,-135.174472296465,5.70172813351008,12.5743035495593,6.35217498159409,0.973056875725221,0.0488689914759162,0.418749990357053,0.0217107782132716
-127.54849864746,-135.211030195837,5.7275742811729,12.9194593165721,6.42340873098373,0.973056875725221,0.0488689914759162,0.418749990357053,0.0217107782132716
-127.580858538462,-135.245614092688,5.75993417217555,13.2500898988976,6.39942572927475,0.973056875725221,0.0488689914759162,0.418749990357053,0.0217107782132716
-127.617533703612,-135.278229556812,5.79660933732529,13.4643206102947,6.44946406698227,0.973056875725221,0.0488689914759162,0.418749990357053,0.0217107782132716
-127.630533601013,-135.308779459025,5.8096092347267,11.5851286033459,6.51554606771469,0.973056875725221,0.0488689914759162,0.418749990357053,0.0217107782132716
-127.661173634116,-135.337215082641,5.84024926782908,12.0950569256004,6.46679709768295,0.973056875725221,0.0488689914759162,0.418749990357053,0.0217107782132716
-127.695064584448,-135.363573464205,5.87414021816085,12.2828728073536,6.46731208181381,0.973056875725221,0.0488689914759162,0.418749990357053,0.0217107782132716
-127.695348854137,-135.387749799813,5.8744244878505,12.4772137815459,6.56165049886703,0.973056875725221,0.0488689914759162,0.418749990357053,0.0217107782132716
-127.726513632103,-135.409846658542,5.9055892658168,11.7435944518578,6.61019824361801,0.973056875725221,0.0488689914759162,0.418749990357053,0.0217107782132716
-127.738012792962,-135.429832593398,5.91708842667557,11.2747595013716,6.61228679037094,0.973056875725221,0.0488689914759162,0.418749990357053,0.0217107782132716
-127.769593063646,-135.447619631704,5.94866869735935,11.9744035330774,6.67977927541733,0.973056875725221,0.0488689914759162,0.418749990357053,0.0217107782132716
-127.783545301047,-135.463259980056,5.9626209347606,11.5160670996482,6.63670180654526,0.973056875725221,0.0488689914759162,0.418749990357053,0.0217107782132716
-127.810181024009,-135.47670495332,5.98925665772279,10.60450156753,6.72770808553696,0.973056875725221,0.0488689914759162,0.418749990357053,0.0217107782132716
-127.833701266261,-135.487963214919,6.01277689997445,10.5286620686001,6.72513316488266,0.973056875725221,0.0488689914759162,0.418749990357053,0.0217107782132716
-127.841801306777,-135.497009778744,6.02087694049025,10.6508377393584,6.74657653188705,0.973056875725221,0.0488689914759162,0.418749990357053,0.0217107782132716
-127.862418350181,-135.503872237506,6.04149398389456,9.9835681289594,6.7742893538475,0.973056875725221,0.0488689914759162,0.418749990357053,0.0217107782132716
-127.891958193231,-135.508541049996,6.07103382694443,10.3326280904785,6.74613021230698,0.973056875725221,0.0488689914759162,0.418749990357053,0.0217107782132716
-127.89478949063,-135.510988510621,6.07386512434374,9.50193977803323,6.86881564474106,0.973056875725221,0.0488689914759162,0.418749990357053,0.0217107782132716
-127.92565756118,-135.511223751233,6.10473319489371,9.81699602199626,6.7969648680687,0.973056875725221,0.0488689914759162,0.418749990357053,0.0217107782132716
-127.929197184368,-135.509257457784,6.10827281808155,10.6185117366958,6.88955996847153,0.973056875725221,0.0488689914759162,0.418749990357053,0.0217107782132716
-127.9488880983,-135.50509133469,6.12796373201302,8.80817921172659,6.8435900053978,0.973056875725221,0.0488689914759162,0.418749990357053,0.0217107782132716
-127.984997071469,-135.498659882615,6.16407270518252,9.07928503057729,6.88980124807358,0.973056875725221,0.0488689914759162,0.418749990357053,0.0217107782132716
-127.991746446651,-135.490028497327,6.17082208036387,8.97780634583919,6.84252761220932,0.973056875725221,0.0488689914759162,0.418749990357053,0.0217107782132716
-128.007828646523,-135.479356559796,6.18690428023619,7.8392592701896,6.8435671172142,0.973056875725221,0.0488689914759162,0.418749990357053,0.0217107782132716
-128.015682770426,-135.466359689533,6.19475840413977,8.48819296354987,6.95962832784653,0.973056875725221,0.0488689914759162,0.418749990357053,0.0217107782132716
-128.053891815872,-135.451197232593,6.23296744958562,9.12367217252096,6.95996688222885,0.973056875725221,0.0488689914759162,0.418749990357053,0.0217107782132716
-128.078273607173,-135.433748381938,6.25734924088603,8.44791873730289,6.88796256399155,0.973056875725221,0.0488689914759162,0.418749990357053,0.0217107782132716
-128.075197565357,-135.414342887802,6.25427319907057,6.74691488084263,6.96003268575668,0.973056875725221,0.0488689914759162,0.418749990357053,0.0217107782132716
-128.098227242717,-135.392708616852,6.27730287643011,7.10876727304631,6.88914321279526,0.973056875725221,0.0488689914759162,0.418749990357053,0.0217107782132716
-128.107282642781,-135.368943435596,6.28635827649471,7.51793380765205,6.84046195363998,0.973056875725221,0.0488689914759162,0.418749990357053,0.0217107782132716
-128.118192463318,-135.342957055992,6.29726809703124,7.79901524788644,6.84222052907944,0.973056875725221,0.0488689914759162,0.418749990357053,0.0217107782132716
-128.125396550677,-135.314797191515,6.30447218438995,6.77775625500089,6.86165355062485,0.973056875725221,0.0488689914759162,0.418749990357053,0.0217107782132716
-128.146326543537,-135.28477424338,6.32540217724994,5.16897249771504,6.84128688192368,0.973056875725221,0.0488689914759162,0.418749990357053,0.0217107782132716
-128.162406091528,-135.252797751297,6.34148172524149,5.82739972732019,6.95414279317856,0.973056875725221,0.0488689914759162,0.418749990357053,0.0217107782132716
-128.175033791181,-135.218583481358,6.35410942489459,4.84808397552602,6.86224482870102,0.973056875725221,0.0488689914759162,0.418749990357053,0.0217107782132716
-128.19577271642,-135.182186948989,6.37484835013374,5.15121072692397,6.86454032278061,0.973056875725221,0.0488689914759162,0.418749990357053,0.0217107782132716
-128.207224689058,-135.143980280641,6.38630032277135,4.03272428137492,6.89025424337387,0.973056875725221,0.0488689914759162,0.418749990357053,0.0217107782132716
-128.202376633374,-135.103602122741,6.38145226708764,4.45123369676343,6.93735717153549,0.973056875725221,0.0488689914759162,0.418749990357053,0.0217107782132716
-128.2048200501,-135.061543798123,6.3838956838134,3.73060744653048,6.74810336446762,0.973056875725221,0.0488689914759162,0.418749990357053,0.0217107782132716
-128.208186728724,-135.01759124502,6.38726236243697,5.04058108587427,6.77242778158188,0.973056875725221,0.0488689914759162,0.418749990357053,0.0217107782132716
-128.230712981884,-134.971724421901,6.40978861559691,1.16606299443301,6.70174716329575,0.973056875725221,0.0488689914759162,0.418749990357053,0.0217107782132716
-128.225469440473,-134.923643106791,6.40454507418653,0.83821196367493,6.77092479085922,0.973056875725221,0.0488689914759162,0.418749990357053,0.0217107782132716
-128.227337387833,-134.872534245773,6.40641302154679,0.119737986128999,6.77291415548325,0.973056875725221,0.0488689914759162,0.418749990357053,0.0217107782132716
-128.23031568724,-134.820780555174,6.40939132095361,0.411797266271955,6.72997020101547,0.973056875725221,0.0488689914759162,0.418749990357053,0.0217107782132716
-128.233361516168,-134.767271839438,6.41243714988179,-0.695004401786192,6.72801612234116,0.973056875725221,0.0488689914759162,0.418749990357053,0.0217107782132716
-128.231927872207,-134.712325378978,6.41100350592066,-2.70087258039611,6.56320880270004,0.973056875725221,0.0488689914759162,0.418749990357053,0.0217107782132716
-128.221970510608,-134.656821808368,6.40104614432105,-1.72526607911712,6.63004134511948,0.973056875725221,0.0488689914759162,0.418749990357053,0.0217107782132716
-128.214619504152,-134.598203092,6.39369513786556,-2.25269513294026,6.65604136800766,0.973056875725221,0.0488689914759162,0.418749990357053,0.0217107782132716
-128.203635713459,-134.537801924259,6.38271134717205,-1.92461273211993,6.65429900503159,0.973056875725221,0.0488689914759162,0.418749990357053,0.0217107782132716
-128.197663550319,-134.477290996834,6.37673918403239,-3.60002903190965,6.49045489645004,0.973056875725221,0.0488689914759162,0.418749990357053,0.0217107782132716
-128.194112973449,-134.414182065665,6.37318860716266,-4.56926392679605,6.49213050222397,0.973056875725221,0.0488689914759162,0.418749990357053,0.0217107782132716
-128.182906540342,-134.349239741576,6.36198217405551,-6.28204684191715,6.49147246694565,0.973056875725221,0.0488689914759162,0.418749990357053,0.0217107782132716
-128.174278237649,-134.283129525071,6.35335387136207,-5.81298401912198,6.5191213927269,0.973056875725221,0.0488689914759162,0.418749990357053,0.0217107782132716
-128.151806779689,-134.215335540865,6.33088241340263,-8.69301609680165,6.48994849538803,0.973056875725221,0.0488689914759162,0.418749990357053,0.0217107782132716
-128.157947701172,-134.146749295851,6.33702333488559,-5.87402763687079,6.44097064352036,0.973056875725221,0.0488689914759162,0.418749990357053,0.0217107782132716
-128.136757732484,-134.076323208269,6.31583336619682,-7.63093343296465,6.51098750448227,0.973056875725221,0.0488689914759162,0.418749990357053,0.0217107782132716
-128.124502612517,-134.004883629057,6.30357824623015,-5.23327983942504,6.39708445882797,0.973056875725221,0.0488689914759162,0.418749990357053,0.0217107782132716
-128.113307812433,-133.931754575451,6.29238344614616,-6.90608144375788,6.42150233602524,0.973056875725221,0.0488689914759162,0.418749990357053,0.0217107782132716
-128.095680104545,-133.857619622235,6.27475573825834,-6.53514210764954,6.32462046957016,0.973056875725221,0.0488689914759162,0.418749990357053,0.0217107782132716
-128.085871021648,-133.782427261801,6.26494665536173,-4.33579669201624,6.32302020406723,0.973056875725221,0.0488689914759162,0.418749990357053,0.0217107782132716
-128.067172137612,-133.705917788861,6.24624777132518,-5.81134926088546,6.27561591482162,0.973056875725221,0.0488689914759162,0.418749990357053,0.0217107782132716
-128.061118111285,-133.628214720624,6.24019374499821,-5.91799559818552,6.37191508626938,0.973056875725221,0.0488689914759162,0.418749990357053,0.0217107782132716
-128.049660851838,-133.549654524139,6.22873648555131,-5.89127981755062,6.27767871236801,0.973056875725221,0.0488689914759162,0.418749990357053,0.0217107782132716
-128.039787336975,-133.470398137914,6.21886297068813,-5.62966636336959,6.25426314687729,0.973056875725221,0.0488689914759162,0.418749990357053,0.0217107782132716
-128.028859369188,-133.389599105624,6.20793500290154,-6.44409040293454,6.20329497671127,0.973056875725221,0.0488689914759162,0.418749990357053,0.0217107782132716
-128.021233589518,-133.308534778106,6.20030922323164,-5.3600218143785,6.15678904867172,0.973056875725221,0.0488689914759162,0.418749990357053,0.0217107782132716
-128.008202512591,-133.226714563799,6.1872781463039,-6.74267936316011,6.0629446349144,0.973056875725221,0.0488689914759162,0.418749990357053,0.0217107782132716
-127.9912130763,-133.14332825371,6.17028871001374,-6.18201752956739,6.09136317586899,0.973056875725221,0.0488689914759162,0.418749990357053,0.0217107782132716
-127.99818355539,-133.059978405729,6.17725918910361,-6.47277403561379,5.97259829854965,0.973056875725221,0.0488689914759162,0.418749990357053,0.0217107782132716
-127.972608285705,-132.975627245382,6.15168391941848,-6.77633958125957,5.94946788167953,0.973056875725221,0.0488689914759162,0.418749990357053,0.0217107782132716
-127.969988478664,-132.891142584286,6.14906411237687,-5.26871606384688,6.0413791975975,0.973056875725221,0.0488689914759162,0.418749990357053,0.0217107782132716
-127.956176218238,-132.805535196388,6.13525185195163,-6.2434281678283,5.96831630086899,0.973056875725221,0.0488689914759162,0.418749990357053,0.0217107782132716
-127.948978673842,-132.719341737448,6.12805430755534,-6.10967209192304,5.9248134932518,0.973056875725221,0.0488689914759162,0.418749990357053,0.0217107782132716
-127.943045691464,-132.633018107935,6.12212132517767,-7.4068258578942,5.92437003469467,0.973056875725221,0.0488689914759162,0.418749990357053,0.0217107782132716
-127.929490876201,-132.546758155336,6.10856650991423,-7.55293715496168,5.66919921255112,0.973056875725221,0.0488689914759162,0.418749990357053,0.0217107782132716
-127.908274311123,-132.459560698835,6.08734994483642,-8.84803261133091,5.71485064840317,0.973056875725221,0.0488689914759162,0.418749990357053,0.0217107782132716
-127.887151782967,-132.372392381041,6.0662274166807,-7.82545418217689,5.71290706014633,0.973056875725221,0.0488689914759162,0.418749990357053,0.0217107782132716
-127.884913271229,-132.284380319446,6.06398890494264,-8.06680994161151,5.57659648275375,0.973056875725221,0.0488689914759162,0.418749990357053,0.0217107782132716
-127.87738322085,-132.196686375305,6.05645885456366,-7.93340784621643,5.66905520772934,0.973056875725221,0.0488689914759162,0.418749990357053,0.0217107782132716
-127.856556160488,-132.108487771883,6.03563179420169,-9.73800226216631,5.66996215200424,0.973056875725221,0.0488689914759162,0.418749990357053,0.0217107782132716
-127.831645047041,-132.020688805158,6.01072068075445,-11.2749028902619,5.46104548788071,0.973056875725221,0.0488689914759162,0.418749990357053,0.0217107782132716
-127.809559705269,-131.932569484186,5.98863533898245,-11.0481221951064,5.34070609426498,0.973056875725221,0.0488689914759162,0.418749990357053,0.0217107782132716
-127.784101514866,-131.845086697244,5.96317714857919,-10.4640540472763,5.48422740316391,0.973056875725221,0.0488689914759162,0.418749990357053,0.0217107782132716
-127.774448499856,-131.756860801313,5.95352413356967,-11.6746527893694,5.41142009115219,0.973056875725221,0.0488689914759162,0.418749990357053,0.0217107782132716
-127.738113321004,-131.669579924979,5.91718895471691,-11.3750753100414,5.43430446004868,0.973056875725221,0.0488689914759162,0.418749990357053,0.0217107782132716
-127.715011020964,-131.582180143158,5.89408665467683,-12.3889872428312,5.24658702230453,0.973056875725221,0.0488689914759162,0.418749990357053,0.0217107782132716
-127.696578051734,-131.49521723992,5.87565368544776,-11.5468325200442,5.20050738668442,0.973056875725221,0.0488689914759162,0.418749990357053,0.0217107782132716
-127.668475189826,-131.408258711147,5.84755082353941,-11.1048450328779,5.26738379812241,0.973056875725221,0.0488689914759162,0.418749990357053,0.0217107782132716
-127.635197542683,-131.321425251989,5.81427317639602,-13.9400042803488,5.24824641561508,0.973056875725221,0.0488689914759162,0.418749990357053,0.0217107782132716
-127.609456971348,-131.235604096898,5.78853260506132,-13.4022124355934,5.19770072317123,0.973056875725221,0.0488689914759162,0.418749990357053,0.0217107782132716
-127.583442363206,-131.15001668448,5.76251799691951,-13.7316727361227,5.05413554525375,0.973056875725221,0.0488689914759162,0.418749990357053,0.0217107782132716
-127.553617373988,-131.065549628305,5.73269300770127,-13.2668776973558,5.06124232625961,0.973056875725221,0.0488689914759162,0.418749990357053,0.0217107782132716
-127.528714401676,-130.98057042948,5.7077900353896,-14.1869654077868,5.01127169942856,0.973056875725221,0.0488689914759162,0.418749990357053,0.0217107782132716
-127.500280018024,-130.896082601628,5.67935565173702,-14.264100703238,4.98295424795151,0.973056875725221,0.0488689914759162,0.418749990357053,0.0217107782132716
-127.472270352687,-130.812785008403,5.65134598640024,-11.675524197688,4.96573661184311,0.973056875725221,0.0488689914759162,0.418749990357053,0.0217107782132716
-127.450196965057,-130.731625671693,5.62927259877008,-12.1949593001257,4.96155761098862,0.973056875725221,0.0488689914759162,0.418749990357053,0.0217107782132716
-127.42940240154,-130.649910212316,5.60847803525369,-14.0966567396336,4.82273028707504,0.973056875725221,0.0488689914759162,0.418749990357053,0.0217107782132716
-127.39710924045,-130.569232098341,5.57618487416292,-12.822523723,4.79856322622299,0.973056875725221,0.0488689914759162,0.418749990357053,0.0217107782132716
-127.370844210201,-130.489636685309,5.54991984391431,-13.6846109298622,4.72791217184067,0.973056875725221,0.0488689914759162,0.418749990357053,0.0217107782132716
-127.34349834439,-130.410533979897,5.52257397810291,-13.5139142286241,4.67987178182602,0.973056875725221,0.0488689914759162,0.418749990357053,0.0217107782132716
-127.322526789135,-130.333519585055,5.50160242284828,-11.8312504292805,4.62984107351303,0.973056875725221,0.0488689914759162,0.418749990357053,0.0217107782132716
-127.2922960126,-130.256565987985,5.47137164631364,-13.4648588037715,4.68113635396957,0.973056875725221,0.0488689914759162,0.418749990357053,0.0217107782132716
-127.27672410975,-130.181453341223,5.4557997434635,-12.6810868821808,4.61123965597153,0.973056875725221,0.0488689914759162,0.418749990357053,0.0217107782132716
-127.261170080274,-130.106946465402,5.44024571398741,-13.7239959282294,4.49447368001938,0.973056875725221,0.0488689914759162,0.418749990357053,0.0217107782132716
-127.227985399497,-130.033697947991,5.40706103321048,-13.2055343236371,4.4952480635643,0.973056875725221,0.0488689914759162,0.418749990357053,0.0217107782132716
-127.198063284291,-129.961946997544,5.37713891800382,-11.5286750705493,4.44462130880356,0.973056875725221,0.0488689914759162,0.418749990357053,0.0217107782132716
-127.17998135456,-129.891041357956,5.35905698827313,-13.2941926393271,4.40035460805893,0.973056875725221,0.0488689914759162,0.418749990357053,0.0217107782132716
-127.151716934852,-129.821721930472,5.33079256856508,-13.2452317653629,4.28350470876694,0.973056875725221,0.0488689914759162,0.418749990357053,0.0217107782132716
-127.124435731425,-129.75372991727,5.30351136513835,-13.1080908252754,4.28253100728989,0.973056875725221,0.0488689914759162,0.418749990357053,0.0217107782132716
-127.09801336667,-129.68728435624,5.27708900038285,-14.2710316602009,4.35245536184311,0.973056875725221,0.0488689914759162,0.418749990357053,0.0217107782132716
-127.083694228637,-129.622296780297,5.2627698623505,-12.7526323172714,4.19001601552963,0.973056875725221,0.0488689914759162,0.418749990357053,0.0217107782132716
-127.050151957953,-129.55869650106,5.22922759166605,-15.3216795482576,4.12069724416733,0.973056875725221,0.0488689914759162,0.418749990357053,0.0217107782132716
-127.02185084372,-129.49683158414,5.20092647743339,-14.4387690847143,4.12056372976303,0.973056875725221,0.0488689914759162,0.418749990357053,0.0217107782132716
-127.002308658446,-129.436528086772,5.18138429215897,-14.9098649018652,4.21157000875473,0.973056875725221,0.0488689914759162,0.418749990357053,0.0217107782132716
-126.968165208523,-129.377729022499,5.14724084223583,-14.3740964210419,4.14428733205795,0.973056875725221,0.0488689914759162,0.418749990357053,0.0217107782132716
-126.922809651974,-129.320790057505,5.10188528568706,-13.5178584631272,4.00241230344772,0.973056875725221,0.0488689914759162,0.418749990357053,0.0217107782132716
-126.916719136137,-129.265183392664,5.09579476985028,-14.626485082874,3.98001430845261,0.973056875725221,0.0488689914759162,0.418749990357053,0.0217107782132716
-126.862124993734,-129.211550809256,5.04120062744695,-14.1222442567412,3.88596485471725,0.973056875725221,0.0488689914759162,0.418749990357053,0.0217107782132716
-126.838102610804,-129.159289603625,5.01717824451753,-15.6211281536037,3.84066246366501,0.973056875725221,0.0488689914759162,0.418749990357053,0.0217107782132716
-126.821570140788,-129.109066849384,5.00064577450146,-13.4164821439232,3.86039446210861,0.973056875725221,0.0488689914759162,0.418749990357053,0.0217107782132716
-126.793959242224,-129.06111099606,4.97303487593712,-16.2136642243866,3.78976534223557,0.973056875725221,0.0488689914759162,0.418749990357053,0.0217107782132716
-126.758267257509,-129.015007030193,4.9373428912225,-15.4103750243253,3.81714247083664,0.973056875725221,0.0488689914759162,0.418749990357053,0.0217107782132716
-126.717188006632,-128.970242412749,4.89626364034551,-15.5648667370261,3.72160766935349,0.973056875725221,0.0488689914759162,0.418749990357053,0.0217107782132716
-126.680221922557,-128.927743702663,4.85929755627054,-15.3134536972006,3.69743727064133,0.973056875725221,0.0488689914759162,0.418749990357053,0.0217107782132716
-126.673045764034,-128.887100372049,4.85212139774693,-14.1449760102577,3.648354991436,0.973056875725221,0.0488689914759162,0.418749990357053,0.0217107782132716
-126.631408229839,-128.848561754453,4.81048386355226,-14.7754637188792,3.62679146146774,0.973056875725221,0.0488689914759162,0.418749990357053,0.0217107782132716
-126.595188266253,-128.811795647194,4.77426389996607,-13.8130918395268,3.62817285871506,0.973056875725221,0.0488689914759162,0.418749990357053,0.0217107782132716
-126.575796416064,-128.777234108804,4.75487204977751,-14.2919332518476,3.62815903043747,0.973056875725221,0.0488689914759162,0.418749990357053,0.0217107782132716
-126.554670344578,-128.744547718098,4.73374597829088,-13.7232752823131,3.53479145383835,0.973056875725221,0.0488689914759162,0.418749990357053,0.0217107782132716
-126.509752204734,-128.713981472941,4.68882783844751,-14.8743918134431,3.53429697370529,0.973056875725221,0.0488689914759162,0.418749990357053,0.0217107782132716
-126.483829057139,-128.685512411368,4.66290469085276,-14.7747894425705,3.46510837888718,0.973056875725221,0.0488689914759162,0.418749990357053,0.0217107782132716
-126.466941570543,-128.659304052596,4.64601720425656,-14.3525240001219,3.4851174197197,0.973056875725221,0.0488689914759162,0.418749990357053,0.0217107782132716
-126.435336552993,-128.635007617736,4.61441218670661,-12.6127654881559,3.39448927259445,0.973056875725221,0.0488689914759162,0.418749990357053,0.0217107782132716
-126.40285077252,-128.612891764775,4.5819264062337,-15.6306567425134,3.37199686384201,0.973056875725221,0.0488689914759162,0.418749990357053,0.0217107782132716
-126.383096285435,-128.592963498024,4.56217191914796,-13.9446008887284,3.371255382061,0.973056875725221,0.0488689914759162,0.418749990357053,0.0217107782132716
-126.37643236074,-128.575142587777,4.55550799445301,-11.8653620605825,3.34998749113083,0.973056875725221,0.0488689914759162,0.418749990357053,0.0217107782132716
-126.341401340855,-128.55952224688,4.52047697456856,-13.6207898295314,3.30092953062058,0.973056875725221,0.0488689914759162,0.418749990357053,0.0217107782132716
-126.306843303204,-128.545982236618,4.48591893691758,-12.24224630546,3.23321007108688,0.973056875725221,0.0488689914759162,0.418749990357053,0.0217107782132716
-126.283709872197,-128.534790495238,4.46278550591026,-13.9392379442336,3.3041019282341,0.973056875725221,0.0488689914759162,0.418749990357053,0.0217107782132716
-126.259515758768,-128.525742652541,4.43859139248107,-11.1151238325135,3.1390251955986,0.973056875725221,0.0488689914759162,0.418749990357053,0.0217107782132716
-126.232775683259,-128.51889913168,4.41185131697222,-12.4472403509458,3.32474945402145,0.973056875725221,0.0488689914759162,0.418749990357053,0.0217107782132716
-126.210124095476,-128.514256312394,4.38919972918941,-11.5722788304568,3.27395008420944,0.973056875725221,0.0488689914759162,0.418749990357053,0.0217107782132716
-126.191585346062,-128.511806298525,4.37066097977545,-12.2833867568419,3.25507353162766,0.973056875725221,0.0488689914759162,0.418749990357053,0.0217107782132716
-126.163501805383,-128.511572863827,4.3425774390968,-11.3084204970632,3.18459080076218,0.973056875725221,0.0488689914759162,0.418749990357053,0.0217107782132716
-126.149600006813,-128.513653063422,4.32867564052644,-10.7111788334663,3.18763016080856,0.973056875725221,0.0488689914759162,0.418749990357053,0.0217107782132716
-126.107193331208,-128.517814081633,4.28626896492163,-11.3317036755148,3.16011761045456,0.973056875725221,0.0488689914759162,0.418749990357053,0.0217107782132716
-126.09438529402,-128.524134421201,4.2734609277337,-10.5619395117356,3.16395567274094,0.973056875725221,0.0488689914759162,0.418749990357053,0.0217107782132716
-126.077141838038,-128.532693610151,4.25621747175095,-11.2408136639292,3.18693016386032,0.973056875725221,0.0488689914759162,0.418749990357053,0.0217107782132716
-126.061035938858,-128.543503267859,4.24011157257087,-10.0016552911876,3.11474893903732,0.973056875725221,0.0488689914759162,0.418749990357053,0.0217107782132716
-126.044340491385,-128.55657568546,4.22341612509866,-9.357386795606,3.02136181211472,0.973056875725221,0.0488689914759162,0.418749990357053,0.0217107782132716
-126.021811294206,-128.571629847287,4.20088692791967,-9.66197667760766,3.06679437971115,0.973056875725221,0.0488689914759162,0.418749990357053,0.0217107782132716
-126.004172529165,-128.589047709484,4.18324816287816,-7.04288503317698,3.11475084638596,0.973056875725221,0.0488689914759162,0.418749990357053,0.0217107782132716
-125.981839599873,-128.608396808426,4.16091523358589,-7.26068950176829,3.16160343503952,0.973056875725221,0.0488689914759162,0.418749990357053,0.0217107782132716
-125.977683900878,-128.630082059342,4.15675953459085,-8.24326770515906,3.18558357572556,0.973056875725221,0.0488689914759162,0.418749990357053,0.0217107782132716
-125.942767392148,-128.653938544252,4.12184302586169,-8.30149932187098,3.111076816082,0.973056875725221,0.0488689914759162,0.418749990357053,0.0217107782132716
-125.946547339363,-128.679684802182,4.12562297307623,-5.96916093256069,3.11526821470261,0.973056875725221,0.0488689914759162,0.418749990357053,0.0217107782132716
-125.914357809961,-128.707763347165,4.09343344367449,-7.23516954954135,3.1868128619194,0.973056875725221,0.0488689914759162,0.418749990357053,0.0217107782132716
-125.894199100624,-128.737802892519,4.07327473433686,-6.94126770024673,3.06865928983688,0.973056875725221,0.0488689914759162,0.418749990357053,0.0217107782132716
-125.904384993885,-128.770128898924,4.08346062759837,-6.74345316041152,3.16482733106613,0.973056875725221,0.0488689914759162,0.418749990357053,0.0217107782132716
-125.893142115718,-128.804376381863,4.07221774943092,-4.38412412014518,3.11571834897995,0.973056875725221,0.0488689914759162,0.418749990357053,0.0217107782132716
-125.873000665717,-128.840586943155,4.0520762994308,-6.74265849430645,3.0940770945549,0.973056875725221,0.0488689914759162,0.418749990357053,0.0217107782132716
-125.879137448855,-128.878670835961,4.0582130825679,-5.72991995628702,3.1862025103569,0.973056875725221,0.0488689914759162,0.418749990357053,0.0217107782132716
-125.861020605258,-128.918889458142,4.04009623897159,-3.22309336756309,3.16334818220139,0.973056875725221,0.0488689914759162,0.418749990357053,0.0217107782132716
-125.858670379725,-128.960928342492,4.03774601343854,-4.9609580517541,3.18432901716232,0.973056875725221,0.0488689914759162,0.418749990357053,0.0217107782132716
-125.848401652167,-129.005618433232,4.02747728588071,-2.17855463815395,3.18553064680099,0.973056875725221,0.0488689914759162,0.418749990357053,0.0217107782132716
-125.83451935752,-129.051222724275,4.01359499123308,-5.43142472009639,3.15824411725998,0.973056875725221,0.0488689914759162,0.418749990357053,0.0217107782132716
-125.835259796184,-129.09877497482,4.0143354298974,-1.88272168378884,3.18933771467209,0.973056875725221,0.0488689914759162,0.418749990357053,0.0217107782132716
-125.827299044201,-129.148698403014,4.00637467791459,-3.0223099771859,3.19030378675461,0.973056875725221,0.0488689914759162,0.418749990357053,0.0217107782132716
-125.821459184779,-129.200196672211,4.00053481849236,-1.60447441093395,3.23303984022141,0.973056875725221,0.0488689914759162,0.418749990357053,0.0217107782132716
-125.821524587312,-129.253650663805,4.00060022102505,-0.922720237421864,3.27812956190109,0.973056875725221,0.0488689914759162,0.418749990357053,0.0217107782132716
-125.813092615579,-129.308784189964,3.99216824929227,0.0677876890876325,3.27699230527878,0.973056875725221,0.0488689914759162,0.418749990357053,0.0217107782132716
-125.831603820647,-129.365033869376,4.01067945436009,2.08840557688575,3.30085657453537,0.973056875725221,0.0488689914759162,0.418749990357053,0.0217107782132716
-125.825954059683,-129.423632563904,4.00502969339603,-0.412349611735686,3.27935837125778,0.973056875725221,0.0488689914759162,0.418749990357053,0.0217107782132716
-125.818654650798,-129.483768025956,3.99773028451106,-0.721395726699538,3.30301187849045,0.973056875725221,0.0488689914759162,0.418749990357053,0.0217107782132716
-125.821413771688,-129.545311618636,4.00048940540143,3.83537338973105,3.32344625806808,0.973056875725221,0.0488689914759162,0.418749990357053,0.0217107782132716
-125.810859556059,-129.608697899091,3.98993518977261,5.01378666239272,3.41855285978317,0.973056875725221,0.0488689914759162,0.418749990357053,0.0217107782132716
-125.836692584631,-129.67322860677,4.01576821834465,6.38840759545408,3.39484976148605,0.973056875725221,0.0488689914759162,0.418749990357053,0.0217107782132716
-125.84899843292,-129.739323566237,4.02807406663352,6.30288518104227,3.41783665037155,0.973056875725221,0.0488689914759162,0.418749990357053,0.0217107782132716
-125.8618920984,-129.807126576644,4.04096773211335,5.92957698967984,3.55350159025192,0.973056875725221,0.0488689914759162,0.418749990357053,0.0217107782132716
-125.867123830425,-129.875814166011,4.04619946413817,6.8001188812239,3.43989227628708,0.973056875725221,0.0488689914759162,0.418749990357053,0.0217107782132716
-125.875722291448,-129.946599886535,4.05479792516147,6.91100323207509,3.48654840803146,0.973056875725221,0.0488689914759162,0.418749990357053,0.0217107782132716
-125.892978501623,-130.018067608592,4.07205413533615,6.9952922623485,3.58062408781052,0.973056875725221,0.0488689914759162,0.418749990357053,0.0217107782132716
-125.908708558175,-130.091286994443,4.0877841918884,6.79507347175817,3.53267238950729,0.973056875725221,0.0488689914759162,0.418749990357053,0.0217107782132716
-125.921344693672,-130.165185377849,4.1004203273852,6.79783666090727,3.53167198514938,0.973056875725221,0.0488689914759162,0.418749990357053,0.0217107782132716
-125.941150291228,-130.240576860647,4.12022592494163,7.6562249798123,3.53397558546066,0.973056875725221,0.0488689914759162,0.418749990357053,0.0217107782132716
-125.948730022846,-130.316960880641,4.12780565655979,6.82340280831495,3.6263937792778,0.973056875725221,0.0488689914759162,0.418749990357053,0.0217107782132716
-125.965395008447,-130.394441868178,4.14447064216,7.20218087073922,3.65202043867111,0.973056875725221,0.0488689914759162,0.418749990357053,0.0217107782132716
-125.979650089705,-130.472538770665,4.1587257234186,7.79830807831549,3.69919441556931,0.973056875725221,0.0488689914759162,0.418749990357053,0.0217107782132716
-126.015835557227,-130.552245448635,4.19491119094065,7.38406198024403,3.65072964048386,0.973056875725221,0.0488689914759162,0.418749990357053,0.0217107782132716
-126.023461623672,-130.633100596429,4.20253725738504,7.77173031112696,3.65252207136154,0.973056875725221,0.0488689914759162,0.418749990357053,0.0217107782132716
-126.040808881361,-130.71431001075,4.21988451507457,8.4687629436483,3.86298607206345,0.973056875725221,0.0488689914759162,0.418749990357053,0.0217107782132716
-126.060427575342,-130.796376544517,4.23950320905531,7.36594593891947,3.81673668241501,0.973056875725221,0.0488689914759162,0.418749990357053,0.0217107782132716
-126.062029869018,-130.879418224527,4.24110550273155,8.73832373578475,3.82007597303391,0.973056875725221,0.0488689914759162,0.418749990357053,0.0217107782132716
-126.082356899597,-130.963257894159,4.26143253330982,8.03617366217578,3.72313497877121,0.973056875725221,0.0488689914759162,0.418749990357053,0.0217107782132716
-126.093234650434,-131.049729549152,4.27231028414762,8.74852562141021,3.98178146696091,0.973056875725221,0.0488689914759162,0.418749990357053,0.0217107782132716
-126.118148611535,-131.133917049735,4.29722424524787,7.60699754868229,3.96122644758224,0.973056875725221,0.0488689914759162,0.418749990357053,0.0217107782132716
-126.115465755902,-131.217648982986,4.29454138961491,7.48029375407296,3.91010378217697,0.973056875725221,0.0488689914759162,0.418749990357053,0.0217107782132716
-126.13790860821,-131.303567318262,4.31698424192303,9.07532939972709,3.98023937559128,0.973056875725221,0.0488689914759162,0.418749990357053,0.0217107782132716
-126.165680827513,-131.389747025059,4.34475646122678,6.99235894774263,4.12041304922104,0.973056875725221,0.0488689914759162,0.418749990357053,0.0217107782132716
-126.155448191851,-131.476307370489,4.33452382556476,9.00630370298392,4.14840720510483,0.973056875725221,0.0488689914759162,0.418749990357053,0.0217107782132716
-126.171401256282,-131.564025794789,4.35047688999543,7.2589191908698,4.12395118093491,0.973056875725221,0.0488689914759162,0.418749990357053,0.0217107782132716
-126.19343438669,-131.650455861776,4.37251002040306,8.39115581010782,4.23910067892075,0.973056875725221,0.0488689914759162,0.418749990357053,0.0217107782132716
-126.204018105516,-131.738583040341,4.38309373922965,9.31023677902968,4.21204684591293,0.973056875725221,0.0488689914759162,0.418749990357053,0.0217107782132716
-126.218967194574,-131.825994529803,4.39804282828746,9.92041462678389,4.2789337477684,0.973056875725221,0.0488689914759162,0.418749990357053,0.0217107782132716
-126.245947646277,-131.914392176858,4.42502327999036,8.51823206987796,4.33173106527328,0.973056875725221,0.0488689914759162,0.418749990357053,0.0217107782132716
-126.25893168168,-132.002159717064,4.43800731539332,9.38623681316863,4.30759356832504,0.973056875725221,0.0488689914759162,0.418749990357053,0.0217107782132716
-126.281743745292,-132.090006452806,4.46081937900489,9.16584412360544,4.37595294332504,0.973056875725221,0.0488689914759162,0.418749990357053,0.0217107782132716
-126.303491749306,-132.177761765917,4.48256738301936,10.6559278215404,4.39782546377182,0.973056875725221,0.0488689914759162,0.418749990357053,0.0217107782132716
-126.323946747114,-132.26562153619,4.50302238082736,10.8666615273986,4.49169562673569,0.973056875725221,0.0488689914759162,0.418749990357053,0.0217107782132716
-126.339865043186,-132.353696222354,4.51894067689909,12.7508597737975,4.49302028036118,0.973056875725221,0.0488689914759162,0.418749990357053,0.0217107782132716
-126.360685251515,-132.441157109497,4.53976088522842,11.2959394187417,4.70627902364731,0.973056875725221,0.0488689914759162,0.418749990357053,0.0217107782132716
-126.386789154062,-132.528159649929,4.56586478777557,11.5206007475987,4.56078646993637,0.973056875725221,0.0488689914759162,0.418749990357053,0.0217107782132716
-126.428391980598,-132.614826599221,4.60746761431099,14.1107539772954,4.75058196401596,0.973056875725221,0.0488689914759162,0.418749990357053,0.0217107782132716
-126.440977966302,-132.701206351933,4.62005360001558,14.0345985883274,4.77201197957993,0.973056875725221,0.0488689914759162,0.418749990357053,0.0217107782132716
-126.472811525189,-132.787048838896,4.651887158902,14.3151021044605,4.93601916646957,0.973056875725221,0.0488689914759162,0.418749990357053,0.0217107782132716
-126.510995069822,-132.872759079598,4.69007070353522,11.9541454586607,4.84267829275131,0.973056875725221,0.0488689914759162,0.418749990357053,0.0217107782132716
-126.533516684875,-132.957953164389,4.71259231858831,15.0114609434184,4.91513846731186,0.973056875725221,0.0488689914759162,0.418749990357053,0.0217107782132716
-126.565298605425,-133.042426081647,4.7443742391382,15.9832319864852,4.93772052145004,0.973056875725221,0.0488689914759162,0.418749990357053,0.0217107782132716
-126.589419256127,-133.125828831425,4.76849488984077,14.6283613694691,5.03195784902573,0.973056875725221,0.0488689914759162,0.418749990357053,0.0217107782132716
-126.643210305865,-133.209173614094,4.82228593957804,15.2666927773017,5.0768549284935,0.973056875725221,0.0488689914759162,0.418749990357053,0.0217107782132716
-126.664726018236,-133.291111859185,4.84380165194959,15.4787273181055,5.07977794027328,0.973056875725221,0.0488689914759162,0.418749990357053,0.0217107782132716
-126.686733249963,-133.372779615113,4.86580888367602,16.8060990153204,5.17532657003403,0.973056875725221,0.0488689914759162,0.418749990357053,0.0217107782132716
-126.727458148098,-133.452990692084,4.9065337818118,15.4611596496187,5.21946452474594,0.973056875725221,0.0488689914759162,0.418749990357053,0.0217107782132716
-126.771830276117,-133.532904435822,4.95090590983,16.5001709544482,5.31694053030014,0.973056875725221,0.0488689914759162,0.418749990357053,0.0217107782132716
-126.798315286077,-133.611665280698,4.97739091978996,15.1843693956548,5.31657908773422,0.973056875725221,0.0488689914759162,0.418749990357053,0.0217107782132716
-126.827139202804,-133.689156870189,5.0062148365175,16.479548122874,5.34038184499741,0.973056875725221,0.0488689914759162,0.418749990357053,0.0217107782132716
-126.857738254364,-133.766493212045,5.03681388807733,15.2743441347724,5.33781550741196,0.973056875725221,0.0488689914759162,0.418749990357053,0.0217107782132716
-126.882080538675,-133.841414259665,5.06115617238836,14.9612446811568,5.36289809560776,0.973056875725221,0.0488689914759162,0.418749990357053,0.0217107782132716
-126.911249515639,-133.915990390798,5.09032514935218,14.2354518880772,5.52687095022202,0.973056875725221,0.0488689914759162,0.418749990357053,0.0217107782132716
-126.938046436511,-133.989236567639,5.11712207022419,16.2029066770875,5.50735686635971,0.973056875725221,0.0488689914759162,0.418749990357053,0.0217107782132716
-126.985726965183,-134.060798090935,5.16480259889618,15.3522555977549,5.4588653883934,0.973056875725221,0.0488689914759162,0.418749990357053,0.0217107782132716
-127.013115280048,-134.131821475791,5.19219091376152,14.1470805630076,5.57316325521469,0.973056875725221,0.0488689914759162,0.418749990357053,0.0217107782132716
-127.042029225556,-134.201589497252,5.22110485926958,15.1154475087434,5.59520648336411,0.973056875725221,0.0488689914759162,0.418749990357053,0.0217107782132716
-127.053435544387,-134.268785708713,5.23251117809995,14.038953874831,5.62201236104965,0.973056875725221,0.0488689914759162,0.418749990357053,0.0217107782132716
-127.086884470548,-134.335252985066,5.26596010426153,15.6292679167386,5.7854673705101,0.973056875725221,0.0488689914759162,0.418749990357053,0.0217107782132716
-127.118344022397,-134.400223421047,5.29741965611022,14.4624703718931,5.88096164083481,0.973056875725221,0.0488689914759162,0.418749990357053,0.0217107782132716
-127.146791018557,-134.463987377384,5.32586665226989,16.3529803322085,5.83202288961411,0.973056875725221,0.0488689914759162,0.418749990357053,0.0217107782132716
-127.159894863356,-134.525738382419,5.3389704970698,13.5851105562126,5.85487578725815,0.973056875725221,0.0488689914759162,0.418749990357053,0.0217107782132716
-127.191647623981,-134.586800637691,5.37072325769411,14.7608328603347,5.95205329275131,0.973056875725221,0.0488689914759162,0.418749990357053,0.0217107782132716
-127.217950615685,-134.644928936092,5.39702624939861,13.326890671871,5.99793456411362,0.973056875725221,0.0488689914759162,0.418749990357053,0.0217107782132716
-127.24657039568,-134.702180394809,5.42564602939347,15.3375947926358,5.970944627285,0.973056875725221,0.0488689914759162,0.418749990357053,0.0217107782132716
-127.282962967753,-134.757326629519,5.46203860146655,13.6478680496073,5.99706481313705,0.973056875725221,0.0488689914759162,0.418749990357053,0.0217107782132716
-127.300145876465,-134.810867697232,5.47922151017857,14.9631135543307,5.97742865896225,0.973056875725221,0.0488689914759162,0.418749990357053,0.0217107782132716
-127.324675155344,-134.862971525442,5.50375078905746,13.5793360150942,6.06841681814194,0.973056875725221,0.0488689914759162,0.418749990357053,0.0217107782132716
-127.360261096344,-134.91386989128,5.53933673005738,15.2312601618803,6.09035704946518,0.973056875725221,0.0488689914759162,0.418749990357053,0.0217107782132716
-127.383096759101,-134.96260433527,5.56217239281476,14.6515794915714,6.09403060293198,0.973056875725221,0.0488689914759162,0.418749990357053,0.0217107782132716
-127.420627274148,-135.008774904652,5.59970290786152,13.5993388361609,6.21389792776108,0.973056875725221,0.0488689914759162,0.418749990357053,0.0217107782132716
-127.450941877679,-135.05346678532,5.63001751139222,14.5914459105932,6.28032801961899,0.973056875725221,0.0488689914759162,0.418749990357053,0.0217107782132716
-127.475121419791,-135.095706911032,5.65419705350409,13.5366731231317,6.20660136556625,0.973056875725221,0.0488689914759162,0.418749990357053,0.0217107782132716
-127.502702815876,-135.136305207543,5.68177844958967,13.6552290398605,6.25955031728745,0.973056875725221,0.0488689914759162,0.418749990357053,0.0217107782132716
-127.535538901709,-135.174965920117,5.71461453542232,11.8126842805305,6.39505217885971,0.973056875725221,0.0488689914759162,0.418749990357053,0.0217107782132716
-127.567259496149,-135.211892380287,5.7463351298622,14.158518275866,6.35138820028305,0.973056875725221,0.0488689914759162,0.418749990357053,0.0217107782132716
-127.584659870238,-135.246227019437,5.76373550395137,12.7282199381852,6.44290374135971,0.973056875725221,0.0488689914759162,0.418749990357053,0.0217107782132716
-127.60467779394,-135.278801251137,5.78375342765358,13.5181750195095,6.44025729513168,0.973056875725221,0.0488689914759162,0.418749990357053,0.0217107782132716
-127.629312424814,-135.309387300254,5.8083880585271,11.5167213943354,6.47082637166977,0.973056875725221,0.0488689914759162,0.418749990357053,0.0217107782132716
-127.658115543151,-135.337809156139,5.83719117686399,12.93833561472,6.49249099111557,0.973056875725221,0.0488689914759162,0.418749990357053,0.0217107782132716
-127.676822877568,-135.363841711053,5.85589851128127,10.6567048272683,6.54100058889389,0.973056875725221,0.0488689914759162,0.418749990357053,0.0217107782132716
-127.706487697834,-135.388028671022,5.8855633315478,13.5725044552566,6.5602705321312,0.973056875725221,0.0488689914759162,0.418749990357053,0.0217107782132716
-127.732201537783,-135.410252499107,5.91127717149673,10.5159466657934,6.56385444021225,0.973056875725221,0.0488689914759162,0.418749990357053,0.0217107782132716
-127.738856351818,-135.430131657784,5.9179319855315,12.4493141921512,6.58416293478012,0.973056875725221,0.0488689914759162,0.418749990357053,0.0217107782132716
-127.774263686674,-135.447774970755,5.9533393203878,12.3124334896731,6.61006854391098,0.973056875725221,0.0488689914759162,0.418749990357053,0.0217107782132716
-127.791038100276,-135.463433143598,5.97011373398901,11.0197087113793,6.77122996664047,0.973056875725221,0.0488689914759162,0.418749990357053,0.0217107782132716
-127.805499949792,-135.477050200643,5.98457558350482,12.1242258388324,6.67677424764633,0.973056875725221,0.0488689914759162,0.418749990357053,0.0217107782132716
-127.829640576873,-135.488269913828,6.00871621058677,9.62037340238136,6.67587493276596,0.973056875725221,0.0488689914759162,0.418749990357053,0.0217107782132716
-127.849113330959,-135.497334676884,6.0281889646718,11.3062882616083,6.67825435018539,0.973056875725221,0.0488689914759162,0.418749990357053,0.0217107782132716
-127.868581979909,-135.504034245511,6.04765761362275,10.7980168028302,6.84131930685043,0.973056875725221,0.0488689914759162,0.418749990357053,0.0217107782132716
-127.889203960527,-135.508621386703,6.06827959424036,9.6307911127042,6.70467303609848,0.973056875725221,0.0488689914759162,0.418749990357053,0.0217107782132716
-127.903066460607,-135.511009567333,6.08214209432043,9.0549295359307,6.91617701864243,0.973056875725221,0.0488689914759162,0.418749990357053,0.0217107782132716
-127.919360870694,-135.511211508853,6.09843650440731,9.34387180609398,6.72624705648422,0.973056875725221,0.0488689914759162,0.418749990357053,0.0217107782132716
-127.936102910354,-135.509254156302,6.11517854406771,10.3604388315016,6.77200911855698,0.973056875725221,0.0488689914759162,0.418749990357053,0.0217107782132716
-127.956208192576,-135.505084411338,6.13528382628903,9.30259053639618,6.8178856215477,0.973056875725221,0.0488689914759162,0.418749990357053,0.0217107782132716
-127.985495425972,-135.498756234127,6.16457105968574,8.57071416703478,6.84287284231186,0.973056875725221,0.0488689914759162,0.418749990357053,0.0217107782132716
-127.996074895695,-135.490189018438,6.1751505294087,8.76844858228695,6.91034720754623,0.973056875725221,0.0488689914759162,0.418749990357053,0.0217107782132716
-128.010791917198,-135.479315492557,6.18986755091108,9.41057531678754,6.93350909566879,0.973056875725221,0.0488689914759162,0.418749990357053,0.0217107782132716
-128.034485513799,-135.466389867419,6.21356114751181,7.27610710478423,6.9087583861351,0.973056875725221,0.0488689914759162,0.418749990357053,0.0217107782132716
-128.033380461084,-135.451276604437,6.21245609479751,8.66684016302137,6.84052775716782,0.973056875725221,0.0488689914759162,0.418749990357053,0.0217107782132716
-128.067891339943,-135.43389109458,6.24696697365629,8.98051896112094,6.9143621764183,0.973056875725221,0.0488689914759162,0.418749990357053,0.0217107782132716
-128.085204481743,-135.414516925261,6.26428011545641,7.84454897375721,6.91114066457748,0.973056875725221,0.0488689914759162,0.418749990357053,0.0217107782132716
-128.100481027057,-135.392903488545,6.27955666077049,6.82713193346277,6.93586657857895,0.973056875725221,0.0488689914759162,0.418749990357053,0.0217107782132716
-128.095231141966,-135.369067780793,6.27430677567892,6.33917347548624,6.79264567708969,0.973056875725221,0.0488689914759162,0.418749990357053,0.0217107782132716
-128.125179293165,-135.343217284627,6.30425492687797,7.61102310361631,6.83952449178696,0.973056875725221,0.0488689914759162,0.418749990357053,0.0217107782132716
-128.12850920221,-135.315226625907,6.30758483592336,6.47206857911774,6.84180949544907,0.973056875725221,0.0488689914759162,0.418749990357053,0.0217107782132716
-128.148566617211,-135.285063688229,6.32764225092408,5.61474479439633,6.7724640212059,0.973056875725221,0.0488689914759162,0.418749990357053,0.0217107782132716
-128.156152345552,-135.253035049754,6.33522797926497,6.16037577754569,6.81975291585922,0.973056875725221,0.0488689914759162,0.418749990357053,0.0217107782132716
-128.170418116669,-135.21860027599,6.34949375038199,5.25855931368507,6.81387732839584,0.973056875725221,0.0488689914759162,0.418749990357053,0.0217107782132716
-128.182741227301,-135.18247548409,6.36181686101381,5.30370641251836,6.7973139128685,0.973056875725221,0.0488689914759162,0.418749990357053,0.0217107782132716
-128.194663107812,-135.144232799961,6.37373874152505,4.07986151972216,6.84660838460922,0.973056875725221,0.0488689914759162,0.418749990357053,0.0217107782132716
-128.191613748551,-135.104009749755,6.37068938226473,4.73554684234695,6.77436755514145,0.973056875725221,0.0488689914759162,0.418749990357053,0.0217107782132716
-128.200615095703,-135.061862607702,6.37969072941677,3.90251267969907,6.72528193807602,0.973056875725221,0.0488689914759162,0.418749990357053,0.0217107782132716
-128.214577926884,-135.01759124502,6.39365356059729,4.32837302484402,6.77545283651352,0.973056875725221,0.0488689914759162,0.418749990357053,0.0217107782132716
-128.231485379946,-134.971657288846,6.4105610136598,3.0088163663666,6.74613116598129,0.973056875725221,0.0488689914759162,0.418749990357053,0.0217107782132716
-128.22644546831,-134.923939708437,6.40552110202344,0.975555124548018,6.79709838247299,0.973056875725221,0.0488689914759162,0.418749990357053,0.0217107782132716
-128.23089666782,-134.874550100954,6.40997230153315,0.778751584006246,6.659984811306,0.973056875725221,0.0488689914759162,0.418749990357053,0.0217107782132716
-128.228786891322,-134.823049117717,6.40786252503561,0.138776221387579,6.65833114004135,0.973056875725221,0.0488689914759162,0.418749990357053,0.0217107782132716
-128.225782316906,-134.769371409565,6.40485795061954,-0.0600266843339319,6.65557692861557,0.973056875725221,0.0488689914759162,0.418749990357053,0.0217107782132716
-128.233322002956,-134.713785344465,6.4123976366692,-0.0167994413674287,6.60746787405014,0.973056875725221,0.0488689914759162,0.418749990357053,0.0217107782132716
-128.236185172116,-134.65812591212,6.41526080582974,0.184387771805097,6.60854171133041,0.973056875725221,0.0488689914759162,0.418749990357053,0.0217107782132716
-128.22608250082,-134.599474164678,6.40515813453332,-5.45074818446074,6.5641424498558,0.973056875725221,0.0488689914759162,0.418749990357053,0.0217107782132716
-128.228859995984,-134.539441469927,6.40793562969752,-4.56071151942224,6.53837416982651,0.973056875725221,0.0488689914759162,0.418749990357053,0.0217107782132716
-128.210270155881,-134.477886259638,6.38934578959474,-3.91995365722574,6.56284354543686,0.973056875725221,0.0488689914759162,0.418749990357053,0.0217107782132716
-128.207078207987,-134.414723367127,6.38615384169991,-3.42189407359299,6.58534358358383,0.973056875725221,0.0488689914759162,0.418749990357053,0.0217107782132716
-128.197228125193,-134.350004417826,6.37630375890585,-5.25357250773083,6.5607588133812,0.973056875725221,0.0488689914759162,0.418749990357053,0.0217107782132716
-128.181984981454,-134.283687878077,6.3610606151672,-6.15180566146144,6.51307509756088,0.973056875725221,0.0488689914759162,0.418749990357053,0.0217107782132716
-128.164875734047,-134.215962732741,6.34395136776064,-6.22120958439331,6.53763697957993,0.973056875725221,0.0488689914759162,0.418749990357053,0.0217107782132716
-128.162523348488,-134.147123157454,6.34159898220149,-7.33698979534551,6.53312037801743,0.973056875725221,0.0488689914759162,0.418749990357053,0.0217107782132716
-128.147674323281,-134.076687261518,6.32674995699464,-8.02069549769483,6.34877608633041,0.973056875725221,0.0488689914759162,0.418749990357053,0.0217107782132716
-128.119412574983,-134.005202522539,6.29848820869619,-5.94840131196001,6.44455931997299,0.973056875725221,0.0488689914759162,0.418749990357053,0.0217107782132716
-128.122335605171,-133.932026339423,6.30141123888403,-6.26909515980153,6.36963008260727,0.973056875725221,0.0488689914759162,0.418749990357053,0.0217107782132716
-128.110841146039,-133.857521626037,6.28991677975257,-4.14343042738877,6.34762881612778,0.973056875725221,0.0488689914759162,0.418749990357053,0.0217107782132716
-128.08930423093,-133.782825210766,6.26837986464315,-7.39087113959327,6.3722536406517,0.973056875725221,0.0488689914759162,0.418749990357053,0.0217107782132716
-128.083724465557,-133.706238914126,6.26280009927016,-5.18294535097138,6.27778457021713,0.973056875725221,0.0488689914759162,0.418749990357053,0.0217107782132716
-128.052432532795,-133.628791310304,6.23150816650791,-7.62527913803166,6.25574324941635,0.973056875725221,0.0488689914759162,0.418749990357053,0.0217107782132716
-128.040591814515,-133.55055869785,6.21966744822869,-4.52044281940194,6.22972701406479,0.973056875725221,0.0488689914759162,0.418749990357053,0.0217107782132716
-128.036537067108,-133.471008137283,6.2156127008213,-5.20213750735159,6.1834108672142,0.973056875725221,0.0488689914759162,0.418749990357053,0.0217107782132716
-128.028410311166,-133.390601494569,6.20748594487894,-5.88599479061144,6.25426314687729,0.973056875725221,0.0488689914759162,0.418749990357053,0.0217107782132716
-128.023814069167,-133.308671129374,6.2028897028806,-6.96750500150982,6.1842186293602,0.973056875725221,0.0488689914759162,0.418749990357053,0.0217107782132716
-128.002315902999,-133.22730456813,6.18139153671221,-7.25440663864182,6.11112330770493,0.973056875725221,0.0488689914759162,0.418749990357053,0.0217107782132716
-128.011002829141,-133.1442311739,6.19007846285444,-5.31886304406317,6.16182444906235,0.973056875725221,0.0488689914759162,0.418749990357053,0.0217107782132716
-127.993845836345,-133.060778738066,6.17292147005843,-6.82011481562678,6.04121230459213,0.973056875725221,0.0488689914759162,0.418749990357053,0.0217107782132716
-127.978322304969,-132.976131255065,6.157397938682,-6.23523273547123,6.01832316732407,0.973056875725221,0.0488689914759162,0.418749990357053,0.0217107782132716
-127.973669408714,-132.891467365378,6.15274504242702,-6.99396161443507,5.92648051595688,0.973056875725221,0.0488689914759162,0.418749990357053,0.0217107782132716
-127.950176735206,-132.806178582679,6.12925236891934,-5.9784887340255,5.9519712767601,0.973056875725221,0.0488689914759162,0.418749990357053,0.0217107782132716
-127.950603916574,-132.720337843777,6.12967955028737,-5.72218941029668,5.85653899526596,0.973056875725221,0.0488689914759162,0.418749990357053,0.0217107782132716
-127.942006417713,-132.634060347378,6.1210820514265,-8.37827969444811,5.78372596120834,0.973056875725221,0.0488689914759162,0.418749990357053,0.0217107782132716
-127.934144728335,-132.547151938234,6.11322036204823,-6.65600083110903,5.83151172018051,0.973056875725221,0.0488689914759162,0.418749990357053,0.0217107782132716
-127.923843494069,-132.460184684162,6.10291912778252,-7.66685093756328,5.64636634206772,0.973056875725221,0.0488689914759162,0.418749990357053,0.0217107782132716
-127.909633535022,-132.372747008381,6.0887091687353,-7.96417276976399,5.64597724294662,0.973056875725221,0.0488689914759162,0.418749990357053,0.0217107782132716
-127.885899158451,-132.285049386633,6.06497479216467,-8.67349878203563,5.64548705434799,0.973056875725221,0.0488689914759162,0.418749990357053,0.0217107782132716
-127.870333735544,-132.197471732536,6.0494093692571,-7.68074046457923,5.69417975759506,0.973056875725221,0.0488689914759162,0.418749990357053,0.0217107782132716
-127.834945561385,-132.109452127034,6.01402119509858,-11.1209024961538,5.59679721212387,0.973056875725221,0.0488689914759162,0.418749990357053,0.0217107782132716
-127.831943020125,-132.02111873764,6.01101865383838,-8.857725703567,5.50661300039291,0.973056875725221,0.0488689914759162,0.418749990357053,0.0217107782132716
-127.803549174311,-131.933250915571,5.98262480802395,-12.187562092065,5.50383876180649,0.973056875725221,0.0488689914759162,0.418749990357053,0.0217107782132716
-127.785066925795,-131.845830379967,5.96414255950853,-10.0796421938439,5.31632254934311,0.973056875725221,0.0488689914759162,0.418749990357053,0.0217107782132716
-127.755027826968,-131.757676565774,5.93410346068143,-10.9880420331511,5.36438010549545,0.973056875725221,0.0488689914759162,0.418749990357053,0.0217107782132716
-127.733324890407,-131.669913880747,5.9124005241204,-13.7179755590005,5.34066317892075,0.973056875725221,0.0488689914759162,0.418749990357053,0.0217107782132716
-127.725541348511,-131.582533984983,5.90461698222397,-10.9781277931918,5.34207080221176,0.973056875725221,0.0488689914759162,0.418749990357053,0.0217107782132716
-127.692744720954,-131.495269097629,5.87182035466732,-12.8622029152868,5.15429805135727,0.973056875725221,0.0488689914759162,0.418749990357053,0.0217107782132716
-127.673944101661,-131.408775184107,5.85301973537447,-11.8581743541088,5.15650103902817,0.973056875725221,0.0488689914759162,0.418749990357053,0.0217107782132716
-127.645411337544,-131.321867315739,5.82448697125734,-13.7561996828368,5.26947711324692,0.973056875725221,0.0488689914759162,0.418749990357053,0.0217107782132716
-127.626092035164,-131.236432373347,5.80516766887684,-13.4471857380437,5.08339618062973,0.973056875725221,0.0488689914759162,0.418749990357053,0.0217107782132716
-127.589501867368,-131.150585861792,5.76857750108117,-12.7566422756984,5.02948973989487,0.973056875725221,0.0488689914759162,0.418749990357053,0.0217107782132716
-127.546966638459,-131.065721262037,5.7260422721728,-11.176264189427,4.98771499013901,0.973056875725221,0.0488689914759162,0.418749990357053,0.0217107782132716
-127.532589301839,-130.981612671596,5.71166493555234,-13.5239349827748,4.9175474486351,0.973056875725221,0.0488689914759162,0.418749990357053,0.0217107782132716
-127.498125638978,-130.897792349883,5.67720127269117,-12.9090224924055,4.919994576931,0.973056875725221,0.0488689914759162,0.418749990357053,0.0217107782132716
-127.47876042817,-130.814223532318,5.65783606188344,-16.3525935776689,4.93887065267563,0.973056875725221,0.0488689914759162,0.418749990357053,0.0217107782132716
-127.453194980636,-130.729976386318,5.63227061434887,-11.4928947447047,4.94060920095444,0.973056875725221,0.0488689914759162,0.418749990357053,0.0217107782132716
-127.415031165708,-130.65045120804,5.59410679942107,-13.8288509750109,4.89262030935287,0.973056875725221,0.0488689914759162,0.418749990357053,0.0217107782132716
-127.400361870832,-130.570273629709,5.57943750454501,-13.7859826709,4.82252906179428,0.973056875725221,0.0488689914759162,0.418749990357053,0.0217107782132716
-127.37555444078,-130.490420514608,5.55463007449317,-14.6239525482691,4.82145522451401,0.973056875725221,0.0488689914759162,0.418749990357053,0.0217107782132716
-127.343158955975,-130.411727700388,5.52223458968834,-13.3094126301706,4.74877475118637,0.973056875725221,0.0488689914759162,0.418749990357053,0.0217107782132716
-127.314701099166,-130.334080976858,5.49377673287965,-12.1640592297993,4.65711806631088,0.973056875725221,0.0488689914759162,0.418749990357053,0.0217107782132716
-127.291479217364,-130.257264650982,5.47055485107684,-12.4058996420007,4.58831332540512,0.973056875725221,0.0488689914759162,0.418749990357053,0.0217107782132716
-127.271709417882,-130.181614241363,5.45078505159513,-12.2905653433904,4.565577729702,0.973056875725221,0.0488689914759162,0.418749990357053,0.0217107782132716
-127.244080022317,-130.107650354931,5.42315565603019,-13.1203884899277,4.42034839010239,0.973056875725221,0.0488689914759162,0.418749990357053,0.0217107782132716
-127.22922117958,-130.034381484129,5.40829681329344,-12.0737428405573,4.37664054250717,0.973056875725221,0.0488689914759162,0.418749990357053,0.0217107782132716
-127.204293500229,-129.962414549309,5.3833691339423,-14.38835795242,4.49425814962387,0.973056875725221,0.0488689914759162,0.418749990357053,0.0217107782132716
-127.179112420624,-129.891667126489,5.35818805433688,-11.51373686072,4.42518351888657,0.973056875725221,0.0488689914759162,0.418749990357053,0.0217107782132716
-127.151810078894,-129.822425531352,5.33088571260742,-13.9897470017035,4.39983199453354,0.973056875725221,0.0488689914759162,0.418749990357053,0.0217107782132716
-127.137382964655,-129.754499253231,5.31645859836818,-13.6571334723187,4.37589381551743,0.973056875725221,0.0488689914759162,0.418749990357053,0.0217107782132716
-127.100414348326,-129.688037146929,5.27948998203948,-13.3211847953036,4.25965140676498,0.973056875725221,0.0488689914759162,0.418749990357053,0.0217107782132716
-127.068522791009,-129.623017218398,5.24759842472258,-13.7462961571736,4.23551772451401,0.973056875725221,0.0488689914759162,0.418749990357053,0.0217107782132716
-127.053135105123,-129.559302509987,5.2322107388364,-13.8802992147491,4.07383750295639,0.973056875725221,0.0488689914759162,0.418749990357053,0.0217107782132716
-127.028963925386,-129.497458951652,5.2080395590994,-13.4594462744847,4.11840365743637,0.973056875725221,0.0488689914759162,0.418749990357053,0.0217107782132716
-127.006774077264,-129.437039536805,5.18584971097733,-14.8292840777952,4.16754077291489,0.973056875725221,0.0488689914759162,0.418749990357053,0.0217107782132716
-126.967389514847,-129.37827470227,5.14646514856015,-15.008305130241,4.00187824583054,0.973056875725221,0.0488689914759162,0.418749990357053,0.0217107782132716
-126.937707237534,-129.320749818927,5.11678287124764,-13.4298700373883,3.95714424467087,0.973056875725221,0.0488689914759162,0.418749990357053,0.0217107782132716
-126.906063590695,-129.265540986669,5.08513922440784,-15.2533506822189,3.95317266798019,0.973056875725221,0.0488689914759162,0.418749990357053,0.0217107782132716
-126.885919025714,-129.211947275811,5.064994659427,-14.5463910369168,3.90452383375168,0.973056875725221,0.0488689914759162,0.418749990357053,0.0217107782132716
-126.83556676836,-129.160140773273,5.01464240207369,-15.7864656481791,3.8611931643486,0.973056875725221,0.0488689914759162,0.418749990357053,0.0217107782132716
-126.815248443622,-129.110010759331,4.99432407733549,-14.2521487923349,3.78878973340988,0.973056875725221,0.0488689914759162,0.418749990357053,0.0217107782132716
-126.783517265743,-129.061613209321,4.96259289945625,-14.4466524684955,3.85676954603195,0.973056875725221,0.0488689914759162,0.418749990357053,0.0217107782132716
-126.753982581262,-129.015229238768,4.93305821497578,-14.8960643028381,3.81476066923141,0.973056875725221,0.0488689914759162,0.418749990357053,0.0217107782132716
-126.712638789958,-128.970756406854,4.8917144236717,-14.9600340470529,3.72173879957199,0.973056875725221,0.0488689914759162,0.418749990357053,0.0217107782132716
-126.688778622732,-128.92831432353,4.8678542564452,-14.1115545678847,3.67582605695724,0.973056875725221,0.0488689914759162,0.418749990357053,0.0217107782132716
-126.675028707271,-128.887568435302,4.85410434098424,-14.6769779355828,3.62411592817307,0.973056875725221,0.0488689914759162,0.418749990357053,0.0217107782132716
-126.626268793726,-128.848858192862,4.80534442743896,-15.7472373545206,3.6756691775322,0.973056875725221,0.0488689914759162,0.418749990357053,0.0217107782132716
-126.599316682371,-128.811940175033,4.77839231608448,-15.3705760892607,3.69948910093308,0.973056875725221,0.0488689914759162,0.418749990357053,0.0217107782132716
-126.561466531665,-128.77748270125,4.74054216537867,-16.5618092672351,3.53578470563889,0.973056875725221,0.0488689914759162,0.418749990357053,0.0217107782132716
-126.538943929528,-128.744878995792,4.7180195632413,-13.1794253235974,3.55726002073288,0.973056875725221,0.0488689914759162,0.418749990357053,0.0217107782132716
-126.521400386922,-128.714305051574,4.70047602063564,-15.2551747786649,3.4882273516655,0.973056875725221,0.0488689914759162,0.418749990357053,0.0217107782132716
-126.481153389776,-128.685852260736,4.66022902348931,-15.0244290324814,3.41821859693527,0.973056875725221,0.0488689914759162,0.418749990357053,0.0217107782132716
-126.458562623439,-128.659476022653,4.63763825715227,-12.0646257146365,3.44129989957809,0.973056875725221,0.0488689914759162,0.418749990357053,0.0217107782132716
-126.430619978257,-128.63521763302,4.60969561196989,-13.9403485727881,3.39169214582443,0.973056875725221,0.0488689914759162,0.418749990357053,0.0217107782132716
-126.416926520177,-128.613084890982,4.59600215388997,-14.0752528298541,3.41931866025925,0.973056875725221,0.0488689914759162,0.418749990357053,0.0217107782132716
-126.379853470069,-128.593118865575,4.55892910378203,-15.2743912189993,3.35000131940842,0.973056875725221,0.0488689914759162,0.418749990357053,0.0217107782132716
-126.358158751946,-128.575316026334,4.53723438565903,-13.3718492367738,3.25671957349777,0.973056875725221,0.0488689914759162,0.418749990357053,0.0217107782132716
-126.32905953079,-128.559660980976,4.50813516450341,-12.5003375037071,3.35076616621017,0.973056875725221,0.0488689914759162,0.418749990357053,0.0217107782132716
-126.312406886037,-128.546182511028,4.49148251975032,-12.7091471054379,3.37217424726486,0.973056875725221,0.0488689914759162,0.418749990357053,0.0217107782132716
-126.278260269057,-128.534932319451,4.45733590277031,-13.0766921169153,3.32535503721237,0.973056875725221,0.0488689914759162,0.418749990357053,0.0217107782132716
-126.255063300118,-128.525820527663,4.43413893383104,-12.6256380078044,3.30047367429733,0.973056875725221,0.0488689914759162,0.418749990357053,0.0217107782132716
-126.232169347498,-128.518952747876,4.41124498121162,-11.5988697176298,3.2548379740715,0.973056875725221,0.0488689914759162,0.418749990357053,0.0217107782132716
-126.210318654186,-128.514269886967,4.38939428789947,-13.2611475540396,3.35002897596359,0.973056875725221,0.0488689914759162,0.418749990357053,0.0217107782132716
-126.190240025697,-128.511808704441,4.3693156594104,-11.371324492539,3.2334871134758,0.973056875725221,0.0488689914759162,0.418749990357053,0.0217107782132716
-126.162536955335,-128.511566426227,4.3416125890488,-11.3570569641214,3.18341492033005,0.973056875725221,0.0488689914759162,0.418749990357053,0.0217107782132716
-126.140060385587,-128.513531306117,4.31913601930076,-10.6962847449182,3.23137663221359,0.973056875725221,0.0488689914759162,0.418749990357053,0.0217107782132716
-126.121097191212,-128.517820429686,4.3001728249252,-11.678433009758,3.15976999616623,0.973056875725221,0.0488689914759162,0.418749990357053,0.0217107782132716
-126.092106414782,-128.524168407115,4.27118204849566,-9.99080751608985,3.18380211210251,0.973056875725221,0.0488689914759162,0.418749990357053,0.0217107782132716
-126.077865500768,-128.532646281402,4.25694113448133,-10.1105671268877,3.18896196699142,0.973056875725221,0.0488689914759162,0.418749990357053,0.0217107782132716
-126.049776888951,-128.543443778746,4.22885252266472,-9.6971583382521,3.13765333509445,0.973056875725221,0.0488689914759162,0.418749990357053,0.0217107782132716
-126.048329139683,-128.556402871525,4.22740477339587,-9.33414423424675,3.11452196455002,0.973056875725221,0.0488689914759162,0.418749990357053,0.0217107782132716
-126.022671980665,-128.571533034601,4.20174761437789,-10.0565632563559,3.15985010480881,0.973056875725221,0.0488689914759162,0.418749990357053,0.0217107782132716
-126.001659661309,-128.58883478599,4.18073529502197,-6.91625328837338,3.02226827955246,0.973056875725221,0.0488689914759162,0.418749990357053,0.0217107782132716
-125.975981331074,-128.608357586518,4.15505696478724,-7.78177998406712,3.06718633985519,0.973056875725221,0.0488689914759162,0.418749990357053,0.0217107782132716
-125.962336110527,-128.630019792955,4.14141174424074,-7.63361311936693,3.09054039335251,0.973056875725221,0.0488689914759162,0.418749990357053,0.0217107782132716
-125.946276703505,-128.653675036105,4.12535233721795,-7.83591668376381,3.11598680830002,0.973056875725221,0.0488689914759162,0.418749990357053,0.0217107782132716
-125.941151690656,-128.679578806795,4.12022732436976,-5.5706817919666,3.14115570402145,0.973056875725221,0.0488689914759162,0.418749990357053,0.0217107782132716
-125.927634055124,-128.707534853578,4.10670968883725,-8.15114210465503,3.09390018796921,0.973056875725221,0.0488689914759162,0.418749990357053,0.0217107782132716
-125.909133360416,-128.737806602778,4.08820899412907,-5.71659829073862,3.06917093610764,0.973056875725221,0.0488689914759162,0.418749990357053,0.0217107782132716
-125.894565088668,-128.769717548313,4.07364072238128,-9.13614871170523,3.09439848279953,0.973056875725221,0.0488689914759162,0.418749990357053,0.0217107782132716
-125.894241508177,-128.804053079658,4.07331714189058,-4.67073133562617,3.06929539060593,0.973056875725221,0.0488689914759162,0.418749990357053,0.0217107782132716
-125.876988774077,-128.840267352463,4.05606440779019,-5.24559804178739,3.13767622327805,0.973056875725221,0.0488689914759162,0.418749990357053,0.0217107782132716
-125.875363885281,-128.878390316306,4.05443951899404,-5.27819137229044,3.09281252241135,0.973056875725221,0.0488689914759162,0.418749990357053,0.0217107782132716
-125.869342663406,-128.918766701822,4.04841829711952,-3.36428905266158,3.06877516126633,0.973056875725221,0.0488689914759162,0.418749990357053,0.0217107782132716
-125.844766621499,-128.960794680189,4.02384225521221,-4.22506137607917,3.27944277143478,0.973056875725221,0.0488689914759162,0.418749990357053,0.0217107782132716
-125.856844764724,-129.004888050469,4.03592039843698,-3.70989589659,3.21286629056931,0.973056875725221,0.0488689914759162,0.418749990357053,0.0217107782132716
-125.838694868052,-129.050976570911,4.01777050176558,-3.0214066167162,3.32713602399826,0.973056875725221,0.0488689914759162,0.418749990357053,0.0217107782132716
-125.83477266694,-129.098885458571,4.01384830065313,-1.48045836594065,3.20946215009689,0.973056875725221,0.0488689914759162,0.418749990357053,0.0217107782132716
-125.831907277421,-129.148481226951,4.01098291113411,-2.48897796821004,3.18633125638962,0.973056875725221,0.0488689914759162,0.418749990357053,0.0217107782132716
-125.816580884016,-129.199940577857,3.99565651772979,-1.75828005826206,3.24716041898727,0.973056875725221,0.0488689914759162,0.418749990357053,0.0217107782132716
-125.820656883322,-129.253017990776,3.99973251703548,-0.419241237441465,3.30015323972702,0.973056875725221,0.0488689914759162,0.418749990357053,0.0217107782132716
-125.805838105228,-129.30797814112,3.98491373894105,-0.00665730014385965,3.37032936429977,0.973056875725221,0.0488689914759162,0.418749990357053,0.0217107782132716
-125.825421204102,-129.364697625281,4.00449683781515,0.916452281731757,3.22704981184006,0.973056875725221,0.0488689914759162,0.418749990357053,0.0217107782132716
-125.821579579344,-129.423547840218,4.00065521305684,1.20453088538706,3.30021236753464,0.973056875725221,0.0488689914759162,0.418749990357053,0.0217107782132716
-125.825691636104,-129.483260346591,4.00476726981711,1.69187171063913,3.34712646818161,0.973056875725221,0.0488689914759162,0.418749990357053,0.0217107782132716
-125.824533612441,-129.544649448862,4.0036092461547,2.73222048808033,3.39520834302902,0.973056875725221,0.0488689914759162,0.418749990357053,0.0217107782132716
-125.821787955439,-129.608026985493,4.00086358915203,3.36989139059472,3.32115743970871,0.973056875725221,0.0488689914759162,0.418749990357053,0.0217107782132716
-125.849433271154,-129.67287749456,4.02850890486778,6.76882029680121,3.44009922361374,0.973056875725221,0.0488689914759162,0.418749990357053,0.0217107782132716
-125.856320982038,-129.739291661166,4.03539661575167,5.85043708780282,3.46268938398361,0.973056875725221,0.0488689914759162,0.418749990357053,0.0217107782132716
-125.863346617099,-129.806605317995,4.04242225081183,5.56623753293552,3.41738413190842,0.973056875725221,0.0488689914759162,0.418749990357053,0.0217107782132716
-125.868535152807,-129.875731087667,4.04761078652025,7.69429493607371,3.53493879652023,0.973056875725221,0.0488689914759162,0.418749990357053,0.0217107782132716
-125.882120662777,-129.946074966228,4.06119629649065,8.47435813207316,3.51226614332199,0.973056875725221,0.0488689914759162,0.418749990357053,0.0217107782132716
-125.907810893945,-130.017662516749,4.0868865276586,6.99976483427814,3.64969967222214,0.973056875725221,0.0488689914759162,0.418749990357053,0.0217107782132716
-125.906549229799,-130.090462941621,4.08562486351236,7.11578236772717,3.65151737546921,0.973056875725221,0.0488689914759162,0.418749990357053,0.0217107782132716
-125.926086795309,-130.164846860329,4.10516242902201,5.90103250571098,3.53119800901413,0.973056875725221,0.0488689914759162,0.418749990357053,0.0217107782132716
-125.954094859002,-130.240088453282,4.13317049271575,5.78628040321885,3.64962099409103,0.973056875725221,0.0488689914759162,0.418749990357053,0.0217107782132716
-125.965559537972,-130.316520478452,4.14463517168548,6.71428683641147,3.69591806745529,0.973056875725221,0.0488689914759162,0.418749990357053,0.0217107782132716
-125.97925737173,-130.393967583699,4.15833300544308,6.76328309869075,3.602944835186,0.973056875725221,0.0488689914759162,0.418749990357053,0.0217107782132716
-125.994153554375,-130.472303318602,4.17322918808843,8.63238158904249,3.81903694486618,0.973056875725221,0.0488689914759162,0.418749990357053,0.0217107782132716
-126.012668817815,-130.55219779155,4.19174445152856,6.77707711623931,3.69865845060349,0.973056875725221,0.0488689914759162,0.418749990357053,0.0217107782132716
-126.030001629658,-130.632117495556,4.20907726337164,8.51415212579742,3.81727503156662,0.973056875725221,0.0488689914759162,0.418749990357053,0.0217107782132716
-126.035379553815,-130.713316640702,4.21445518752842,6.88197659143317,3.86457107877731,0.973056875725221,0.0488689914759162,0.418749990357053,0.0217107782132716
-126.054955174652,-130.795894688668,4.23403080836482,8.9369677690867,3.75076626157761,0.973056875725221,0.0488689914759162,0.418749990357053,0.0217107782132716
-126.071515008742,-130.878376406348,4.25059064245489,6.96215598907652,3.7732329211235,0.973056875725221,0.0488689914759162,0.418749990357053,0.0217107782132716
-126.078770159532,-130.962097383878,4.2578457932457,8.82873291415546,3.86515568113327,0.973056875725221,0.0488689914759162,0.418749990357053,0.0217107782132716
-126.104218387726,-131.04637252066,4.2832940214397,7.83941462123008,3.91063974714279,0.973056875725221,0.0488689914759162,0.418749990357053,0.0217107782132716
-126.115546267684,-131.133419645775,4.29462190139698,8.94801069632091,3.90968464231491,0.973056875725221,0.0488689914759162,0.418749990357053,0.0217107782132716
-126.128227704625,-131.216709419337,4.30730333833842,6.7048805187906,4.00641296720505,0.973056875725221,0.0488689914759162,0.418749990357053,0.0217107782132716
-126.137575516287,-131.30240690358,4.31665115000068,7.697214601073,4.05248568868637,0.973056875725221,0.0488689914759162,0.418749990357053,0.0217107782132716
-126.143591223056,-131.389169143625,4.32266685676938,8.35097806291105,4.07662318563461,0.973056875725221,0.0488689914759162,0.418749990357053,0.0217107782132716
-126.164215426647,-131.475706328974,4.34329106036049,7.57192972159425,4.21656440114975,0.973056875725221,0.0488689914759162,0.418749990357053,0.0217107782132716
-126.17002584071,-131.562736203166,4.34910147442349,7.92659363565794,4.12186549520493,0.973056875725221,0.0488689914759162,0.418749990357053,0.0217107782132716
-126.188267524598,-131.650049083041,4.36734315831169,8.12663386701727,4.21431277608871,0.973056875725221,0.0488689914759162,0.418749990357053,0.0217107782132716
-126.192316774102,-131.738342592263,4.3713924078152,7.8779909613486,4.18995402669907,0.973056875725221,0.0488689914759162,0.418749990357053,0.0217107782132716
-126.217642306588,-131.82547095819,4.39671794030153,9.44578585118477,4.30674384450912,0.973056875725221,0.0488689914759162,0.418749990357053,0.0217107782132716
-126.234297586697,-131.913197215342,4.41337322041063,8.74837214513806,4.30986712789536,0.973056875725221,0.0488689914759162,0.418749990357053,0.0217107782132716
-126.257172579694,-132.001278879904,4.43624821340721,8.53475624597578,4.33024714803696,0.973056875725221,0.0488689914759162,0.418749990357053,0.0217107782132716
-126.260618621831,-132.089041963078,4.43969425554405,11.9083511346645,4.30745337820053,0.973056875725221,0.0488689914759162,0.418749990357053,0.0217107782132716
-126.284680329391,-132.176787645464,4.46375596310464,9.34213214999085,4.4737579665184,0.973056875725221,0.0488689914759162,0.418749990357053,0.0217107782132716
-126.317367965038,-132.264889435728,4.49644359875148,11.8514888993912,4.58880446767807,0.973056875725221,0.0488689914759162,0.418749990357053,0.0217107782132716
-126.342858696169,-132.352788285049,4.52193432988196,12.1119761606817,4.61286376333237,0.973056875725221,0.0488689914759162,0.418749990357053,0.0217107782132716
-126.359807852245,-132.439845816242,4.53888348595782,9.73771818835811,4.63524459218979,0.973056875725221,0.0488689914759162,0.418749990357053,0.0217107782132716
-126.390398367209,-132.526946179538,4.56947400092203,11.4670846269198,4.65743087148666,0.973056875725221,0.0488689914759162,0.418749990357053,0.0217107782132716
-126.420470259787,-132.61386596279,4.59954589349995,13.0568374186298,4.6835386595726,0.973056875725221,0.0488689914759162,0.418749990357053,0.0217107782132716
-126.438789664355,-132.700568947903,4.61786529806785,14.3222763138792,4.6359255156517,0.973056875725221,0.0488689914759162,0.418749990357053,0.0217107782132716
-126.454620589439,-132.786384169895,4.63369622315213,14.6675425852376,4.84742282247543,0.973056875725221,0.0488689914759162,0.418749990357053,0.0217107782132716
-126.501680029843,-132.871854481504,4.68075566355655,13.3756485495409,4.82260058736801,0.973056875725221,0.0488689914759162,0.418749990357053,0.0217107782132716
-126.520555652222,-132.957397902607,4.69963128593559,14.3487893227089,4.80005954122543,0.973056875725221,0.0488689914759162,0.418749990357053,0.0217107782132716
-126.565415279498,-133.041454011526,4.74449091321097,15.1191371375288,4.94189380025864,0.973056875725221,0.0488689914759162,0.418749990357053,0.0217107782132716
-126.609228733133,-133.125202564678,4.78830436684649,14.2689597063995,4.91933940267563,0.973056875725221,0.0488689914759162,0.418749990357053,0.0217107782132716
-126.625907478059,-133.207833502262,4.80498311177249,13.2412797518214,5.12663482046127,0.973056875725221,0.0488689914759162,0.418749990357053,0.0217107782132716
-126.655474013155,-133.290252923706,4.834549646868,17.255141990988,5.03355906820297,0.973056875725221,0.0488689914759162,0.418749990357053,0.0217107782132716
-126.6823382583,-133.371562303932,4.86141389201297,15.2607656835274,5.17314360952377,0.973056875725221,0.0488689914759162,0.418749990357053,0.0217107782132716
-126.727668775886,-133.452360007184,4.90674440959882,16.5076098350994,5.19868300771713,0.973056875725221,0.0488689914759162,0.418749990357053,0.0217107782132716
-126.747843789525,-133.5323566882,4.92691942323822,15.161641512104,5.2453119597435,0.973056875725221,0.0488689914759162,0.418749990357053,0.0217107782132716
-126.781444428917,-133.61074194212,4.96052006263009,15.5528064532496,5.20003817892075,0.973056875725221,0.0488689914759162,0.418749990357053,0.0217107782132716
-126.814594265147,-133.688438999682,4.99366989886063,16.0559635633633,5.33891414022446,0.973056875725221,0.0488689914759162,0.418749990357053,0.0217107782132716
-126.844722085412,-133.765259208804,5.02379771912512,15.9808611751592,5.34259913778305,0.973056875725221,0.0488689914759162,0.418749990357053,0.0217107782132716
-126.884153497548,-133.840761696825,5.06322913126148,13.9805829006086,5.43478797292709,0.973056875725221,0.0488689914759162,0.418749990357053,0.0217107782132716
-126.902613936053,-133.915620873922,5.08168956976587,15.1838140290256,5.33965895986557,0.973056875725221,0.0488689914759162,0.418749990357053,0.0217107782132716
-126.92595447342,-133.988397301143,5.10503010713328,14.7742064760056,5.47934935903549,0.973056875725221,0.0488689914759162,0.418749990357053,0.0217107782132716
-126.972833519666,-134.060271021748,5.15190915337979,17.0017309473545,5.52914832448959,0.973056875725221,0.0488689914759162,0.418749990357053,0.0217107782132716
-126.980817146528,-134.130853592869,5.15989278024179,13.5829872085308,5.59833453512192,0.973056875725221,0.0488689914759162,0.418749990357053,0.0217107782132716
-127.026117933251,-134.200280554125,5.20519356696425,16.4586575853552,5.57774947500229,0.973056875725221,0.0488689914759162,0.418749990357053,0.0217107782132716
-127.053841578146,-134.268465146388,5.23291721185909,14.7354576977067,5.81044219350815,0.973056875725221,0.0488689914759162,0.418749990357053,0.0217107782132716
-127.094899534208,-134.335049105338,5.27397516792111,15.586948203031,5.78929637289047,0.973056875725221,0.0488689914759162,0.418749990357053,0.0217107782132716
-127.102973518131,-134.400016485251,5.28204915184474,14.709566532138,5.76315234518051,0.973056875725221,0.0488689914759162,0.418749990357053,0.0217107782132716
-127.138716409187,-134.463433720864,5.31779204290075,15.1375741885597,5.76006148672104,0.973056875725221,0.0488689914759162,0.418749990357053,0.0217107782132716
-127.147566322913,-134.525453871945,5.3266419566261,15.0891026697178,5.87828181600571,0.973056875725221,0.0488689914759162,0.418749990357053,0.0217107782132716
-127.176136218437,-134.585877324456,5.35521185215007,16.3570889863703,5.95375083303452,0.973056875725221,0.0488689914759162,0.418749990357053,0.0217107782132716
-127.213052445703,-134.644604286721,5.39212807941611,14.5931558689528,5.95202468252182,0.973056875725221,0.0488689914759162,0.418749990357053,0.0217107782132716
-127.231479756762,-134.701657263153,5.41055539047505,13.9773968977395,5.88331435537338,0.973056875725221,0.0488689914759162,0.418749990357053,0.0217107782132716
-127.268054079675,-134.75720958744,5.44712971338801,16.2697751766002,6.02168773031235,0.973056875725221,0.0488689914759162,0.418749990357053,0.0217107782132716
-127.309503007367,-134.810804757615,5.48857864107982,13.3183900725593,6.11806891775131,0.973056875725221,0.0488689914759162,0.418749990357053,0.0217107782132716
-127.337008848877,-134.862655318149,5.51608448259036,14.4911125440721,6.14048217153549,0.973056875725221,0.0488689914759162,0.418749990357053,0.0217107782132716
-127.357562819292,-134.912814656223,5.53663845300509,14.1191227267538,6.18523906087875,0.973056875725221,0.0488689914759162,0.418749990357053,0.0217107782132716
-127.392793971553,-134.961583541062,5.57186960526632,14.7013565229545,6.18561576223373,0.973056875725221,0.0488689914759162,0.418749990357053,0.0217107782132716
-127.420117702907,-135.00807623946,5.59919333661987,14.545963021512,6.23491595602036,0.973056875725221,0.0488689914759162,0.418749990357053,0.0217107782132716
-127.444518053504,-135.052190276203,5.62359368721763,14.5968360061245,6.21175597524643,0.973056875725221,0.0488689914759162,0.418749990357053,0.0217107782132716
-127.481133345185,-135.094804337706,5.66020897889877,14.8571199695003,6.2795440993309,0.973056875725221,0.0488689914759162,0.418749990357053,0.0217107782132716
-127.507875426251,-135.135378979354,5.68695105996384,14.0535060743793,6.37295649862289,0.973056875725221,0.0488689914759162,0.418749990357053,0.0217107782132716
-127.533579907398,-135.174153502394,5.71265554111117,11.8827176178732,6.30640433645248,0.973056875725221,0.0488689914759162,0.418749990357053,0.0217107782132716
-127.566073849734,-135.210732616409,5.74514948344751,13.424685331805,6.39682696676254,0.973056875725221,0.0488689914759162,0.418749990357053,0.0217107782132716
-127.594902750713,-135.245305369203,5.77397838442659,13.3880985620077,6.39916251516342,0.973056875725221,0.0488689914759162,0.418749990357053,0.0217107782132716
-127.607447953817,-135.27793592431,5.78652358753021,12.5376276657077,6.49326632833481,0.973056875725221,0.0488689914759162,0.418749990357053,0.0217107782132716
-127.625745851768,-135.308536778114,5.80482148548164,10.7462328130365,6.4923126540184,0.973056875725221,0.0488689914759162,0.418749990357053,0.0217107782132716
-127.655983854509,-135.337025554724,5.83505948822272,13.2276811465027,6.42365382528305,0.973056875725221,0.0488689914759162,0.418749990357053,0.0217107782132716
-127.681582064879,-135.363377402983,5.86065769859259,14.6162509557435,6.5147850356102,0.973056875725221,0.0488689914759162,0.418749990357053,0.0217107782132716
-127.706724308542,-135.387650325435,5.88579994225552,11.8930543948601,6.61030600881577,0.973056875725221,0.0488689914759162,0.418749990357053,0.0217107782132716
-127.729334589026,-135.409698653523,5.9084102227393,10.5589186287537,6.56454108572006,0.973056875725221,0.0488689914759162,0.418749990357053,0.0217107782132716
-127.765079057818,-135.429776317683,5.94415469153131,12.8043046711361,6.66109584188461,0.973056875725221,0.0488689914759162,0.418749990357053,0.0217107782132716
-127.785736908741,-135.447464104994,5.96481254245446,10.6634120995938,6.586010201931,0.973056875725221,0.0488689914759162,0.418749990357053,0.0217107782132716
-127.798317704782,-135.463164608033,5.97739333849528,12.3106825396834,6.56315730428696,0.973056875725221,0.0488689914759162,0.418749990357053,0.0217107782132716
-127.810291822032,-135.476570800401,5.98936745574496,9.57820342001622,6.70412658071518,0.973056875725221,0.0488689914759162,0.418749990357053,0.0217107782132716
-127.836757612895,-135.487874696692,6.01583324660876,11.0913749179825,6.67716906881332,0.973056875725221,0.0488689914759162,0.418749990357053,0.0217107782132716
-127.847465454354,-135.496969857319,6.02654108806716,11.0604357672054,6.72860453939438,0.973056875725221,0.0488689914759162,0.418749990357053,0.0217107782132716
-127.878662815119,-135.503859861152,6.05773844883253,9.74106469594664,6.77273677206039,0.973056875725221,0.0488689914759162,0.418749990357053,0.0217107782132716
-127.884265439093,-135.508510468784,6.06334107280679,10.6299032705483,6.84268210744858,0.973056875725221,0.0488689914759162,0.418749990357053,0.0217107782132716
-127.906608988714,-135.510980126822,6.08568462242712,10.2039829427126,6.81663344717026,0.973056875725221,0.0488689914759162,0.418749990357053,0.0217107782132716
-127.919485590807,-135.511234667541,6.09856122452027,9.98989200421249,6.79454062795639,0.973056875725221,0.0488689914759162,0.418749990357053,0.0217107782132716
-127.952507187182,-135.509254890184,6.13158282089535,9.39557847399589,6.93472312307358,0.973056875725221,0.0488689914759162,0.418749990357053,0.0217107782132716
-127.9649907941,-135.50510705547,6.14406642781332,8.97618113658674,6.9587604842186,0.973056875725221,0.0488689914759162,0.418749990357053,0.0217107782132716
-127.984229262534,-135.498717915698,6.1633048962477,8.81231739064434,6.93607447957993,0.973056875725221,0.0488689914759162,0.418749990357053,0.0217107782132716
-127.996456509424,-135.490164805736,6.17553214313712,8.64104125940247,6.84337066030502,0.973056875725221,0.0488689914759162,0.418749990357053,0.0217107782132716
-128.02077724261,-135.479423061449,6.19985287632338,8.7147011680894,6.8664114317894,0.973056875725221,0.0488689914759162,0.418749990357053,0.0217107782132716
-128.03112060087,-135.466455218365,6.21019623458349,8.82153304037924,6.88436339712143,0.973056875725221,0.0488689914759162,0.418749990357053,0.0217107782132716
-128.048938836715,-135.451313368911,6.22801447042834,9.66328445877985,7.02575324392319,0.973056875725221,0.0488689914759162,0.418749990357053,0.0217107782132716
-128.075761491442,-135.434029292195,6.25483712515507,7.39705122110237,6.95847056722641,0.973056875725221,0.0488689914759162,0.418749990357053,0.0217107782132716
-128.084363449507,-135.414374765331,6.26343908322027,6.99209523559074,6.91030619955063,0.973056875725221,0.0488689914759162,0.418749990357053,0.0217107782132716
-128.098263455593,-135.392914310136,6.27733908930586,6.7762731983449,6.93362449026108,0.973056875725221,0.0488689914759162,0.418749990357053,0.0217107782132716
-128.112887472163,-135.36914177055,6.29196310587624,6.79729985919684,6.98112700796127,0.973056875725221,0.0488689914759162,0.418749990357053,0.0217107782132716
-128.128318892451,-135.343255820329,6.30739452616402,7.59715949476762,6.93504355764389,0.973056875725221,0.0488689914759162,0.418749990357053,0.0217107782132716
-128.130671585054,-135.315257776784,6.30974721876718,8.15988673461985,6.88617442464828,0.973056875725221,0.0488689914759162,0.418749990357053,0.0217107782132716
-128.15384530415,-135.285219469097,6.332920937863,6.30429086723488,6.84213374471664,0.973056875725221,0.0488689914759162,0.418749990357053,0.0217107782132716
-128.176480761769,-135.252936188127,6.35555639548208,5.31089281576617,6.79515002584457,0.973056875725221,0.0488689914759162,0.418749990357053,0.0217107782132716
-128.193978432264,-135.218730418769,6.37305406597752,5.9911901071751,6.88761924123764,0.973056875725221,0.0488689914759162,0.418749990357053,0.0217107782132716
-128.184570331541,-135.182573114884,6.36364596525463,4.09389430014338,6.86480544424057,0.973056875725221,0.0488689914759162,0.418749990357053,0.0217107782132716
-128.19879690587,-135.144433821513,6.3778725395833,3.97803764409043,6.8628074965477,0.973056875725221,0.0488689914759162,0.418749990357053,0.0217107782132716
-128.21348374204,-135.104157037768,6.39255937575287,3.96551000933506,6.7238161406517,0.973056875725221,0.0488689914759162,0.418749990357053,0.0217107782132716
-128.210935855621,-135.061914018745,6.39001148933449,4.59986926636149,6.70274661397934,0.973056875725221,0.0488689914759162,0.418749990357053,0.0217107782132716
-128.225603660703,-135.018031512224,6.40467929441654,2.61788029600732,6.81848166799545,0.973056875725221,0.0488689914759162,0.418749990357053,0.0217107782132716
-128.225666469771,-134.971903424672,6.40474210348388,1.31969073303987,6.70113013601303,0.973056875725221,0.0488689914759162,0.418749990357053,0.0217107782132716
-128.223586974429,-134.924021116602,6.40266260814229,0.798469747534728,6.81843589162827,0.973056875725221,0.0488689914759162,0.418749990357053,0.0217107782132716
-128.236040630433,-134.874441535126,6.41511626414623,0.467894900489054,6.70137999868393,0.973056875725221,0.0488689914759162,0.418749990357053,0.0217107782132716
-128.222959735018,-134.822774317509,6.4020353687311,0.172629266707807,6.7020876250267,0.973056875725221,0.0488689914759162,0.418749990357053,0.0217107782132716
-128.232476787802,-134.769739372396,6.41155242151578,-0.0924646596119364,6.7272283873558,0.973056875725221,0.0488689914759162,0.418749990357053,0.0217107782132716
-128.224938664113,-134.714091856053,6.40401429782631,-1.18226411724295,6.63151763296127,0.973056875725221,0.0488689914759162,0.418749990357053,0.0217107782132716
-128.216289054888,-134.656437277363,6.39536468860086,-0.442683803485909,6.67787478780746,0.973056875725221,0.0488689914759162,0.418749990357053,0.0217107782132716
-128.217343751058,-134.598704549427,6.39641938477101,-3.38326433484205,6.72556041097641,0.973056875725221,0.0488689914759162,0.418749990357053,0.0217107782132716
-128.225847133046,-134.539521241249,6.404922766759,-5.80265692331582,6.60676310873032,0.973056875725221,0.0488689914759162,0.418749990357053,0.0217107782132716
-128.201722616318,-134.476822127669,6.38079825003171,-5.39587602587361,6.47000621175766,0.973056875725221,0.0488689914759162,0.418749990357053,0.0217107782132716
-128.197693531763,-134.413671160351,6.37676916547605,-5.75628160842036,6.49494288778305,0.973056875725221,0.0488689914759162,0.418749990357053,0.0217107782132716
-128.187422748871,-134.348927570897,6.36649838258452,-5.60253208639315,6.44290564870834,0.973056875725221,0.0488689914759162,0.418749990357053,0.0217107782132716
-128.177315868606,-134.283057729578,6.35639150231893,-4.92565280958295,6.44227050161362,0.973056875725221,0.0488689914759162,0.418749990357053,0.0217107782132716
-128.164389688506,-134.215620642624,6.34346532221908,-6.97903691859508,6.4877436003685,0.973056875725221,0.0488689914759162,0.418749990357053,0.0217107782132716
-128.148857880996,-134.146101177128,6.32793351470934,-5.87708559226509,6.39634822225571,0.973056875725221,0.0488689914759162,0.418749990357053,0.0217107782132716
-128.138170127936,-134.076560270091,6.31724576164944,-8.39132025493,6.35145018911362,0.973056875725221,0.0488689914759162,0.418749990357053,0.0217107782132716
-128.126300287992,-134.004823295102,6.30537592170552,-4.44445460375644,6.37526629781723,0.973056875725221,0.0488689914759162,0.418749990357053,0.0217107782132716
-128.100890044516,-133.93177210911,6.2799656782295,-5.96975398245545,6.41725467061996,0.973056875725221,0.0488689914759162,0.418749990357053,0.0217107782132716
-128.097138958643,-133.857949231092,6.27621459235603,-5.07472213673219,6.48874114370346,0.973056875725221,0.0488689914759162,0.418749990357053,0.0217107782132716
-128.079426052791,-133.782092599076,6.25850168650477,-6.73404560607772,6.29860137319565,0.973056875725221,0.0488689914759162,0.418749990357053,0.0217107782132716
-128.0957367241,-133.70590861358,6.27481235781333,-4.14559122025056,6.29792331075668,0.973056875725221,0.0488689914759162,0.418749990357053,0.0217107782132716
-128.070948889278,-133.628623919049,6.25002452299134,-7.60870360327318,6.25118563985825,0.973056875725221,0.0488689914759162,0.418749990357053,0.0217107782132716
-128.056819393816,-133.550257320757,6.23589502752911,-5.06725043349419,6.25116656637192,0.973056875725221,0.0488689914759162,0.418749990357053,0.0217107782132716
-128.04192024662,-133.470865173495,6.22099588033373,-4.81832074543398,6.22665522909164,0.973056875725221,0.0488689914759162,0.418749990357053,0.0217107782132716
-128.027055339005,-133.389849715408,6.20613097271802,-6.02324932216812,6.18018554067612,0.973056875725221,0.0488689914759162,0.418749990357053,0.0217107782132716
-128.018125067366,-133.308554256999,6.19720070107963,-5.1418789736053,6.20460913991928,0.973056875725221,0.0488689914759162,0.418749990357053,0.0217107782132716
-128.008893500909,-133.226724397526,6.18796913462183,-7.74121328594935,6.13748477315903,0.973056875725221,0.0488689914759162,0.418749990357053,0.0217107782132716
-128.007545111598,-133.142722952408,6.18662074531112,-6.26130543379103,6.08807299947739,0.973056875725221,0.0488689914759162,0.418749990357053,0.0217107782132716
-127.994027212314,-133.060328558541,6.17310284602729,-6.53843570249962,6.08925650930405,0.973056875725221,0.0488689914759162,0.418749990357053,0.0217107782132716
-127.976876094887,-132.976221974509,6.1559517286002,-6.21487581176987,6.01898597097397,0.973056875725221,0.0488689914759162,0.418749990357053,0.0217107782132716
-127.96699722482,-132.890980190707,6.14607285853305,-5.06508619305965,5.92164252614975,0.973056875725221,0.0488689914759162,0.418749990357053,0.0217107782132716
-127.959845633323,-132.805882424251,6.13892126703614,-6.26647609899976,5.92632602071762,0.973056875725221,0.0488689914759162,0.418749990357053,0.0217107782132716
-127.967324386731,-132.720019507023,6.14640002044456,-5.24223307686322,5.83225081777573,0.973056875725221,0.0488689914759162,0.418749990357053,0.0217107782132716
-127.950850436874,-132.63349279831,6.12992607058746,-7.366780977293,5.80418227529526,0.973056875725221,0.0488689914759162,0.418749990357053,0.0217107782132716
-127.944200587953,-132.547172663457,6.12327622166667,-7.44260379566898,5.8795950255394,0.973056875725221,0.0488689914759162,0.418749990357053,0.0217107782132716
-127.920545179585,-132.459841494025,6.09962081329793,-6.54280588679618,5.7183515868187,0.973056875725221,0.0488689914759162,0.418749990357053,0.0217107782132716
-127.897760427748,-132.372319369065,6.07683606146164,-7.79239092324687,5.66711257314682,0.973056875725221,0.0488689914759162,0.418749990357053,0.0217107782132716
-127.886725916856,-132.284139870973,6.06580155056974,-8.64464752098658,5.73449920034409,0.973056875725221,0.0488689914759162,0.418749990357053,0.0217107782132716
-127.873696373999,-132.197073819377,6.05277200771251,-10.0477922226026,5.68977378225327,0.973056875725221,0.0488689914759162,0.418749990357053,0.0217107782132716
-127.857410599486,-132.108907057642,6.03648623319916,-9.55735313852596,5.59698603963852,0.973056875725221,0.0488689914759162,0.418749990357053,0.0217107782132716
-127.826432024906,-132.021171168421,6.00550765861885,-9.69023939639857,5.45724700307846,0.973056875725221,0.0488689914759162,0.418749990357053,0.0217107782132716
-127.823586918846,-131.933114629056,6.00266255255924,-11.1303143117776,5.62324927663803,0.973056875725221,0.0488689914759162,0.418749990357053,0.0217107782132716
-127.787652840067,-131.845379979675,5.96672847378049,-11.2673494466798,5.45789836263657,0.973056875725221,0.0488689914759162,0.418749990357053,0.0217107782132716
-127.773867437761,-131.757425559847,5.95294307147479,-10.9229504121103,5.45969889974594,0.973056875725221,0.0488689914759162,0.418749990357053,0.0217107782132716
-127.752212529985,-131.668932894622,5.93128816369784,-11.736793863029,5.31547759389877,0.973056875725221,0.0488689914759162,0.418749990357053,0.0217107782132716
-127.729917642299,-131.58224258551,5.90899327601252,-11.4879310426815,5.38760493612289,0.973056875725221,0.0488689914759162,0.418749990357053,0.0217107782132716
-127.705969748081,-131.495269097629,5.88504538179463,-13.0573646361799,5.3177521071434,0.973056875725221,0.0488689914759162,0.418749990357053,0.0217107782132716
-127.675112765854,-131.408475628142,5.85418839956683,-11.7875592326838,5.24665664052963,0.973056875725221,0.0488689914759162,0.418749990357053,0.0217107782132716
-127.649852880963,-131.322000965172,5.8289285146762,-14.6095685837091,5.20221064901352,0.973056875725221,0.0488689914759162,0.418749990357053,0.0217107782132716
-127.617424014473,-131.235655223751,5.79649964818615,-11.1957284717625,5.2221710524559,0.973056875725221,0.0488689914759162,0.418749990357053,0.0217107782132716
-127.587768941723,-131.150646846513,5.76684457543672,-15.5926394452489,5.08026622152328,0.973056875725221,0.0488689914759162,0.418749990357053,0.0217107782132716
-127.564758567144,-131.065297230216,5.74383420085758,-12.0345394753589,5.00963900899887,0.973056875725221,0.0488689914759162,0.418749990357053,0.0217107782132716
-127.53864328206,-130.980370009775,5.7177189157733,-12.8017891785137,5.0804121336937,0.973056875725221,0.0488689914759162,0.418749990357053,0.0217107782132716
-127.514175068367,-130.897146189303,5.69325070208043,-13.8762492439155,5.00714896535873,0.973056875725221,0.0488689914759162,0.418749990357053,0.0217107782132716
-127.489552887295,-130.814469877884,5.66862852100805,-13.7302431729241,4.9624168715477,0.973056875725221,0.0488689914759162,0.418749990357053,0.0217107782132716
-127.455243781662,-130.731245038239,5.63431941537523,-12.7567331954325,4.84595416402817,0.973056875725221,0.0488689914759162,0.418749990357053,0.0217107782132716
-127.425300838939,-130.647794900763,5.60437647265274,-13.6747548239518,4.89458773946762,0.973056875725221,0.0488689914759162,0.418749990357053,0.0217107782132716
-127.402611349284,-130.568620628646,5.58168698299721,-13.3069770381258,4.79684089040756,0.973056875725221,0.0488689914759162,0.418749990357053,0.0217107782132716
-127.37649620424,-130.489938873413,5.55557183795283,-15.2541914281765,4.68296073293686,0.973056875725221,0.0488689914759162,0.418749990357053,0.0217107782132716
-127.351072048742,-130.411475880387,5.53014768245538,-12.640607206288,4.70387671804428,0.973056875725221,0.0488689914759162,0.418749990357053,0.0217107782132716
-127.320252814897,-130.333537990455,5.49932844860992,-13.0500818424123,4.63467906332016,0.973056875725221,0.0488689914759162,0.418749990357053,0.0217107782132716
-127.29739290618,-130.256892623997,5.47646853989328,-13.6348602924396,4.65604327535629,0.973056875725221,0.0488689914759162,0.418749990357053,0.0217107782132716
-127.277940814719,-130.181390770383,5.45701644843208,-12.3982310267493,4.58428119039536,0.973056875725221,0.0488689914759162,0.418749990357053,0.0217107782132716
-127.260152669504,-130.107351188515,5.43922830321711,-13.8065605547939,4.51596759176254,0.973056875725221,0.0488689914759162,0.418749990357053,0.0217107782132716
-127.217355681646,-130.034052680767,5.39643131535914,-12.2255811688786,4.44216655111313,0.973056875725221,0.0488689914759162,0.418749990357053,0.0217107782132716
-127.202888630221,-129.962134011573,5.38196426393453,-13.1003734867675,4.42401431417465,0.973056875725221,0.0488689914759162,0.418749990357053,0.0217107782132716
-127.175102593627,-129.891475212759,5.35417822734072,-13.191507265429,4.39669154500961,0.973056875725221,0.0488689914759162,0.418749990357053,0.0217107782132716
-127.157099132124,-129.822139164617,5.3361747658377,-12.3031137964772,4.4027073225975,0.973056875725221,0.0488689914759162,0.418749990357053,0.0217107782132716
-127.136941235937,-129.753834087249,5.31601686965003,-14.4270812008103,4.30431578969955,0.973056875725221,0.0488689914759162,0.418749990357053,0.0217107782132716
-127.109640930977,-129.68731571868,5.28871656468996,-14.2913755647888,4.25917743062973,0.973056875725221,0.0488689914759162,0.418749990357053,0.0217107782132716
-127.088084768515,-129.622641647237,5.26716040222805,-12.9985850804263,4.28348468160629,0.973056875725221,0.0488689914759162,0.418749990357053,0.0217107782132716
-127.051204794708,-129.558995746677,5.23028042842105,-14.304908919785,4.18963359212875,0.973056875725221,0.0488689914759162,0.418749990357053,0.0217107782132716
-127.022504994174,-129.49721819787,5.20158062788711,-13.5970526358226,4.09618399953842,0.973056875725221,0.0488689914759162,0.418749990357053,0.0217107782132716
-126.997288335651,-129.436712763242,5.17636396936408,-15.8547531316274,4.02248285627365,0.973056875725221,0.0488689914759162,0.418749990357053,0.0217107782132716
-126.973416127776,-129.377901690015,5.15249176148966,-14.4369543299977,4.0275213561058,0.973056875725221,0.0488689914759162,0.418749990357053,0.0217107782132716
-126.936413682025,-129.320957727606,5.11548931573833,-13.5319997687184,3.97697304105759,0.973056875725221,0.0488689914759162,0.418749990357053,0.0217107782132716
-126.909246708286,-129.265430449651,5.08832234199971,-14.4272630587108,3.95416305875778,0.973056875725221,0.0488689914759162,0.418749990357053,0.0217107782132716
-126.892450840329,-129.211651489726,5.07152647404221,-15.1167759017131,3.90672300672531,0.973056875725221,0.0488689914759162,0.418749990357053,0.0217107782132716
-126.852883779242,-129.159769844821,5.03195941295506,-15.1041453472194,3.936929210186,0.973056875725221,0.0488689914759162,0.418749990357053,0.0217107782132716
-126.83077154513,-129.109711683738,5.00984717884337,-14.3320855199748,3.74118469572067,0.973056875725221,0.0488689914759162,0.418749990357053,0.0217107782132716
-126.780014074725,-129.061387469545,4.95908970843786,-14.2318850951748,3.88607214307785,0.973056875725221,0.0488689914759162,0.418749990357053,0.0217107782132716
-126.760196181691,-129.015061223237,4.93927181540457,-15.7855934939339,3.84050844526291,0.973056875725221,0.0488689914759162,0.418749990357053,0.0217107782132716
-126.722611003576,-128.970470821545,4.90168663728968,-13.8415045613268,3.6996736369133,0.973056875725221,0.0488689914759162,0.418749990357053,0.0217107782132716
-126.702381155244,-128.927927253786,4.88145678895774,-15.2529162135207,3.62809990262985,0.973056875725221,0.0488689914759162,0.418749990357053,0.0217107782132716
-126.673612811534,-128.887417112067,4.85268844524758,-15.2015542623256,3.7184724650383,0.973056875725221,0.0488689914759162,0.418749990357053,0.0217107782132716
-126.631726751081,-128.848700975274,4.81080238479467,-15.2734308131962,3.60764072751999,0.973056875725221,0.0488689914759162,0.418749990357053,0.0217107782132716
-126.595814849894,-128.812029458813,4.7748904836071,-15.6342747875456,3.55848596906662,0.973056875725221,0.0488689914759162,0.418749990357053,0.0217107782132716
-126.574312236398,-128.777314287723,4.75338787011115,-14.6177563460324,3.58091257429123,0.973056875725221,0.0488689914759162,0.418749990357053,0.0217107782132716
-126.546111653875,-128.74478862481,4.72518728758867,-14.3988103114284,3.50915191984177,0.973056875725221,0.0488689914759162,0.418749990357053,0.0217107782132716
-126.519142897785,-128.714125645518,4.69821853149782,-14.2654660706096,3.53573177671433,0.973056875725221,0.0488689914759162,0.418749990357053,0.0217107782132716
-126.474835242628,-128.685737852306,4.65391087634123,-15.9482328043598,3.48417471265793,0.973056875725221,0.0488689914759162,0.418749990357053,0.0217107782132716
-126.470725634327,-128.659340248695,4.64980126804049,-12.0404237190699,3.3973316988945,0.973056875725221,0.0488689914759162,0.418749990357053,0.0217107782132716
-126.440551018648,-128.635112603496,4.61962665236168,-14.7924443324084,3.37044380521774,0.973056875725221,0.0488689914759162,0.418749990357053,0.0217107782132716
-126.396046202225,-128.613037219655,4.57512183593853,-13.2827747292971,3.37053535795212,0.973056875725221,0.0488689914759162,0.418749990357053,0.0217107782132716
-126.380255454325,-128.592880245162,4.55933108803835,-14.3082545217643,3.39516113615036,0.973056875725221,0.0488689914759162,0.418749990357053,0.0217107782132716
-126.349125399366,-128.575214327141,4.52820103307963,-13.7951052022032,3.34895180082321,0.973056875725221,0.0488689914759162,0.418749990357053,0.0217107782132716
-126.335279711049,-128.559624544081,4.51435534476188,-11.3619680401345,3.28019426679611,0.973056875725221,0.0488689914759162,0.418749990357053,0.0217107782132716
-126.306452914609,-128.546113233491,4.4855285483219,-14.3962601849468,3.3255486330986,0.973056875725221,0.0488689914759162,0.418749990357053,0.0217107782132716
-126.290773284011,-128.534880146373,4.46984891772439,-13.7011203683567,3.28479669904709,0.973056875725221,0.0488689914759162,0.418749990357053,0.0217107782132716
-126.261846380584,-128.525816723996,4.44092201429766,-12.9871428066988,3.25566099500656,0.973056875725221,0.0488689914759162,0.418749990357053,0.0217107782132716
-126.226498023552,-128.518930728414,4.40557365726557,-11.1874911870518,3.27807377195358,0.973056875725221,0.0488689914759162,0.418749990357053,0.0217107782132716
-126.205589974272,-128.514277111533,4.38466560798487,-13.6733043683093,3.3004193148613,0.973056875725221,0.0488689914759162,0.418749990357053,0.0217107782132716
-126.188145140603,-128.511811923325,4.36722077431675,-10.7511245739435,3.2300748667717,0.973056875725221,0.0488689914759162,0.418749990357053,0.0217107782132716
-126.165774426612,-128.511570357527,4.34485006032534,-10.8539443296539,3.11636827802658,0.973056875725221,0.0488689914759162,0.418749990357053,0.0217107782132716
-126.134349486715,-128.513525818718,4.31342512042851,-11.7412917148159,3.27879093503952,0.973056875725221,0.0488689914759162,0.418749990357053,0.0217107782132716
-126.116670072263,-128.517715458057,4.29574570597668,-9.89480627416842,3.2307581744194,0.973056875725221,0.0488689914759162,0.418749990357053,0.0217107782132716
-126.100197485652,-128.524206023081,4.27927311936557,-11.6351553350335,3.18471382474899,0.973056875725221,0.0488689914759162,0.418749990357053,0.0217107782132716
-126.080383564021,-128.532768751108,4.25945919773429,-8.58912075050521,3.16397283887863,0.973056875725221,0.0488689914759162,0.418749990357053,0.0217107782132716
-126.059114892914,-128.543500433799,4.2381905266278,-11.1730918171378,3.13957260465622,0.973056875725221,0.0488689914759162,0.418749990357053,0.0217107782132716
-126.031551073538,-128.556404547749,4.21062670725103,-9.91820495601909,3.16114185667038,0.973056875725221,0.0488689914759162,0.418749990357053,0.0217107782132716
-126.008522663217,-128.571556262606,4.18759829693005,-9.11459776179436,3.06702421522141,0.973056875725221,0.0488689914759162,0.418749990357053,0.0217107782132716
-125.993492308161,-128.588887441179,4.1725679418744,-6.84894890061687,3.06936500883102,0.973056875725221,0.0488689914759162,0.418749990357053,0.0217107782132716
-125.988698200792,-128.608369842524,4.16777383450564,-7.98968941458619,3.01882265424728,0.973056875725221,0.0488689914759162,0.418749990357053,0.0217107782132716
-125.963916113896,-128.630049570529,4.14299174760913,-7.55357750205581,2.94997261381149,0.973056875725221,0.0488689914759162,0.418749990357053,0.0217107782132716
-125.946076056685,-128.653781594918,4.12515169039798,-8.67296222226052,3.18461607313156,0.973056875725221,0.0488689914759162,0.418749990357053,0.0217107782132716
-125.942091988998,-128.67965910334,4.12116762271172,-7.63581431147669,3.04600666379929,0.973056875725221,0.0488689914759162,0.418749990357053,0.0217107782132716
-125.939241306734,-128.707638698285,4.11831694044687,-6.30972386533341,3.11678121900558,0.973056875725221,0.0488689914759162,0.418749990357053,0.0217107782132716
-125.914419674291,-128.738010712242,4.09349530800446,-6.24601327324817,3.02171896314621,0.973056875725221,0.0488689914759162,0.418749990357053,0.0217107782132716
-125.912065087854,-128.769879677802,4.0911407215676,-6.60127238714055,3.09303949689865,0.973056875725221,0.0488689914759162,0.418749990357053,0.0217107782132716
-125.893783034445,-128.804149632569,4.07285866815801,-5.61119167928216,3.18783901548386,0.973056875725221,0.0488689914759162,0.418749990357053,0.0217107782132716
-125.88799635179,-128.840293979385,4.06707198550282,-4.44243669642105,3.09354112958908,0.973056875725221,0.0488689914759162,0.418749990357053,0.0217107782132716
-125.868946374376,-128.878469786597,4.0480220080889,-6.04735071087571,3.09317253446579,0.973056875725221,0.0488689914759162,0.418749990357053,0.0217107782132716
-125.859913219088,-128.918781431664,4.03898885280166,-3.54189404159468,3.11553905820847,0.973056875725221,0.0488689914759162,0.418749990357053,0.0217107782132716
-125.846308734598,-128.960851227366,4.02538436831168,-4.07747172670286,3.18550918912888,0.973056875725221,0.0488689914759162,0.418749990357053,0.0217107782132716
-125.850559868661,-129.005027643879,4.02963550237429,-3.6642499448825,3.23265407896042,0.973056875725221,0.0488689914759162,0.418749990357053,0.0217107782132716
-125.836083200181,-129.051015728232,4.01515883389472,-3.56101146117133,3.25644682264328,0.973056875725221,0.0488689914759162,0.418749990357053,0.0217107782132716
-125.823205961868,-129.098827308052,4.00228159558139,-3.25402893615538,3.23283146238327,0.973056875725221,0.0488689914759162,0.418749990357053,0.0217107782132716
-125.833443397397,-129.148499323684,4.01251903111041,-2.02445977255935,3.25447796201706,0.973056875725221,0.0488689914759162,0.418749990357053,0.0217107782132716
-125.829174083168,-129.200290375866,4.00824971688138,-1.49334295042487,3.20655487394333,0.973056875725221,0.0488689914759162,0.418749990357053,0.0217107782132716
-125.827331774865,-129.253327841734,4.00640740857841,-0.0569241581647971,3.32262705183029,0.973056875725221,0.0488689914759162,0.418749990357053,0.0217107782132716
-125.815795687115,-129.30837779036,3.99487132082857,0.0705763379854965,3.32310198163986,0.973056875725221,0.0488689914759162,0.418749990357053,0.0217107782132716
-125.818898083138,-129.365315260304,3.99797371685165,-0.0762981958618397,3.39529274320602,0.973056875725221,0.0488689914759162,0.418749990357053,0.0217107782132716
-125.822189400335,-129.423434880507,4.00126503404782,2.46552847479394,3.39502714490891,0.973056875725221,0.0488689914759162,0.418749990357053,0.0217107782132716
-125.814758348142,-129.483390882094,3.99383398185485,2.12172917220284,3.27513883924484,0.973056875725221,0.0488689914759162,0.418749990357053,0.0217107782132716
-125.815326998076,-129.545036313275,3.99440263178913,1.67805002230764,3.41878174161911,0.973056875725221,0.0488689914759162,0.418749990357053,0.0217107782132716
-125.828205272041,-129.60832430159,4.00728090575428,3.6462133016355,3.41724108076096,0.973056875725221,0.0488689914759162,0.418749990357053,0.0217107782132716
-125.828608890669,-129.672885296592,4.00768452438272,5.31232504139099,3.36880348539352,0.973056875725221,0.0488689914759162,0.418749990357053,0.0217107782132716
-125.844893418988,-129.739307613661,4.02396905270144,6.82306268113529,3.46331070280075,0.973056875725221,0.0488689914759162,0.418749990357053,0.0217107782132716
-125.84586890841,-129.806808925008,4.02494454212349,4.7336422281651,3.41707228040695,0.973056875725221,0.0488689914759162,0.418749990357053,0.0217107782132716
-125.870495310812,-129.87596371186,4.04957094452546,8.59282724137171,3.55647514677048,0.973056875725221,0.0488689914759162,0.418749990357053,0.0217107782132716
-125.87175867619,-129.946074966228,4.05083430990349,6.6976740695166,3.53532312726974,0.973056875725221,0.0488689914759162,0.418749990357053,0.0217107782132716
-125.905103423348,-130.017843510346,4.08417905706143,7.84921395444312,3.48861835813522,0.973056875725221,0.0488689914759162,0.418749990357053,0.0217107782132716
-125.906660033623,-130.090620727177,4.08573566733619,5.34252020708167,3.53598450040817,0.973056875725221,0.0488689914759162,0.418749990357053,0.0217107782132716
-125.925229037467,-130.165025024462,4.10430467117998,8.02132415038672,3.64896677350998,0.973056875725221,0.0488689914759162,0.418749990357053,0.0217107782132716
-125.957621393655,-130.240748718707,4.13669702736871,5.31339206579348,3.55815742826462,0.973056875725221,0.0488689914759162,0.418749990357053,0.0217107782132716
-125.954728986144,-130.316749850218,4.13380461985738,7.91384628961542,3.67712925291061,0.973056875725221,0.0488689914759162,0.418749990357053,0.0217107782132716
-125.976455773281,-130.394097775679,4.15553140699426,6.16215881278055,3.63104341840744,0.973056875725221,0.0488689914759162,0.418749990357053,0.0217107782132716
-125.999247541579,-130.472585862114,4.1783231752921,7.95518077397288,3.74566744184494,0.973056875725221,0.0488689914759162,0.418749990357053,0.0217107782132716
-126.005416408896,-130.552369358589,4.18449204260954,9.20247887833366,3.77029941892624,0.973056875725221,0.0488689914759162,0.418749990357053,0.0217107782132716
-126.015397106713,-130.632907821404,4.194472740426,7.69536404607453,3.70079372739792,0.973056875725221,0.0488689914759162,0.418749990357053,0.0217107782132716
-126.029001097665,-130.713579579803,4.20807673137788,7.14861600346782,3.84039209699631,0.973056875725221,0.0488689914759162,0.418749990357053,0.0217107782132716
-126.064349431308,-130.796179865497,4.24342506502101,7.65703560830801,3.86380670881271,0.973056875725221,0.0488689914759162,0.418749990357053,0.0217107782132716
-126.075267281879,-130.878733588526,4.25434291559237,6.84872751782459,3.82200764036179,0.973056875725221,0.0488689914759162,0.418749990357053,0.0217107782132716
-126.081889269676,-130.963067801905,4.26096490338898,8.52250726460528,3.76936148023605,0.973056875725221,0.0488689914759162,0.418749990357053,0.0217107782132716
-126.090912483089,-131.04631204246,4.26998811680185,7.23628656131455,3.98389480924606,0.973056875725221,0.0488689914759162,0.418749990357053,0.0217107782132716
-126.105936433696,-131.131501264992,4.28501206740947,9.00682334653529,3.93707178449631,0.973056875725221,0.0488689914759162,0.418749990357053,0.0217107782132716
-126.117781454875,-131.218598820575,4.29685708858821,9.31486772259036,3.91258619642258,0.973056875725221,0.0488689914759162,0.418749990357053,0.0217107782132716
-126.134552233927,-131.303762440206,4.31362786764067,8.27964988425397,4.02999041891098,0.973056875725221,0.0488689914759162,0.418749990357053,0.0217107782132716
-126.140270032514,-131.389850220014,4.31934566622771,7.82334369007103,4.0265676817894,0.973056875725221,0.0488689914759162,0.418749990357053,0.0217107782132716
-126.155392743409,-131.476079387321,4.33446837712195,7.65629989043799,4.0770294508934,0.973056875725221,0.0488689914759162,0.418749990357053,0.0217107782132716
-126.176496164839,-131.562860999652,4.35557179855192,6.60800871288613,4.0285847029686,0.973056875725221,0.0488689914759162,0.418749990357053,0.0217107782132716
-126.191017232913,-131.650455861776,4.37009286662668,10.7096554931418,4.19105170583725,0.973056875725221,0.0488689914759162,0.418749990357053,0.0217107782132716
-126.208610845429,-131.737955787205,4.38768647914228,6.70846133976977,4.26436255788803,0.973056875725221,0.0488689914759162,0.418749990357053,0.0217107782132716
-126.204713059924,-131.826183016603,4.3837886936369,9.91054625085899,4.28770564413071,0.973056875725221,0.0488689914759162,0.418749990357053,0.0217107782132716
-126.232899994537,-131.91356408828,4.41197562825021,8.50058415008607,4.21586631155014,0.973056875725221,0.0488689914759162,0.418749990357053,0.0217107782132716
-126.253440552017,-132.001530547601,4.43251618573071,10.2520524386388,4.37788890218735,0.973056875725221,0.0488689914759162,0.418749990357053,0.0217107782132716
-126.269313543105,-132.089566143015,4.44838917681792,9.39471117393024,4.52019236898422,0.973056875725221,0.0488689914759162,0.418749990357053,0.0217107782132716
-126.306572846745,-132.177227572424,4.48564848045843,9.56668082960067,4.39925597524643,0.973056875725221,0.0488689914759162,0.418749990357053,0.0217107782132716
-126.310547077593,-132.265924831678,4.48962271130607,10.7285298962918,4.56599543905258,0.973056875725221,0.0488689914759162,0.418749990357053,0.0217107782132716
-126.338868529816,-132.352934391471,4.51794416352907,11.9297955099392,4.61100791311264,0.973056875725221,0.0488689914759162,0.418749990357053,0.0217107782132716
-126.351366910713,-132.44033495659,4.53044254442669,11.6945189114357,4.72974990224838,0.973056875725221,0.0488689914759162,0.418749990357053,0.0217107782132716
-126.381301144954,-132.527703309532,4.56037677866747,12.3628203737486,4.6829168639183,0.973056875725221,0.0488689914759162,0.418749990357053,0.0217107782132716
-126.408605221093,-132.614341122144,4.58768085480632,13.4968239363076,4.770655854702,0.973056875725221,0.0488689914759162,0.418749990357053,0.0217107782132716
-126.444335524421,-132.700795126249,4.6234111581345,13.681516854409,4.77211020803452,0.973056875725221,0.0488689914759162,0.418749990357053,0.0217107782132716
-126.465329102379,-132.786895456352,4.64440473609259,13.3769906753536,4.84691069936752,0.973056875725221,0.0488689914759162,0.418749990357053,0.0217107782132716
-126.498439818808,-132.872220393723,4.67751545252146,12.3721503166254,4.89010833120346,0.973056875725221,0.0488689914759162,0.418749990357053,0.0217107782132716
-126.5392069501,-132.957216174989,4.71828258381363,15.6428854472085,4.89081500387192,0.973056875725221,0.0488689914759162,0.418749990357053,0.0217107782132716
-126.562591121227,-133.041634402249,4.74166675494028,14.4897475197643,4.96507380819321,0.973056875725221,0.0488689914759162,0.418749990357053,0.0217107782132716
-126.585544593613,-133.126375539774,4.76462022732593,15.310550577442,4.96480391836166,0.973056875725221,0.0488689914759162,0.418749990357053,0.0217107782132716
-126.630889286757,-133.208749923753,4.80996492047067,14.8080483692125,5.10319159841537,0.973056875725221,0.0488689914759162,0.418749990357053,0.0217107782132716
-126.64860032891,-133.290965456016,4.82767596262326,16.7378330677125,5.05554316854477,0.973056875725221,0.0488689914759162,0.418749990357053,0.0217107782132716
-126.688589502591,-133.372074371153,4.86766513630463,16.2269240408761,5.0805866560936,0.973056875725221,0.0488689914759162,0.418749990357053,0.0217107782132716
-126.722578311751,-133.453210462973,4.9016539454643,14.5257319431244,5.19565604543686,0.973056875725221,0.0488689914759162,0.418749990357053,0.0217107782132716
-126.759325027289,-133.532564459946,4.93840066100201,15.5921132593605,5.29334567403793,0.973056875725221,0.0488689914759162,0.418749990357053,0.0217107782132716
-126.782921535571,-133.611217618965,4.96199716928394,15.6567782183366,5.24633334493637,0.973056875725221,0.0488689914759162,0.418749990357053,0.0217107782132716
-126.820793849954,-133.688991215895,4.99986948366779,17.1969755150936,5.31598876333237,0.973056875725221,0.0488689914759162,0.418749990357053,0.0217107782132716
-126.844529848073,-133.765712920325,5.02360548178638,14.8692470030124,5.38577197408676,0.973056875725221,0.0488689914759162,0.418749990357053,0.0217107782132716
-126.874021847223,-133.841155032851,5.05309748093624,16.3784568409056,5.33721087789536,0.973056875725221,0.0488689914759162,0.418749990357053,0.0217107782132716
-126.910038840632,-133.915638470648,5.0891144743449,15.5595819793921,5.50660250997543,0.973056875725221,0.0488689914759162,0.418749990357053,0.0217107782132716
-126.934810644316,-133.988942410765,5.11388627802942,15.2507375198976,5.55089686727524,0.973056875725221,0.0488689914759162,0.418749990357053,0.0217107782132716
-126.965612874722,-134.060917096771,5.14468850843519,14.7386629146827,5.55493853902817,0.973056875725221,0.0488689914759162,0.418749990357053,0.0217107782132716
-126.997262139764,-134.13132922251,5.17633777347779,13.7547370723851,5.57786200857162,0.973056875725221,0.0488689914759162,0.418749990357053,0.0217107782132716
-127.028720385713,-134.200460563638,5.20779601942584,16.3762874889029,5.62015555715561,0.973056875725221,0.0488689914759162,0.418749990357053,0.0217107782132716
-127.072497655075,-134.268617417535,5.25157328878784,14.3689104081516,5.69138167715073,0.973056875725221,0.0488689914759162,0.418749990357053,0.0217107782132716
-127.083574000482,-134.335558778217,5.2626496341957,15.2955432235559,5.6444647154808,0.973056875725221,0.0488689914759162,0.418749990357053,0.0217107782132716
-127.11353302125,-134.400499311125,5.2926086549632,15.3998679107079,5.81144736623764,0.973056875725221,0.0488689914759162,0.418749990357053,0.0217107782132716
-127.140749871529,-134.463673154692,5.31982550524218,15.3221836179946,5.83019564962387,0.973056875725221,0.0488689914759162,0.418749990357053,0.0217107782132716
-127.171368923256,-134.525731087707,5.35044455696959,14.4739335724454,5.92976210927963,0.973056875725221,0.0488689914759162,0.418749990357053,0.0217107782132716
-127.189253173874,-134.586282209885,5.36832880758714,15.6747252075752,5.92512629842758,0.973056875725221,0.0488689914759162,0.418749990357053,0.0217107782132716
-127.218889072786,-134.645108506927,5.3979647064992,14.2612989709793,5.9257957777977,0.973056875725221,0.0488689914759162,0.418749990357053,0.0217107782132716
-127.254402887894,-134.701952381127,5.43347852160747,14.5173182182099,5.97603438711166,0.973056875725221,0.0488689914759162,0.418749990357053,0.0217107782132716
-127.27699276385,-134.757346135755,5.45606839756296,15.103594057795,6.04438899374008,0.973056875725221,0.0488689914759162,0.418749990357053,0.0217107782132716
-127.294187788268,-134.810962101947,5.47326342198101,13.761438706055,6.02037261343002,0.973056875725221,0.0488689914759162,0.418749990357053,0.0217107782132716
-127.331232080553,-134.863129603134,5.51030771426583,13.4240193308562,6.18522475576401,0.973056875725221,0.0488689914759162,0.418749990357053,0.0217107782132716
-127.368532284149,-134.913172358201,5.54760791786185,14.3788820808479,6.06969855642319,0.973056875725221,0.0488689914759162,0.418749990357053,0.0217107782132716
-127.397208164146,-134.961177238064,5.57628379785899,14.0530197927092,6.13764117574692,0.973056875725221,0.0488689914759162,0.418749990357053,0.0217107782132716
-127.417481821095,-135.00824417661,5.59655745480817,15.315936247349,6.18961737966537,0.973056875725221,0.0488689914759162,0.418749990357053,0.0217107782132716
-127.438879838904,-135.052953266894,5.61795547261734,13.2847030968838,6.30289767599106,0.973056875725221,0.0488689914759162,0.418749990357053,0.0217107782132716
-127.465279180481,-135.094878760287,5.6443548141947,15.9720391338865,6.18786261892319,0.973056875725221,0.0488689914759162,0.418749990357053,0.0217107782132716
-127.493896426582,-135.135572820283,5.67297206029557,12.2836155157843,6.35000823354721,0.973056875725221,0.0488689914759162,0.418749990357053,0.0217107782132716
-127.535610096029,-135.174113081658,5.71468572974262,13.5259409173934,6.30562804555893,0.973056875725221,0.0488689914759162,0.418749990357053,0.0217107782132716
-127.549752577095,-135.210877172565,5.72882821080803,12.4037771050712,6.39781306600571,0.973056875725221,0.0488689914759162,0.418749990357053,0.0217107782132716
-127.590598143334,-135.245345472887,5.76967377704743,13.4984193284577,6.49569629049301,0.973056875725221,0.0488689914759162,0.418749990357053,0.0217107782132716
-127.60918051211,-135.277943455577,5.7882561458229,13.1950968193048,6.37355063772202,0.973056875725221,0.0488689914759162,0.418749990357053,0.0217107782132716
-127.636039653787,-135.308593064497,5.81511528750053,11.119918120802,6.53966735219955,0.973056875725221,0.0488689914759162,0.418749990357053,0.0217107782132716
-127.6510591357,-135.33697652254,5.8301347694131,13.2144312586246,6.42426322317123,0.973056875725221,0.0488689914759162,0.418749990357053,0.0217107782132716
-127.677904037533,-135.363498071087,5.85697967124613,12.4076428549321,6.56193469381332,0.973056875725221,0.0488689914759162,0.418749990357053,0.0217107782132716
-127.704772270402,-135.387747037166,5.883847904115,11.6175564915628,6.60910151815414,0.973056875725221,0.0488689914759162,0.418749990357053,0.0217107782132716
-127.727141435884,-135.409748836613,5.90621706959713,12.4274245742704,6.65649340963364,0.973056875725221,0.0488689914759162,0.418749990357053,0.0217107782132716
-127.743632248238,-135.429974323139,5.92270788195129,11.2981974867657,6.65598033285141,0.973056875725221,0.0488689914759162,0.418749990357053,0.0217107782132716
-127.772411189783,-135.447561829586,5.95148682349625,11.3365908550102,6.63134787893295,0.973056875725221,0.0488689914759162,0.418749990357053,0.0217107782132716
-127.793412005077,-135.463178486153,5.97248763879055,10.7373829264663,6.67964576101303,0.973056875725221,0.0488689914759162,0.418749990357053,0.0217107782132716
-127.801033910735,-135.476625377167,5.98010954444864,10.6562796535929,6.5626947722435,0.973056875725221,0.0488689914759162,0.418749990357053,0.0217107782132716
-127.831558372564,-135.487901390924,6.01063400627686,10.5317089524722,6.70347903585434,0.973056875725221,0.0488689914759162,0.418749990357053,0.0217107782132716
-127.851835616581,-135.497074296413,6.03091125029412,11.128675754179,6.77304576253891,0.973056875725221,0.0488689914759162,0.418749990357053,0.0217107782132716
-127.869244390876,-135.503855733443,6.04832002458963,10.7821643318515,6.75039409017563,0.973056875725221,0.0488689914759162,0.418749990357053,0.0217107782132716
-127.891828206638,-135.508527903035,6.07090384035167,9.10906566919927,6.75303862905502,0.973056875725221,0.0488689914759162,0.418749990357053,0.0217107782132716
-127.908073224952,-135.510984812879,6.08714885866549,10.3189507679215,6.818676217556,0.973056875725221,0.0488689914759162,0.418749990357053,0.0217107782132716
-127.917552443782,-135.511230179094,6.0966280774957,10.6557713509735,6.74903319692612,0.973056875725221,0.0488689914759162,0.418749990357053,0.0217107782132716
-127.93812607525,-135.509266249302,6.11720170896363,8.93899285324582,6.84307692861557,0.973056875725221,0.0488689914759162,0.418749990357053,0.0217107782132716
-127.954639656381,-135.50508944688,6.1337152900944,7.94213129842923,6.86669658041,0.973056875725221,0.0488689914759162,0.418749990357053,0.0217107782132716
-127.973509208857,-135.498716132037,6.15258484256984,8.06545493699821,6.91054652547836,0.973056875725221,0.0488689914759162,0.418749990357053,0.0217107782132716
-127.98816815306,-135.490126729383,6.16724378677316,9.07933010359806,6.98365043020248,0.973056875725221,0.0488689914759162,0.418749990357053,0.0217107782132716
-128.009502330897,-135.479366468656,6.18857796461014,8.01016316954441,6.97969458913803,0.973056875725221,0.0488689914759162,0.418749990357053,0.0217107782132716
-128.021998795765,-135.466373103167,6.20107442947823,8.39922119383819,6.86745665884018,0.973056875725221,0.0488689914759162,0.418749990357053,0.0217107782132716
-128.049335575761,-135.451226277094,6.22841120947415,9.0391542843851,6.932032807827,0.973056875725221,0.0488689914759162,0.418749990357053,0.0217107782132716
-128.069600495328,-135.43394156181,6.2486761290414,8.83338858480763,6.89081309652328,0.973056875725221,0.0488689914759162,0.418749990357053,0.0217107782132716
-128.070478950689,-135.414443407093,6.24955458440249,6.21010515626457,6.91008303976059,0.973056875725221,0.0488689914759162,0.418749990357053,0.0217107782132716
-128.091246460789,-135.392868315018,6.27032209450201,7.42295702794664,6.9076826415062,0.973056875725221,0.0488689914759162,0.418749990357053,0.0217107782132716
-128.109804511052,-135.369058900756,6.28888014476539,6.48474040794548,6.9085028014183,0.973056875725221,0.0488689914759162,0.418749990357053,0.0217107782132716
-128.121565147148,-135.343153048886,6.30064078086146,6.65465382157462,6.93172190999985,0.973056875725221,0.0488689914759162,0.418749990357053,0.0217107782132716
-128.129670498872,-135.315157393137,6.30874613258511,7.75053631308706,6.88940642690659,0.973056875725221,0.0488689914759162,0.418749990357053,0.0217107782132716
-128.135846720426,-135.285067397899,6.31492235413964,5.60783396322633,6.86557219839096,0.973056875725221,0.0488689914759162,0.418749990357053,0.0217107782132716
-128.154401204974,-135.252916413619,6.33347683868748,7.22101955480702,6.88690684652328,0.973056875725221,0.0488689914759162,0.418749990357053,0.0217107782132716
-128.171891516698,-135.21868424224,6.35096715041086,4.7467834201704,6.79710505819321,0.973056875725221,0.0488689914759162,0.418749990357053,0.0217107782132716
-128.173726938053,-135.182368962057,6.35280257176618,6.61348958321697,6.78981421804428,0.973056875725221,0.0488689914759162,0.418749990357053,0.0217107782132716
-128.189378357849,-135.143933508806,6.36845399156197,3.58721278083454,6.83938048696518,0.973056875725221,0.0488689914759162,0.418749990357053,0.0217107782132716
-128.208822961496,-135.104063758261,6.38789859520963,4.58681365632106,6.84378264760971,0.973056875725221,0.0488689914759162,0.418749990357053,0.0217107782132716
-128.209815328766,-135.061821476897,6.38889096247955,4.40857013004157,6.77470324850082,0.973056875725221,0.0488689914759162,0.418749990357053,0.0217107782132716
-128.221172213659,-135.017661055582,6.40024784737184,3.50282270087281,6.81918357229233,0.973056875725221,0.0488689914759162,0.418749990357053,0.0217107782132716
-128.222433758435,-134.971713233324,6.4015093921484,3.11179457082787,6.72538874959946,0.973056875725221,0.0488689914759162,0.418749990357053,0.0217107782132716
-128.219005972791,-134.923933893372,6.3980816065041,1.84764386946367,6.74808238363266,0.973056875725221,0.0488689914759162,0.418749990357053,0.0217107782132716
-128.222561283806,-134.87428470312,6.4016369175196,0.196121568794726,6.77166293478012,0.973056875725221,0.0488689914759162,0.418749990357053,0.0217107782132716
-128.240111364659,-134.822936705356,6.4191869983721,-0.76231922302967,6.72613356924057,0.973056875725221,0.0488689914759162,0.418749990357053,0.0217107782132716
-128.231357156277,-134.769364953358,6.41043278998998,-0.0433963119807584,6.65550158834457,0.973056875725221,0.0488689914759162,0.418749990357053,0.0217107782132716
-128.231361776173,-134.714558188233,6.41043740988592,0.47530447680159,6.70105956411362,0.973056875725221,0.0488689914759162,0.418749990357053,0.0217107782132716
-128.230676385381,-134.657117022703,6.40975201909447,-0.073371220721438,6.68131755208969,0.973056875725221,0.0488689914759162,0.418749990357053,0.0217107782132716
-128.223509789109,-134.598111263173,6.40258542282274,-2.22508758324246,6.58361171102524,0.973056875725221,0.0488689914759162,0.418749990357053,0.0217107782132716
-128.222604917079,-134.538846724463,6.40168055079218,-4.0682870897899,6.46816180562973,0.973056875725221,0.0488689914759162,0.418749990357053,0.0217107782132716
-128.209700302062,-134.477767218412,6.38877593577516,-5.30283534961335,6.53904746389389,0.973056875725221,0.0488689914759162,0.418749990357053,0.0217107782132716
-128.209796857506,-134.414250687362,6.38887249121889,-5.32101284178175,6.54099772787094,0.973056875725221,0.0488689914759162,0.418749990357053,0.0217107782132716
-128.185039909876,-134.34972353977,6.36411554358882,-4.74899596959581,6.51762317037582,0.973056875725221,0.0488689914759162,0.418749990357053,0.0217107782132716
-128.179095903949,-134.283504430255,6.35817153766213,-6.63909737764403,6.46634219503403,0.973056875725221,0.0488689914759162,0.418749990357053,0.0217107782132716
-128.178976330917,-134.216093043604,6.35805196462993,-5.94382140300214,6.48692344045639,0.973056875725221,0.0488689914759162,0.418749990357053,0.0217107782132716
-128.157150186217,-134.146948693537,6.3362258199304,-6.60367681160332,6.41787551259995,0.973056875725221,0.0488689914759162,0.418749990357053,0.0217107782132716
-128.15224679767,-134.076644931506,6.33132243138282,-6.43936134955752,6.41773532247543,0.973056875725221,0.0488689914759162,0.418749990357053,0.0217107782132716
-128.129876637349,-134.005081863022,6.30895227106257,-8.17118417131884,6.34860537862778,0.973056875725221,0.0488689914759162,0.418749990357053,0.0217107782132716
-128.118743894918,-133.932017573102,6.29781952863109,-6.29523490292001,6.46634791707993,0.973056875725221,0.0488689914759162,0.418749990357053,0.0217107782132716
-128.107720395378,-133.857958139125,6.28679602909124,-6.29173854763402,6.39478515005112,0.973056875725221,0.0488689914759162,0.418749990357053,0.0217107782132716
-128.097282777066,-133.781993100556,6.27635841077898,-5.43736235956935,6.30308650350571,0.973056875725221,0.0488689914759162,0.418749990357053,0.0217107782132716
-128.073285578778,-133.705679226602,6.25236121249098,-5.89237180749744,6.27648280477524,0.973056875725221,0.0488689914759162,0.418749990357053,0.0217107782132716
-128.063755894003,-133.628465822988,6.24283152771612,-6.06036027615782,6.23186515188217,0.973056875725221,0.0488689914759162,0.418749990357053,0.0217107782132716
-128.044695963383,-133.549984185548,6.22377159709669,-5.4286736373803,6.25643370962143,0.973056875725221,0.0488689914759162,0.418749990357053,0.0217107782132716
-128.046587792458,-133.470474390769,6.22566342617176,-6.1251534471974,6.20656607961655,0.973056875725221,0.0488689914759162,0.418749990357053,0.0217107782132716
-128.027683149797,-133.389589466619,6.20675878351079,-5.78653011703265,6.15933154439926,0.973056875725221,0.0488689914759162,0.418749990357053,0.0217107782132716
-128.019632224132,-133.308534778106,6.19870785784507,-8.0284215642382,6.18290637350082,0.973056875725221,0.0488689914759162,0.418749990357053,0.0217107782132716
-128.007511503664,-133.226272034777,6.1865871373776,-6.08607770521454,6.11260150289536,0.973056875725221,0.0488689914759162,0.418749990357053,0.0217107782132716
-127.998778319676,-133.143556472256,6.1778539533893,-7.08980932514582,6.11062358236313,0.973056875725221,0.0488689914759162,0.418749990357053,0.0217107782132716
-127.995645329758,-133.059908373782,6.17472096347085,-3.36303107501184,6.06521056509018,0.973056875725221,0.0488689914759162,0.418749990357053,0.0217107782132716
-127.993855731614,-132.975818771611,6.1729313653274,-7.31416652454097,5.99248431539536,0.973056875725221,0.0488689914759162,0.418749990357053,0.0217107782132716
-127.972850192141,-132.890888843431,6.15192582585475,-6.95097168916773,5.96888182973862,0.973056875725221,0.0488689914759162,0.418749990357053,0.0217107782132716
-127.95656109788,-132.805790511796,6.13563673159292,-6.43984938990023,5.92357276296616,0.973056875725221,0.0488689914759162,0.418749990357053,0.0217107782132716
-127.95740704979,-132.719485509066,6.13648268350292,-6.67346476381958,5.83235667562485,0.973056875725221,0.0488689914759162,0.418749990357053,0.0217107782132716
-127.945306848611,-132.633482479079,6.12438248232444,-5.58502492981912,5.80874942159653,0.973056875725221,0.0488689914759162,0.418749990357053,0.0217107782132716
-127.928726497816,-132.546509446772,6.10780213152953,-6.98866312187765,5.80595038747787,0.973056875725221,0.0488689914759162,0.418749990357053,0.0217107782132716
-127.918890754359,-132.459342300548,6.09796638807214,-7.5589726975722,5.69028972005844,0.973056875725221,0.0488689914759162,0.418749990357053,0.0217107782132716
-127.90735393241,-132.371902154728,6.08642956612335,-8.68448387323009,5.6926357588768,0.973056875725221,0.0488689914759162,0.418749990357053,0.0217107782132716
-127.877660845705,-132.284192142491,6.05673647941812,-7.40727837068274,5.64563201284409,0.973056875725221,0.0488689914759162,0.418749990357053,0.0217107782132716
-127.860643785401,-132.196780618667,6.03971941911391,-10.5226169124697,5.60002921438217,0.973056875725221,0.0488689914759162,0.418749990357053,0.0217107782132716
-127.840814108976,-132.108875611258,6.01988974268888,-7.76523631041897,5.57309649801254,0.973056875725221,0.0488689914759162,0.418749990357053,0.0217107782132716
-127.835611151294,-132.02088804218,6.01468678500761,-11.7547425739944,5.4785358748436,0.973056875725221,0.0488689914759162,0.418749990357053,0.0217107782132716
-127.814838299581,-131.932873507051,5.99391393329443,-9.4990857773798,5.4585573515892,0.973056875725221,0.0488689914759162,0.418749990357053,0.0217107782132716
-127.79297006275,-131.844950530799,5.97204569646373,-10.5587259721026,5.43746493673325,0.973056875725221,0.0488689914759162,0.418749990357053,0.0217107782132716
-127.765025651899,-131.757090887319,5.94410128561265,-11.7474963605723,5.41079161977768,0.973056875725221,0.0488689914759162,0.418749990357053,0.0217107782132716
-127.750970845833,-131.669381640228,5.93004647954598,-11.8845251492833,5.33910201406479,0.973056875725221,0.0488689914759162,0.418749990357053,0.0217107782132716
-127.730464371387,-131.581326778265,5.90954000510008,-12.1934245272283,5.26946566915512,0.973056875725221,0.0488689914759162,0.418749990357053,0.0217107782132716
-127.698609428603,-131.495103153367,5.87768506231612,-12.5114658247318,5.29058097219467,0.973056875725221,0.0488689914759162,0.418749990357053,0.0217107782132716
-127.673697486427,-131.408145088912,5.85277312013993,-12.2404406136501,5.17745993947983,0.973056875725221,0.0488689914759162,0.418749990357053,0.0217107782132716
-127.640228277248,-131.321363569586,5.8193039109615,-13.1128756887086,5.22154067373276,0.973056875725221,0.0488689914759162,0.418749990357053,0.0217107782132716
-127.615042698748,-131.235685899946,5.79411833246152,-13.3346421277597,5.17377494192123,0.973056875725221,0.0488689914759162,0.418749990357053,0.0217107782132716
-127.579344583987,-131.149986193523,5.75842021770048,-12.9811682566056,5.12601016378403,0.973056875725221,0.0488689914759162,0.418749990357053,0.0217107782132716
-127.555397636505,-131.06482273618,5.73447327021861,-12.5668895645711,5.10559485769272,0.973056875725221,0.0488689914759162,0.418749990357053,0.0217107782132716
-127.532347486409,-130.980800916717,5.71142312012243,-13.079648749438,5.07900069570541,0.973056875725221,0.0488689914759162,0.418749990357053,0.0217107782132716
-127.49113895608,-130.896927498369,5.67021458979308,-13.8759319051967,5.10317824697495,0.973056875725221,0.0488689914759162,0.418749990357053,0.0217107782132716
-127.477824516718,-130.81375056766,5.65690015043088,-13.9498376476773,4.91954062795639,0.973056875725221,0.0488689914759162,0.418749990357053,0.0217107782132716
-127.452567249594,-130.73166471201,5.63164288330736,-14.0157470960814,4.89409182882309,0.973056875725221,0.0488689914759162,0.418749990357053,0.0217107782132716
-127.423767238143,-130.649552789738,5.602842871856,-12.696536567585,4.77400801992416,0.973056875725221,0.0488689914759162,0.418749990357053,0.0217107782132716
-127.401216289846,-130.567713076136,5.58029192355905,-14.743500427301,4.7999470076561,0.973056875725221,0.0488689914759162,0.418749990357053,0.0217107782132716
-127.36740831969,-130.489608355891,5.54648395340301,-13.7629746801905,4.77212355947495,0.973056875725221,0.0488689914759162,0.418749990357053,0.0217107782132716
-127.336659354902,-130.410990923219,5.51573498861566,-13.4496794335904,4.59027884817123,0.973056875725221,0.0488689914759162,0.418749990357053,0.0217107782132716
-127.326445059047,-130.333574801436,5.50552069276078,-11.907356239381,4.72763846731186,0.973056875725221,0.0488689914759162,0.418749990357053,0.0217107782132716
-127.298648966961,-130.256683937523,5.47772460067408,-12.350832052366,4.65599559164047,0.973056875725221,0.0488689914759162,0.418749990357053,0.0217107782132716
-127.279334739359,-130.18123881598,5.45841037307185,-14.5014371180813,4.61508868551254,0.973056875725221,0.0488689914759162,0.418749990357053,0.0217107782132716
-127.247174557784,-130.10703444561,5.42625019149778,-12.1309984082951,4.56115744924545,0.973056875725221,0.0488689914759162,0.418749990357053,0.0217107782132716
-127.229343469654,-130.03379311727,5.40841910336765,-14.3240921970762,4.49539588308334,0.973056875725221,0.0488689914759162,0.418749990357053,0.0217107782132716
-127.199904567359,-129.961768492459,5.37898020107216,-11.1588500696912,4.40180228567123,0.973056875725221,0.0488689914759162,0.418749990357053,0.0217107782132716
-127.179243712966,-129.890874504427,5.35831934667963,-14.33569772132,4.42243693685532,0.973056875725221,0.0488689914759162,0.418749990357053,0.0217107782132716
-127.1632988867,-129.821550143035,5.34237452041284,-12.2384208120392,4.3294355711937,0.973056875725221,0.0488689914759162,0.418749990357053,0.0217107782132716
-127.133220800645,-129.753914220333,5.31229643435788,-13.6196407161146,4.3537857375145,0.973056875725221,0.0488689914759162,0.418749990357053,0.0217107782132716
-127.106693696383,-129.687025628842,5.2857693300967,-13.6630116245704,4.25894854879379,0.973056875725221,0.0488689914759162,0.418749990357053,0.0217107782132716
-127.087796980739,-129.622350423413,5.26687261445194,-13.2392643690866,4.16683696126938,0.973056875725221,0.0488689914759162,0.418749990357053,0.0217107782132716
-127.058116900625,-129.558801233019,5.23719253433785,-15.015779107437,4.07110904073715,0.973056875725221,0.0488689914759162,0.418749990357053,0.0217107782132716
-127.014331028767,-129.496846172186,5.19340666248053,-15.4570216512025,4.07096789693832,0.973056875725221,0.0488689914759162,0.418749990357053,0.0217107782132716
-127.003214292076,-129.436435754396,5.18228992578956,-13.008195931743,4.12023280477524,0.973056875725221,0.0488689914759162,0.418749990357053,0.0217107782132716
-126.973089939755,-129.377169681244,5.15216557346807,-15.8964877572607,3.99976871824265,0.973056875725221,0.0488689914759162,0.418749990357053,0.0217107782132716
-126.929954733102,-129.320588873309,5.10903036681573,-13.4446274467175,4.00433252668381,0.973056875725221,0.0488689914759162,0.418749990357053,0.0217107782132716
-126.90130273376,-129.265358929495,5.08037836747324,-14.4557196546635,3.95489214277267,0.973056875725221,0.0488689914759162,0.418749990357053,0.0217107782132716
-126.874537882426,-129.21149417932,5.05361351613956,-13.9435252143925,3.86298082685471,0.973056875725221,0.0488689914759162,0.418749990357053,0.0217107782132716
-126.836463552338,-129.159678647496,5.01553918605099,-15.9513363116964,3.83523939466476,0.973056875725221,0.0488689914759162,0.418749990357053,0.0217107782132716
-126.822157309126,-129.109612006928,5.0012329428395,-13.3479341392897,3.8600854716301,0.973056875725221,0.0488689914759162,0.418749990357053,0.0217107782132716
-126.794756059232,-129.061364897897,4.9738316929458,-16.3693750406817,3.71994970655441,0.973056875725221,0.0488689914759162,0.418749990357053,0.0217107782132716
-126.760002206055,-129.015034126379,4.93907783976841,-16.7428379237086,3.7204985461235,0.973056875725221,0.0488689914759162,0.418749990357053,0.0217107782132716
-126.712607292748,-128.970766793331,4.89168292646133,-12.9907554135597,3.67380855894089,0.973056875725221,0.0488689914759162,0.418749990357053,0.0217107782132716
-126.693173629082,-128.928155505316,4.87224926279575,-15.7936404572901,3.62795875883102,0.973056875725221,0.0488689914759162,0.418749990357053,0.0217107782132716
-126.66015929983,-128.887417112068,4.83923493354366,-13.6918089535126,3.65108249998093,0.973056875725221,0.0488689914759162,0.418749990357053,0.0217107782132716
-126.629090491796,-128.84873241601,4.80816612550908,-15.0044860149302,3.65131138181686,0.973056875725221,0.0488689914759162,0.418749990357053,0.0217107782132716
-126.599933707128,-128.811863656159,4.77900934084105,-15.4961012511918,3.6042899928093,0.973056875725221,0.0488689914759162,0.418749990357053,0.0217107782132716
-126.571222157765,-128.777282214762,4.75029779147876,-15.101174473261,3.58088873243332,0.973056875725221,0.0488689914759162,0.418749990357053,0.0217107782132716
-126.548718376777,-128.744705799581,4.72779401048989,-14.071346853702,3.49105022764206,0.973056875725221,0.0488689914759162,0.418749990357053,0.0217107782132716
-126.519191916209,-128.714181921484,4.6982675499225,-14.4292524507024,3.57728765821457,0.973056875725221,0.0488689914759162,0.418749990357053,0.0217107782132716
-126.495992827487,-128.685737852306,4.6750684612008,-13.6617992646165,3.51281450605392,0.973056875725221,0.0488689914759162,0.418749990357053,0.0217107782132716
-126.464237213254,-128.659442827837,4.64331284696748,-14.6359966370632,3.44090841627121,0.973056875725221,0.0488689914759162,0.418749990357053,0.0217107782132716
-126.448099964227,-128.635134711338,4.62717559794007,-12.2110415325094,3.41737411832809,0.973056875725221,0.0488689914759162,0.418749990357053,0.0217107782132716
-126.408016946983,-128.613047254809,4.58709258069617,-14.4715480255088,3.49016044950485,0.973056875725221,0.0488689914759162,0.418749990357053,0.0217107782132716
-126.375811378332,-128.592986006008,4.55488701204546,-12.9589818463453,3.4170636973381,0.973056875725221,0.0488689914759162,0.418749990357053,0.0217107782132716
-126.347999879517,-128.575170481669,4.52707551323067,-13.1837407375411,3.34701917982101,0.973056875725221,0.0488689914759162,0.418749990357053,0.0217107782132716
-126.328154109235,-128.559595057555,4.50722974294868,-13.965253799133,3.36932943677902,0.973056875725221,0.0488689914759162,0.418749990357053,0.0217107782132716
-126.304911111355,-128.546148600669,4.4839867450687,-12.1641036728639,3.23015783643723,0.973056875725221,0.0488689914759162,0.418749990357053,0.0217107782132716
-126.27739114955,-128.534863172241,4.4564667832635,-15.7169255655377,3.29935787534714,0.973056875725221,0.0488689914759162,0.418749990357053,0.0217107782132716
-126.259665813357,-128.525826234103,4.43874144706993,-10.6900947052165,3.28021858549118,0.973056875725221,0.0488689914759162,0.418749990357053,0.0217107782132716
-126.249779785841,-128.518946551658,4.42885541955421,-12.7701683368368,3.23019646024704,0.973056875725221,0.0488689914759162,0.418749990357053,0.0217107782132716
-126.219445776532,-128.51427031169,4.39852141024483,-10.5623097345065,3.3023028216362,0.973056875725221,0.0488689914759162,0.418749990357053,0.0217107782132716
-126.180949451058,-128.511814992903,4.36002508477132,-11.4441367900661,3.20894955015183,0.973056875725221,0.0488689914759162,0.418749990357053,0.0217107782132716
-126.173935258919,-128.511564375342,4.35301089263271,-10.7333559783076,3.23026750898361,0.973056875725221,0.0488689914759162,0.418749990357053,0.0217107782132716
-126.134154847459,-128.513524722086,4.3132304811728,-10.7672422681125,3.11756418561935,0.973056875725221,0.0488689914759162,0.418749990357053,0.0217107782132716
-126.125363649664,-128.51770224009,4.30443928337773,-9.91471972963785,3.13958690977097,0.973056875725221,0.0488689914759162,0.418749990357053,0.0217107782132716
-126.11389509833,-128.524082635112,4.29297073204357,-10.5529029586927,3.20927570676804,0.973056875725221,0.0488689914759162,0.418749990357053,0.0217107782132716
-126.081759819463,-128.532842864949,4.26083545317624,-10.5165246550326,3.23074053144455,0.973056875725221,0.0488689914759162,0.418749990357053,0.0217107782132716
-126.05920113965,-128.543630929433,4.23827677336339,-10.8140863179991,3.16142509794235,0.973056875725221,0.0488689914759162,0.418749990357053,0.0217107782132716
-126.045635206638,-128.556397843041,4.22471084035095,-8.84175072022202,3.11774013853073,0.973056875725221,0.0488689914759162,0.418749990357053,0.0217107782132716
-126.021388070098,-128.571562070301,4.20046370381097,-9.6288611435058,3.04574774122238,0.973056875725221,0.0488689914759162,0.418749990357053,0.0217107782132716
-126.005797971233,-128.588931334022,4.18487360494615,-7.29255012105859,3.11703012800217,0.973056875725221,0.0488689914759162,0.418749990357053,0.0217107782132716
-125.991050552352,-128.60841397047,4.17012618606552,-8.3895929048474,3.16161201810837,0.973056875725221,0.0488689914759162,0.418749990357053,0.0217107782132716
-125.959366586908,-128.630006258909,4.13844222062146,-8.9243304319733,3.04611633634567,0.973056875725221,0.0488689914759162,0.418749990357053,0.0217107782132716
-125.958845969145,-128.653728310629,4.13792160285861,-6.61607508334017,3.13835810041428,0.973056875725221,0.0488689914759162,0.418749990357053,0.0217107782132716
-125.94592108212,-128.679639830464,4.12499671583286,-7.64467847092237,3.09348104810715,0.973056875725221,0.0488689914759162,0.418749990357053,0.0217107782132716
-125.93426324043,-128.707638698285,4.11333887414311,-5.16214027253578,3.21357344007492,0.973056875725221,0.0488689914759162,0.418749990357053,0.0217107782132716
-125.910295781402,-128.737713855133,4.08937141511553,-7.41958936416252,3.1881818614006,0.973056875725221,0.0488689914759162,0.418749990357053,0.0217107782132716
-125.90460523917,-128.769899453037,4.08368087288311,-5.70209289989944,3.09088180875778,0.973056875725221,0.0488689914759162,0.418749990357053,0.0217107782132716
-125.896466070308,-128.804023697013,4.07554170402091,-7.26884629011437,3.18652151441574,0.973056875725221,0.0488689914759162,0.418749990357053,0.0217107782132716
-125.880341640663,-128.840271790212,4.05941727437586,-4.01680961569056,3.13527010297775,0.973056875725221,0.0488689914759162,0.418749990357053,0.0217107782132716
-125.883173100408,-128.878549265014,4.06224873412178,-5.41653630261674,3.25791452741623,0.973056875725221,0.0488689914759162,0.418749990357053,0.0217107782132716
-125.873793503208,-128.919071169335,4.05286913692082,-4.86832519393872,3.20636175489426,0.973056875725221,0.0488689914759162,0.418749990357053,0.0217107782132716
-125.858191499421,-128.9607895397,4.03726713313424,-3.76262751513452,3.20729206418991,0.973056875725221,0.0488689914759162,0.418749990357053,0.0217107782132716
-125.846671247723,-129.00513503584,4.02574688143606,-4.35167440562365,3.15877579069138,0.973056875725221,0.0488689914759162,0.418749990357053,0.0217107782132716
-125.852639948851,-129.050982164734,4.03171558256402,-2.46542645262711,3.253570540905,0.973056875725221,0.0488689914759162,0.418749990357053,0.0217107782132716
-125.83843617309,-129.09875753088,4.01751180680357,-4.2976648070924,3.18463800764084,0.973056875725221,0.0488689914759162,0.418749990357053,0.0217107782132716
-125.834682101492,-129.148463130449,4.01375773520579,-2.00920927849659,3.30264805173874,0.973056875725221,0.0488689914759162,0.418749990357053,0.0217107782132716
-125.823105072102,-129.19995931503,4.00218070581504,-1.88487806303716,3.21003530836105,0.973056875725221,0.0488689914759162,0.418749990357053,0.0217107782132716
-125.818802765853,-129.253224551743,3.99787839956614,-0.74663431466895,3.2289442858696,0.973056875725221,0.0488689914759162,0.418749990357053,0.0217107782132716
-125.817691658562,-129.30814465102,3.99676729227541,0.822858570757125,3.34692381238937,0.973056875725221,0.0488689914759162,0.418749990357053,0.0217107782132716
-125.811306962497,-129.364889757779,3.99038259621037,1.1947339469498,3.32187460279465,0.973056875725221,0.0488689914759162,0.418749990357053,0.0217107782132716
-125.828942198936,-129.423180742902,4.00801783264926,0.710691205340903,3.27917240476608,0.973056875725221,0.0488689914759162,0.418749990357053,0.0217107782132716
-125.817322535741,-129.483557688158,3.99639816945427,-0.218397605869989,3.29890297269821,0.973056875725221,0.0488689914759162,0.418749990357053,0.0217107782132716
-125.821663594285,-129.544827994229,4.00073922799807,4.44878345037628,3.36817596769333,0.973056875725221,0.0488689914759162,0.418749990357053,0.0217107782132716
-125.840604026585,-129.607958378745,4.01967966029812,4.5743114193499,3.39222763395309,0.973056875725221,0.0488689914759162,0.418749990357053,0.0217107782132716
-125.841379497188,-129.67287749456,4.02045513090127,4.44898165103559,3.32434366559982,0.973056875725221,0.0488689914759162,0.418749990357053,0.0217107782132716
-125.84145828734,-129.739068334812,4.0205339210535,4.42916177994323,3.43987081861496,0.973056875725221,0.0488689914759162,0.418749990357053,0.0217107782132716
-125.855959406298,-129.807028834473,4.03503504001124,6.96296940756744,3.48705671644211,0.973056875725221,0.0488689914759162,0.418749990357053,0.0217107782132716
-125.873073462429,-129.875855705901,4.05214909614215,6.34269945064961,3.62748287534714,0.973056875725221,0.0488689914759162,0.418749990357053,0.0217107782132716
-125.875520580515,-129.94602417127,4.05459621422846,8.24144523694386,3.44483230924606,0.973056875725221,0.0488689914759162,0.418749990357053,0.0217107782132716
-125.887513584704,-130.018153803445,4.06658921841693,6.52811953607054,3.53755091047287,0.973056875725221,0.0488689914759162,0.418749990357053,0.0217107782132716
-125.916576066922,-130.090673323604,4.09565170063567,7.10876512388063,3.57903908109665,0.973056875725221,0.0488689914759162,0.418749990357053,0.0217107782132716
-125.923011603701,-130.164731057199,4.10208723741384,7.68172716681631,3.53388784742355,0.973056875725221,0.0488689914759162,0.418749990357053,0.0217107782132716
-125.942720701123,-130.240640176107,4.12179633483628,6.42618833063668,3.6250247797966,0.973056875725221,0.0488689914759162,0.418749990357053,0.0217107782132716
-125.95104780289,-130.316915003777,4.13012343660366,5.86554258472494,3.58098553037643,0.973056875725221,0.0488689914759162,0.418749990357053,0.0217107782132716
-125.983360265749,-130.394153573112,4.16243589946266,6.86744594866032,3.65147302961349,0.973056875725221,0.0488689914759162,0.418749990357053,0.0217107782132716
-125.984807774609,-130.472764812768,4.16388340832244,7.52828304211324,3.72236011838913,0.973056875725221,0.0488689914759162,0.418749990357053,0.0217107782132716
-126.005910550776,-130.552750633865,4.18498618448887,8.46186938397665,3.76905868864059,0.973056875725221,0.0488689914759162,0.418749990357053,0.0217107782132716
-126.013782322794,-130.632503009963,4.19285795650695,9.19655273968111,3.81530760145187,0.973056875725221,0.0488689914759162,0.418749990357053,0.0217107782132716
-126.026703732408,-130.713881483318,4.20577936612107,7.17846066164063,3.74789665555954,0.973056875725221,0.0488689914759162,0.418749990357053,0.0217107782132716
-126.038907102967,-130.796258536581,4.21798273668075,7.53052556692194,3.83972547864914,0.973056875725221,0.0488689914759162,0.418749990357053,0.0217107782132716
-126.064408398524,-130.879031250406,4.24348403223732,8.48701465449349,3.86646602964401,0.973056875725221,0.0488689914759162,0.418749990357053,0.0217107782132716
-126.083785496036,-130.962357487236,4.26286112974891,8.51537734361544,3.81426285123825,0.973056875725221,0.0488689914759162,0.418749990357053,0.0217107782132716
-126.096932084502,-131.046785796706,4.27600771821493,8.42659519390338,3.93691633558273,0.973056875725221,0.0488689914759162,0.418749990357053,0.0217107782132716
-126.110440673057,-131.131602759557,4.28951630677063,6.58369809625685,3.86543129301071,0.973056875725221,0.0488689914759162,0.418749990357053,0.0217107782132716
-126.121759230007,-131.216944304592,4.30083486372021,9.19592866585248,4.02751563405991,0.973056875725221,0.0488689914759162,0.418749990357053,0.0217107782132716
-126.135008196634,-131.304399169865,4.31408383034745,7.68772266964607,4.05028842306137,0.973056875725221,0.0488689914759162,0.418749990357053,0.0217107782132716
-126.151426000719,-131.391449813104,4.33050163443269,9.03660213846386,4.05156443929672,0.973056875725221,0.0488689914759162,0.418749990357053,0.0217107782132716
-126.154932558467,-131.475955033847,4.33400819218074,6.63894533290938,4.05303023672104,0.973056875725221,0.0488689914759162,0.418749990357053,0.0217107782132716
-126.160853741157,-131.562944197631,4.33992937487024,8.96845299768964,4.12261699056625,0.973056875725221,0.0488689914759162,0.418749990357053,0.0217107782132716
-126.184364377856,-131.650341128813,4.36344001156966,8.41565058416296,4.12291930532455,0.973056875725221,0.0488689914759162,0.418749990357053,0.0217107782132716
-126.195830362631,-131.738091691302,4.37490599634396,8.76449226302768,4.16759608602524,0.973056875725221,0.0488689914759162,0.418749990357053,0.0217107782132716
-126.221745269387,-131.82547095819,4.40082090310009,10.4005520932163,4.21507762289047,0.973056875725221,0.0488689914759162,0.418749990357053,0.0217107782132716
-126.237566109606,-131.913626980891,4.41664174331949,9.08448019505837,4.30566047048569,0.973056875725221,0.0488689914759162,0.418749990357053,0.0217107782132716
-126.265573479915,-132.001520061446,4.44464911362846,9.58453800215835,4.28626464223862,0.973056875725221,0.0488689914759162,0.418749990357053,0.0217107782132716
-126.278763749485,-132.089387922033,4.45783938319783,9.52584375793028,4.42388175344467,0.973056875725221,0.0488689914759162,0.418749990357053,0.0217107782132716
-126.297208606825,-132.177248521262,4.47628424053861,9.66174595187355,4.51700805044174,0.973056875725221,0.0488689914759162,0.418749990357053,0.0217107782132716
-126.313228926266,-132.264973104917,4.4923045599792,11.08844661573,4.46953414297104,0.973056875725221,0.0488689914759162,0.418749990357053,0.0217107782132716
-126.331826680914,-132.353508375163,4.51090231462703,11.5997037701134,4.53807280874252,0.973056875725221,0.0488689914759162,0.418749990357053,0.0217107782132716
-126.360063923646,-132.44030373512,4.53913955735927,10.8467823150845,4.51728175497055,0.973056875725221,0.0488689914759162,0.418749990357053,0.0217107782132716
-126.387967578272,-132.527444021217,4.56704321198501,12.3620772078626,4.68078158712387,0.973056875725221,0.0488689914759162,0.418749990357053,0.0217107782132716
-126.41188490091,-132.614196509639,4.59096053462307,13.5897388244734,4.6582290968895,0.973056875725221,0.0488689914759162,0.418749990357053,0.0217107782132716
-126.45151588539,-132.701021301601,4.63059151910356,13.5058387201589,4.72660182332993,0.973056875725221,0.0488689914759162,0.418749990357053,0.0217107782132716
-126.486820289599,-132.786844328489,4.66589592331187,14.3700697213283,4.821925385952,0.973056875725221,0.0488689914759162,0.418749990357053,0.0217107782132716
-126.506503131367,-132.872098424096,4.68557876508,12.855209746723,4.84645865774155,0.973056875725221,0.0488689914759162,0.418749990357053,0.0217107782132716
-126.540929408249,-132.95752914862,4.72000504196199,15.0660155454538,4.91725562429428,0.973056875725221,0.0488689914759162,0.418749990357053,0.0217107782132716
-126.549124552405,-133.04185487573,4.728200186118,14.221427307838,5.01005576467514,0.973056875725221,0.0488689914759162,0.418749990357053,0.0217107782132716
-126.607013446487,-133.125719486123,4.78608908020031,16.7378401171071,5.05507586812973,0.973056875725221,0.0488689914759162,0.418749990357053,0.0217107782132716
-126.626135319301,-133.208483875474,4.80521095301442,14.9065655014516,4.96187518453598,0.973056875725221,0.0488689914759162,0.418749990357053,0.0217107782132716
-126.662728203763,-133.291033777816,4.84180383747643,16.8396094118982,5.03219817495346,0.973056875725221,0.0488689914759162,0.418749990357053,0.0217107782132716
-126.694296080515,-133.372209628465,4.87337171422841,15.8448948516267,5.17362807607651,0.973056875725221,0.0488689914759162,0.418749990357053,0.0217107782132716
-126.724046876244,-133.453153132097,4.90312250995775,16.0550219026149,5.19677661275864,0.973056875725221,0.0488689914759162,0.418749990357053,0.0217107782132716
-126.763622831018,-133.532271688762,4.94269846473117,16.4992172567435,5.31363509511948,0.973056875725221,0.0488689914759162,0.418749990357053,0.0217107782132716
-126.788099085643,-133.610909832329,4.9671747193559,15.2899145899883,5.22246192312241,0.973056875725221,0.0488689914759162,0.418749990357053,0.0217107782132716
-126.821524655309,-133.688825556723,5.0006002890223,16.4422010765384,5.34180949544907,0.973056875725221,0.0488689914759162,0.418749990357053,0.0217107782132716
-126.8574496623,-133.76553144044,5.03652529601287,15.4128503575132,5.3405268034935,0.973056875725221,0.0488689914759162,0.418749990357053,0.0217107782132716
-126.89550218575,-133.840904731786,5.07457781946352,15.3091576637531,5.43424342489243,0.973056875725221,0.0488689914759162,0.418749990357053,0.0217107782132716
-126.915545959502,-133.915471298995,5.09462159321489,15.7972534979594,5.43654750204086,0.973056875725221,0.0488689914759162,0.418749990357053,0.0217107782132716
-126.965817790774,-133.989063536669,5.14489342448718,16.5494809670859,5.55154155111313,0.973056875725221,0.0488689914759162,0.418749990357053,0.0217107782132716
-127.000707805858,-134.060679081492,5.17978343957085,16.4922522998461,5.62010405874252,0.973056875725221,0.0488689914759162,0.418749990357053,0.0217107782132716
-127.017375432711,-134.131187374525,5.19645106642386,14.4667422197575,5.64237235403061,0.973056875725221,0.0488689914759162,0.418749990357053,0.0217107782132716
