-262.53963052976,-277.635082217736,3.70654824702832,-3.50412527306511,15.1273156528473,4.21868085873965,0.130523294858821,2.17892780272493,0.0688870680783358
-262.526014147202,-277.582886712493,3.69293186446984,-3.11835270099815,15.0113603000641,4.21868085873965,0.130523294858821,2.17892780272493,0.0688870680783358
-262.514246883154,-277.529345103042,3.68116460042162,-3.18267348580541,15.0113603000641,4.21868085873965,0.130523294858821,2.17892780272493,0.0688870680783358
-262.511633388357,-277.476164164632,3.67855110562493,-3.30053870545867,15.0113603000641,4.21868085873965,0.130523294858821,2.17892780272493,0.0688870680783358
-262.511066948324,-277.421501970949,3.67798466559194,-3.32211161863988,15.0113603000641,4.21868085873965,0.130523294858821,2.17892780272493,0.0688870680783358
-262.491408296999,-277.367209852934,3.65832601426685,-3.16831769512851,14.8933068637848,4.21868085873965,0.130523294858821,2.17892780272493,0.0688870680783358
-262.493697533625,-277.31142515515,3.66061525089306,-3.1636730910605,14.8933068637848,4.21868085873965,0.130523294858821,2.17892780272493,0.0688870680783358
-262.485543749276,-277.254381327127,3.65246146654391,-2.95618384142098,14.8933068637848,4.21868085873965,0.130523294858821,2.17892780272493,0.0688870680783358
-262.491809375015,-277.196981805839,3.65872709228265,-2.62781696480701,14.7764569644928,4.21868085873965,0.130523294858821,2.17892780272493,0.0688870680783358
-262.481562234428,-277.13957588651,3.64847995169559,-2.8541864976604,14.7764569644928,4.21868085873965,0.130523294858821,2.17892780272493,0.0688870680783358
-262.483013137889,-277.08111918197,3.64993085515719,-2.8135826782045,14.7764569644928,4.21868085873965,0.130523294858821,2.17892780272493,0.0688870680783358
-262.468858294842,-277.021643572957,3.63577601211001,-2.48955728167429,14.7058736209869,4.21868085873965,0.130523294858821,2.17892780272493,0.0688870680783358
-262.472998968549,-276.960307642647,3.63991668581698,-2.00336787494372,14.7058736209869,4.21868085873965,0.130523294858821,2.17892780272493,0.0688870680783358
-262.46138530572,-276.899395308935,3.628303022988,-1.65410747695639,14.7058736209869,4.21868085873965,0.130523294858821,2.17892780272493,0.0688870680783358
-262.4522372231,-276.836736574977,3.61915494036846,-2.85243689490266,14.7058736209869,4.21868085873965,0.130523294858821,2.17892780272493,0.0688870680783358
-262.461604021043,-276.774023922623,3.62852173831096,-3.03686486785119,14.5874368076324,4.21868085873965,0.130523294858821,2.17892780272493,0.0688870680783358
-262.449233237521,-276.709711953478,3.61615095478857,-2.18651438033029,14.5874368076324,4.21868085873965,0.130523294858821,2.17892780272493,0.0688870680783358
-262.449680821284,-276.644151044333,3.61659853855228,-2.5276671836356,14.5874368076324,4.21868085873965,0.130523294858821,2.17892780272493,0.0688870680783358
-262.440794088312,-276.577511499205,3.60771180557989,-2.93996004407391,14.4220353488922,4.21868085873965,0.130523294858821,2.17892780272493,0.0688870680783358
-262.436576563168,-276.510630632477,3.6034942804361,-2.76913263337381,14.4220353488922,4.21868085873965,0.130523294858821,2.17892780272493,0.0688870680783358
-262.436961917912,-276.442584368277,3.60387963517961,-2.69311983766512,14.4220353488922,4.21868085873965,0.130523294858821,2.17892780272493,0.0688870680783358
-262.426782866853,-276.374352139562,3.59370058412078,-2.77835579640803,14.1867963199615,4.21868085873965,0.130523294858821,2.17892780272493,0.0688870680783358
-262.42666308684,-276.303875211185,3.59358080410804,-2.95656512574978,14.1867963199615,4.21868085873965,0.130523294858821,2.17892780272493,0.0688870680783358
-262.429331552653,-276.233943342213,3.59624926992075,-3.52670116870925,14.1867963199615,4.21868085873965,0.130523294858821,2.17892780272493,0.0688870680783358
-262.415046344044,-276.162311888742,3.58196406131173,-3.90639634316846,14.1867963199615,4.21868085873965,0.130523294858821,2.17892780272493,0.0688870680783358
-262.412964459196,-276.090772167776,3.57988217646404,-3.62538185751187,13.9983140354156,4.21868085873965,0.130523294858821,2.17892780272493,0.0688870680783358
-262.407548215131,-276.018172382402,3.57446593239896,-3.56204461498012,13.9983140354156,4.21868085873965,0.130523294858821,2.17892780272493,0.0688870680783358
-262.392524523642,-275.944969646639,3.55944224090976,-3.64542113758227,13.9983140354156,4.21868085873965,0.130523294858821,2.17892780272493,0.0688870680783358
-262.398193222317,-275.871366336771,3.565110939585,-3.90591255306949,13.7415753726959,4.21868085873965,0.130523294858821,2.17892780272493,0.0688870680783358
-262.382927515313,-275.79720963565,3.54984523258134,-4.03598933023115,13.7415753726959,4.21868085873965,0.130523294858821,2.17892780272493,0.0688870680783358
-262.367269943293,-275.722604934313,3.53418766056129,-4.24004754001183,13.7415753726959,4.21868085873965,0.130523294858821,2.17892780272493,0.0688870680783358
-262.355259886734,-275.64779769641,3.52217760400247,-4.50981360092927,13.4591695194244,4.21868085873965,0.130523294858821,2.17892780272493,0.0688870680783358
-262.362139080579,-275.572089345588,3.52905679784671,-4.72393897221323,13.4591695194244,4.21868085873965,0.130523294858821,2.17892780272493,0.0688870680783358
-262.335134891819,-275.497421719398,3.50205260908687,-5.32237374072682,13.4591695194244,4.21868085873965,0.130523294858821,2.17892780272493,0.0688870680783358
-262.33990596421,-275.421613935427,3.50682368147798,-5.32682728553054,13.4591695194244,4.21868085873965,0.130523294858821,2.17892780272493,0.0688870680783358
-262.321937450641,-275.346969589058,3.48885516790903,-5.19479831117383,13.2921830539703,4.21868085873965,0.130523294858821,2.17892780272493,0.0688870680783358
-262.317348061999,-275.271547071984,3.48426577926747,-4.99115283436501,13.2921830539703,4.21868085873965,0.130523294858821,2.17892780272493,0.0688870680783358
-262.294209331798,-275.196455099771,3.46112704906637,-5.1776438781702,13.2921830539703,4.21868085873965,0.130523294858821,2.17892780272493,0.0688870680783358
-262.300857075333,-275.121869633642,3.4677747926013,-5.52854674236147,13.0996915225983,4.21868085873965,0.130523294858821,2.17892780272493,0.0688870680783358
-262.279509752383,-275.047579161728,3.44642746965146,-5.32724414338652,13.0996915225983,4.21868085873965,0.130523294858821,2.17892780272493,0.0688870680783358
-262.276892432886,-274.973707983691,3.44381015015421,-5.01893706201957,13.0996915225983,4.21868085873965,0.130523294858821,2.17892780272493,0.0688870680783358
-262.253469687196,-274.901181429155,3.42038740446393,-5.2223353965692,12.8638650302887,4.21868085873965,0.130523294858821,2.17892780272493,0.0688870680783358
-262.24983539031,-274.828536724252,3.416753107578,-5.67654255920744,12.8638650302887,4.21868085873965,0.130523294858821,2.17892780272493,0.0688870680783358
-262.241112183918,-274.756975652772,3.4080299011861,-6.04761430090406,12.8638650302887,4.21868085873965,0.130523294858821,2.17892780272493,0.0688870680783358
-262.232379871683,-274.686050042478,3.39929758895097,-5.75552898495972,12.8638650302887,4.21868085873965,0.130523294858821,2.17892780272493,0.0688870680783358
-262.22420672392,-274.617206271474,3.39112444118767,-5.63449912197898,12.6280499820709,4.21868085873965,0.130523294858821,2.17892780272493,0.0688870680783358
-262.204750329345,-274.549407648546,3.37166804661293,-5.58394228155881,12.6280499820709,4.21868085873965,0.130523294858821,2.17892780272493,0.0688870680783358
-262.206351758215,-274.483148050387,3.37326947548328,-5.81763291504828,12.6280499820709,4.21868085873965,0.130523294858821,2.17892780272493,0.0688870680783358
-262.19382974111,-274.418118555357,3.36074745837828,-5.71870915229867,12.3444978122711,4.21868085873965,0.130523294858821,2.17892780272493,0.0688870680783358
-262.183542647738,-274.354806999529,3.3504603650058,-5.62649429603753,12.3444978122711,4.21868085873965,0.130523294858821,2.17892780272493,0.0688870680783358
-262.167345840185,-274.293246849064,3.33426355745325,-5.9554430106073,12.3444978122711,4.21868085873965,0.130523294858821,2.17892780272493,0.0688870680783358
-262.154202978006,-274.233825464885,3.32112069527418,-5.45746724745944,12.154504907608,4.21868085873965,0.130523294858821,2.17892780272493,0.0688870680783358
-262.153701660754,-274.176235299083,3.32061937802242,-5.72828268200118,12.154504907608,4.21868085873965,0.130523294858821,2.17892780272493,0.0688870680783358
-262.151857331478,-274.120994046635,3.3187750487455,-6.39171519802015,12.154504907608,4.21868085873965,0.130523294858821,2.17892780272493,0.0688870680783358
-262.128677432504,-274.067737368969,3.29559514977201,-6.57190332760471,12.154504907608,4.21868085873965,0.130523294858821,2.17892780272493,0.0688870680783358
-262.120518974848,-274.017921811801,3.28743669211568,-6.06757953144913,11.8724767093658,4.21868085873965,0.130523294858821,2.17892780272493,0.0688870680783358
-262.105956443194,-273.969682629997,3.27287416046218,-5.88309494268425,11.8724767093658,4.21868085873965,0.130523294858821,2.17892780272493,0.0688870680783358
-262.090150604328,-273.924340161161,3.2570683215965,-5.99890036158552,11.8724767093658,4.21868085873965,0.130523294858821,2.17892780272493,0.0688870680783358
-262.088597710408,-273.881768230277,3.25551542767649,-6.06546673092311,11.6154805545807,4.21868085873965,0.130523294858821,2.17892780272493,0.0688870680783358
-262.065750936623,-273.842519841691,3.23266865389127,-6.20859394622857,11.6154805545807,4.21868085873965,0.130523294858821,2.17892780272493,0.0688870680783358
-262.059463014284,-273.806075490224,3.22638073155213,-6.09922862739589,11.6154805545807,4.21868085873965,0.130523294858821,2.17892780272493,0.0688870680783358
-262.047918843966,-273.773049217083,3.21483656123361,-5.62400950406898,11.4501305942535,4.21868085873965,0.130523294858821,2.17892780272493,0.0688870680783358
-262.038686466037,-273.742951705191,3.20560418330523,-5.44927563417962,11.4501305942535,4.21868085873965,0.130523294858821,2.17892780272493,0.0688870680783358
-262.023811358589,-273.716427834861,3.19072907585677,-4.8751072657237,11.4501305942535,4.21868085873965,0.130523294858821,2.17892780272493,0.0688870680783358
-262.01859610405,-273.693439245144,3.18551382131771,-5.88979619329906,11.4501305942535,4.21868085873965,0.130523294858821,2.17892780272493,0.0688870680783358
-262.006663458002,-273.674005644574,3.17358117526961,-5.63248628694775,11.3789159183502,4.21868085873965,0.130523294858821,2.17892780272493,0.0688870680783358
-261.993040994152,-273.658236499811,3.15995871142044,-5.36952627093374,11.3789159183502,4.21868085873965,0.130523294858821,2.17892780272493,0.0688870680783358
-261.991000671536,-273.646376805592,3.15791838880369,-5.11851414305301,11.3789159183502,4.21868085873965,0.130523294858821,2.17892780272493,0.0688870680783358
-261.97904152988,-273.63829778238,3.14595924714789,-4.2021114180965,11.2856599216461,4.21868085873965,0.130523294858821,2.17892780272493,0.0688870680783358
-261.964861579423,-273.634237400395,3.13177929669101,-3.89540843591824,11.2856599216461,4.21868085873965,0.130523294858821,2.17892780272493,0.0688870680783358
-261.966629596886,-273.634193748093,3.13354731415399,-4.14320581774475,11.2856599216461,4.21868085873965,0.130523294858821,2.17892780272493,0.0688870680783358
-261.96126316567,-273.638222557418,3.12818088293815,-3.80992344523,11.2857076053619,4.21868085873965,0.130523294858821,2.17892780272493,0.0688870680783358
-261.947426436163,-273.646472173736,3.11434415343109,-3.56967906706805,11.2857076053619,4.21868085873965,0.130523294858821,2.17892780272493,0.0688870680783358
-261.936892320466,-273.658909309818,3.10381003773386,-3.41925302182755,11.2857076053619,4.21868085873965,0.130523294858821,2.17892780272493,0.0688870680783358
-261.931789784808,-273.675665344277,3.09870750207597,-2.89650075083473,11.2857076053619,4.21868085873965,0.130523294858821,2.17892780272493,0.0688870680783358
-261.924332736751,-273.696677937063,3.09125045401931,-2.27370413682422,11.3324185733795,4.21868085873965,0.130523294858821,2.17892780272493,0.0688870680783358
-261.933117147534,-273.722130853778,3.10003486480248,-1.85472304092025,11.3324185733795,4.21868085873965,0.130523294858821,2.17892780272493,0.0688870680783358
-261.914898356212,-273.751913939007,3.08181607348024,-1.44231999991161,11.3324185733795,4.21868085873965,0.130523294858821,2.17892780272493,0.0688870680783358
-261.919941600145,-273.78611550649,3.08685931741332,-0.565075003994082,11.4981747989655,4.21868085873965,0.130523294858821,2.17892780272493,0.0688870680783358
-261.924286638078,-273.82469255588,3.09120435534632,0.44829695051884,11.4981747989655,4.21868085873965,0.130523294858821,2.17892780272493,0.0688870680783358
-261.925122531466,-273.868031963342,3.09204024873422,0.369722806052775,11.4981747989655,4.21868085873965,0.130523294858821,2.17892780272493,0.0688870680783358
-261.926682510079,-273.915303507987,3.09360022734723,-0.10454553230717,11.7327023868561,4.21868085873965,0.130523294858821,2.17892780272493,0.0688870680783358
-261.930161686951,-273.967566438675,3.09707940421883,0.9398852749083,11.7327023868561,4.21868085873965,0.130523294858821,2.17892780272493,0.0688870680783358
-261.937702318838,-274.023851629319,3.10462003610551,2.10640536393257,11.7327023868561,4.21868085873965,0.130523294858821,2.17892780272493,0.0688870680783358
-261.931892314556,-274.085524860105,3.09881003182422,3.48381243499452,11.7327023868561,4.21868085873965,0.130523294858821,2.17892780272493,0.0688870680783358
-261.932973635709,-274.149624512018,3.09989135297739,3.99061842408242,12.0140096073151,4.21868085873965,0.130523294858821,2.17892780272493,0.0688870680783358
-261.947531260208,-274.220102207457,3.11444897747609,4.4191413138914,12.0140096073151,4.21868085873965,0.130523294858821,2.17892780272493,0.0688870680783358
-261.950456152426,-274.293221554851,3.11737386969441,5.0237996574915,12.0140096073151,4.21868085873965,0.130523294858821,2.17892780272493,0.0688870680783358
-261.961181490708,-274.371953707802,3.12809920797635,5.89839726113953,12.2973348026276,4.21868085873965,0.130523294858821,2.17892780272493,0.0688870680783358
-261.967476056186,-274.453791649638,3.1343937734542,6.59636531289023,12.2973348026276,4.21868085873965,0.130523294858821,2.17892780272493,0.0688870680783358
-261.990482595266,-274.540209917192,3.15740031253448,7.18426076843416,12.2973348026276,4.21868085873965,0.130523294858821,2.17892780272493,0.0688870680783358
-261.996999215544,-274.630676001263,3.16391693281187,6.26288386355544,12.5587254886627,4.21868085873965,0.130523294858821,2.17892780272493,0.0688870680783358
-262.006463926225,-274.725557878994,3.17338164349285,5.546043719314,12.5587254886627,4.21868085873965,0.130523294858821,2.17892780272493,0.0688870680783358
-262.012552975824,-274.823422485722,3.17947069309155,5.58320546989833,12.5587254886627,4.21868085873965,0.130523294858821,2.17892780272493,0.0688870680783358
-262.026964487498,-274.926984907958,3.19388220476596,5.51487555813373,12.5587254886627,4.21868085873965,0.130523294858821,2.17892780272493,0.0688870680783358
-262.039977291447,-275.031752390437,3.20689500871552,5.88983668053491,12.7501756076813,4.21868085873965,0.130523294858821,2.17892780272493,0.0688870680783358
-262.054898740232,-275.141868089419,3.22181645750008,5.57512097751147,12.7501756076813,4.21868085873965,0.130523294858821,2.17892780272493,0.0688870680783358
-262.0615593245,-275.254642851228,3.22847704176771,4.97323474199641,12.7501756076813,4.21868085873965,0.130523294858821,2.17892780272493,0.0688870680783358
-262.074560345641,-275.371680897068,3.24147806290925,4.32543763653246,12.9428597812653,4.21868085873965,0.130523294858821,2.17892780272493,0.0688870680783358
-262.080825262783,-275.490547088524,3.24774298005071,4.80654248454528,12.9428597812653,4.21868085873965,0.130523294858821,2.17892780272493,0.0688870680783358
-262.084279333606,-275.613589690865,3.25119705087429,5.0705101440402,12.9428597812653,4.21868085873965,0.130523294858821,2.17892780272493,0.0688870680783358
-262.086042627072,-275.738266232077,3.25296034434003,4.56840159433647,13.181646478653,4.21868085873965,0.130523294858821,2.17892780272493,0.0688870680783358
-262.090995904296,-275.867641628374,3.25791362156436,4.93534801442905,13.181646478653,4.21868085873965,0.130523294858821,2.17892780272493,0.0688870680783358
-262.107706477472,-275.998181044571,3.27462419474034,5.38213407469557,13.181646478653,4.21868085873965,0.130523294858821,2.17892780272493,0.0688870680783358
-262.119683304496,-276.132616850667,3.28660102176376,5.50880158831742,13.181646478653,4.21868085873965,0.130523294858821,2.17892780272493,0.0688870680783358
-262.122755423346,-276.267381119045,3.28967314061407,4.74699224180125,13.5345860843658,4.21868085873965,0.130523294858821,2.17892780272493,0.0688870680783358
-262.140915233512,-276.405334566182,3.30783295077958,4.82793953242342,13.5345860843658,4.21868085873965,0.130523294858821,2.17892780272493,0.0688870680783358
-262.141012472515,-276.546543440205,3.30793018978348,5.54420267860029,13.5345860843658,4.21868085873965,0.130523294858821,2.17892780272493,0.0688870680783358
-262.147967968227,-276.690680243885,3.31488568549504,5.83793124458704,13.9781438236237,4.21868085873965,0.130523294858821,2.17892780272493,0.0688870680783358
-262.162929997217,-276.832550746617,3.32984771448536,6.24217499083153,13.9781438236237,4.21868085873965,0.130523294858821,2.17892780272493,0.0688870680783358
-262.181476602321,-276.977527781507,3.34839431958939,6.98557249982962,13.9781438236237,4.21868085873965,0.130523294858821,2.17892780272493,0.0688870680783358
-262.192520493264,-277.124549646704,3.35943821053197,7.2417716544521,14.4938088779449,4.21868085873965,0.130523294858821,2.17892780272493,0.0688870680783358
-262.199737890386,-277.271151897691,3.36665560765398,7.56083935775025,14.4938088779449,4.21868085873965,0.130523294858821,2.17892780272493,0.0688870680783358
-262.219150931574,-277.420393153723,3.38606864884244,7.69196372183812,14.4938088779449,4.21868085873965,0.130523294858821,2.17892780272493,0.0688870680783358
-262.231443673264,-277.571346348739,3.39836139053201,8.04446250103474,14.4938088779449,4.21868085873965,0.130523294858821,2.17892780272493,0.0688870680783358
-262.244876219115,-277.720621965412,3.41179393638286,8.50011640476174,14.9862748508453,4.21868085873965,0.130523294858821,2.17892780272493,0.0688870680783358
-262.25895654553,-277.871568207616,3.42587426279811,9.63430331670112,14.9862748508453,4.21868085873965,0.130523294858821,2.17892780272493,0.0688870680783358
-262.280966546222,-278.021934021582,3.44788426349013,9.78646772198625,14.9862748508453,4.21868085873965,0.130523294858821,2.17892780272493,0.0688870680783358
-262.301108723298,-278.172588748043,3.4680264405656,10.4821029234519,15.5262757663727,4.21868085873965,0.130523294858821,2.17892780272493,0.0688870680783358
-262.316394376812,-278.323431678672,3.48331209407954,10.8407044671535,15.5262757663727,4.21868085873965,0.130523294858821,2.17892780272493,0.0688870680783358
-262.335497656774,-278.474842072084,3.50241537404211,10.3136511274997,15.5262757663727,4.21868085873965,0.130523294858821,2.17892780272493,0.0688870680783358
-262.364744127727,-278.622985600906,3.53166184499548,10.3655557172286,16.0923644428253,4.21868085873965,0.130523294858821,2.17892780272493,0.0688870680783358
-262.377108709548,-278.772317998385,3.54402642681562,11.7546212800599,16.0923644428253,4.21868085873965,0.130523294858821,2.17892780272493,0.0688870680783358
-262.410722894882,-278.920016365546,3.57764061215043,12.0230590080509,16.0923644428253,4.21868085873965,0.130523294858821,2.17892780272493,0.0688870680783358
-262.4348932426,-279.06784711372,3.6018109598675,12.22881063912,16.0923644428253,4.21868085873965,0.130523294858821,2.17892780272493,0.0688870680783358
-262.461661434487,-279.212950117832,3.62857915175457,11.2096537067581,16.6126738910675,4.21868085873965,0.130523294858821,2.17892780272493,0.0688870680783358
-262.47981881266,-279.357135255785,3.64673652992764,12.0448131449607,16.6126738910675,4.21868085873965,0.130523294858821,2.17892780272493,0.0688870680783358
-262.493205453503,-279.499565120295,3.66012317077052,12.072274146474,16.6126738910675,4.21868085873965,0.130523294858821,2.17892780272493,0.0688870680783358
-262.506920257527,-279.640252062162,3.67383797479498,12.198398382756,17.111689699173,4.21868085873965,0.130523294858821,2.17892780272493,0.0688870680783358
-262.538736755044,-279.778725949277,3.7056544723123,11.9800557926378,17.111689699173,4.21868085873965,0.130523294858821,2.17892780272493,0.0688870680783358
-262.558074187697,-279.915265241948,3.72499190496456,11.0098800266774,17.111689699173,4.21868085873965,0.130523294858821,2.17892780272493,0.0688870680783358
-262.590057410007,-280.049298785449,3.75697512727513,10.842604726167,17.5845137958527,4.21868085873965,0.130523294858821,2.17892780272493,0.0688870680783358
-262.602467555117,-280.180926060416,3.76938527238541,10.4474826670243,17.5845137958527,4.21868085873965,0.130523294858821,2.17892780272493,0.0688870680783358
-262.628887020892,-280.310870801912,3.79580473815994,11.7428408631951,17.5845137958527,4.21868085873965,0.130523294858821,2.17892780272493,0.0688870680783358
-262.64836359819,-280.436464417268,3.81528131545794,11.6172613721414,17.5845137958527,4.21868085873965,0.130523294858821,2.17892780272493,0.0688870680783358
-262.660758265286,-280.559832349109,3.82767598255407,10.5417522939748,18.0818129901886,4.21868085873965,0.130523294858821,2.17892780272493,0.0688870680783358
-262.684933363233,-280.680190906164,3.8518510805014,10.7497558305211,18.0818129901886,4.21868085873965,0.130523294858821,2.17892780272493,0.0688870680783358
-262.703101656545,-280.797098213266,3.87001937381332,11.3211953036465,18.0818129901886,4.21868085873965,0.130523294858821,2.17892780272493,0.0688870680783358
-262.731714040849,-280.910714131707,3.89863175811739,10.2554284428065,18.5066901569366,4.21868085873965,0.130523294858821,2.17892780272493,0.0688870680783358
-262.740541023278,-281.021056231201,3.90745874054649,9.87160200954366,18.5066901569366,4.21868085873965,0.130523294858821,2.17892780272493,0.0688870680783358
-262.762120637331,-281.127479337486,3.92903835459868,9.74619866012483,18.5066901569366,4.21868085873965,0.130523294858821,2.17892780272493,0.0688870680783358
-262.785868825286,-281.230441045266,3.95278654255432,9.32228040485591,18.9065963153839,4.21868085873965,0.130523294858821,2.17892780272493,0.0688870680783358
-262.789275618723,-281.329469206178,3.95619333599118,9.48914507169924,18.9065963153839,4.21868085873965,0.130523294858821,2.17892780272493,0.0688870680783358
-262.822863728408,-281.424665309043,3.98978144567591,10.1138956958709,18.9065963153839,4.21868085873965,0.130523294858821,2.17892780272493,0.0688870680783358
-262.838793902205,-281.516448842505,4.00571161947289,10.2700897164081,19.2381087665558,4.21868085873965,0.130523294858821,2.17892780272493,0.0688870680783358
-262.853548697827,-281.603679141215,4.02046641509457,9.45233571084522,19.2381087665558,4.21868085873965,0.130523294858821,2.17892780272493,0.0688870680783358
-262.879769667744,-281.687654839196,4.04668738501207,8.32289272376282,19.2381087665558,4.21868085873965,0.130523294858821,2.17892780272493,0.0688870680783358
-262.880231866386,-281.765720478741,4.04714958365399,9.19672421134189,19.2381087665558,4.21868085873965,0.130523294858821,2.17892780272493,0.0688870680783358
-262.906375473357,-281.840355975164,4.07329319062483,8.39478397981112,19.5456725482941,4.21868085873965,0.130523294858821,2.17892780272493,0.0688870680783358
-262.925462710135,-281.911188421748,4.09238042740345,8.31209037534879,19.5456725482941,4.21868085873965,0.130523294858821,2.17892780272493,0.0688870680783358
-262.945826289142,-281.977137362562,4.11274400640971,8.07934488828712,19.5456725482941,4.21868085873965,0.130523294858821,2.17892780272493,0.0688870680783358
-262.9509001527,-282.038693810261,4.1178178699684,7.0888901812208,19.7354651813507,4.21868085873965,0.130523294858821,2.17892780272493,0.0688870680783358
-262.967443187998,-282.096113102597,4.13436090526592,7.19710989213948,19.7354651813507,4.21868085873965,0.130523294858821,2.17892780272493,0.0688870680783358
-262.961446795457,-282.148717320561,4.12836451272464,7.28853493111627,19.7354651813507,4.21868085873965,0.130523294858821,2.17892780272493,0.0688870680783358
-262.994497352293,-282.198090248602,4.16141506956075,7.95145006811115,19.9470626239777,4.21868085873965,0.130523294858821,2.17892780272493,0.0688870680783358
-263.007437705893,-282.241566301491,4.17435542316069,6.72190962190189,19.9470626239777,4.21868085873965,0.130523294858821,2.17892780272493,0.0688870680783358
-263.012837684121,-282.281187905866,4.17975540138937,6.08455909845717,19.9470626239777,4.21868085873965,0.130523294858821,2.17892780272493,0.0688870680783358
-263.050977559171,-282.316628135638,4.21789527643945,5.71593340381451,19.9470626239777,4.21868085873965,0.130523294858821,2.17892780272493,0.0688870680783358
-263.041179870311,-282.347535750367,4.20809758757895,5.46580237409247,19.9942275409698,4.21868085873965,0.130523294858821,2.17892780272493,0.0688870680783358
-263.047347771673,-282.373398243001,4.21426548894055,5.40346986721539,19.9942275409698,4.21868085873965,0.130523294858821,2.17892780272493,0.0688870680783358
-263.055387933524,-282.395190706003,4.22230565079196,4.70018087083372,19.9942275409698,4.21868085873965,0.130523294858821,2.17892780272493,0.0688870680783358
-263.069160264314,-282.412729591161,4.23607798158232,3.95072353043827,19.9948722248077,4.21868085873965,0.130523294858821,2.17892780272493,0.0688870680783358
-263.077837035448,-282.426082908587,4.24475475271641,3.25042177905157,19.9948722248077,4.21868085873965,0.130523294858821,2.17892780272493,0.0688870680783358
-263.075472711873,-282.43511909927,4.24239042914137,3.18448334728063,19.9948722248077,4.21868085873965,0.130523294858821,2.17892780272493,0.0688870680783358
-263.079365701194,-282.440082335359,4.24628341846212,2.81302352583278,19.9948722248077,4.21868085873965,0.130523294858821,2.17892780272493,0.0688870680783358
-263.088822375503,-282.440847475822,4.25574009277091,1.86116205569166,19.8312369709015,4.21868085873965,0.130523294858821,2.17892780272493,0.0688870680783358
-263.101278170612,-282.437574492355,4.26819588788013,0.721098065854721,19.8312369709015,4.21868085873965,0.130523294858821,2.17892780272493,0.0688870680783358
-263.087084651473,-282.430385121122,4.25400236874146,0.663044924719187,19.8312369709015,4.21868085873965,0.130523294858821,2.17892780272493,0.0688870680783358
-263.096719308082,-282.41918758793,4.26363702534993,-0.202629901350682,19.5008117084503,4.21868085873965,0.130523294858821,2.17892780272493,0.0688870680783358
-263.102617774032,-282.404266759911,4.26953549129977,-1.33607272777018,19.5008117084503,4.21868085873965,0.130523294858821,2.17892780272493,0.0688870680783358
-263.084834870023,-282.385503060182,4.25175258729088,-1.37436048754301,19.5008117084503,4.21868085873965,0.130523294858821,2.17892780272493,0.0688870680783358
-263.091801442636,-282.363401498639,4.25871915990444,-2.16590602962153,19.1251937274933,4.21868085873965,0.130523294858821,2.17892780272493,0.0688870680783358
-263.080486137463,-282.33765367253,4.24740385473116,-4.48637452541091,19.1251937274933,4.21868085873965,0.130523294858821,2.17892780272493,0.0688870680783358
-263.077061971484,-282.308331307907,4.24397968875212,-4.58711884919091,19.1251937274933,4.21868085873965,0.130523294858821,2.17892780272493,0.0688870680783358
-263.051368200441,-282.27521551994,4.21828591770884,-5.61975532034543,18.8192206745148,4.21868085873965,0.130523294858821,2.17892780272493,0.0688870680783358
-263.05290253794,-282.239944347011,4.21982025520762,-5.89196607346536,18.8192206745148,4.21868085873965,0.130523294858821,2.17892780272493,0.0688870680783358
-263.045865940576,-282.201051535154,4.21278365784439,-6.17104151291021,18.8192206745148,4.21868085873965,0.130523294858821,2.17892780272493,0.0688870680783358
-263.030541830777,-282.159217204416,4.19745954804496,-6.18716284917318,18.8192206745148,4.21868085873965,0.130523294858821,2.17892780272493,0.0688870680783358
-263.015128052658,-282.114574713328,4.18204576992565,-6.56953922799711,18.5351210956573,4.21868085873965,0.130523294858821,2.17892780272493,0.0688870680783358
-263.011543184099,-282.067260497784,4.17846090136714,-6.08945176547061,18.5351210956573,4.21868085873965,0.130523294858821,2.17892780272493,0.0688870680783358
-263.001163320121,-282.017260839042,4.16808103738869,-5.37436588584941,18.5351210956573,4.21868085873965,0.130523294858821,2.17892780272493,0.0688870680783358
-262.991739266392,-281.964829683185,4.15865698366019,-5.0473093772312,18.4365149860382,4.21868085873965,0.130523294858821,2.17892780272493,0.0688870680783358
-262.978695363237,-281.910074345039,4.14561308050487,-5.00869434432762,18.4365149860382,4.21868085873965,0.130523294858821,2.17892780272493,0.0688870680783358
-262.965568127148,-281.85299463964,4.13248584441645,-4.81841425401031,18.4365149860382,4.21868085873965,0.130523294858821,2.17892780272493,0.0688870680783358
-262.953214186455,-281.793034836747,4.12013190372312,-4.70397474495738,18.3855430011749,4.21868085873965,0.130523294858821,2.17892780272493,0.0688870680783358
-262.955007860426,-281.732677052897,4.12192557769353,-4.08988747931127,18.3855430011749,4.21868085873965,0.130523294858821,2.17892780272493,0.0688870680783358
-262.940271981771,-281.669502898764,4.10718969903939,-4.004723909717,18.3855430011749,4.21868085873965,0.130523294858821,2.17892780272493,0.0688870680783358
-262.932796171357,-281.605009700414,4.09971388862507,-3.77143433731901,18.3855430011749,4.21868085873965,0.130523294858821,2.17892780272493,0.0688870680783358
-262.924280224591,-281.53885368265,4.09119794185897,-3.21006310695147,18.3349028949738,4.21868085873965,0.130523294858821,2.17892780272493,0.0688870680783358
-262.917181945579,-281.471214343393,4.08409966284695,-2.87599236691128,18.3349028949738,4.21868085873965,0.130523294858821,2.17892780272493,0.0688870680783358
-262.907195861619,-281.402441239106,4.07411357888665,-2.71657211294576,18.3349028949738,4.21868085873965,0.130523294858821,2.17892780272493,0.0688870680783358
-262.921998230906,-281.332518515795,4.0889159481744,-2.11138712076971,18.262152803421,4.21868085873965,0.130523294858821,2.17892780272493,0.0688870680783358
-262.915471228226,-281.260931537428,4.08238894549418,-2.00628613683142,18.262152803421,4.21868085873965,0.130523294858821,2.17892780272493,0.0688870680783358
-262.90995858372,-281.189172234225,4.07687630098774,-1.7241779896843,18.262152803421,4.21868085873965,0.130523294858821,2.17892780272493,0.0688870680783358
-262.911575204257,-281.115789988987,4.07849292152523,-1.54370764125259,18.1223479633331,4.21868085873965,0.130523294858821,2.17892780272493,0.0688870680783358
-262.901787865089,-281.042316667731,4.06870558235656,-1.41899905711557,18.1223479633331,4.21868085873965,0.130523294858821,2.17892780272493,0.0688870680783358
-262.900881634333,-280.967721600948,4.0677993516014,-1.21668609688627,18.1223479633331,4.21868085873965,0.130523294858821,2.17892780272493,0.0688870680783358
-262.906568850201,-280.893731649371,4.07348656746925,-1.60256852476377,18.1223479633331,4.21868085873965,0.130523294858821,2.17892780272493,0.0688870680783358
-262.897677675392,-280.818483765592,4.06459539266008,-1.16960693682967,17.9358817462921,4.21868085873965,0.130523294858821,2.17892780272493,0.0688870680783358
-262.903850119836,-280.743430267728,4.07076783710353,-0.947514830683725,17.9358817462921,4.21868085873965,0.130523294858821,2.17892780272493,0.0688870680783358
-262.89811294727,-280.668056662623,4.06503066453789,-1.32415619718143,17.9358817462921,4.21868085873965,0.130523294858821,2.17892780272493,0.0688870680783358
-262.889071415029,-280.592973613282,4.05598913229682,-1.24605820834365,17.7004653339386,4.21868085873965,0.130523294858821,2.17892780272493,0.0688870680783358
-262.892827019444,-280.517422254674,4.05974473671195,-2.21358020421905,17.7004653339386,4.21868085873965,0.130523294858821,2.17892780272493,0.0688870680783358
-262.893387809444,-280.442445020352,4.06030552671172,-2.66576556821963,17.7004653339386,4.21868085873965,0.130523294858821,2.17892780272493,0.0688870680783358
-262.884206037676,-280.366955764036,4.05112375494404,-2.62835063866973,17.4179030780792,4.21868085873965,0.130523294858821,2.17892780272493,0.0688870680783358
-262.880566111694,-280.292706122419,4.04748382896164,-2.7583381372612,17.4179030780792,4.21868085873965,0.130523294858821,2.17892780272493,0.0688870680783358
-262.860258280698,-280.218249416814,4.02717599796565,-2.98169183483248,17.4179030780792,4.21868085873965,0.130523294858821,2.17892780272493,0.0688870680783358
-262.873016061179,-280.14513287507,4.03993377844708,-3.25416878304743,17.4179030780792,4.21868085873965,0.130523294858821,2.17892780272493,0.0688870680783358
-262.870785714852,-280.070689357157,4.03770343212001,-3.21094537482671,17.2044440631866,4.21868085873965,0.130523294858821,2.17892780272493,0.0688870680783358
-262.850056759912,-279.998149601037,4.01697447717991,-3.84077054727663,17.2044440631866,4.21868085873965,0.130523294858821,2.17892780272493,0.0688870680783358
-262.840388997979,-279.926323518505,4.00730671524685,-3.98745899232701,17.2044440631866,4.21868085873965,0.130523294858821,2.17892780272493,0.0688870680783358
-262.823289085337,-279.854406168673,3.9902068026052,-3.79094264961377,17.0635558490753,4.21868085873965,0.130523294858821,2.17892780272493,0.0688870680783358
-262.820468061293,-279.784611824458,3.98738577856089,-3.73232777207078,17.0635558490753,4.21868085873965,0.130523294858821,2.17892780272493,0.0688870680783358
-262.824194074173,-279.714958721895,3.99111179144135,-3.96763045415734,17.0635558490753,4.21868085873965,0.130523294858821,2.17892780272493,0.0688870680783358
-262.815182062864,-279.645594565969,3.98209978013236,-4.18713322162083,16.8274413471222,4.21868085873965,0.130523294858821,2.17892780272493,0.0688870680783358
-262.803661228622,-279.578047010531,3.9705789458897,-4.32372358523844,16.8274413471222,4.21868085873965,0.130523294858821,2.17892780272493,0.0688870680783358
-262.803218290401,-279.510616265706,3.97013600766932,-4.54864447776547,16.8274413471222,4.21868085873965,0.130523294858821,2.17892780272493,0.0688870680783358
-262.783975323957,-279.443682797961,3.95089304122498,-4.26031159484124,16.8274413471222,4.21868085873965,0.130523294858821,2.17892780272493,0.0688870680783358
-262.773354854903,-279.378704113937,3.94027257217117,-3.8610618965137,16.6385566120148,4.21868085873965,0.130523294858821,2.17892780272493,0.0688870680783358
-262.776044523038,-279.313997733152,3.94296224030616,-3.65086174092749,16.6385566120148,4.21868085873965,0.130523294858821,2.17892780272493,0.0688870680783358
-262.75709404755,-279.250175861691,3.92401176481844,-3.66010420329732,16.6385566120148,4.21868085873965,0.130523294858821,2.17892780272493,0.0688870680783358
-262.748699098523,-279.187915308353,3.91561681579122,-3.86353265866785,16.4966308002472,4.21868085873965,0.130523294858821,2.17892780272493,0.0688870680783358
-262.747164824539,-279.126029758993,3.91408254180692,-3.92497833691552,16.4966308002472,4.21868085873965,0.130523294858821,2.17892780272493,0.0688870680783358
-262.734277497745,-279.065411491802,3.90119521501303,-4.0809937403397,16.4966308002472,4.21868085873965,0.130523294858821,2.17892780272493,0.0688870680783358
-262.730688991272,-279.005208733561,3.89760670854045,-3.77535498299827,16.2861548786163,4.21868085873965,0.130523294858821,2.17892780272493,0.0688870680783358
-262.721580492823,-278.946513465686,3.88849821009102,-3.70692821265119,16.2861548786163,4.21868085873965,0.130523294858821,2.17892780272493,0.0688870680783358
-262.721036280205,-278.888553013624,3.88795399747344,-4.02403532087253,16.2861548786163,4.21868085873965,0.130523294858821,2.17892780272493,0.0688870680783358
-262.720393540579,-278.831197011985,3.88731125784736,-4.1848008606986,16.2861548786163,4.21868085873965,0.130523294858821,2.17892780272493,0.0688870680783358
-262.705074955998,-278.774798535566,3.87199267326599,-3.96327940424166,16.1200400714874,4.21868085873965,0.130523294858821,2.17892780272493,0.0688870680783358
-262.696838378175,-278.718576997893,3.86375609544348,-3.80955221146777,16.1200400714874,4.21868085873965,0.130523294858821,2.17892780272493,0.0688870680783358
-262.687593297913,-278.663559307449,3.85451101518136,-4.18546840515816,16.1200400714874,4.21868085873965,0.130523294858821,2.17892780272493,0.0688870680783358
-262.677860314401,-278.609717676327,3.84477803166938,-3.98055516683695,15.9551984195709,4.21868085873965,0.130523294858821,2.17892780272493,0.0688870680783358
-262.676252652501,-278.556162816847,3.8431703697695,-4.02535766865593,15.9551984195709,4.21868085873965,0.130523294858821,2.17892780272493,0.0688870680783358
-262.667687428639,-278.503085578424,3.83460514590678,-4.23858885477701,15.9551984195709,4.21868085873965,0.130523294858821,2.17892780272493,0.0688870680783358
-262.655183907393,-278.449534910871,3.82210162466107,-3.93779930863292,15.812090051651,4.21868085873965,0.130523294858821,2.17892780272493,0.0688870680783358
-262.650685779646,-278.398283812259,3.81760349691435,-4.15510346876324,15.812090051651,4.21868085873965,0.130523294858821,2.17892780272493,0.0688870680783358
-262.645085778839,-278.346325471871,3.81200349610716,-3.94897026635836,15.812090051651,4.21868085873965,0.130523294858821,2.17892780272493,0.0688870680783358
-262.625578520749,-278.295327035526,3.79249623801692,-4.23856826576135,15.812090051651,4.21868085873965,0.130523294858821,2.17892780272493,0.0688870680783358
-262.614248934505,-278.244086142031,3.78116665177253,-3.64653375869549,15.6467381839752,4.21868085873965,0.130523294858821,2.17892780272493,0.0688870680783358
-262.623718747559,-278.193515179931,3.79063646482697,-4.02475352017797,15.6467381839752,4.21868085873965,0.130523294858821,2.17892780272493,0.0688870680783358
-262.601556464829,-278.143174842192,3.76847418209697,-3.90886227109552,15.6467381839752,4.21868085873965,0.130523294858821,2.17892780272493,0.0688870680783358
-262.598301653017,-278.092828881127,3.76521937028529,-4.13434011193695,15.4341985111237,4.21868085873965,0.130523294858821,2.17892780272493,0.0688870680783358
-262.591720281395,-278.042804528496,3.75863799866316,-4.0102742505822,15.4341985111237,4.21868085873965,0.130523294858821,2.17892780272493,0.0688870680783358
-262.588661703887,-277.992499196968,3.75557942115506,-3.96400150820043,15.4341985111237,4.21868085873965,0.130523294858821,2.17892780272493,0.0688870680783358
-262.584267062227,-277.941536588738,3.75118477949493,-3.33200382568636,15.2690259342194,4.21868085873965,0.130523294858821,2.17892780272493,0.0688870680783358
-262.564638606732,-277.891456328529,3.73155632400046,-3.5825506104979,15.2690259342194,4.21868085873965,0.130523294858821,2.17892780272493,0.0688870680783358
-262.558814742884,-277.840560758339,3.7257324601519,-3.52594125863364,15.2690259342194,4.21868085873965,0.130523294858821,2.17892780272493,0.0688870680783358
-262.559016795662,-277.789946829226,3.72593451292974,-3.60578001141703,15.2690259342194,4.21868085873965,0.130523294858821,2.17892780272493,0.0688870680783358
-262.55778587378,-277.738865350504,3.72470359104804,-3.45444276981237,15.1275540714264,4.21868085873965,0.130523294858821,2.17892780272493,0.0688870680783358
-262.543041961284,-277.686933243522,3.70995967855225,-3.83241032654251,15.1275540714264,4.21868085873965,0.130523294858821,2.17892780272493,0.0688870680783358
-262.531368012538,-277.635107109621,3.69828572980635,-3.86186993415708,15.1275540714264,4.21868085873965,0.130523294858821,2.17892780272493,0.0688870680783358
-262.53081115904,-277.58286158049,3.69772887630776,-3.58502554019934,14.9648839359283,4.21868085873965,0.130523294858821,2.17892780272493,0.0688870680783358
-262.517271642662,-277.52992929213,3.6841893599297,-3.48801173151953,14.9648839359283,4.21868085873965,0.130523294858821,2.17892780272493,0.0688870680783358
-262.51964767044,-277.476356829262,3.68656538770834,-3.41804277350539,14.9648839359283,4.21868085873965,0.130523294858821,2.17892780272493,0.0688870680783358
-262.516061692476,-277.421716503334,3.68297940974399,-3.58072395150156,14.7781487827301,4.21868085873965,0.130523294858821,2.17892780272493,0.0688870680783358
-262.499463770007,-277.367354691935,3.66638148727538,-3.37726603590462,14.7781487827301,4.21868085873965,0.130523294858821,2.17892780272493,0.0688870680783358
-262.497820493103,-277.311858833639,3.66473821037111,-3.68540544349654,14.7781487827301,4.21868085873965,0.130523294858821,2.17892780272493,0.0688870680783358
-262.492458343166,-277.255592311029,3.65937606043398,-3.75725305504104,14.7781487827301,4.21868085873965,0.130523294858821,2.17892780272493,0.0688870680783358
-262.48386632576,-277.197757316175,3.65078404302849,-3.63311919454209,14.6621915225983,4.21868085873965,0.130523294858821,2.17892780272493,0.0688870680783358
-262.485049435057,-277.13967336795,3.65196715232469,-3.61209947006721,14.6621915225983,4.21868085873965,0.130523294858821,2.17892780272493,0.0688870680783358
-262.472045210215,-277.081585504817,3.638962927483,-3.57738048253753,14.6621915225983,4.21868085873965,0.130523294858821,2.17892780272493,0.0688870680783358
-262.473516025017,-277.021944769131,3.64043374228479,-3.60637260300523,14.4973050479889,4.21868085873965,0.130523294858821,2.17892780272493,0.0688870680783358
-262.459161763032,-276.960846407635,3.62607948029953,-3.2721154877209,14.4973050479889,4.21868085873965,0.130523294858821,2.17892780272493,0.0688870680783358
-262.455137482822,-276.899240121987,3.62205520008962,-3.45413302476231,14.4973050479889,4.21868085873965,0.130523294858821,2.17892780272493,0.0688870680783358
-262.453851622189,-276.836346516366,3.62076933945726,-3.09402816084237,14.3546754245758,4.21868085873965,0.130523294858821,2.17892780272493,0.0688870680783358
-262.437124969991,-276.773574867191,3.60404268725895,-2.90687979083462,14.3546754245758,4.21868085873965,0.130523294858821,2.17892780272493,0.0688870680783358
-262.445982804246,-276.709055565175,3.61290052151364,-3.25989683468281,14.3546754245758,4.21868085873965,0.130523294858821,2.17892780272493,0.0688870680783358
-262.424268064256,-276.644096217537,3.59118578152418,-3.40802409269952,14.3546754245758,4.21868085873965,0.130523294858821,2.17892780272493,0.0688870680783358
-262.42580275934,-276.577813282146,3.59272047660836,-3.5516412750419,14.2367516880035,4.21868085873965,0.130523294858821,2.17892780272493,0.0688870680783358
-262.422238505936,-276.510405273464,3.58915622320433,-3.38714026499306,14.2367516880035,4.21868085873965,0.130523294858821,2.17892780272493,0.0688870680783358
-262.40340164491,-276.442886007627,3.57031936217805,-3.35308733723656,14.2367516880035,4.21868085873965,0.130523294858821,2.17892780272493,0.0688870680783358
-262.412425608597,-276.374137565437,3.57934332586457,-3.66495600511772,14.0949441318512,4.21868085873965,0.130523294858821,2.17892780272493,0.0688870680783358
-262.406266351534,-276.304551595542,3.57318406880197,-3.09983333980767,14.0949441318512,4.21868085873965,0.130523294858821,2.17892780272493,0.0688870680783358
-262.399143287802,-276.233884242889,3.56606100507018,-2.93669542223833,14.0949441318512,4.21868085873965,0.130523294858821,2.17892780272493,0.0688870680783358
-262.391806050741,-276.162414255649,3.55872376800859,-2.87514623756921,14.001054895401,4.21868085873965,0.130523294858821,2.17892780272493,0.0688870680783358
-262.39054321608,-276.091176913787,3.55746093334836,-3.00820925645965,14.001054895401,4.21868085873965,0.130523294858821,2.17892780272493,0.0688870680783358
-262.387208184336,-276.018632788088,3.55412590160403,-3.4587302002683,14.001054895401,4.21868085873965,0.130523294858821,2.17892780272493,0.0688870680783358
-262.376777523577,-275.945249815968,3.54369524084464,-3.34305071133635,14.001054895401,4.21868085873965,0.130523294858821,2.17892780272493,0.0688870680783358
-262.372241585377,-275.871815943245,3.53915930264498,-3.38732351740908,13.8359643344879,4.21868085873965,0.130523294858821,2.17892780272493,0.0688870680783358
-262.360869064135,-275.796908105577,3.52778678140253,-3.03388782029114,13.8359643344879,4.21868085873965,0.130523294858821,2.17892780272493,0.0688870680783358
-262.352106838462,-275.72218605906,3.5190245557295,-3.30013422283899,13.8359643344879,4.21868085873965,0.130523294858821,2.17892780272493,0.0688870680783358
-262.351764483769,-275.647985570432,3.51868220103702,-3.308506518066,13.623649728775,4.21868085873965,0.130523294858821,2.17892780272493,0.0688870680783358
-262.357950176271,-275.572466125372,3.52486789353873,-3.90056608308283,13.623649728775,4.21868085873965,0.130523294858821,2.17892780272493,0.0688870680783358
-262.344751426945,-275.497053340419,3.51166914421314,-3.92693324002547,13.623649728775,4.21868085873965,0.130523294858821,2.17892780272493,0.0688870680783358
-262.341962262491,-275.420849968901,3.50887997975924,-3.77596003059361,13.4331513767242,4.21868085873965,0.130523294858821,2.17892780272493,0.0688870680783358
-262.327776129474,-275.346646328152,3.49469384674167,-3.82342835447973,13.4331513767242,4.21868085873965,0.130523294858821,2.17892780272493,0.0688870680783358
-262.32428042792,-275.271475399148,3.49119814518761,-3.81563300187082,13.4331513767242,4.21868085873965,0.130523294858821,2.17892780272493,0.0688870680783358
-262.313547260645,-275.196472952451,3.4804649779131,-4.01561153924403,13.4331513767242,4.21868085873965,0.130523294858821,2.17892780272493,0.0688870680783358
-262.309293803572,-275.121398958534,3.47621152083954,-4.14387336966237,13.2431069736481,4.21868085873965,0.130523294858821,2.17892780272493,0.0688870680783358
-262.306091249499,-275.046652894491,3.47300896676683,-4.5162307508657,13.2431069736481,4.21868085873965,0.130523294858821,2.17892780272493,0.0688870680783358
-262.295980367061,-274.973410508884,3.46289808432948,-4.61394459395991,13.2431069736481,4.21868085873965,0.130523294858821,2.17892780272493,0.0688870680783358
-262.286519508529,-274.900696279995,3.45343722579688,-4.57724234771442,13.0063058261871,4.21868085873965,0.130523294858821,2.17892780272493,0.0688870680783358
-262.273846871151,-274.828399725002,3.44076458841913,-4.50784132082507,13.0063058261871,4.21868085873965,0.130523294858821,2.17892780272493,0.0688870680783358
-262.258727023526,-274.757068570697,3.42564474079421,-4.8616209559332,13.0063058261871,4.21868085873965,0.130523294858821,2.17892780272493,0.0688870680783358
-262.260349546248,-274.686191412892,3.42726726351616,-5.32792226178636,12.7703725223541,4.21868085873965,0.130523294858821,2.17892780272493,0.0688870680783358
-262.242682753329,-274.617598512927,3.40960047059663,-5.72835407115399,12.7703725223541,4.21868085873965,0.130523294858821,2.17892780272493,0.0688870680783358
-262.231874136817,-274.549631967613,3.39879185408543,-5.53236158605414,12.7703725223541,4.21868085873965,0.130523294858821,2.17892780272493,0.0688870680783358
-262.219650517317,-274.482928650602,3.38656823458511,-5.77039702066049,12.7703725223541,4.21868085873965,0.130523294858821,2.17892780272493,0.0688870680783358
-262.20432266997,-274.418133844615,3.37124038723818,-5.52014951970808,12.4881917362213,4.21868085873965,0.130523294858821,2.17892780272493,0.0688870680783358
-262.205044260296,-274.354680561506,3.37196197756429,-5.81693262317779,12.4881917362213,4.21868085873965,0.130523294858821,2.17892780272493,0.0688870680783358
-262.190103376817,-274.292821207331,3.35702109408481,-6.33630668237188,12.4881917362213,4.21868085873965,0.130523294858821,2.17892780272493,0.0688870680783358
-262.185417451614,-274.234188339722,3.352335168882,-6.11974696446058,12.2279244785309,4.21868085873965,0.130523294858821,2.17892780272493,0.0688870680783358
-262.172254864698,-274.176322708328,3.33917258196559,-6.17611813028422,12.2279244785309,4.21868085873965,0.130523294858821,2.17892780272493,0.0688870680783358
-262.151429398988,-274.121265175936,3.31834711625562,-5.94841131989123,12.2279244785309,4.21868085873965,0.130523294858821,2.17892780272493,0.0688870680783358
-262.143375588507,-274.067879258277,3.31029330577515,-5.95808807103567,11.968755853653,4.21868085873965,0.130523294858821,2.17892780272493,0.0688870680783358
-262.132047106084,-274.017980545871,3.29896482335207,-6.41092854189801,11.968755853653,4.21868085873965,0.130523294858821,2.17892780272493,0.0688870680783358
-262.126051657882,-273.969938278551,3.29296937515028,-6.37618181419144,11.968755853653,4.21868085873965,0.130523294858821,2.17892780272493,0.0688870680783358
-262.105155106286,-273.924533565338,3.27207282355402,-6.51442220886648,11.968755853653,4.21868085873965,0.130523294858821,2.17892780272493,0.0688870680783358
-262.0970993733,-273.881841448124,3.26401709056795,-6.39285377688447,11.6624451999664,4.21868085873965,0.130523294858821,2.17892780272493,0.0688870680783358
-262.077506133069,-273.841484903594,3.24442385033685,-6.44753203109043,11.6624451999664,4.21868085873965,0.130523294858821,2.17892780272493,0.0688870680783358
-262.064771932641,-273.806258204036,3.23168964990861,-6.29117113077589,11.6624451999664,4.21868085873965,0.130523294858821,2.17892780272493,0.0688870680783358
-262.05888603594,-273.773154741576,3.22580375320841,-6.13120092315669,11.5449487094879,4.21868085873965,0.130523294858821,2.17892780272493,0.0688870680783358
-262.040950120745,-273.742800242291,3.2078678380128,-6.11146827631225,11.5449487094879,4.21868085873965,0.130523294858821,2.17892780272493,0.0688870680783358
-262.042806029967,-273.716513557604,3.20972374723522,-5.83028731475625,11.5449487094879,4.21868085873965,0.130523294858821,2.17892780272493,0.0688870680783358
-262.030972490798,-273.69348229542,3.19789020806638,-5.00392943734738,11.3582822208405,4.21868085873965,0.130523294858821,2.17892780272493,0.0688870680783358
-262.010704298026,-273.674055962775,3.17762201529398,-5.60687636163966,11.3582822208405,4.21868085873965,0.130523294858821,2.17892780272493,0.0688870680783358
-262.004492103891,-273.658399857401,3.17140982115949,-6.1175751514919,11.3582822208405,4.21868085873965,0.130523294858821,2.17892780272493,0.0688870680783358
-261.996209125099,-273.64641737296,3.16312684236714,-5.92414483549962,11.3582822208405,4.21868085873965,0.130523294858821,2.17892780272493,0.0688870680783358
-261.980407912957,-273.638363756576,3.1473256302248,-4.97879079656617,11.1956235294342,4.21868085873965,0.130523294858821,2.17892780272493,0.0688870680783358
-261.980326991156,-273.634229273034,3.14724470842442,-4.4242969625433,11.1956235294342,4.21868085873965,0.130523294858821,2.17892780272493,0.0688870680783358
-261.963772348536,-273.634207179423,3.13069006580352,-4.30868990051516,11.1956235294342,4.21868085873965,0.130523294858821,2.17892780272493,0.0688870680783358
-261.953296151124,-273.638221099861,3.12021386839201,-4.12325346251966,11.1956006412506,4.21868085873965,0.130523294858821,2.17892780272493,0.0688870680783358
-261.948023893891,-273.646469711093,3.11494161115933,-4.00388356834508,11.1956006412506,4.21868085873965,0.130523294858821,2.17892780272493,0.0688870680783358
-261.945581625583,-273.658869353578,3.11249934285068,-3.67260428593274,11.1956006412506,4.21868085873965,0.130523294858821,2.17892780272493,0.0688870680783358
-261.939723887743,-273.675730665039,3.1066416050109,-2.9407553172655,11.2662049655914,4.21868085873965,0.130523294858821,2.17892780272493,0.0688870680783358
-261.934079763465,-273.696785949356,3.1009974807325,-2.75573697669642,11.2662049655914,4.21868085873965,0.130523294858821,2.17892780272493,0.0688870680783358
-261.935528309116,-273.722137436028,3.10244602638421,-2.58801871792168,11.2662049655914,4.21868085873965,0.130523294858821,2.17892780272493,0.0688870680783358
-261.926478958862,-273.751723224534,3.09339667612957,-2.46796971723335,11.2662049655914,4.21868085873965,0.130523294858821,2.17892780272493,0.0688870680783358
-261.928244785026,-273.785993920091,3.09516250229441,-1.08248630448741,11.4274884586334,4.21868085873965,0.130523294858821,2.17892780272493,0.0688870680783358
-261.914033070496,-273.824780254453,3.08095078776449,-0.216790602432841,11.4274884586334,4.21868085873965,0.130523294858821,2.17892780272493,0.0688870680783358
-261.924063354777,-273.867961709289,3.09098107204475,0.171945239442849,11.4274884586334,4.21868085873965,0.130523294858821,2.17892780272493,0.0688870680783358
-261.92391516641,-273.915297576578,3.09083288367834,0.488046606674324,11.6859151248932,4.21868085873965,0.130523294858821,2.17892780272493,0.0688870680783358
-261.921393050766,-273.967443649694,3.08831076803417,1.13000950923866,11.6859151248932,4.21868085873965,0.130523294858821,2.17892780272493,0.0688870680783358
-261.926212174884,-274.024089288776,3.09312989215182,1.04531801965712,11.6859151248932,4.21868085873965,0.130523294858821,2.17892780272493,0.0688870680783358
-261.9272791778,-274.084555276813,3.09419689506824,1.95997428009108,12.0370904331207,4.21868085873965,0.130523294858821,2.17892780272493,0.0688870680783358
-261.92447036342,-274.150034207643,3.0913880806881,4.57263585851022,12.0370904331207,4.21868085873965,0.130523294858821,2.17892780272493,0.0688870680783358
-261.933154980709,-274.219400955964,3.10007269797746,4.65234413224125,12.0370904331207,4.21868085873965,0.130523294858821,2.17892780272493,0.0688870680783358
-261.956260827254,-274.293176257857,3.12317854452188,5.12670305067374,12.0370904331207,4.21868085873965,0.130523294858821,2.17892780272493,0.0688870680783358
-261.952076563523,-274.37150410071,3.11899428079149,5.99887973354923,12.2967702274323,4.21868085873965,0.130523294858821,2.17892780272493,0.0688870680783358
-261.962650200484,-274.453640736249,3.12956791775232,6.91165529245243,12.2967702274323,4.21868085873965,0.130523294858821,2.17892780272493,0.0688870680783358
-261.978535582152,-274.540452578419,3.14545329942001,7.43154325342021,12.2967702274323,4.21868085873965,0.130523294858821,2.17892780272493,0.0688870680783358
-261.999822519374,-274.63080835638,3.16674023664193,6.85441766479387,12.5334473972321,4.21868085873965,0.130523294858821,2.17892780272493,0.0688870680783358
-262.00466971695,-274.724683968427,3.17158743421769,6.10760425348481,12.5334473972321,4.21868085873965,0.130523294858821,2.17892780272493,0.0688870680783358
-262.02087946085,-274.822764903432,3.18779717811801,5.53048773979221,12.5334473972321,4.21868085873965,0.130523294858821,2.17892780272493,0.0688870680783358
-262.020777472194,-274.926662241775,3.18769518946199,5.05097021329263,12.7265588169098,4.21868085873965,0.130523294858821,2.17892780272493,0.0688870680783358
-262.038617982947,-275.031482734361,3.20553570021531,6.03867406713999,12.7265588169098,4.21868085873965,0.130523294858821,2.17892780272493,0.0688870680783358
-262.056799966511,-275.141815027211,3.22371768377888,6.0592388334473,12.7265588169098,4.21868085873965,0.130523294858821,2.17892780272493,0.0688870680783358
-262.056326848811,-275.25447877973,3.2232445660792,5.28095702807714,12.7265588169098,4.21868085873965,0.130523294858821,2.17892780272493,0.0688870680783358
-262.071823638686,-275.371385467688,3.23874135595359,4.63030361140582,12.9193955783844,4.21868085873965,0.130523294858821,2.17892780272493,0.0688870680783358
-262.083579065644,-275.490373761327,3.25049678291189,5.2171236463797,12.9193955783844,4.21868085873965,0.130523294858821,2.17892780272493,0.0688870680783358
-262.097025716142,-275.614611482078,3.26394343341024,5.59762405348533,12.9193955783844,4.21868085873965,0.130523294858821,2.17892780272493,0.0688870680783358
-262.090151769379,-275.738508630845,3.2570694866475,4.93131819868018,13.1349316959381,4.21868085873965,0.130523294858821,2.17892780272493,0.0688870680783358
-262.094106749291,-275.86779642703,3.26102446655935,4.74355443344336,13.1349316959381,4.21868085873965,0.130523294858821,2.17892780272493,0.0688870680783358
-262.113327222235,-275.997896866865,3.28024493950307,5.15567693387739,13.1349316959381,4.21868085873965,0.130523294858821,2.17892780272493,0.0688870680783358
-262.122227232018,-276.132407803392,3.28914494928556,4.91011158735601,13.4883710269928,4.21868085873965,0.130523294858821,2.17892780272493,0.0688870680783358
-262.125970487024,-276.268133265483,3.29288820429213,4.72146999688334,13.4883710269928,4.21868085873965,0.130523294858821,2.17892780272493,0.0688870680783358
-262.136900763033,-276.405882458511,3.30381848030148,5.01205701028182,13.4883710269928,4.21868085873965,0.130523294858821,2.17892780272493,0.0688870680783358
-262.143313865913,-276.546038364614,3.31023158318072,5.80134222196902,13.4883710269928,4.21868085873965,0.130523294858821,2.17892780272493,0.0688870680783358
-262.153522136357,-276.690663193086,3.32043985362468,5.69684077814458,13.9093781833649,4.21868085873965,0.130523294858821,2.17892780272493,0.0688870680783358
-262.163229473879,-276.834016126294,3.33014719114672,6.01916969380393,13.9093781833649,4.21868085873965,0.130523294858821,2.17892780272493,0.0688870680783358
-262.165857065313,-276.977649637497,3.33277478258109,6.85731933151603,13.9093781833649,4.21868085873965,0.130523294858821,2.17892780272493,0.0688870680783358
-262.176185671257,-277.123970302288,3.3431033885245,7.46210522729425,14.4245644931793,4.21868085873965,0.130523294858821,2.17892780272493,0.0688870680783358
-262.19818848659,-277.272760939278,3.36510620385772,7.99289615078243,14.4245644931793,4.21868085873965,0.130523294858821,2.17892780272493,0.0688870680783358
-262.208783153112,-277.420304226819,3.37570087037953,7.91552315881755,14.4245644931793,4.21868085873965,0.130523294858821,2.17892780272493,0.0688870680783358
-262.221778191839,-277.571060467979,3.38869590910673,7.34568861208314,14.9409085636139,4.21868085873965,0.130523294858821,2.17892780272493,0.0688870680783358
-262.240192012399,-277.720586113066,3.40710972966674,8.06983331650722,14.9409085636139,4.21868085873965,0.130523294858821,2.17892780272493,0.0688870680783358
-262.258302842462,-277.870723968474,3.42522055972971,9.73317679847933,14.9409085636139,4.21868085873965,0.130523294858821,2.17892780272493,0.0688870680783358
-262.277822711565,-278.021179020662,3.44474042883303,10.0429478364747,14.9409085636139,4.21868085873965,0.130523294858821,2.17892780272493,0.0688870680783358
-262.294856614888,-278.171744286678,3.4617743321555,10.4641052507204,15.5298539524078,4.21868085873965,0.130523294858821,2.17892780272493,0.0688870680783358
-262.314408568908,-278.322463157525,3.48132628617609,11.2408331596701,15.5298539524078,4.21868085873965,0.130523294858821,2.17892780272493,0.0688870680783358
-262.335125942277,-278.473948034181,3.50204365954471,10.7600697106074,15.5298539524078,4.21868085873965,0.130523294858821,2.17892780272493,0.0688870680783358
-262.37062374241,-278.62238024498,3.53754145967788,11.1039079959261,16.0488387470245,4.21868085873965,0.130523294858821,2.17892780272493,0.0688870680783358
-262.382999849751,-278.771645202193,3.54991756701933,11.7932988937126,16.0488387470245,4.21868085873965,0.130523294858821,2.17892780272493,0.0688870680783358
-262.407850913713,-278.919541598694,3.57476863098144,11.6855135486184,16.0488387470245,4.21868085873965,0.130523294858821,2.17892780272493,0.0688870680783358
-262.42229760252,-279.067446002564,3.58921531978751,11.5574939170206,16.5930739765167,4.21868085873965,0.130523294858821,2.17892780272493,0.0688870680783358
-262.439921338821,-279.213122864996,3.60683905608866,11.4121751779348,16.5930739765167,4.21868085873965,0.130523294858821,2.17892780272493,0.0688870680783358
-262.472010109058,-279.356639686434,3.63892782632602,12.5505838502013,16.5930739765167,4.21868085873965,0.130523294858821,2.17892780272493,0.0688870680783358
-262.496251255975,-279.499649524019,3.66316897324281,12.5512385439492,16.5930739765167,4.21868085873965,0.130523294858821,2.17892780272493,0.0688870680783358
-262.526182372008,-279.639968963859,3.69310008927626,12.1027152064537,17.0676146869659,4.21868085873965,0.130523294858821,2.17892780272493,0.0688870680783358
-262.545451147482,-279.778660330731,3.7123688647499,11.4786426773393,17.0676146869659,4.21868085873965,0.130523294858821,2.17892780272493,0.0688870680783358
-262.570383601145,-279.914974781423,3.73730131841293,11.1715898967269,17.0676146869659,4.21868085873965,0.130523294858821,2.17892780272493,0.0688870680783358
-262.590334152055,-280.049235387734,3.75725186932313,11.1013520989276,17.5167228107452,4.21868085873965,0.130523294858821,2.17892780272493,0.0688870680783358
-262.598104931896,-280.180863886255,3.76502264916362,11.0532329478994,17.5167228107452,4.21868085873965,0.130523294858821,2.17892780272493,0.0688870680783358
-262.62863891488,-280.310262092015,3.79555663214765,11.9985477576258,17.5167228107452,4.21868085873965,0.130523294858821,2.17892780272493,0.0688870680783358
-262.64237232929,-280.437208211437,3.80929004655772,10.6556909915446,17.9875632648468,4.21868085873965,0.130523294858821,2.17892780272493,0.0688870680783358
-262.671943759177,-280.558903099627,3.83886147644535,10.3798691395854,17.9875632648468,4.21868085873965,0.130523294858821,2.17892780272493,0.0688870680783358
-262.691982456855,-280.679611011121,3.8589001741226,10.8575542892461,17.9875632648468,4.21868085873965,0.130523294858821,2.17892780272493,0.0688870680783358
-262.709591865239,-280.79740076348,3.87650958250663,10.9823492729564,17.9875632648468,4.21868085873965,0.130523294858821,2.17892780272493,0.0688870680783358
-262.72831645593,-280.911648358937,3.8952341731977,10.0037100785133,18.4127189044952,4.21868085873965,0.130523294858821,2.17892780272493,0.0688870680783358
-262.75425532391,-281.021159654165,3.92117304117795,10.2788178936713,18.4127189044952,4.21868085873965,0.130523294858821,2.17892780272493,0.0688870680783358
-262.764767402718,-281.127779236008,3.93168511998648,10.3048181818007,18.4127189044952,4.21868085873965,0.130523294858821,2.17892780272493,0.0688870680783358
-262.785909805153,-281.230537454298,3.95282752242104,9.98952979577769,18.8860618000031,4.21868085873965,0.130523294858821,2.17892780272493,0.0688870680783358
-262.805134601022,-281.329840227371,3.97205231829006,9.37078168077055,18.8860618000031,4.21868085873965,0.130523294858821,2.17892780272493,0.0688870680783358
-262.825816846274,-281.424887862217,3.99273456354182,9.36098378951935,18.8860618000031,4.21868085873965,0.130523294858821,2.17892780272493,0.0688870680783358
-262.832600373734,-281.517002470873,3.99951809100224,8.83100146567103,19.2383109455109,4.21868085873965,0.130523294858821,2.17892780272493,0.0688870680783358
-262.850716586945,-281.603679141215,4.01763430421331,8.82853965951064,19.2383109455109,4.21868085873965,0.130523294858821,2.17892780272493,0.0688870680783358
-262.870268782204,-281.686814075028,4.03718649947182,8.33117990039815,19.2383109455109,4.21868085873965,0.130523294858821,2.17892780272493,0.0688870680783358
-262.884116855125,-281.765903754036,4.0510345723932,9.53372486916658,19.2383109455109,4.21868085873965,0.130523294858821,2.17892780272493,0.0688870680783358
-262.90932998866,-281.840979040962,4.07624770592824,8.34546588164631,19.5194159870148,4.21868085873965,0.130523294858821,2.17892780272493,0.0688870680783358
-262.926486533801,-281.911172145385,4.09340425106936,8.30067856334294,19.5194159870148,4.21868085873965,0.130523294858821,2.17892780272493,0.0688870680783358
-262.931604657802,-281.977007820853,4.09852237506991,8.32204060957731,19.5194159870148,4.21868085873965,0.130523294858821,2.17892780272493,0.0688870680783358
-262.950051137092,-282.038963469338,4.11696885436036,7.80673964673831,19.7561980609894,4.21868085873965,0.130523294858821,2.17892780272493,0.0688870680783358
-262.971001064462,-282.096172230967,4.13791878172987,7.34740723876531,19.7561980609894,4.21868085873965,0.130523294858821,2.17892780272493,0.0688870680783358
-262.975023887637,-282.148862371561,4.14194160490478,7.15013586751718,19.7561980609894,4.21868085873965,0.130523294858821,2.17892780272493,0.0688870680783358
-262.99761544253,-282.197605603876,4.16453315979809,6.57596007481986,19.9457122211456,4.21868085873965,0.130523294858821,2.17892780272493,0.0688870680783358
-263.010847810698,-282.241536417486,4.17776552796556,6.30769911498578,19.9457122211456,4.21868085873965,0.130523294858821,2.17892780272493,0.0688870680783358
-263.00561599294,-282.281414775862,4.17253371020782,6.6012243595801,19.9457122211456,4.21868085873965,0.130523294858821,2.17892780272493,0.0688870680783358
-263.022348382763,-282.316145903969,4.18926610003062,6.28431931397191,19.9457122211456,4.21868085873965,0.130523294858821,2.17892780272493,0.0688870680783358
-263.040053033402,-282.347139137698,4.20697075066973,5.73394776519533,20.0641013507843,4.21868085873965,0.130523294858821,2.17892780272493,0.0688870680783358
-263.048702596615,-282.373662129361,4.21562031388328,5.71913515140469,20.0641013507843,4.21868085873965,0.130523294858821,2.17892780272493,0.0688870680783358
-263.062141222724,-282.395369549829,4.22905893999215,4.71263913391766,20.0641013507843,4.21868085873965,0.130523294858821,2.17892780272493,0.0688870680783358
-263.073241732275,-282.412722215768,4.24015944954259,3.6899050869455,20.0656882648468,4.21868085873965,0.130523294858821,2.17892780272493,0.0688870680783358
-263.068448156408,-282.426114915978,4.2353658736764,2.91941304021501,20.0656882648468,4.21868085873965,0.130523294858821,2.17892780272493,0.0688870680783358
-263.075118739625,-282.435178289458,4.24203645689331,3.25084527076717,20.0656882648468,4.21868085873965,0.130523294858821,2.17892780272493,0.0688870680783358
-263.08408314793,-282.44008635244,4.25100086519786,2.73406544143006,19.8544761066437,4.21868085873965,0.130523294858821,2.17892780272493,0.0688870680783358
-263.07705370239,-282.440855397222,4.24397141965821,2.11925652322279,19.8544761066437,4.21868085873965,0.130523294858821,2.17892780272493,0.0688870680783358
-263.101883846799,-282.437581406486,4.26880156406695,1.0330044357324,19.8544761066437,4.21868085873965,0.130523294858821,2.17892780272493,0.0688870680783358
-263.097830590171,-282.430358823169,4.26474830743895,0.457393361662569,19.8544761066437,4.21868085873965,0.130523294858821,2.17892780272493,0.0688870680783358
-263.09500095403,-282.419162664569,4.26191867129755,0.230733278572979,19.5021468524933,4.21868085873965,0.130523294858821,2.17892780272493,0.0688870680783358
-263.09964985842,-282.404272775864,4.26656757568833,-1.84844309958822,19.5021468524933,4.21868085873965,0.130523294858821,2.17892780272493,0.0688870680783358
-263.094244801164,-282.385549513526,4.26116251843223,-1.3623588687099,19.5021468524933,4.21868085873965,0.130523294858821,2.17892780272493,0.0688870680783358
-263.076772529145,-282.363424441716,4.24369024641302,-2.47535142479653,19.0801307086945,4.21868085873965,0.130523294858821,2.17892780272493,0.0688870680783358
-263.08169658389,-282.337614290607,4.24861430115836,-4.1083183622521,19.0801307086945,4.21868085873965,0.130523294858821,2.17892780272493,0.0688870680783358
-263.066734579231,-282.308154395052,4.23365229649864,-4.35664313012127,19.0801307086945,4.21868085873965,0.130523294858821,2.17892780272493,0.0688870680783358
-263.069676375413,-282.275537660463,4.23659409268146,-5.4125582774704,18.7732039813995,4.21868085873965,0.130523294858821,2.17892780272493,0.0688870680783358
-263.058973372421,-282.23998883681,4.22589108968885,-6.36348059652723,18.7732039813995,4.21868085873965,0.130523294858821,2.17892780272493,0.0688870680783358
-263.04616641525,-282.200960121304,4.2130841325182,-6.73102493174479,18.7732039813995,4.21868085873965,0.130523294858821,2.17892780272493,0.0688870680783358
-263.031459516973,-282.159315198887,4.19837723424077,-6.576873589546,18.7732039813995,4.21868085873965,0.130523294858821,2.17892780272493,0.0688870680783358
-263.022970305844,-282.114470390787,4.18988802311149,-6.06240532025405,18.4658767108917,4.21868085873965,0.130523294858821,2.17892780272493,0.0688870680783358
-263.018272430854,-282.067277920114,4.1851901481223,-5.59091677915871,18.4658767108917,4.21868085873965,0.130523294858821,2.17892780272493,0.0688870680783358
-262.997841322592,-282.017303610081,4.16475903986041,-5.19485255039342,18.4658767108917,4.21868085873965,0.130523294858821,2.17892780272493,0.0688870680783358
-262.992022559831,-281.965085560492,4.15894027709868,-5.44864830028581,18.2984229450226,4.21868085873965,0.130523294858821,2.17892780272493,0.0688870680783358
-262.980759927689,-281.909960959094,4.14767764495749,-5.12821397257264,18.2984229450226,4.21868085873965,0.130523294858821,2.17892780272493,0.0688870680783358
-262.962220173824,-281.853112384403,4.12913789109176,-5.01157973001909,18.2984229450226,4.21868085873965,0.130523294858821,2.17892780272493,0.0688870680783358
-262.948710061719,-281.793737442549,4.11562777898672,-4.70150891459278,18.2711516742706,4.21868085873965,0.130523294858821,2.17892780272493,0.0688870680783358
-262.949726689648,-281.732159443525,4.11664440691628,-4.45037041138944,18.2711516742706,4.21868085873965,0.130523294858821,2.17892780272493,0.0688870680783358
-262.928884549242,-281.669677790387,4.09580226650968,-4.59392593151899,18.2711516742706,4.21868085873965,0.130523294858821,2.17892780272493,0.0688870680783358
-262.928880707773,-281.604845933353,4.09579842504065,-3.97131471055762,18.2711516742706,4.21868085873965,0.130523294858821,2.17892780272493,0.0688870680783358
-262.92487687551,-281.538949404665,4.09179459277848,-3.33774270433898,18.290400636673,4.21868085873965,0.130523294858821,2.17892780272493,0.0688870680783358
-262.920997765853,-281.470872428403,4.08791548312143,-2.87996231528661,18.290400636673,4.21868085873965,0.130523294858821,2.17892780272493,0.0688870680783358
-262.92005875071,-281.402449527413,4.08697646797773,-3.09873311010424,18.290400636673,4.21868085873965,0.130523294858821,2.17892780272493,0.0688870680783358
-262.910155887341,-281.332375354356,4.07707360460924,-1.95121808737592,18.2647887592316,4.21868085873965,0.130523294858821,2.17892780272493,0.0688870680783358
-262.906937602087,-281.260803434169,4.07385531935461,-1.73383729738583,18.2647887592316,4.21868085873965,0.130523294858821,2.17892780272493,0.0688870680783358
-262.916237641381,-281.189353740765,4.08315535864928,-1.1646916259246,18.2647887592316,4.21868085873965,0.130523294858821,2.17892780272493,0.0688870680783358
-262.892293246504,-281.115580389915,4.05921096377204,-1.31654883612941,18.1696463947296,4.21868085873965,0.130523294858821,2.17892780272493,0.0688870680783358
-262.896064786637,-281.042431174857,4.06298250390502,-1.17582538638242,18.1696463947296,4.21868085873965,0.130523294858821,2.17892780272493,0.0688870680783358
-262.909018732568,-280.968085272672,4.07593644983623,-1.20210755098534,18.1696463947296,4.21868085873965,0.130523294858821,2.17892780272493,0.0688870680783358
-262.912694426956,-280.893588960775,4.07961214422398,-1.55370214607443,18.1696463947296,4.21868085873965,0.130523294858821,2.17892780272493,0.0688870680783358
-262.906034814415,-280.818698648016,4.07295253168288,-1.10431875846628,17.9810058002472,4.21868085873965,0.130523294858821,2.17892780272493,0.0688870680783358
-262.891816455264,-280.743493101611,4.05873417253244,-0.907945487131396,17.9810058002472,4.21868085873965,0.130523294858821,2.17892780272493,0.0688870680783358
-262.89939542073,-280.668604874635,4.06631313799843,-0.887860065932689,17.9810058002472,4.21868085873965,0.130523294858821,2.17892780272493,0.0688870680783358
-262.897757526835,-280.593081449911,4.06467524410337,-0.406483403466145,17.7238570575714,4.21868085873965,0.130523294858821,2.17892780272493,0.0688870680783358
-262.890978763884,-280.517754314928,4.05789648115157,-1.18069576304789,17.7238570575714,4.21868085873965,0.130523294858821,2.17892780272493,0.0688870680783358
-262.894791768322,-280.442749400118,4.06170948559015,-2.11049582115384,17.7238570575714,4.21868085873965,0.130523294858821,2.17892780272493,0.0688870680783358
-262.883000551461,-280.367499873252,4.04991826872941,-2.49838744597482,17.4881240253448,4.21868085873965,0.130523294858821,2.17892780272493,0.0688870680783358
-262.890127732252,-280.293052371152,4.05704544951957,-2.41258502680867,17.4881240253448,4.21868085873965,0.130523294858821,2.17892780272493,0.0688870680783358
-262.874990168143,-280.218099355352,4.04190788541103,-2.67561163627406,17.4881240253448,4.21868085873965,0.130523294858821,2.17892780272493,0.0688870680783358
-262.886928848273,-280.144773363467,4.05384656554103,-3.11459447313909,17.4881240253448,4.21868085873965,0.130523294858821,2.17892780272493,0.0688870680783358
-262.87319423882,-280.071002594893,4.04011195608778,-3.65520521622908,17.2747146015167,4.21868085873965,0.130523294858821,2.17892780272493,0.0688870680783358
-262.856272372962,-279.997217927211,4.02319009022961,-3.51162731846152,17.2747146015167,4.21868085873965,0.130523294858821,2.17892780272493,0.0688870680783358
-262.855029144446,-279.926195315788,4.0219468617137,-3.74634999660651,17.2747146015167,4.21868085873965,0.130523294858821,2.17892780272493,0.0688870680783358
-262.831489059825,-279.855455278262,3.99840677709268,-3.39568554106279,17.1076537494659,4.21868085873965,0.130523294858821,2.17892780272493,0.0688870680783358
-262.83482763485,-279.78465367146,4.00174535211845,-3.98110950386747,17.1076537494659,4.21868085873965,0.130523294858821,2.17892780272493,0.0688870680783358
-262.834227864409,-279.715157287456,4.00114558167702,-4.24955590717409,17.1076537494659,4.21868085873965,0.130523294858821,2.17892780272493,0.0688870680783358
-262.805446783468,-279.645749849489,3.97236450073596,-4.04344532837802,16.9191962604523,4.21868085873965,0.130523294858821,2.17892780272493,0.0688870680783358
-262.808697539788,-279.57761124622,3.97561525705636,-4.33202692112283,16.9191962604523,4.21868085873965,0.130523294858821,2.17892780272493,0.0688870680783358
-262.812940729248,-279.51075164683,3.97985844651644,-4.22529186935917,16.9191962604523,4.21868085873965,0.130523294858821,2.17892780272493,0.0688870680783358
-262.801671679627,-279.44409122936,3.96858939689448,-4.17399728415817,16.9191962604523,4.21868085873965,0.130523294858821,2.17892780272493,0.0688870680783358
-262.786000437292,-279.378874505876,3.95291815456034,-3.92002944185127,16.755488527298,4.21868085873965,0.130523294858821,2.17892780272493,0.0688870680783358
-262.778747759764,-279.314371804042,3.94566547703218,-3.96262649332307,16.755488527298,4.21868085873965,0.130523294858821,2.17892780272493,0.0688870680783358
-262.778127895365,-279.250725018569,3.94504561263331,-3.92016897012208,16.755488527298,4.21868085873965,0.130523294858821,2.17892780272493,0.0688870680783358
-262.77120151262,-279.188337816676,3.93811922988768,-3.44159116151999,16.544795167923,4.21868085873965,0.130523294858821,2.17892780272493,0.0688870680783358
-262.760153001915,-279.126562823362,3.92707071918302,-3.9364310344188,16.544795167923,4.21868085873965,0.130523294858821,2.17892780272493,0.0688870680783358
-262.747711173494,-279.065461846951,3.91462889076238,-4.23997106817477,16.544795167923,4.21868085873965,0.130523294858821,2.17892780272493,0.0688870680783358
-262.738954426078,-279.004996146618,3.90587214334637,-3.9615654499192,16.3558265094757,4.21868085873965,0.130523294858821,2.17892780272493,0.0688870680783358
-262.732961902407,-278.946632176582,3.89987961967453,-3.93352110315594,16.3558265094757,4.21868085873965,0.130523294858821,2.17892780272493,0.0688870680783358
-262.72814767533,-278.888456665022,3.8950653925976,-4.05518080966464,16.3558265094757,4.21868085873965,0.130523294858821,2.17892780272493,0.0688870680783358
-262.71096723588,-278.830884939483,3.87788495314767,-4.56068399308999,16.3558265094757,4.21868085873965,0.130523294858821,2.17892780272493,0.0688870680783358
-262.703908434996,-278.774758389918,3.87082615226375,-4.2646274020929,16.1197883014679,4.21868085873965,0.130523294858821,2.17892780272493,0.0688870680783358
-262.70575516789,-278.718504388068,3.87267288515797,-3.91220395327481,16.1197883014679,4.21868085873965,0.130523294858821,2.17892780272493,0.0688870680783358
-262.689253424933,-278.66377435765,3.85617114220149,-4.18366539246517,16.1197883014679,4.21868085873965,0.130523294858821,2.17892780272493,0.0688870680783358
-262.687377892131,-278.6097241143,3.85429560939915,-4.27362257091702,15.9070207004547,4.21868085873965,0.130523294858821,2.17892780272493,0.0688870680783358
-262.680511279746,-278.555672780679,3.84742899701418,-4.40046926443846,15.9070207004547,4.21868085873965,0.130523294858821,2.17892780272493,0.0688870680783358
-262.677221052104,-278.502562985353,3.84413876937212,-4.1191883241153,15.9070207004547,4.21868085873965,0.130523294858821,2.17892780272493,0.0688870680783358
-262.655054200244,-278.449915190471,3.82197191751166,-4.25099300377407,15.7193223361969,4.21868085873965,0.130523294858821,2.17892780272493,0.0688870680783358
-262.658144371066,-278.398172579356,3.82506208833366,-4.34728708622222,15.7193223361969,4.21868085873965,0.130523294858821,2.17892780272493,0.0688870680783358
-262.637999114582,-278.346325471871,3.80491683185052,-4.36171785414067,15.7193223361969,4.21868085873965,0.130523294858821,2.17892780272493,0.0688870680783358
-262.637257711455,-278.295168703106,3.80417542872341,-4.47832441683015,15.7193223361969,4.21868085873965,0.130523294858821,2.17892780272493,0.0688870680783358
-262.626601407605,-278.244110363183,3.79351912487252,-3.85722675839062,15.5300427799225,4.21868085873965,0.130523294858821,2.17892780272493,0.0688870680783358
-262.614835289417,-278.193623690825,3.7817530066846,-4.37707160223102,15.5300427799225,4.21868085873965,0.130523294858821,2.17892780272493,0.0688870680783358
-262.602525610522,-278.142958525819,3.76944332778983,-4.55477539735222,15.5300427799225,4.21868085873965,0.130523294858821,2.17892780272493,0.0688870680783358
-262.598392988107,-278.0929068385,3.76531070537522,-4.13401550397316,15.4094487552643,4.21868085873965,0.130523294858821,2.17892780272493,0.0688870680783358
-262.59959383068,-278.042295195526,3.76651154794838,-3.86682479500034,15.4094487552643,4.21868085873965,0.130523294858821,2.17892780272493,0.0688870680783358
-262.589528522873,-277.992343323382,3.75644624014093,-4.10522535838846,15.4094487552643,4.21868085873965,0.130523294858821,2.17892780272493,0.0688870680783358
-262.566231705621,-277.941830872483,3.73314942288883,-3.85631738521192,15.2905560855865,4.21868085873965,0.130523294858821,2.17892780272493,0.0688870680783358
-262.574790441063,-277.891757515212,3.74170815833091,-3.69957282852797,15.2905560855865,4.21868085873965,0.130523294858821,2.17892780272493,0.0688870680783358
-262.556782510508,-277.841038653858,3.72370022777624,-3.86660469357428,15.2905560855865,4.21868085873965,0.130523294858821,2.17892780272493,0.0688870680783358
-262.562578755432,-277.790007650088,3.7294964726996,-3.99121333660663,15.1270638828278,4.21868085873965,0.130523294858821,2.17892780272493,0.0688870680783358
-262.556214234342,-277.738791886112,3.72313195160973,-3.89853214861559,15.1270638828278,4.21868085873965,0.130523294858821,2.17892780272493,0.0688870680783358
-262.543728563771,-277.687007275078,3.71064628103884,-3.55250265357707,15.1270638828278,4.21868085873965,0.130523294858821,2.17892780272493,0.0688870680783358
-262.543121748018,-277.635256458643,3.71003946528642,-3.64054765543363,15.1270638828278,4.21868085873965,0.130523294858821,2.17892780272493,0.0688870680783358
-262.531742115138,-277.582999805006,3.69865983240636,-3.48924578856313,14.9871579532623,4.21868085873965,0.130523294858821,2.17892780272493,0.0688870680783358
-262.519637467802,-277.529903894065,3.68655518506972,-3.27280110758428,14.9871579532623,4.21868085873965,0.130523294858821,2.17892780272493,0.0688870680783358
-262.516891071346,-277.476189853717,3.68380878861418,-3.40434652597375,14.9871579532623,4.21868085873965,0.130523294858821,2.17892780272493,0.0688870680783358
-262.516795479908,-277.421944026207,3.68371319717559,-3.06518251096156,14.8473512058258,4.21868085873965,0.130523294858821,2.17892780272493,0.0688870680783358
-262.505033974754,-277.367196685507,3.67195169202156,-3.30353479323432,14.8473512058258,4.21868085873965,0.130523294858821,2.17892780272493,0.0688870680783358
-262.506204653225,-277.311398465752,3.67312237049322,-3.39718394293044,14.8473512058258,4.21868085873965,0.130523294858821,2.17892780272493,0.0688870680783358
-262.499219033797,-277.255267613486,3.66613675106514,-4.05217150751973,14.8473512058258,4.21868085873965,0.130523294858821,2.17892780272493,0.0688870680783358
-262.473075082754,-277.198120999333,3.6399928000217,-3.54051367639721,14.7062150363922,4.21868085873965,0.130523294858821,2.17892780272493,0.0688870680783358
-262.493652366348,-277.139241646323,3.66057008361587,-3.19814303346531,14.7062150363922,4.21868085873965,0.130523294858821,2.17892780272493,0.0688870680783358
-262.47732866253,-277.080560936021,3.6442463797981,-3.31861153492027,14.7062150363922,4.21868085873965,0.130523294858821,2.17892780272493,0.0688870680783358
-262.473179650423,-277.02162922972,3.64009736769089,-2.39014540537018,14.5651513462067,4.21868085873965,0.130523294858821,2.17892780272493,0.0688870680783358
-262.468454881513,-276.961115763433,3.63537259878061,-2.90230538744198,14.5651513462067,4.21868085873965,0.130523294858821,2.17892780272493,0.0688870680783358
-262.467891354955,-276.899380529475,3.63480907222308,-3.37073896508082,14.5651513462067,4.21868085873965,0.130523294858821,2.17892780272493,0.0688870680783358
-262.455293399203,-276.836864086377,3.62221111647087,-2.81019776381781,14.4689256076813,4.21868085873965,0.130523294858821,2.17892780272493,0.0688870680783358
-262.453009872417,-276.773567255684,3.61992758968493,-3.18430066460908,14.4689256076813,4.21868085873965,0.130523294858821,2.17892780272493,0.0688870680783358
-262.447376164885,-276.709372187901,3.61429388215334,-3.00044024338314,14.4689256076813,4.21868085873965,0.130523294858821,2.17892780272493,0.0688870680783358
-262.434500252407,-276.644425168713,3.60141796967528,-2.36071746748345,14.3280145053864,4.21868085873965,0.130523294858821,2.17892780272493,0.0688870680783358
-262.437352807106,-276.578130928339,3.60427052437423,-2.42758959246624,14.3280145053864,4.21868085873965,0.130523294858821,2.17892780272493,0.0688870680783358
-262.434525542932,-276.511105463816,3.60144326020007,-3.00877935613351,14.3280145053864,4.21868085873965,0.130523294858821,2.17892780272493,0.0688870680783358
-262.423752975124,-276.442820789727,3.59067069239172,-3.06552469019747,14.3280145053864,4.21868085873965,0.130523294858821,2.17892780272493,0.0688870680783358
-262.429767059581,-276.37411280637,3.59668477684932,-3.2689137678348,14.1637441043854,4.21868085873965,0.130523294858821,2.17892780272493,0.0688870680783358
-262.409730648473,-276.304551595542,3.57664836574134,-3.18992091334531,14.1637441043854,4.21868085873965,0.130523294858821,2.17892780272493,0.0688870680783358
-262.407239736973,-276.234221946227,3.57415745424094,-3.23373940436624,14.1637441043854,4.21868085873965,0.130523294858821,2.17892780272493,0.0688870680783358
-262.404065753345,-276.162567803286,3.57098347061263,-3.26719562102513,13.9509774570465,4.21868085873965,0.130523294858821,2.17892780272493,0.0688870680783358
-262.400431271949,-276.090978849175,3.56734898921723,-3.0003948252115,13.9509774570465,4.21868085873965,0.130523294858821,2.17892780272493,0.0688870680783358
-262.391334928469,-276.018580667897,3.55825264573678,-3.75986715570198,13.9509774570465,4.21868085873965,0.130523294858821,2.17892780272493,0.0688870680783358
-262.394234292835,-275.945433672806,3.56115201010337,-3.76330387303441,13.9509774570465,4.21868085873965,0.130523294858821,2.17892780272493,0.0688870680783358
-262.378402458857,-275.871383968729,3.54532017612469,-3.85102355442997,13.7633420352936,4.21868085873965,0.130523294858821,2.17892780272493,0.0688870680783358
-262.376801195296,-275.797369266531,3.54371891256428,-3.5554678849766,13.7633420352936,4.21868085873965,0.130523294858821,2.17892780272493,0.0688870680783358
-262.368532234871,-275.722783175979,3.53544995213861,-3.88859644366736,13.7633420352936,4.21868085873965,0.130523294858821,2.17892780272493,0.0688870680783358
-262.356320283936,-275.64779769641,3.5232380012043,-3.81153536817373,13.553508890152,4.21868085873965,0.130523294858821,2.17892780272493,0.0688870680783358
-262.351593432962,-275.572510979839,3.51851115023027,-4.23055117978587,13.553508890152,4.21868085873965,0.130523294858821,2.17892780272493,0.0688870680783358
-262.353020189447,-275.497044355545,3.51993790671512,-4.14922819407089,13.553508890152,4.21868085873965,0.130523294858821,2.17892780272493,0.0688870680783358
-262.327921336911,-275.421766729012,3.49483905417913,-4.14882911242864,13.3649922733307,4.21868085873965,0.130523294858821,2.17892780272493,0.0688870680783358
-262.32586803765,-275.346682245922,3.49278575491835,-4.45699786867855,13.3649922733307,4.21868085873965,0.130523294858821,2.17892780272493,0.0688870680783358
-262.32644791511,-275.271430603728,3.49336563237795,-4.53678261505087,13.3649922733307,4.21868085873965,0.130523294858821,2.17892780272493,0.0688870680783358
-262.309664400983,-275.196276574001,3.47658211825147,-4.73295775988095,13.3649922733307,4.21868085873965,0.130523294858821,2.17892780272493,0.0688870680783358
-262.291160009164,-275.121674256949,3.4580777264317,-4.90354165521116,13.1045724277496,4.21868085873965,0.130523294858821,2.17892780272493,0.0688870680783358
-262.273923756932,-275.047305683381,3.44084147419976,-5.03138909637268,13.1045724277496,4.21868085873965,0.130523294858821,2.17892780272493,0.0688870680783358
-262.282103246705,-274.973944221476,3.44902096397276,-4.95386093320651,13.1045724277496,4.21868085873965,0.130523294858821,2.17892780272493,0.0688870680783358
-262.270845365648,-274.901042811546,3.4377630829156,-4.78235106902801,12.9144307498932,4.21868085873965,0.130523294858821,2.17892780272493,0.0688870680783358
-262.256763414413,-274.82823704267,3.42368113168146,-5.25782547599077,12.9144307498932,4.21868085873965,0.130523294858821,2.17892780272493,0.0688870680783358
-262.250190983815,-274.757212174605,3.41710870108297,-5.97852578480711,12.9144307498932,4.21868085873965,0.130523294858821,2.17892780272493,0.0688870680783358
-262.241833543873,-274.685759000678,3.40875126114099,-5.68215256713272,12.6781407718658,4.21868085873965,0.130523294858821,2.17892780272493,0.0688870680783358
-262.232986883257,-274.617631201607,3.39990460052464,-5.1843497990802,12.6781407718658,4.21868085873965,0.130523294858821,2.17892780272493,0.0688870680783358
-262.227056464529,-274.549319527493,3.39397418179699,-5.33450702473297,12.6781407718658,4.21868085873965,0.130523294858821,2.17892780272493,0.0688870680783358
-262.209043190289,-274.483085362985,3.3759609075566,-5.56247363612714,12.4422055606842,4.21868085873965,0.130523294858821,2.17892780272493,0.0688870680783358
-262.213638861867,-274.417690494649,3.38055657913544,-5.36129792850273,12.4422055606842,4.21868085873965,0.130523294858821,2.17892780272493,0.0688870680783358
-262.182919924351,-274.353989002002,3.34983764161945,-5.96282007042251,12.4422055606842,4.21868085873965,0.130523294858821,2.17892780272493,0.0688870680783358
-262.182716225012,-274.293383940464,3.34963394227983,-6.35417414317909,12.4422055606842,4.21868085873965,0.130523294858821,2.17892780272493,0.0688870680783358
-262.179261094159,-274.23413250767,3.3461788114274,-5.93272381776083,12.1803532962799,4.21868085873965,0.130523294858821,2.17892780272493,0.0688870680783358
-262.159474201351,-274.176194958131,3.32639191861889,-5.73527191679462,12.1803532962799,4.21868085873965,0.130523294858821,2.17892780272493,0.0688870680783358
-262.150113474348,-274.121271632105,3.31703119161586,-6.22067226773764,12.1803532962799,4.21868085873965,0.130523294858821,2.17892780272493,0.0688870680783358
-262.130378148832,-274.068039677067,3.29729586609973,-6.3406123837279,11.9445268039703,4.21868085873965,0.130523294858821,2.17892780272493,0.0688870680783358
-262.116427109938,-274.01755774229,3.28334482720571,-6.06530438411784,11.9445268039703,4.21868085873965,0.130523294858821,2.17892780272493,0.0688870680783358
-262.121648624995,-273.969515946456,3.28856634226293,-5.75163323778213,11.9445268039703,4.21868085873965,0.130523294858821,2.17892780272493,0.0688870680783358
-262.108896977187,-273.924387200361,3.27581469445476,-6.03526391739795,11.7098447208405,4.21868085873965,0.130523294858821,2.17892780272493,0.0688870680783358
-262.098400019312,-273.881807278623,3.26531773658018,-6.02008432648706,11.7098447208405,4.21868085873965,0.130523294858821,2.17892780272493,0.0688870680783358
-262.083249472632,-273.842049542859,3.25016718989951,-6.10046069995601,11.7098447208405,4.21868085873965,0.130523294858821,2.17892780272493,0.0688870680783358
-262.067990591622,-273.805710325141,3.23490830889023,-6.01131323766687,11.7098447208405,4.21868085873965,0.130523294858821,2.17892780272493,0.0688870680783358
-262.052508034379,-273.772970097783,3.21942575164691,-5.69800646285541,11.5444947605133,4.21868085873965,0.130523294858821,2.17892780272493,0.0688870680783358
-262.044279366393,-273.742948338286,3.21119708366074,-5.49522791543658,11.5444947605133,4.21868085873965,0.130523294858821,2.17892780272493,0.0688870680783358
-262.030008538316,-273.716549041338,3.19692625558388,-5.19635409858888,11.5444947605133,4.21868085873965,0.130523294858821,2.17892780272493,0.0688870680783358
-262.026348752935,-273.693398740766,3.19326647020296,-4.14106990479856,11.3812409763336,4.21868085873965,0.130523294858821,2.17892780272493,0.0688870680783358
-262.016006414944,-273.673792130315,3.18292413221166,-5.33058259995392,11.3812409763336,4.21868085873965,0.130523294858821,2.17892780272493,0.0688870680783358
-262.012151346737,-273.658280999486,3.17906906400484,-5.76763917115705,11.3812409763336,4.21868085873965,0.130523294858821,2.17892780272493,0.0688870680783358
-262.003789638584,-273.64641976126,3.17070735585245,-5.1861030760767,11.2875577335358,4.21868085873965,0.130523294858821,2.17892780272493,0.0688870680783358
-261.985821741509,-273.638342681236,3.15273945877692,-4.8178180336172,11.2875577335358,4.21868085873965,0.130523294858821,2.17892780272493,0.0688870680783358
-261.981955986367,-273.634240619233,3.14887370363509,-4.23454087497619,11.2875577335358,4.21868085873965,0.130523294858821,2.17892780272493,0.0688870680783358
-261.977633258205,-273.63419184427,3.14455097547311,-3.68228049697273,11.2875577335358,4.21868085873965,0.130523294858821,2.17892780272493,0.0688870680783358
-261.953040758239,-273.63822182861,3.11995847550661,-3.39636049455596,11.3340779666901,4.21868085873965,0.130523294858821,2.17892780272493,0.0688870680783358
-261.955382812457,-273.646515308895,3.12230052972523,-3.46396222379722,11.3340779666901,4.21868085873965,0.130523294858821,2.17892780272493,0.0688870680783358
-261.952781233356,-273.658883247752,3.11969895062364,-3.60360390838432,11.3340779666901,4.21868085873965,0.130523294858821,2.17892780272493,0.0688870680783358
-261.951578920165,-273.675640580953,3.11849663743341,-2.90484796440594,11.3800965671539,4.21868085873965,0.130523294858821,2.17892780272493,0.0688870680783358
-261.93765290533,-273.696614281701,3.10457062259795,-2.48767279898451,11.3800965671539,4.21868085873965,0.130523294858821,2.17892780272493,0.0688870680783358
-261.929518000796,-273.722028860839,3.09643571806434,-2.37849163404647,11.3800965671539,4.21868085873965,0.130523294858821,2.17892780272493,0.0688870680783358
-261.931600149093,-273.751944467886,3.09851786636128,-1.68422203090234,11.5443478946686,4.21868085873965,0.130523294858821,2.17892780272493,0.0688870680783358
-261.934051984425,-273.786171974113,3.10096970169332,-0.506906381047531,11.5443478946686,4.21868085873965,0.130523294858821,2.17892780272493,0.0688870680783358
-261.933177899401,-273.824751019322,3.10009561666946,0.13472357535271,11.5443478946686,4.21868085873965,0.130523294858821,2.17892780272493,0.0688870680783358
-261.928687948467,-273.867605199625,3.09560566573497,0.489492968467399,11.5443478946686,4.21868085873965,0.130523294858821,2.17892780272493,0.0688870680783358
-261.927130152938,-273.91523826596,3.09404787020623,-0.141536389683913,11.7544328098297,4.21868085873965,0.130523294858821,2.17892780272493,0.0688870680783358
-261.921898427457,-273.967333805134,3.08881614472478,-0.201811747537653,11.7544328098297,4.21868085873965,0.130523294858821,2.17892780272493,0.0688870680783358
-261.943746615777,-274.023355574094,3.11066433304547,1.88165951519519,11.7544328098297,4.21868085873965,0.130523294858821,2.17892780272493,0.0688870680783358
-261.941168100431,-274.084855811917,3.10808581769867,3.15355858075786,12.0368157749176,4.21868085873965,0.130523294858821,2.17892780272493,0.0688870680783358
-261.943643615728,-274.149761059366,3.1105613329962,3.71362755071166,12.0368157749176,4.21868085873965,0.130523294858821,2.17892780272493,0.0688870680783358
-261.953659007794,-274.219024844319,3.12057672506166,4.20624013237074,12.0368157749176,4.21868085873965,0.130523294858821,2.17892780272493,0.0688870680783358
-261.953214235229,-274.293067551242,3.12013195249716,5.18895439762301,12.2947083835602,4.21868085873965,0.130523294858821,2.17892780272493,0.0688870680783358
-261.974827520482,-274.371274564955,3.14174523774963,6.13699782211368,12.2947083835602,4.21868085873965,0.130523294858821,2.17892780272493,0.0688870680783358
-261.98603852277,-274.453962700794,3.15295624003814,6.92649086253296,12.2947083835602,4.21868085873965,0.130523294858821,2.17892780272493,0.0688870680783358
-261.992254315231,-274.539946189632,3.15917203249944,7.25419856731174,12.2947083835602,4.21868085873965,0.130523294858821,2.17892780272493,0.0688870680783358
-261.995947538615,-274.630521597263,3.16286525588305,5.73100361524048,12.5335275058746,4.21868085873965,0.130523294858821,2.17892780272493,0.0688870680783358
-262.008827545017,-274.725442872484,3.17574526228487,5.18019471543946,12.5335275058746,4.21868085873965,0.130523294858821,2.17892780272493,0.0688870680783358
-262.030236543532,-274.823984549264,3.19715426080003,5.53894583901305,12.5335275058746,4.21868085873965,0.130523294858821,2.17892780272493,0.0688870680783358
-262.037223151648,-274.927233136918,3.20414086891602,5.53069169243706,12.7259732608795,4.21868085873965,0.130523294858821,2.17892780272493,0.0688870680783358
-262.049016174813,-275.032497271929,3.2159338920808,5.58597017714509,12.7259732608795,4.21868085873965,0.130523294858821,2.17892780272493,0.0688870680783358
-262.05821574085,-275.140899828762,3.22513345811837,5.42733256110229,12.7259732608795,4.21868085873965,0.130523294858821,2.17892780272493,0.0688870680783358
-262.069087518068,-275.253890913376,3.2360052353359,5.09948942854086,12.8966943149567,4.21868085873965,0.130523294858821,2.17892780272493,0.0688870680783358
-262.085958773159,-275.371146325426,3.25287649042738,4.8122700118298,12.8966943149567,4.21868085873965,0.130523294858821,2.17892780272493,0.0688870680783358
-262.077488368998,-275.490677088091,3.24440608626558,4.83429056176511,12.8966943149567,4.21868085873965,0.130523294858821,2.17892780272493,0.0688870680783358
-262.088884125255,-275.613308363304,3.25580184252289,5.06582848421985,12.8966943149567,4.21868085873965,0.130523294858821,2.17892780272493,0.0688870680783358
-262.099103540246,-275.738599533032,3.26602125751441,4.92116313955939,13.1339322452545,4.21868085873965,0.130523294858821,2.17892780272493,0.0688870680783358
-262.126100361923,-275.867037949932,3.29301807919091,4.82246984782475,13.1339322452545,4.21868085873965,0.130523294858821,2.17892780272493,0.0688870680783358
-262.114906469137,-275.997896866865,3.2818241864051,4.73102089784138,13.1339322452545,4.21868085873965,0.130523294858821,2.17892780272493,0.0688870680783358
-262.116832277209,-276.132102282966,3.28374999447745,4.39915907852379,13.4196301822662,4.21868085873965,0.130523294858821,2.17892780272493,0.0688870680783358
-262.129474600128,-276.267659078497,3.29639231739637,4.55883120950502,13.4196301822662,4.21868085873965,0.130523294858821,2.17892780272493,0.0688870680783358
-262.141045199042,-276.405849252019,3.3079629163103,5.21445376243026,13.4196301822662,4.21868085873965,0.130523294858821,2.17892780272493,0.0688870680783358
-262.154812793822,-276.546880170504,3.32173051108953,5.07418158727932,13.8379842166901,4.21868085873965,0.130523294858821,2.17892780272493,0.0688870680783358
-262.145407122007,-276.68912871935,3.31232483927463,5.10911568531173,13.8379842166901,4.21868085873965,0.130523294858821,2.17892780272493,0.0688870680783358
-262.170807692497,-276.834740253481,3.33772540976496,5.76857414965979,13.8379842166901,4.21868085873965,0.130523294858821,2.17892780272493,0.0688870680783358
-262.164501073441,-276.979547228909,3.33141879070881,6.93381224511988,13.8379842166901,4.21868085873965,0.130523294858821,2.17892780272493,0.0688870680783358
-262.191793796024,-277.124883216706,3.35871151329209,7.40187400955785,14.3771478061676,4.21868085873965,0.130523294858821,2.17892780272493,0.0688870680783358
-262.190975043567,-277.273326783053,3.35789276083459,7.68455467643421,14.3771478061676,4.21868085873965,0.130523294858821,2.17892780272493,0.0688870680783358
-262.211406959682,-277.419966307108,3.37832467694998,7.96663680273312,14.3771478061676,4.21868085873965,0.130523294858821,2.17892780272493,0.0688870680783358
-262.23128075182,-277.570828191438,3.39819846908762,7.77863558745075,14.8920861606598,4.21868085873965,0.130523294858821,2.17892780272493,0.0688870680783358
-262.250445233561,-277.720460630035,3.41736295082895,8.1095961966896,14.8920861606598,4.21868085873965,0.130523294858821,2.17892780272493,0.0688870680783358
-262.262194124675,-277.871119143422,3.42911184194283,9.0272523344253,14.8920861606598,4.21868085873965,0.130523294858821,2.17892780272493,0.0688870680783358
-262.273170279918,-278.020819496594,3.44008799718598,8.94229056357325,14.8920861606598,4.21868085873965,0.130523294858821,2.17892780272493,0.0688870680783358
-262.2930393202,-278.172283305188,3.45995703746832,10.0986922479158,15.4572793369293,4.21868085873965,0.130523294858821,2.17892780272493,0.0688870680783358
-262.311112339055,-278.32264251442,3.47803005632269,11.4051643683547,15.4572793369293,4.21868085873965,0.130523294858821,2.17892780272493,0.0688870680783358
-262.351578686663,-278.472928807094,3.51849640393098,10.7541911771748,15.4572793369293,4.21868085873965,0.130523294858821,2.17892780272493,0.0688870680783358
-262.365126516593,-278.622237806529,3.53204423386105,10.5921111427858,16.0008221988678,4.21868085873965,0.130523294858821,2.17892780272493,0.0688870680783358
-262.377610413488,-278.771645202193,3.54452813075568,11.4904990341056,16.0008221988678,4.21868085873965,0.130523294858821,2.17892780272493,0.0688870680783358
-262.391075843263,-278.919488846112,3.55799356053088,12.0971674140145,16.0008221988678,4.21868085873965,0.130523294858821,2.17892780272493,0.0688870680783358
-262.422519863803,-279.066573988215,3.58943758107139,12.1703413376685,16.5203467731476,4.21868085873965,0.130523294858821,2.17892780272493,0.0688870680783358
-262.455359897227,-279.212518240751,3.62227761449491,12.1097049098968,16.5203467731476,4.21868085873965,0.130523294858821,2.17892780272493,0.0688870680783358
-262.468617271302,-279.356451706686,3.63553498856989,12.1333538887536,16.5203467731476,4.21868085873965,0.130523294858821,2.17892780272493,0.0688870680783358
-262.496787542018,-279.498923630772,3.66370525928578,11.6211057211092,17.0643683795929,4.21868085873965,0.130523294858821,2.17892780272493,0.0688870680783358
-262.519269193237,-279.639535974105,3.68618691050504,12.204984339338,17.0643683795929,4.21868085873965,0.130523294858821,2.17892780272493,0.0688870680783358
-262.544824920819,-279.779414914258,3.71174263808682,13.0172855885406,17.0643683795929,4.21868085873965,0.130523294858821,2.17892780272493,0.0688870680783358
-262.551802508356,-279.915684777095,3.71872022562353,11.764272502676,17.0643683795929,4.21868085873965,0.130523294858821,2.17892780272493,0.0688870680783358
-262.584720552953,-280.049378031798,3.75163827022085,11.0861449703381,17.5608207111359,4.21868085873965,0.130523294858821,2.17892780272493,0.0688870680783358
-262.616457155651,-280.181423432063,3.78337487291874,11.1973696913286,17.5608207111359,4.21868085873965,0.130523294858821,2.17892780272493,0.0688870680783358
-262.615890915465,-280.310414275445,3.78280863273295,12.1770137402619,17.5608207111359,4.21868085873965,0.130523294858821,2.17892780272493,0.0688870680783358
-262.646359350841,-280.437327208815,3.81327706810858,10.7613120619517,18.0564109210968,4.21868085873965,0.130523294858821,2.17892780272493,0.0688870680783358
-262.663774120613,-280.559817830964,3.83069183788104,9.93487730273055,18.0564109210968,4.21868085873965,0.130523294858821,2.17892780272493,0.0688870680783358
-262.680728107486,-280.679483706823,3.84764582475394,11.2892647873563,18.0564109210968,4.21868085873965,0.130523294858821,2.17892780272493,0.0688870680783358
-262.707648003781,-280.79628671526,3.87456572104933,11.5687149306919,18.458125246048,4.21868085873965,0.130523294858821,2.17892780272493,0.0688870680783358
-262.720667903582,-280.910153479746,3.88758562085018,10.3584242721523,18.458125246048,4.21868085873965,0.130523294858821,2.17892780272493,0.0688870680783358
-262.74536324257,-281.021456977078,3.91228095983842,10.2580477850488,18.458125246048,4.21868085873965,0.130523294858821,2.17892780272493,0.0688870680783358
-262.766986961425,-281.128054116507,3.93390467869342,10.5864393855191,18.458125246048,4.21868085873965,0.130523294858821,2.17892780272493,0.0688870680783358
-262.776444037319,-281.23028437325,3.94336175458682,10.0405518043484,18.8354026203156,4.21868085873965,0.130523294858821,2.17892780272493,0.0688870680783358
-262.795319933014,-281.328935764332,3.96223765028209,9.54157269378185,18.8354026203156,4.21868085873965,0.130523294858821,2.17892780272493,0.0688870680783358
-262.817619060883,-281.424620795702,3.98453677815108,9.64764008150471,18.8354026203156,4.21868085873965,0.130523294858821,2.17892780272493,0.0688870680783358
-262.837582312417,-281.515426350775,4.00450002968516,9.3330407474389,19.1885444049835,4.21868085873965,0.130523294858821,2.17892780272493,0.0688870680783358
-262.857489315994,-281.603059175627,4.02440703326162,9.12496487800413,19.1885444049835,4.21868085873965,0.130523294858821,2.17892780272493,0.0688870680783358
-262.878673121642,-281.686968732121,4.04559083891048,8.15605844705117,19.1885444049835,4.21868085873965,0.130523294858821,2.17892780272493,0.0688870680783358
-262.890929466056,-281.765280519569,4.05784718332419,8.50846579007842,19.47363580513,4.21868085873965,0.130523294858821,2.17892780272493,0.0688870680783358
-262.918994545171,-281.840581007663,4.08591226243893,8.02842390869963,19.47363580513,4.21868085873965,0.130523294858821,2.17892780272493,0.0688870680783358
-262.92706345259,-281.9108465663,4.0939811698581,8.46323714181803,19.47363580513,4.21868085873965,0.130523294858821,2.17892780272493,0.0688870680783358
-262.939409509875,-281.977442095673,4.10632722714349,8.59752461230242,19.47363580513,4.21868085873965,0.130523294858821,2.17892780272493,0.0688870680783358
-262.944281077679,-282.038814458392,4.11119879494742,7.78124463531173,19.7336264972687,4.21868085873965,0.130523294858821,2.17892780272493,0.0688870680783358
-262.972555146708,-282.096014543989,4.13947286397554,7.42221728486118,19.7336264972687,4.21868085873965,0.130523294858821,2.17892780272493,0.0688870680783358
-262.97583643316,-282.148814025266,4.14275415042753,7.28489878407483,19.7336264972687,4.21868085873965,0.130523294858821,2.17892780272493,0.0688870680783358
-262.991323040118,-282.198205830131,4.15824075738613,6.30758372186908,19.8993140583038,4.21868085873965,0.130523294858821,2.17892780272493,0.0688870680783358
-263.00402594672,-282.241496568608,4.17094366398835,5.63594415410746,19.8993140583038,4.21868085873965,0.130523294858821,2.17892780272493,0.0688870680783358
-263.015321680431,-282.280934151198,4.18223939769935,5.9345926064981,19.8993140583038,4.21868085873965,0.130523294858821,2.17892780272493,0.0688870680783358
-263.0348324781,-282.316098806083,4.20175019536812,5.32946207567093,19.9691764240265,4.21868085873965,0.130523294858821,2.17892780272493,0.0688870680783358
-263.029355675676,-282.346942209085,4.1962733929442,4.97926996915794,19.9691764240265,4.21868085873965,0.130523294858821,2.17892780272493,0.0688870680783358
-263.052392633998,-282.373228735002,4.21931035126577,5.20106959040025,19.9691764240265,4.21868085873965,0.130523294858821,2.17892780272493,0.0688870680783358
-263.063269468454,-282.395244867311,4.23018718572182,5.49488068313946,19.9691764240265,4.21868085873965,0.130523294858821,2.17892780272493,0.0688870680783358
-263.0556532546,-282.412665023412,4.22257097186796,4.21857676571877,19.9486266498566,4.21868085873965,0.130523294858821,2.17892780272493,0.0688870680783358
-263.081865990351,-282.426068226938,4.24878370761861,3.26447691021906,19.9486266498566,4.21868085873965,0.130523294858821,2.17892780272493,0.0688870680783358
-263.084045903303,-282.435131629201,4.25096362057092,2.97121056453277,19.9486266498566,4.21868085873965,0.130523294858821,2.17892780272493,0.0688870680783358
-263.083398669964,-282.44006449242,4.250316387232,2.75752167428723,19.8064643268585,4.21868085873965,0.130523294858821,2.17892780272493,0.0688870680783358
-263.095906190094,-282.44086257692,4.26282390736205,1.9233693143937,19.8064643268585,4.21868085873965,0.130523294858821,2.17892780272493,0.0688870680783358
-263.08677750652,-282.437620249165,4.25369522378771,0.67802122767866,19.8064643268585,4.21868085873965,0.130523294858821,2.17892780272493,0.0688870680783358
-263.089347204705,-282.430311626237,4.25626492197312,0.227623610495001,19.5004874591827,4.21868085873965,0.130523294858821,2.17892780272493,0.0688870680783358
-263.097466532365,-282.419228058819,4.26438424963327,-0.216191747871433,19.5004874591827,4.21868085873965,0.130523294858821,2.17892780272493,0.0688870680783358
-263.086949911554,-282.404368966385,4.25386762882235,-0.355841712859373,19.5004874591827,4.21868085873965,0.130523294858821,2.17892780272493,0.0688870680783358
-263.091377844286,-282.385593504799,4.25829556155377,-0.96445081341213,19.5004874591827,4.21868085873965,0.130523294858821,2.17892780272493,0.0688870680783358
-263.087757041328,-282.363444514277,4.25467475859581,-2.27074773964895,19.1020881061554,4.21868085873965,0.130523294858821,2.17892780272493,0.0688870680783358
-263.087803647792,-282.337561770478,4.25472136506044,-4.24485334109539,19.1020881061554,4.21868085873965,0.130523294858821,2.17892780272493,0.0688870680783358
-263.062624904323,-282.308508112209,4.22954262159053,-4.77532047692179,19.1020881061554,4.21868085873965,0.130523294858821,2.17892780272493,0.0688870680783358
-263.059228641057,-282.275692512945,4.2261463583248,-4.97301705158693,18.7499419574738,4.21868085873965,0.130523294858821,2.17892780272493,0.0688870680783358
-263.042722361995,-282.240206773363,4.20964007926333,-5.38289944573706,18.7499419574738,4.21868085873965,0.130523294858821,2.17892780272493,0.0688870680783358
-263.043618826531,-282.201205460868,4.21053654379916,-5.57880037981221,18.7499419574738,4.21868085873965,0.130523294858821,2.17892780272493,0.0688870680783358
-263.02339132766,-282.159438960471,4.19030904492779,-6.37168055439644,18.5125037555695,4.21868085873965,0.130523294858821,2.17892780272493,0.0688870680783358
-263.019018740377,-282.114415478566,4.18593645764531,-6.6781236438318,18.5125037555695,4.21868085873965,0.130523294858821,2.17892780272493,0.0688870680783358
-263.023918065118,-282.067498574149,4.19083578238583,-6.20482802684718,18.5125037555695,4.21868085873965,0.130523294858821,2.17892780272493,0.0688870680783358
-263.003223805242,-282.017370818229,4.17014152251022,-4.98223197661745,18.5125037555695,4.21868085873965,0.130523294858821,2.17892780272493,0.0688870680783358
-262.997180805805,-281.965098352956,4.16409852307281,-5.06549587573867,18.3908378009796,4.21868085873965,0.130523294858821,2.17892780272493,0.0688870680783358
-262.978948512744,-281.910307757997,4.14586623001245,-4.88730166055448,18.3908378009796,4.21868085873965,0.130523294858821,2.17892780272493,0.0688870680783358
-262.972189487848,-281.853333998334,4.13910720511551,-4.22967700752619,18.3908378009796,4.21868085873965,0.130523294858821,2.17892780272493,0.0688870680783358
-262.960556214047,-281.793493711604,4.12747393131546,-4.16009714530971,18.3386145954132,4.21868085873965,0.130523294858821,2.17892780272493,0.0688870680783358
-262.948352430679,-281.732884061041,4.1152701479466,-4.19605329728831,18.3386145954132,4.21868085873965,0.130523294858821,2.17892780272493,0.0688870680783358
-262.951025818449,-281.670088355409,4.11794353571698,-4.33290624327475,18.3386145954132,4.21868085873965,0.130523294858821,2.17892780272493,0.0688870680783358
-262.931926254035,-281.60549314594,4.09884397130289,-3.32320945602234,18.3118926410675,4.21868085873965,0.130523294858821,2.17892780272493,0.0688870680783358
-262.930361670687,-281.539459872455,4.09727938795518,-3.06794522744009,18.3118926410675,4.21868085873965,0.130523294858821,2.17892780272493,0.0688870680783358
-262.92891003149,-281.471784128913,4.09582774875816,-3.22024381851792,18.3118926410675,4.21868085873965,0.130523294858821,2.17892780272493,0.0688870680783358
-262.935371228201,-281.402383220489,4.10228894546905,-2.95927314406054,18.3118926410675,4.21868085873965,0.130523294858821,2.17892780272493,0.0688870680783358
-262.921839180698,-281.332383775737,4.08875689796556,-2.02898259613328,18.3558951740265,4.21868085873965,0.130523294858821,2.17892780272493,0.0688870680783358
-262.911021460563,-281.26120481444,4.07793917783111,-1.71171552995803,18.3558951740265,4.21868085873965,0.130523294858821,2.17892780272493,0.0688870680783358
-262.912084071048,-281.18962166972,4.07900178831627,-1.49697286526429,18.3558951740265,4.21868085873965,0.130523294858821,2.17892780272493,0.0688870680783358
-262.915674338166,-281.116279031539,4.08259205543349,-0.917519826700732,18.2378493671417,4.21868085873965,0.130523294858821,2.17892780272493,0.0688870680783358
-262.912531779422,-281.043179841342,4.07944949669031,-0.584437500676117,18.2378493671417,4.21868085873965,0.130523294858821,2.17892780272493,0.0688870680783358
-262.903715308376,-280.968777105606,4.07063302564359,-1.14141331355934,18.2378493671417,4.21868085873965,0.130523294858821,2.17892780272493,0.0688870680783358
-262.91478113096,-280.894177543015,4.08169884822834,-1.07013968486787,18.0738555316925,4.21868085873965,0.130523294858821,2.17892780272493,0.0688870680783358
-262.918703520464,-280.818850855194,4.08562123773248,-0.643068159028152,18.0738555316925,4.21868085873965,0.130523294858821,2.17892780272493,0.0688870680783358
-262.914654664798,-280.743098144149,4.0815723820663,-0.890125918315969,18.0738555316925,4.21868085873965,0.130523294858821,2.17892780272493,0.0688870680783358
-262.892095895057,-280.668200456152,4.05901361232547,-1.50058466044721,18.0738555316925,4.21868085873965,0.130523294858821,2.17892780272493,0.0688870680783358
-262.907970560751,-280.593234218653,4.07488827801927,-1.13042614988038,17.8389731769562,4.21868085873965,0.130523294858821,2.17892780272493,0.0688870680783358
-262.897888349018,-280.51772739102,4.06480606628618,-1.01519148067014,17.8389731769562,4.21868085873965,0.130523294858821,2.17892780272493,0.0688870680783358
-262.889202785266,-280.442829971864,4.05612050253373,-1.38253951238482,17.8389731769562,4.21868085873965,0.130523294858821,2.17892780272493,0.0688870680783358
-262.887958010809,-280.367820994626,4.05487572807683,-2.82027371251235,17.5341407184601,4.21868085873965,0.130523294858821,2.17892780272493,0.0688870680783358
-262.893404164201,-280.293274329886,4.06032188146921,-3.34310207133454,17.5341407184601,4.21868085873965,0.130523294858821,2.17892780272493,0.0688870680783358
-262.88873605336,-280.218867336909,4.05565377062822,-2.94167537070405,17.5341407184601,4.21868085873965,0.130523294858821,2.17892780272493,0.0688870680783358
-262.880378525423,-280.145159181292,4.04729624269135,-2.99104502974016,17.320372713089,4.21868085873965,0.130523294858821,2.17892780272493,0.0688870680783358
-262.87007987578,-280.071550787122,4.03699759304754,-3.64426997935141,17.320372713089,4.21868085873965,0.130523294858821,2.17892780272493,0.0688870680783358
-262.866974524237,-279.998218618189,4.03389224150519,-3.53270714578283,17.320372713089,4.21868085873965,0.130523294858821,2.17892780272493,0.0688870680783358
-262.852476202116,-279.925956010039,4.01939391938433,-3.49626322116411,17.320372713089,4.21868085873965,0.130523294858821,2.17892780272493,0.0688870680783358
-262.845942734566,-279.855404511138,4.01286045183408,-3.90452811060986,17.1068679218292,4.21868085873965,0.130523294858821,2.17892780272493,0.0688870680783358
-262.831680462778,-279.784762474975,3.99859818004561,-4.47270500789386,17.1068679218292,4.21868085873965,0.130523294858821,2.17892780272493,0.0688870680783358
-262.84411113401,-279.71503318319,4.01102885127758,-4.3487953569835,17.1068679218292,4.21868085873965,0.130523294858821,2.17892780272493,0.0688870680783358
-262.836061329707,-279.645561875261,4.00297904697472,-4.36210298036256,16.8482085590363,4.21868085873965,0.130523294858821,2.17892780272493,0.0688870680783358
-262.815947845785,-279.577909821533,3.98286556305288,-4.70233278303589,16.8482085590363,4.21868085873965,0.130523294858821,2.17892780272493,0.0688870680783358
-262.818027291083,-279.510871103837,3.98494500835134,-4.55289024384577,16.8482085590363,4.21868085873965,0.130523294858821,2.17892780272493,0.0688870680783358
-262.795739942036,-279.444374010192,3.9626576593042,-3.93825069902566,16.6612159137726,4.21868085873965,0.130523294858821,2.17892780272493,0.0688870680783358
-262.795025637687,-279.378859015436,3.96194335495514,-3.74297591424381,16.6612159137726,4.21868085873965,0.130523294858821,2.17892780272493,0.0688870680783358
-262.779372056564,-279.314478687278,3.94628977383238,-4.22505481737579,16.6612159137726,4.21868085873965,0.130523294858821,2.17892780272493,0.0688870680783358
-262.764133743779,-279.251018432668,3.93105146104661,-4.51836759970667,16.6612159137726,4.21868085873965,0.130523294858821,2.17892780272493,0.0688870680783358
-262.783634171797,-279.18813767582,3.95055188906518,-4.333152789307,16.4492942218781,4.21868085873965,0.130523294858821,2.17892780272493,0.0688870680783358
-262.76063638114,-279.126402166513,3.92755409840756,-4.30499602144469,16.4492942218781,4.21868085873965,0.130523294858821,2.17892780272493,0.0688870680783358
-262.74648297501,-279.065562559137,3.91340069227825,-4.73911447188996,16.4492942218781,4.21868085873965,0.130523294858821,2.17892780272493,0.0688870680783358
-262.731872993818,-279.0057402504,3.89879071108573,-4.22550694570924,16.2615996723175,4.21868085873965,0.130523294858821,2.17892780272493,0.0688870680783358
-262.735490178925,-278.94662519349,3.90240789619284,-3.66552034132768,16.2615996723175,4.21868085873965,0.130523294858821,2.17892780272493,0.0688870680783358
-262.727514009863,-278.888078175146,3.89443172713061,-3.97008488218279,16.2615996723175,4.21868085873965,0.130523294858821,2.17892780272493,0.0688870680783358
-262.714483372159,-278.831068109547,3.88140108942747,-4.1914409222902,16.096251619339,4.21868085873965,0.130523294858821,2.17892780272493,0.0688870680783358
-262.713897367983,-278.774089353614,3.88081508525107,-4.52331641757652,16.096251619339,4.21868085873965,0.130523294858821,2.17892780272493,0.0688870680783358
-262.696447063486,-278.718834442828,3.86336478075366,-4.29860462074323,16.096251619339,4.21868085873965,0.130523294858821,2.17892780272493,0.0688870680783358
-262.68859107556,-278.663670089558,3.85550879282803,-4.27720126656659,16.096251619339,4.21868085873965,0.130523294858821,2.17892780272493,0.0688870680783358
-262.691375492657,-278.609247728957,3.85829320992487,-4.28144311470545,15.8601361637115,4.21868085873965,0.130523294858821,2.17892780272493,0.0688870680783358
-262.689302852674,-278.555462780497,3.8562205699425,-4.27210350812192,15.8601361637115,4.21868085873965,0.130523294858821,2.17892780272493,0.0688870680783358
-262.663043904395,-278.502833719703,3.82996162166344,-4.7834933556642,15.8601361637115,4.21868085873965,0.130523294858821,2.17892780272493,0.0688870680783358
-262.660500335506,-278.449534910871,3.82741805277431,-3.89815966553831,15.6949406986237,4.21868085873965,0.130523294858821,2.17892780272493,0.0688870680783358
-262.660189103605,-278.398036630747,3.82710682087278,-3.80240273069213,15.6949406986237,4.21868085873965,0.130523294858821,2.17892780272493,0.0688870680783358
-262.640024623178,-278.346552321813,3.80694234044621,-4.04401658091118,15.6949406986237,4.21868085873965,0.130523294858821,2.17892780272493,0.0688870680783358
-262.640561970183,-278.295436652067,3.8074796874506,-4.05853211004544,15.5520020847321,4.21868085873965,0.130523294858821,2.17892780272493,0.0688870680783358
-262.630443744757,-278.244510020637,3.79736146202514,-4.30400314787759,15.5520020847321,4.21868085873965,0.130523294858821,2.17892780272493,0.0688870680783358
-262.614127789946,-278.193123342526,3.78104550721364,-4.16862833981802,15.5520020847321,4.21868085873965,0.130523294858821,2.17892780272493,0.0688870680783358
-262.617690694678,-278.142922473328,3.78460841194561,-4.49494351222484,15.5520020847321,4.21868085873965,0.130523294858821,2.17892780272493,0.0688870680783358
-262.602295722911,-278.092888848322,3.76921344017911,-3.92466844722411,15.4098626499176,4.21868085873965,0.130523294858821,2.17892780272493,0.0688870680783358
-262.599378422471,-278.04243900712,3.76629613973878,-4.06160194961259,15.4098626499176,4.21868085873965,0.130523294858821,2.17892780272493,0.0688870680783358
-262.584898032314,-277.991749799714,3.7518157495825,-3.85652292205454,15.4098626499176,4.21868085873965,0.130523294858821,2.17892780272493,0.0688870680783358
-262.581761937275,-277.942029061262,3.74867965454284,-3.61966575473915,15.2918893222809,4.21868085873965,0.130523294858821,2.17892780272493,0.0688870680783358
-262.583923073845,-277.891540661455,3.75084079111349,-3.28247918039594,15.2918893222809,4.21868085873965,0.130523294858821,2.17892780272493,0.0688870680783358
-262.574908835299,-277.840869275651,3.74182655256683,-3.57031107997749,15.2918893222809,4.21868085873965,0.130523294858821,2.17892780272493,0.0688870680783358
-262.558980470953,-277.789958993433,3.72589818822139,-3.60146243136663,15.1501084690094,4.21868085873965,0.130523294858821,2.17892780272493,0.0688870680783358
-262.559752219337,-277.738700054571,3.72666993660525,-3.49848729243418,15.1501084690094,4.21868085873965,0.130523294858821,2.17892780272493,0.0688870680783358
-262.5539777524,-277.687038121305,3.72089546966831,-3.76399099897586,15.1501084690094,4.21868085873965,0.130523294858821,2.17892780272493,0.0688870680783358
-262.544690765091,-277.635349799792,3.71160848235935,-3.59629202879521,15.1501084690094,4.21868085873965,0.130523294858821,2.17892780272493,0.0688870680783358
-262.538092008779,-277.582622820428,3.70500972604693,-3.44282210763189,15.0570546512604,4.21868085873965,0.130523294858821,2.17892780272493,0.0688870680783358
-262.52620403703,-277.530018184314,3.69312175429826,-3.16021219604089,15.0570546512604,4.21868085873965,0.130523294858821,2.17892780272493,0.0688870680783358
-262.527023872811,-277.476504533335,3.69394159007913,-3.23744682436642,15.0570546512604,4.21868085873965,0.130523294858821,2.17892780272493,0.0688870680783358
-262.519728736114,-277.422002530179,3.68664645338157,-3.29942000589203,14.9419709568024,4.21868085873965,0.130523294858821,2.17892780272493,0.0688870680783358
-262.509258717338,-277.367058425041,3.67617643460649,-3.29136837691955,14.9419709568024,4.21868085873965,0.130523294858821,2.17892780272493,0.0688870680783358
-262.499783982539,-277.311538583162,3.6667016998066,-3.37185515947165,14.9419709568024,4.21868085873965,0.130523294858821,2.17892780272493,0.0688870680783358
-262.503297044392,-277.255240554181,3.67021476165974,-2.62833982804759,14.7998334293365,4.21868085873965,0.130523294858821,2.17892780272493,0.0688870680783358
-262.506244875345,-277.19838173295,3.67316259261291,-2.72720083465873,14.7998334293365,4.21868085873965,0.130523294858821,2.17892780272493,0.0688870680783358
-262.489257728846,-277.139965797959,3.65617544611441,-2.8049758000986,14.7998334293365,4.21868085873965,0.130523294858821,2.17892780272493,0.0688870680783358
-262.487450109414,-277.080419595549,3.6543678266816,-3.17516347767046,14.7998334293365,4.21868085873965,0.130523294858821,2.17892780272493,0.0688870680783358
-262.482427848373,-277.020919175548,3.64934556564067,-2.8294542895779,14.6826478366852,4.21868085873965,0.130523294858821,2.17892780272493,0.0688870680783358
-262.474520756382,-276.961064805593,3.64143847364989,-2.32071783569972,14.6826478366852,4.21868085873965,0.130523294858821,2.17892780272493,0.0688870680783358
-262.468673187316,-276.899535711176,3.63559090458376,-2.7647646741547,14.6826478366852,4.21868085873965,0.130523294858821,2.17892780272493,0.0688870680783358
-262.465540219657,-276.836211487742,3.6324579369249,-2.01472672726346,14.5646401767731,4.21868085873965,0.130523294858821,2.17892780272493,0.0688870680783358
-262.471910394799,-276.773620535951,3.63882811206712,-2.81782168177257,14.5646401767731,4.21868085873965,0.130523294858821,2.17892780272493,0.0688870680783358
-262.463165500804,-276.70933357656,3.63008321807223,-3.02949320844489,14.5646401767731,4.21868085873965,0.130523294858821,2.17892780272493,0.0688870680783358
-262.458201643769,-276.644503487025,3.62511936103715,-3.15461055619074,14.3522282962799,4.21868085873965,0.130523294858821,2.17892780272493,0.0688870680783358
-262.453867636222,-276.57828974372,3.6207853534897,-3.3927514846792,14.3522282962799,4.21868085873965,0.130523294858821,2.17892780272493,0.0688870680783358
-262.454331977791,-276.511008891499,3.62124969505906,-2.90111105564123,14.3522282962799,4.21868085873965,0.130523294858821,2.17892780272493,0.0688870680783358
-262.447181113071,-276.443008289078,3.61409883033881,-3.34188533016977,14.3522282962799,4.21868085873965,0.130523294858821,2.17892780272493,0.0688870680783358
-262.439010239171,-276.374261359176,3.60592795643949,-3.37389521761453,14.1876775150299,4.21868085873965,0.130523294858821,2.17892780272493,0.0688870680783358
-262.418583482168,-276.304785390158,3.58550119943585,-3.34567281375913,14.1876775150299,4.21868085873965,0.130523294858821,2.17892780272493,0.0688870680783358
-262.419252873898,-276.234373907124,3.58617059116623,-3.54373999343344,14.1876775150299,4.21868085873965,0.130523294858821,2.17892780272493,0.0688870680783358
-262.413409293702,-276.162610454827,3.58032701096972,-3.15442046598337,13.930368555069,4.21868085873965,0.130523294858821,2.17892780272493,0.0688870680783358
-262.406876084896,-276.091176913787,3.57379380216399,-3.64594302352085,13.930368555069,4.21868085873965,0.130523294858821,2.17892780272493,0.0688870680783358
-262.401908113076,-276.018571981169,3.56882583034407,-4.02799166304152,13.930368555069,4.21868085873965,0.130523294858821,2.17892780272493,0.0688870680783358
-262.400088897714,-275.945276081438,3.56700661498216,-4.14225419934066,13.766098154068,4.21868085873965,0.130523294858821,2.17892780272493,0.0688870680783358
-262.374845976863,-275.871595550111,3.54176369413073,-3.80128515153982,13.766098154068,4.21868085873965,0.130523294858821,2.17892780272493,0.0688870680783358
-262.390007898671,-275.797271714547,3.5569256159394,-4.24233653770639,13.766098154068,4.21868085873965,0.130523294858821,2.17892780272493,0.0688870680783358
-262.368903117914,-275.722943591884,3.5358208351825,-4.46871399206312,13.766098154068,4.21868085873965,0.130523294858821,2.17892780272493,0.0688870680783358
-262.358683552256,-275.647574034839,3.52560126952423,-4.40351068976406,13.506597650528,4.21868085873965,0.130523294858821,2.17892780272493,0.0688870680783358
-262.349057656501,-275.572466125372,3.51597537376869,-4.8146278310047,13.506597650528,4.21868085873965,0.130523294858821,2.17892780272493,0.0688870680783358
-262.345642504233,-275.497295931647,3.51256022150143,-4.79123401544379,13.506597650528,4.21868085873965,0.130523294858821,2.17892780272493,0.0688870680783358
-262.341649542691,-275.421254421474,3.50856725995874,-4.75953918055872,13.340633523941,4.21868085873965,0.130523294858821,2.17892780272493,0.0688870680783358
-262.336377603547,-275.346700204817,3.50329532081467,-5.13100382330414,13.340633523941,4.21868085873965,0.130523294858821,2.17892780272493,0.0688870680783358
-262.313219185864,-275.271430603728,3.48013690313248,-5.14819436954876,13.340633523941,4.21868085873965,0.130523294858821,2.17892780272493,0.0688870680783358
-262.295931115501,-275.19598201056,3.46284883276893,-4.94628199107835,13.104986322403,4.21868085873965,0.130523294858821,2.17892780272493,0.0688870680783358
-262.29975958672,-275.121514405529,3.46667730398792,-4.8032305896647,13.104986322403,4.21868085873965,0.130523294858821,2.17892780272493,0.0688870680783358
-262.290849617422,-275.046935176318,3.45776733469033,-5.00401770263369,13.104986322403,4.21868085873965,0.130523294858821,2.17892780272493,0.0688870680783358
-262.2852799851,-274.97369048487,3.45219770236849,-5.1644990844083,13.104986322403,4.21868085873965,0.130523294858821,2.17892780272493,0.0688870680783358
-262.263717180205,-274.901129447217,3.43063489747292,-5.42014854964557,12.8897954349518,4.21868085873965,0.130523294858821,2.17892780272493,0.0688870680783358
-262.268169341779,-274.828339788866,3.43508705904744,-5.65754414816415,12.8897954349518,4.21868085873965,0.130523294858821,2.17892780272493,0.0688870680783358
-262.259200192651,-274.757321992207,3.42611790991915,-5.97778805104678,12.8897954349518,4.21868085873965,0.130523294858821,2.17892780272493,0.0688870680783358
-262.238440644899,-274.685941938891,3.40535836216665,-5.34868432637347,12.6546269779205,4.21868085873965,0.130523294858821,2.17892780272493,0.0688870680783358
-262.223413109207,-274.617663890579,3.39033082647489,-5.44118168786633,12.6546269779205,4.21868085873965,0.130523294858821,2.17892780272493,0.0688870680783358
-262.228126524429,-274.549920400906,3.39504424169679,-5.00355901788961,12.6546269779205,4.21868085873965,0.130523294858821,2.17892780272493,0.0688870680783358
-262.217317333702,-274.483524204176,3.38423505096969,-4.92430922116033,12.4163209323883,4.21868085873965,0.130523294858821,2.17892780272493,0.0688870680783358
-262.203784891568,-274.418592566457,3.37070260883637,-5.6180764551751,12.4163209323883,4.21868085873965,0.130523294858821,2.17892780272493,0.0688870680783358
-262.194900963112,-274.354554130875,3.36181868037977,-6.44809213292335,12.4163209323883,4.21868085873965,0.130523294858821,2.17892780272493,0.0688870680783358
-262.180493266235,-274.293160270125,3.34741098350261,-6.03307081186364,12.4163209323883,4.21868085873965,0.130523294858821,2.17892780272493,0.0688870680783358
-262.172111657461,-274.2338324425,3.33902937472896,-5.30098969743144,12.1800042514801,4.21868085873965,0.130523294858821,2.17892780272493,0.0688870680783358
-262.160155412731,-274.176329432334,3.3270731299993,-5.54214087816766,12.1800042514801,4.21868085873965,0.130523294858821,2.17892780272493,0.0688870680783358
-262.153300616146,-274.12114897054,3.32021833341378,-6.16438790502102,12.1800042514801,4.21868085873965,0.130523294858821,2.17892780272493,0.0688870680783358
-262.132143142035,-274.067391976393,3.29906085930282,-6.22673193564533,11.920524728775,4.21868085873965,0.130523294858821,2.17892780272493,0.0688870680783358
-262.13282482921,-274.017780864971,3.29974254647825,-5.94660772618158,11.920524728775,4.21868085873965,0.130523294858821,2.17892780272493,0.0688870680783358
-262.127591050048,-273.969821559349,3.29450876731596,-5.86954625371499,11.920524728775,4.21868085873965,0.130523294858821,2.17892780272493,0.0688870680783358
-262.109965950398,-273.924601531207,3.27688366766588,-5.48253923198581,11.7104035739899,4.21868085873965,0.130523294858821,2.17892780272493,0.0688870680783358
-262.097384535966,-273.882188140454,3.26430225323432,-5.77851392726342,11.7104035739899,4.21868085873965,0.130523294858821,2.17892780272493,0.0688870680783358
-262.077057158474,-273.842465552392,3.24397487574185,-6.04823802756475,11.7104035739899,4.21868085873965,0.130523294858821,2.17892780272493,0.0688870680783358
-262.06986360269,-273.805822327197,3.23678131995753,-5.7376412810198,11.7104035739899,4.21868085873965,0.130523294858821,2.17892780272493,0.0688870680783358
-262.057055186596,-273.772898531434,3.22397290386373,-5.43808355892202,11.5694943790436,4.21868085873965,0.130523294858821,2.17892780272493,0.0688870680783358
-262.055358283809,-273.743059471691,3.2222760010765,-5.44772802577469,11.5694943790436,4.21868085873965,0.130523294858821,2.17892780272493,0.0688870680783358
-262.048442839025,-273.716584532245,3.21536055629307,-5.54761433109138,11.5694943790436,4.21868085873965,0.130523294858821,2.17892780272493,0.0688870680783358
-262.037416959789,-273.693138307931,3.20433467705666,-4.45851123283936,11.4283849124908,4.21868085873965,0.130523294858821,2.17892780272493,0.0688870680783358
-262.026010147225,-273.674095819507,3.19292786449327,-5.31870209474045,11.4283849124908,4.21868085873965,0.130523294858821,2.17892780272493,0.0688870680783358
-262.009399402398,-273.658241442279,3.17631711966559,-5.16628864084735,11.4283849124908,4.21868085873965,0.130523294858821,2.17892780272493,0.0688870680783358
-261.997062988547,-273.646416178893,3.16398070581486,-4.31899845334314,11.3111993198395,4.21868085873965,0.130523294858821,2.17892780272493,0.0688870680783358
-261.996229561561,-273.638331073723,3.16314727882894,-4.55835488605786,11.3111993198395,4.21868085873965,0.130523294858821,2.17892780272493,0.0688870680783358
-261.991775237279,-273.634238637263,3.1586929545474,-4.159342423261,11.3111993198395,4.21868085873965,0.130523294858821,2.17892780272493,0.0688870680783358
-261.968279282112,-273.634182616604,3.13519699937986,-4.10357065210987,11.3111993198395,4.21868085873965,0.130523294858821,2.17892780272493,0.0688870680783358
-261.972842313272,-273.638232037315,3.13976003053973,-3.67266388722345,11.3112813358307,4.21868085873965,0.130523294858821,2.17892780272493,0.0688870680783358
-261.960575200445,-273.64641682238,3.12749291771297,-3.35444948866298,11.3112813358307,4.21868085873965,0.130523294858821,2.17892780272493,0.0688870680783358
-261.944791818178,-273.658883247752,3.11170953544632,-3.21896958705735,11.3112813358307,4.21868085873965,0.130523294858821,2.17892780272493,0.0688870680783358
-261.951837763063,-273.675820847436,3.11875548033147,-2.79503599757437,11.3600083713531,4.21868085873965,0.130523294858821,2.17892780272493,0.0688870680783358
-261.950931985728,-273.696799803904,3.11784970299583,-2.06655845948484,11.3600083713531,4.21868085873965,0.130523294858821,2.17892780272493,0.0688870680783358
-261.934651721262,-273.722180226738,3.10156943853013,-1.95064090104882,11.3600083713531,4.21868085873965,0.130523294858821,2.17892780272493,0.0688870680783358
-261.940572886602,-273.751871968358,3.10749060386989,-1.28341772974557,11.4776326541901,4.21868085873965,0.130523294858821,2.17892780272493,0.0688870680783358
-261.931451443938,-273.786258868175,3.09836916120604,-0.467969431299706,11.4776326541901,4.21868085873965,0.130523294858821,2.17892780272493,0.0688870680783358
-261.936033906912,-273.824785127196,3.10295162418039,0.169542975104052,11.4776326541901,4.21868085873965,0.130523294858821,2.17892780272493,0.0688870680783358
-261.942403411713,-273.867961709289,3.10932112898127,0.153872105872254,11.4776326541901,4.21868085873965,0.130523294858821,2.17892780272493,0.0688870680783358
-261.938918255693,-273.915416216752,3.10583597296082,-0.0939086537517704,11.7120038394928,4.21868085873965,0.130523294858821,2.17892780272493,0.0688870680783358
-261.948757247733,-273.967049586059,3.11567496500104,-0.0964367411480992,11.7120038394928,4.21868085873965,0.130523294858821,2.17892780272493,0.0688870680783358
-261.94410546738,-274.023509247562,3.11102318464773,1.25448333375929,11.7120038394928,4.21868085873965,0.130523294858821,2.17892780272493,0.0688870680783358
-261.93955273187,-274.084968538277,3.10647044913848,3.07124963154638,12.0169526462555,4.21868085873965,0.130523294858821,2.17892780272493,0.0688870680783358
-261.947602263951,-274.149728928971,3.11451998121914,3.76283055109629,12.0169526462555,4.21868085873965,0.130523294858821,2.17892780272493,0.0688870680783358
-261.957163877387,-274.21900775115,3.12408159465499,3.99408580279596,12.0169526462555,4.21868085873965,0.130523294858821,2.17892780272493,0.0688870680783358
-261.968274073884,-274.293239674072,3.1351917911519,4.5762310464016,12.2519914035797,4.21868085873965,0.130523294858821,2.17892780272493,0.0688870680783358
-261.96741436074,-274.371494536034,3.13433207800778,5.44699807335793,12.2519914035797,4.21868085873965,0.130523294858821,2.17892780272493,0.0688870680783358
-261.983697990126,-274.453711160852,3.15061570739439,6.40865551099562,12.2519914035797,4.21868085873965,0.130523294858821,2.17892780272493,0.0688870680783358
-261.999015760865,-274.540452578419,3.16593347813343,6.91097711913786,12.2519914035797,4.21868085873965,0.130523294858821,2.17892780272493,0.0688870680783358
-262.008224309055,-274.630631884702,3.17514202632307,6.18269613365388,12.4888440494537,4.21868085873965,0.130523294858821,2.17892780272493,0.0688870680783358
-262.014166910855,-274.724591996452,3.18108462812333,5.49254914142622,12.4888440494537,4.21868085873965,0.130523294858821,2.17892780272493,0.0688870680783358
-262.02070753688,-274.823015961005,3.18762525414823,5.36590449179527,12.4888440494537,4.21868085873965,0.130523294858821,2.17892780272493,0.0688870680783358
-262.04016664376,-274.927183489442,3.20708436102779,6.05704040550161,12.7029744510651,4.21868085873965,0.130523294858821,2.17892780272493,0.0688870680783358
-262.04420752581,-275.032009226703,3.21112524307815,5.81517205457874,12.7029744510651,4.21868085873965,0.130523294858821,2.17892780272493,0.0688870680783358
-262.061671267675,-275.141032451616,3.2285889849431,5.10812343797646,12.7029744510651,4.21868085873965,0.130523294858821,2.17892780272493,0.0688870680783358
-262.068767225129,-275.253631186629,3.23568494239684,4.70156430171652,12.8733865146637,4.21868085873965,0.130523294858821,2.17892780272493,0.0688870680783358
-262.076048770085,-275.370428978394,3.24296648735267,4.92703289289565,12.8733865146637,4.21868085873965,0.130523294858821,2.17892780272493,0.0688870680783358
-262.078811201904,-275.490460424132,3.24572891917202,5.05677258266146,12.8733865146637,4.21868085873965,0.130523294858821,2.17892780272493,0.0688870680783358
-262.095922897164,-275.61316030228,3.26284061443227,5.321852767412,12.8733865146637,4.21868085873965,0.130523294858821,2.17892780272493,0.0688870680783358
-262.100437432863,-275.738220783452,3.26735515013127,4.94927191837821,13.1580125217438,4.21868085873965,0.130523294858821,2.17892780272493,0.0688870680783358
-262.109321841286,-275.866852214352,3.27623955855449,5.01782960642466,13.1580125217438,4.21868085873965,0.130523294858821,2.17892780272493,0.0688870680783358
-262.120260353449,-275.998307349501,3.2871780707171,5.02700031977975,13.1580125217438,4.21868085873965,0.130523294858821,2.17892780272493,0.0688870680783358
-262.130733273035,-276.132037964421,3.29765099030271,4.6901818409171,13.464038980484,4.21868085873965,0.130523294858821,2.17892780272493,0.0688870680783358
-262.127401138862,-276.267659078497,3.29431885613002,4.70177132376261,13.464038980484,4.21868085873965,0.130523294858821,2.17892780272493,0.0688870680783358
-262.152744191351,-276.405965475247,3.31966190861921,5.18597758485718,13.464038980484,4.21868085873965,0.130523294858821,2.17892780272493,0.0688870680783358
-262.158786270382,-276.545785835756,3.32570398764975,5.1355640326553,13.8400823001862,4.21868085873965,0.130523294858821,2.17892780272493,0.0688870680783358
-262.160002299847,-276.689691337166,3.32692001711521,5.69391414870164,13.8400823001862,4.21868085873965,0.130523294858821,2.17892780272493,0.0688870680783358
-262.166263050613,-276.832343881983,3.33318076788103,5.88511132489095,13.8400823001862,4.21868085873965,0.130523294858821,2.17892780272493,0.0688870680783358
-262.178230121541,-276.979947666794,3.3451478388089,7.02179723070937,13.8400823001862,4.21868085873965,0.130523294858821,2.17892780272493,0.0688870680783358
-262.189218908744,-277.125989306741,3.35613662601236,7.59436382805741,14.3535310153961,4.21868085873965,0.130523294858821,2.17892780272493,0.0688870680783358
-262.210258987576,-277.272336565646,3.3771767048435,7.74653049697699,14.3535310153961,4.21868085873965,0.130523294858821,2.17892780272493,0.0688870680783358
-262.221163395243,-277.42014415909,3.38808111251054,7.67419127430803,14.3535310153961,4.21868085873965,0.130523294858821,2.17892780272493,0.0688870680783358
-262.236354029602,-277.571614363894,3.4032717468705,7.36466881100703,14.9405614261627,4.21868085873965,0.130523294858821,2.17892780272493,0.0688870680783358
-262.255264515208,-277.719994552647,3.42218223247592,8.1583945643213,14.9405614261627,4.21868085873965,0.130523294858821,2.17892780272493,0.0688870680783358
-262.265070487649,-277.871155068489,3.43198820491653,9.54385814711394,14.9405614261627,4.21868085873965,0.130523294858821,2.17892780272493,0.0688870680783358
-262.276520266757,-278.02155652106,3.44343798402519,9.40676632776291,15.5043259983063,4.21868085873965,0.130523294858821,2.17892780272493,0.0688870680783358
-262.300125744645,-278.17208566532,3.46704346191296,10.7025730050779,15.5043259983063,4.21868085873965,0.130523294858821,2.17892780272493,0.0688870680783358
-262.325747088819,-278.322552836037,3.49266480608712,11.4781603259104,15.5043259983063,4.21868085873965,0.130523294858821,2.17892780272493,0.0688870680783358
-262.351006468214,-278.472714229734,3.51792418548225,10.6785511910475,15.5043259983063,4.21868085873965,0.130523294858821,2.17892780272493,0.0688870680783358
-262.362062427113,-278.622166587052,3.52898014438136,10.698791572939,16.0014668827057,4.21868085873965,0.130523294858821,2.17892780272493,0.0688870680783358
-262.386966343536,-278.771432736293,3.55388406080409,11.6235239398461,16.0014668827057,4.21868085873965,0.130523294858821,2.17892780272493,0.0688870680783358
-262.411253784855,-278.919946030442,3.5781715021227,11.883813455481,16.0014668827057,4.21868085873965,0.130523294858821,2.17892780272493,0.0688870680783358
-262.434995677047,-279.066818156867,3.60191339431531,11.7514228616841,16.5224181537628,4.21868085873965,0.130523294858821,2.17892780272493,0.0688870680783358
-262.450661130782,-279.212207281141,3.6175788480502,11.0655595161503,16.5224181537628,4.21868085873965,0.130523294858821,2.17892780272493,0.0688870680783358
-262.484047965457,-279.356075738665,3.6509656827251,12.2490131799184,16.5224181537628,4.21868085873965,0.130523294858821,2.17892780272493,0.0688870680783358
-262.500862302514,-279.498974276045,3.66778001978246,11.7539925945845,17.0199004535675,4.21868085873965,0.130523294858821,2.17892780272493,0.0688870680783358
-262.51929788432,-279.639535974105,3.68621560158799,12.4738163845557,17.0199004535675,4.21868085873965,0.130523294858821,2.17892780272493,0.0688870680783358
-262.547017852531,-279.777872869759,3.71393556979871,12.247567359241,17.0199004535675,4.21868085873965,0.130523294858821,2.17892780272493,0.0688870680783358
-262.558843104115,-279.914910233183,3.72576082138332,11.5393591144159,17.0199004535675,4.21868085873965,0.130523294858821,2.17892780272493,0.0688870680783358
-262.584097391347,-280.048823288786,3.75101510861492,11.3843413464842,17.4932433490753,4.21868085873965,0.130523294858821,2.17892780272493,0.0688870680783358
-262.607311691841,-280.180148840197,3.77422940910871,11.0897584369446,17.4932433490753,4.21868085873965,0.130523294858821,2.17892780272493,0.0688870680783358
-262.628491278026,-280.309714198792,3.79540899529357,11.7149548473056,17.4932433490753,4.21868085873965,0.130523294858821,2.17892780272493,0.0688870680783358
-262.651589326706,-280.43726771046,3.81850704397418,10.3007659826664,17.9652549152374,4.21868085873965,0.130523294858821,2.17892780272493,0.0688870680783358
-262.659067891114,-280.558627194214,3.82598560838204,9.82767321234979,17.9652549152374,4.21868085873965,0.130523294858821,2.17892780272493,0.0688870680783358
-262.68686437395,-280.679483706823,3.85378209121801,10.4887957190125,17.9652549152374,4.21868085873965,0.130523294858821,2.17892780272493,0.0688870680783358
-262.708056479155,-280.797290747877,3.87497419642313,10.2639276763629,18.3666373615265,4.21868085873965,0.130523294858821,2.17892780272493,0.0688870680783358
-262.72296347895,-280.910780870212,3.8898811962183,9.89417622269719,18.3666373615265,4.21868085873965,0.130523294858821,2.17892780272493,0.0688870680783358
-262.757974971693,-281.02077180129,3.92489268896051,10.2826862661685,18.3666373615265,4.21868085873965,0.130523294858821,2.17892780272493,0.0688870680783358
-262.768205264645,-281.127816721204,3.93512298191345,10.6010260000606,18.3666373615265,4.21868085873965,0.130523294858821,2.17892780272493,0.0688870680783358
-262.781897778043,-281.230537454298,3.94881549531106,9.86430369833413,18.7923308734894,4.21868085873965,0.130523294858821,2.17892780272493,0.0688870680783358
-262.796547218374,-281.329376442061,3.96346493564198,9.69121799107294,18.7923308734894,4.21868085873965,0.130523294858821,2.17892780272493,0.0688870680783358
-262.81414876198,-281.424554024001,3.98106647924817,10.0663720398866,18.7923308734894,4.21868085873965,0.130523294858821,2.17892780272493,0.0688870680783358
-262.849697436539,-281.517076985891,4.0166151538068,9.42811690511954,19.169982088089,4.21868085873965,0.130523294858821,2.17892780272493,0.0688870680783358
-262.853614480466,-281.60341492023,4.02053219773413,8.79600352136908,19.169982088089,4.21868085873965,0.130523294858821,2.17892780272493,0.0688870680783358
-262.872946869867,-281.687548560554,4.0398645871349,7.95470557010061,19.169982088089,4.21868085873965,0.130523294858821,2.17892780272493,0.0688870680783358
-262.866895559246,-281.765418021742,4.03381327651386,8.41937880409742,19.4774161701202,4.21868085873965,0.130523294858821,2.17892780272493,0.0688870680783358
-262.908146493972,-281.840520426051,4.07506421123993,8.15412422464865,19.4774161701202,4.21868085873965,0.130523294858821,2.17892780272493,0.0688870680783358
-262.919613334122,-281.911343034894,4.08653105139017,8.53072208209376,19.4774161701202,4.21868085873965,0.130523294858821,2.17892780272493,0.0688870680783358
-262.936950757872,-281.976923990168,4.10386847513949,8.4908407961486,19.7126113300323,4.21868085873965,0.130523294858821,2.17892780272493,0.0688870680783358
-262.958889746319,-282.038629930396,4.12580746358721,7.13785345740832,19.7126113300323,4.21868085873965,0.130523294858821,2.17892780272493,0.0688870680783358
-262.964571697221,-282.096664769217,4.13148941448882,7.1771753830903,19.7126113300323,4.21868085873965,0.130523294858821,2.17892780272493,0.0688870680783358
-262.982397055193,-282.148892585944,4.14931477246105,7.43764823442923,19.7126113300323,4.21868085873965,0.130523294858821,2.17892780272493,0.0688870680783358
-262.992078585739,-282.198007673304,4.15899630300703,6.78235704190745,19.8534003620148,4.21868085873965,0.130523294858821,2.17892780272493,0.0688870680783358
-263.007532895709,-282.241342116016,4.17445061297733,6.28936436911062,19.8534003620148,4.21868085873965,0.130523294858821,2.17892780272493,0.0688870680783358
-263.016169337849,-282.281000948605,4.18308705511727,6.24424244821326,19.8534003620148,4.21868085873965,0.130523294858821,2.17892780272493,0.0688870680783358
-263.02313469851,-282.316016363011,4.19005241577847,5.60469962397157,19.9722777729034,4.21868085873965,0.130523294858821,2.17892780272493,0.0688870680783358
-263.040528516735,-282.346799474342,4.20744623400254,5.4716535933982,19.9722777729034,4.21868085873965,0.130523294858821,2.17892780272493,0.0688870680783358
-263.050423800129,-282.373231609819,4.21734151739744,5.45583624008227,19.9722777729034,4.21868085873965,0.130523294858821,2.17892780272493,0.0688870680783358
-263.053198131392,-282.395160078684,4.22011584865967,5.13128927732076,19.9722777729034,4.21868085873965,0.130523294858821,2.17892780272493,0.0688870680783358
-263.075274550534,-282.412935706287,4.24219226780226,3.91844334020592,20.0175849323273,4.21868085873965,0.130523294858821,2.17892780272493,0.0688870680783358
-263.071109930235,-282.426121579818,4.23802764750253,3.36341282481691,20.0175849323273,4.21868085873965,0.130523294858821,2.17892780272493,0.0688870680783358
-263.068853238707,-282.435159980869,4.23577095597483,3.60135866535731,20.0175849323273,4.21868085873965,0.130523294858821,2.17892780272493,0.0688870680783358
-263.088084451179,-282.440078981352,4.25500216844676,2.96735788049773,19.8294288043976,4.21868085873965,0.130523294858821,2.17892780272493,0.0688870680783358
-263.082307770682,-282.440851979493,4.24922548794993,2.34940702174277,19.8294288043976,4.21868085873965,0.130523294858821,2.17892780272493,0.0688870680783358
-263.107892492019,-282.437583290972,4.27481020928722,1.43051907952257,19.8294288043976,4.21868085873965,0.130523294858821,2.17892780272493,0.0688870680783358
-263.090565894779,-282.430370880357,4.25748361204681,0.63228549088722,19.5710212116241,4.21868085873965,0.130523294858821,2.17892780272493,0.0688870680783358
-263.105049736554,-282.419209384496,4.27196745382191,-0.391295379511249,19.5710212116241,4.21868085873965,0.130523294858821,2.17892780272493,0.0688870680783358
-263.110040249186,-282.404292825603,4.27695796645405,-0.897839341333473,19.5710212116241,4.21868085873965,0.130523294858821,2.17892780272493,0.0688870680783358
-263.107834071539,-282.38574002179,4.27475178880671,-0.851083952644567,19.2189666156769,4.21868085873965,0.130523294858821,2.17892780272493,0.0688870680783358
-263.087778985406,-282.363530511717,4.25469670267387,-1.77493254192516,19.2189666156769,4.21868085873965,0.130523294858821,2.17892780272493,0.0688870680783358
-263.085476619649,-282.337551921568,4.25239433691699,-3.98550010343062,19.2189666156769,4.21868085873965,0.130523294858821,2.17892780272493,0.0688870680783358
-263.073586415286,-282.308353414382,4.24050413255411,-3.98851788779539,19.2189666156769,4.21868085873965,0.130523294858821,2.17892780272493,0.0688870680783358
-263.068514808449,-282.275757694323,4.23543252571751,-4.24569450138962,18.8440429096222,4.21868085873965,0.130523294858821,2.17892780272493,0.0688870680783358
-263.071942688335,-282.240153410893,4.23886040560295,-5.68804794947581,18.8440429096222,4.21868085873965,0.130523294858821,2.17892780272493,0.0688870680783358
-263.051067710672,-282.201335302053,4.21798542793994,-6.50872640633022,18.8440429096222,4.21868085873965,0.130523294858821,2.17892780272493,0.0688870680783358
-263.032573787764,-282.159186255755,4.19949150503174,-6.67440870699378,18.538218629837,4.21868085873965,0.130523294858821,2.17892780272493,0.0688870680783358
-263.023848480207,-282.114409987131,4.19076619747483,-6.17696692678005,18.538218629837,4.21868085873965,0.130523294858821,2.17892780272493,0.0688870680783358
-263.034730383052,-282.067126915523,4.20164810031981,-5.99220877122616,18.538218629837,4.21868085873965,0.130523294858821,2.17892780272493,0.0688870680783358
-263.015957561786,-282.017138626575,4.18287527905359,-5.72834808757127,18.538218629837,4.21868085873965,0.130523294858821,2.17892780272493,0.0688870680783358
-263.006987504657,-281.964855273318,4.17390522192546,-5.57803572597451,18.3938094501495,4.21868085873965,0.130523294858821,2.17892780272493,0.0688870680783358
-262.990036961689,-281.90990759785,4.1569546789566,-5.45074293693756,18.3938094501495,4.21868085873965,0.130523294858821,2.17892780272493,0.0688870680783358
-262.966345698326,-281.853063902304,4.13326341559411,-4.71419312418682,18.3938094501495,4.21868085873965,0.130523294858821,2.17892780272493,0.0688870680783358
-262.968075372948,-281.79308503173,4.13499309021631,-3.91941980679575,18.2954932575226,4.21868085873965,0.130523294858821,2.17892780272493,0.0688870680783358
-262.956490960736,-281.732514389366,4.12340867800365,-4.32955321037721,18.2954932575226,4.21868085873965,0.130523294858821,2.17892780272493,0.0688870680783358
-262.938938654811,-281.66941925044,4.10585637207855,-4.37218385564955,18.2954932575226,4.21868085873965,0.130523294858821,2.17892780272493,0.0688870680783358
-262.934352950765,-281.605508739533,4.10127066803262,-3.77764939856521,18.2906142597198,4.21868085873965,0.130523294858821,2.17892780272493,0.0688870680783358
-262.936557755973,-281.539069053052,4.10347547324114,-3.26998569610995,18.2906142597198,4.21868085873965,0.130523294858821,2.17892780272493,0.0688870680783358
-262.925942174222,-281.471312027375,4.09285989149,-3.46251439127653,18.2906142597198,4.21868085873965,0.130523294858821,2.17892780272493,0.0688870680783358
-262.925448487418,-281.402234025988,4.09236620468612,-3.7204955393438,18.2906142597198,4.21868085873965,0.130523294858821,2.17892780272493,0.0688870680783358
-262.925684920119,-281.33280482568,4.09260263738742,-2.56282230575514,18.3125449542999,4.21868085873965,0.130523294858821,2.17892780272493,0.0688870680783358
-262.920850717247,-281.260880296481,4.08776843451481,-1.76585629738938,18.3125449542999,4.21868085873965,0.130523294858821,2.17892780272493,0.0688870680783358
-262.9170597577,-281.189103087543,4.08397747496764,-1.85180681134265,18.3125449542999,4.21868085873965,0.130523294858821,2.17892780272493,0.0688870680783358
-262.913458986935,-281.116182972035,4.08037670420269,-1.54279687060194,18.1924506549835,4.21868085873965,0.130523294858821,2.17892780272493,0.0688870680783358
-262.919173344789,-281.042889189589,4.08609106205748,-0.994353827777949,18.1924506549835,4.21868085873965,0.130523294858821,2.17892780272493,0.0688870680783358
-262.910392223843,-280.968652933396,4.07730994111077,-1.23707863252443,18.1924506549835,4.21868085873965,0.130523294858821,2.17892780272493,0.0688870680783358
-262.905607607744,-280.893562206522,4.0725253250124,-1.02165792272145,18.006163728714,4.21868085873965,0.130523294858821,2.17892780272493,0.0688870680783358
-262.903551450467,-280.819379095859,4.07046916773496,-0.991479365018076,18.006163728714,4.21868085873965,0.130523294858821,2.17892780272493,0.0688870680783358
-262.900110873035,-280.743564911643,4.06702859030283,-0.885907973651934,18.006163728714,4.21868085873965,0.130523294858821,2.17892780272493,0.0688870680783358
-262.901655328888,-280.668550952241,4.06857304615582,-1.31423061890602,18.006163728714,4.21868085873965,0.130523294858821,2.17892780272493,0.0688870680783358
-262.894660891792,-280.593476851807,4.06157860905981,-1.27521770082731,17.7710067157745,4.21868085873965,0.130523294858821,2.17892780272493,0.0688870680783358
-262.89419953536,-280.517763289568,4.06111725262798,-1.16140926107101,17.7710067157745,4.21868085873965,0.130523294858821,2.17892780272493,0.0688870680783358
-262.90499810197,-280.442713590538,4.07191581923749,-1.97980435903573,17.7710067157745,4.21868085873965,0.130523294858821,2.17892780272493,0.0688870680783358
-262.899111860125,-280.366821969217,4.06602957739272,-2.74695977731731,17.5346328144073,4.21868085873965,0.130523294858821,2.17892780272493,0.0688870680783358
-262.896240107185,-280.29325657306,4.06315782445316,-2.53878531242383,17.5346328144073,4.21868085873965,0.130523294858821,2.17892780272493,0.0688870680783358
-262.881483590495,-280.218628992498,4.04840130776324,-2.58344696375992,17.5346328144073,4.21868085873965,0.130523294858821,2.17892780272493,0.0688870680783358
-262.876518215803,-280.145106568915,4.04343593307088,-2.63962469775693,17.253119600296,4.21868085873965,0.130523294858821,2.17892780272493,0.0688870680783358
-262.86775590936,-280.071724823368,4.03467362662785,-3.14584683245744,17.253119600296,4.21868085873965,0.130523294858821,2.17892780272493,0.0688870680783358
-262.861256891029,-279.997968433818,4.02817460829746,-3.65111030205674,17.253119600296,4.21868085873965,0.130523294858821,2.17892780272493,0.0688870680783358
-262.863300532605,-279.926460270538,4.03021824987321,-4.01192827799417,17.253119600296,4.21868085873965,0.130523294858821,2.17892780272493,0.0688870680783358
-262.847484502458,-279.85454998856,4.01440221972566,-4.08268121141261,17.0868255023956,4.21868085873965,0.130523294858821,2.17892780272493,0.0688870680783358
-262.841963796615,-279.784427700977,4.00888151388296,-4.48981982167787,17.0868255023956,4.21868085873965,0.130523294858821,2.17892780272493,0.0688870680783358
-262.828836060445,-279.714594702557,3.9957537777135,-4.44150805544732,17.0868255023956,4.21868085873965,0.130523294858821,2.17892780272493,0.0688870680783358
-262.811021894172,-279.645586393274,3.97793961143972,-3.87490324935081,16.919566286087,4.21868085873965,0.130523294858821,2.17892780272493,0.0688870680783358
-262.817048382089,-279.57816806265,3.98396609935736,-4.17404769209854,16.919566286087,4.21868085873965,0.130523294858821,2.17892780272493,0.0688870680783358
-262.792989528654,-279.51091092348,3.95990724592182,-4.30017483754305,16.919566286087,4.21868085873965,0.130523294858821,2.17892780272493,0.0688870680783358
-262.801175344078,-279.444476129642,3.96809306134555,-4.21021536715785,16.6837645893097,4.21868085873965,0.130523294858821,2.17892780272493,0.0688870680783358
-262.793941758536,-279.378951958865,3.96085947580366,-4.25985274071828,16.6837645893097,4.21868085873965,0.130523294858821,2.17892780272493,0.0688870680783358
-262.77649295382,-279.314264923401,3.94341067108783,-4.47777649186197,16.6837645893097,4.21868085873965,0.130523294858821,2.17892780272493,0.0688870680783358
-262.779958215817,-279.250529420358,3.94687593308485,-4.62881131003502,16.4733458881378,4.21868085873965,0.130523294858821,2.17892780272493,0.0688870680783358
-262.771063793272,-279.188248863999,3.93798151054015,-4.15896103042754,16.4733458881378,4.21868085873965,0.130523294858821,2.17892780272493,0.0688870680783358
-262.757431623024,-279.126278026905,3.92434934029173,-4.02076515578325,16.4733458881378,4.21868085873965,0.130523294858821,2.17892780272493,0.0688870680783358
-262.74512214797,-279.065612916173,3.91203986523836,-4.46289416636634,16.4733458881378,4.21868085873965,0.130523294858821,2.17892780272493,0.0688870680783358
-262.730111851527,-279.005541809177,3.8970295687954,-4.00955077391574,16.3091498737335,4.21868085873965,0.130523294858821,2.17892780272493,0.0688870680783358
-262.744087330974,-278.947065152182,3.91100504824238,-3.73437254555105,16.3091498737335,4.21868085873965,0.130523294858821,2.17892780272493,0.0688870680783358
-262.729538388808,-278.889048557425,3.89645610607608,-4.1167734863352,16.3091498737335,4.21868085873965,0.130523294858821,2.17892780272493,0.0688870680783358
-262.710828431511,-278.831366626732,3.87774614877912,-4.04557410219554,16.1196662311554,4.21868085873965,0.130523294858821,2.17892780272493,0.0688870680783358
-262.710922037864,-278.774751699015,3.87783975513245,-4.31795077401154,16.1196662311554,4.21868085873965,0.130523294858821,2.17892780272493,0.0688870680783358
-262.698734260192,-278.718517589761,3.86565197745992,-3.92190205135218,16.1196662311554,4.21868085873965,0.130523294858821,2.17892780272493,0.0688870680783358
-262.685603465595,-278.663813458829,3.85252118286311,-4.08902128039625,15.9066850070953,4.21868085873965,0.130523294858821,2.17892780272493,0.0688870680783358
-262.665625753606,-278.609704800409,3.83254347087375,-4.16832070710056,15.9066850070953,4.21868085873965,0.130523294858821,2.17892780272493,0.0688870680783358
-262.681429046785,-278.556156452421,3.84834676405282,-3.84057409617733,15.9066850070953,4.21868085873965,0.130523294858821,2.17892780272493,0.0688870680783358
-262.682947344528,-278.503148545035,3.8498650617963,-4.49975089889296,15.9066850070953,4.21868085873965,0.130523294858821,2.17892780272493,0.0688870680783358
-262.663947677779,-278.45038901767,3.83086539504657,-4.2241157989206,15.7414628391266,4.21868085873965,0.130523294858821,2.17892780272493,0.0688870680783358
-262.653480975096,-278.398568083213,3.82039869236361,-4.62575682466658,15.7414628391266,4.21868085873965,0.130523294858821,2.17892780272493,0.0688870680783358
-262.641462750199,-278.346650421357,3.8083804674669,-4.2217312152813,15.7414628391266,4.21868085873965,0.130523294858821,2.17892780272493,0.0688870680783358
-262.651138038974,-278.295107806834,3.81805575624239,-3.47292676688526,15.5539246921539,4.21868085873965,0.130523294858821,2.17892780272493,0.0688870680783358
-262.634833723324,-278.24440102157,3.80175144059225,-3.66084430294017,15.5539246921539,4.21868085873965,0.130523294858821,2.17892780272493,0.0688870680783358
-262.624106465046,-278.193605605613,3.79102418231392,-4.26968046778188,15.5539246921539,4.21868085873965,0.130523294858821,2.17892780272493,0.0688870680783358
-262.615184052183,-278.143132780484,3.78210176945121,-4.54157589362989,15.3890591983795,4.21868085873965,0.130523294858821,2.17892780272493,0.0688870680783358
-262.60681286997,-278.092924828687,3.77373058723846,-3.84949849340369,15.3890591983795,4.21868085873965,0.130523294858821,2.17892780272493,0.0688870680783358
-262.603064752588,-278.042726630468,3.76998246985621,-3.88288248416441,15.3890591983795,4.21868085873965,0.130523294858821,2.17892780272493,0.0688870680783358
-262.584537852447,-277.992379294258,3.75145556971535,-4.03316409257798,15.3890591983795,4.21868085873965,0.130523294858821,2.17892780272493,0.0688870680783358
-262.582205119123,-277.942155180427,3.74912283639128,-3.8244594675912,15.2708741550446,4.21868085873965,0.130523294858821,2.17892780272493,0.0688870680783358
-262.581171291431,-277.891426209504,3.74808900869905,-3.68844543384805,15.2708741550446,4.21868085873965,0.130523294858821,2.17892780272493,0.0688870680783358
-262.564161069289,-277.840802733467,3.73107878655693,-3.62763942768605,15.2708741550446,4.21868085873965,0.130523294858821,2.17892780272493,0.0688870680783358
-262.55972301778,-277.790080634549,3.72664073504797,-3.90003307738355,15.1061440830231,4.21868085873965,0.130523294858821,2.17892780272493,0.0688870680783358
-262.552514607869,-277.738595977415,3.71943232513655,-3.8182343705045,15.1061440830231,4.21868085873965,0.130523294858821,2.17892780272493,0.0688870680783358
-262.545415934763,-277.687180012011,3.71233365203077,-3.95481765710449,15.1061440830231,4.21868085873965,0.130523294858821,2.17892780272493,0.0688870680783358
-262.546862403665,-277.635492919916,3.7137801209326,-3.8017436370639,14.9655915622711,4.21868085873965,0.130523294858821,2.17892780272493,0.0688870680783358
-262.538702083673,-277.583238547821,3.70561980094097,-3.66899750168588,14.9655915622711,4.21868085873965,0.130523294858821,2.17892780272493,0.0688870680783358
-262.52049295868,-277.530246756751,3.68741067594763,-3.62566615908136,14.9655915622711,4.21868085873965,0.130523294858821,2.17892780272493,0.0688870680783358
-262.519116354511,-277.476620124511,3.68603407177892,-3.49361795733739,14.9655915622711,4.21868085873965,0.130523294858821,2.17892780272493,0.0688870680783358
-262.51558815824,-277.422275538396,3.68250587550761,-3.22094092804839,14.8721524600983,4.21868085873965,0.130523294858821,2.17892780272493,0.0688870680783358
-262.516817293071,-277.367223020321,3.68373501033858,-3.07530636201324,14.8721524600983,4.21868085873965,0.130523294858821,2.17892780272493,0.0688870680783358
-262.502380278713,-277.311745414442,3.66929799598137,-3.46767324099979,14.8721524600983,4.21868085873965,0.130523294858821,2.17892780272493,0.0688870680783358
-262.499656132234,-277.255220259583,3.66657384950236,-3.07622400168585,14.7561742191315,4.21868085873965,0.130523294858821,2.17892780272493,0.0688870680783358
-262.493014747159,-277.198340565614,3.65993246442725,-2.96151462708653,14.7561742191315,4.21868085873965,0.130523294858821,2.17892780272493,0.0688870680783358
-262.492091084673,-277.139854398581,3.65900880194064,-3.09716607739141,14.7561742191315,4.21868085873965,0.130523294858821,2.17892780272493,0.0688870680783358
-262.470358280797,-277.081324088112,3.63727599806463,-3.02593771160783,14.7561742191315,4.21868085873965,0.130523294858821,2.17892780272493,0.0688870680783358
-262.471802450986,-277.021155874196,3.63872016825423,-2.87425386131429,14.638677728653,4.21868085873965,0.130523294858821,2.17892780272493,0.0688870680783358
-262.474001965386,-276.960030951878,3.64091968265368,-2.68544031024141,14.638677728653,4.21868085873965,0.130523294858821,2.17892780272493,0.0688870680783358
-262.463023412382,-276.899350970398,3.62994112965043,-2.10002967412034,14.638677728653,4.21868085873965,0.130523294858821,2.17892780272493,0.0688870680783358
-262.462538850033,-276.836789080134,3.62945656730063,-2.83107057398015,14.5436059360504,4.21868085873965,0.130523294858821,2.17892780272493,0.0688870680783358
-262.465079915522,-276.774069586694,3.6319976327896,-3.22631422735579,14.5436059360504,4.21868085873965,0.130523294858821,2.17892780272493,0.0688870680783358
-262.461745890924,-276.709820055352,3.6286636081922,-2.75688444074358,14.5436059360504,4.21868085873965,0.130523294858821,2.17892780272493,0.0688870680783358
-262.456253425241,-276.644401672964,3.62317114250926,-2.3616269991168,14.4011918430328,4.21868085873965,0.130523294858821,2.17892780272493,0.0688870680783358
-262.445056562062,-276.577559150378,3.6119742793298,-2.77694708896732,14.4011918430328,4.21868085873965,0.130523294858821,2.17892780272493,0.0688870680783358
-262.437826345101,-276.510888173555,3.6047440623686,-2.28398314031921,14.4011918430328,4.21868085873965,0.130523294858821,2.17892780272493,0.0688870680783358
-262.443740384657,-276.44271480897,3.61065810192496,-2.51472585876504,14.2117577915192,4.21868085873965,0.130523294858821,2.17892780272493,0.0688870680783358
-262.423930773332,-276.374574958086,3.59084849060048,-2.7208516555527,14.2117577915192,4.21868085873965,0.130523294858821,2.17892780272493,0.0688870680783358
-262.428377878729,-276.304618394909,3.59529559599675,-2.85751476677242,14.2117577915192,4.21868085873965,0.130523294858821,2.17892780272493,0.0688870680783358
-262.437447399758,-276.234306369377,3.60436511702605,-3.36849305068645,14.2117577915192,4.21868085873965,0.130523294858821,2.17892780272493,0.0688870680783358
-262.417911408042,-276.162371602948,3.58482912531,-3.50307067483793,14.0470487003326,4.21868085873965,0.130523294858821,2.17892780272493,0.0688870680783358
-262.417675403218,-276.090918567657,3.5845931204857,-3.4006286854939,14.0470487003326,4.21868085873965,0.130523294858821,2.17892780272493,0.0688870680783358
-262.409751531103,-276.018398244802,3.57666924837113,-3.60182970199317,14.0470487003326,4.21868085873965,0.130523294858821,2.17892780272493,0.0688870680783358
-262.395952710918,-275.945433672806,3.5628704281862,-3.10956721979237,13.8351746921539,4.21868085873965,0.130523294858821,2.17892780272493,0.0688870680783358
-262.395108392602,-275.871198831828,3.56202610987033,-3.45549986595548,13.8351746921539,4.21868085873965,0.130523294858821,2.17892780272493,0.0688870680783358
-262.391433299056,-275.797404739807,3.55835101632351,-3.57857313241381,13.8351746921539,4.21868085873965,0.130523294858821,2.17892780272493,0.0688870680783358
-262.381579413774,-275.722854472124,3.54849713104227,-4.118523897619,13.5750848178864,4.21868085873965,0.130523294858821,2.17892780272493,0.0688870680783358
-262.368651902867,-275.647958731381,3.53556962013496,-4.30817171596135,13.5750848178864,4.21868085873965,0.130523294858821,2.17892780272493,0.0688870680783358
-262.357669805897,-275.572080374591,3.52458752316476,-4.09882823782906,13.5750848178864,4.21868085873965,0.130523294858821,2.17892780272493,0.0688870680783358
-262.3532735942,-275.497412734565,3.52019131146847,-4.53833271063494,13.5750848178864,4.21868085873965,0.130523294858821,2.17892780272493,0.0688870680783358
-262.342454962893,-275.421119603876,3.50937268016077,-4.24491592272256,13.3626519565582,4.21868085873965,0.130523294858821,2.17892780272493,0.0688870680783358
-262.334143865894,-275.346457760312,3.50106158316249,-4.32363657144671,13.3626519565582,4.21868085873965,0.130523294858821,2.17892780272493,0.0688870680783358
-262.335768770947,-275.271000571716,3.50268648821533,-4.98823091698918,13.3626519565582,4.21868085873965,0.130523294858821,2.17892780272493,0.0688870680783358
-262.31568227144,-275.196758597859,3.48259998870837,-4.84293482400707,13.1727620487213,4.21868085873965,0.130523294858821,2.17892780272493,0.0688870680783358
-262.302786290416,-275.121816348791,3.46970400768448,-4.88391680288557,13.1727620487213,4.21868085873965,0.130523294858821,2.17892780272493,0.0688870680783358
-262.299660438791,-275.046361799758,3.46657815605933,-5.39782544943755,13.1727620487213,4.21868085873965,0.130523294858821,2.17892780272493,0.0688870680783358
-262.289655062497,-274.972929322813,3.45657277976547,-5.17357359519226,12.9820729618073,4.21868085873965,0.130523294858821,2.17892780272493,0.0688870680783358
-262.284041991144,-274.900228490685,3.45095970841203,-4.77057050663306,12.9820729618073,4.21868085873965,0.130523294858821,2.17892780272493,0.0688870680783358
-262.275163278059,-274.828177108245,3.4420809953275,-5.10674882128624,12.9820729618073,4.21868085873965,0.130523294858821,2.17892780272493,0.0688870680783358
-262.269382843248,-274.756764482246,3.43630056051641,-6.01423905955798,12.9820729618073,4.21868085873965,0.130523294858821,2.17892780272493,0.0688870680783358
-262.247273581151,-274.685193605541,3.41419129841924,-5.93425275901657,12.7444592838287,4.21868085873965,0.130523294858821,2.17892780272493,0.0688870680783358
-262.233802407062,-274.617467761117,3.40072012432968,-5.48801338490047,12.7444592838287,4.21868085873965,0.130523294858821,2.17892780272493,0.0688870680783358
-262.238515058812,-274.549607932676,3.40543277608035,-5.43828095034806,12.7444592838287,4.21868085873965,0.130523294858821,2.17892780272493,0.0688870680783358
-262.222300690421,-274.483226411607,3.38921840768858,-5.21707174732725,12.4375382785797,4.21868085873965,0.130523294858821,2.17892780272493,0.0688870680783358
-262.21218262329,-274.418110910763,3.37910034055761,-5.5542826615539,12.4375382785797,4.21868085873965,0.130523294858821,2.17892780272493,0.0688870680783358
-262.196355631066,-274.355104529912,3.36327334833436,-6.4597882853106,12.4375382785797,4.21868085873965,0.130523294858821,2.17892780272493,0.0688870680783358
-262.187720441235,-274.292886129556,3.35463815850301,-6.39858304662938,12.1785470371246,4.21868085873965,0.130523294858821,2.17892780272493,0.0688870680783358
-262.183432275805,-274.233937110246,3.35034999307271,-5.71041855993262,12.1785470371246,4.21868085873965,0.130523294858821,2.17892780272493,0.0688870680783358
-262.164926171471,-274.176309260409,3.33184388873858,-5.8211992506683,12.1785470371246,4.21868085873965,0.130523294858821,2.17892780272493,0.0688870680783358
-262.158287434607,-274.121052140873,3.32520515187545,-6.14778254241962,12.1785470371246,4.21868085873965,0.130523294858821,2.17892780272493,0.0688870680783358
-262.145034081168,-274.067780550721,3.31195179843591,-6.26571259184461,11.9426633243561,4.21868085873965,0.130523294858821,2.17892780272493,0.0688870680783358
-262.138348789072,-274.017798482171,3.30526650634005,-5.97142865721639,11.9426633243561,4.21868085873965,0.130523294858821,2.17892780272493,0.0688870680783358
-262.118045747951,-273.969443727656,3.28496346521878,-5.92476977783886,11.9426633243561,4.21868085873965,0.130523294858821,2.17892780272493,0.0688870680783358
-262.10975667778,-273.924669503862,3.2766743950477,-5.91038834143444,11.6612225894928,4.21868085873965,0.130523294858821,2.17892780272493,0.0688870680783358
-262.100397878286,-273.882075808556,3.26731559555354,-5.94258938780527,11.6612225894928,4.21868085873965,0.130523294858821,2.17892780272493,0.0688870680783358
-262.078775116297,-273.842605812575,3.24569283356468,-6.27293305315031,11.6612225894928,4.21868085873965,0.130523294858821,2.17892780272493,0.0688870680783358
-262.081032385758,-273.806117008407,3.24795010302559,-6.65313387700979,11.4960519199371,4.21868085873965,0.130523294858821,2.17892780272493,0.0688870680783358
-262.070806222267,-273.772868403288,3.23772393953459,-6.42169537743307,11.4960519199371,4.21868085873965,0.130523294858821,2.17892780272493,0.0688870680783358
-262.037077023009,-273.742864181354,3.20399474027699,-5.84236000766427,11.4960519199371,4.21868085873965,0.130523294858821,2.17892780272493,0.0688870680783358
-262.037186278312,-273.716504687791,3.20410399557958,-5.04006673711485,11.4960519199371,4.21868085873965,0.130523294858821,2.17892780272493,0.0688870680783358
-262.029636235879,-273.693454437668,3.19655395314711,-5.42948178879559,11.3322411899567,4.21868085873965,0.130523294858821,2.17892780272493,0.0688870680783358
-262.015595103629,-273.674110508353,3.18251282089749,-5.6295933421758,11.3322411899567,4.21868085873965,0.130523294858821,2.17892780272493,0.0688870680783358
-262.002940945472,-273.658424654635,3.16985866273983,-5.9522673734974,11.3322411899567,4.21868085873965,0.130523294858821,2.17892780272493,0.0688870680783358
-262.003622778898,-273.646449633619,3.17054049616616,-5.24607743768212,11.2174054508209,4.21868085873965,0.130523294858821,2.17892780272493,0.0688870680783358
-261.984516449189,-273.638346311539,3.15143416645675,-4.52837565518154,11.2174054508209,4.21868085873965,0.130523294858821,2.17892780272493,0.0688870680783358
-261.976446577766,-273.634247585035,3.14336429503403,-4.30171304733636,11.2174054508209,4.21868085873965,0.130523294858821,2.17892780272493,0.0688870680783358
-261.975578195566,-273.634186155204,3.14249591283416,-4.50127818478118,11.2178212528229,4.21868085873965,0.130523294858821,2.17892780272493,0.0688870680783358
-261.962673509426,-273.638238606187,3.12959122669421,-3.96337639218031,11.2178212528229,4.21868085873965,0.130523294858821,2.17892780272493,0.0688870680783358
-261.958489261391,-273.646452479317,3.12540697865871,-3.66798048641764,11.2178212528229,4.21868085873965,0.130523294858821,2.17892780272493,0.0688870680783358
-261.948238618879,-273.658871090137,3.11515633614706,-3.53172292246212,11.2178212528229,4.21868085873965,0.130523294858821,2.17892780272493,0.0688870680783358
-261.932761255608,-273.675902095653,3.09967897287572,-3.17101315248306,11.3091927890778,4.21868085873965,0.130523294858821,2.17892780272493,0.0688870680783358
-261.937154948269,-273.696691779524,3.10407266553692,-2.41022249713923,11.3091927890778,4.21868085873965,0.130523294858821,2.17892780272493,0.0688870680783358
-261.930758270107,-273.722018993739,3.0976759873747,-2.26165318116666,11.3091927890778,4.21868085873965,0.130523294858821,2.17892780272493,0.0688870680783358
-261.92578679102,-273.7517727952,3.09270450828797,-1.20498095619644,11.4284764652252,4.21868085873965,0.130523294858821,2.17892780272493,0.0688870680783358
-261.927592320999,-273.786306670654,3.09451003826655,-0.88572764232503,11.4284764652252,4.21868085873965,0.130523294858821,2.17892780272493,0.0688870680783358
-261.927347898738,-273.825062977951,3.0942656160059,-0.80026990209737,11.4284764652252,4.21868085873965,0.130523294858821,2.17892780272493,0.0688870680783358
-261.932757356342,-273.867756412528,3.0996750736102,0.135214907010782,11.6617738132477,4.21868085873965,0.130523294858821,2.17892780272493,0.0688870680783358
-261.922319026992,-273.915178961656,3.08923674426015,0.222659445333122,11.6617738132477,4.21868085873965,0.130523294858821,2.17892780272493,0.0688870680783358
-261.936909283014,-273.967417802278,3.10382700028161,1.49863762721584,11.6617738132477,4.21868085873965,0.130523294858821,2.17892780272493,0.0688870680783358
-261.931002011715,-274.023460348167,3.09791972898343,1.57444802859616,11.6617738132477,4.21868085873965,0.130523294858821,2.17892780272493,0.0688870680783358
-261.943516333435,-274.084863326572,3.11043405070277,3.17066753298211,11.9672833805084,4.21868085873965,0.130523294858821,2.17892780272493,0.0688870680783358
-261.945297561346,-274.149544198391,3.11221527861388,4.0798843987416,11.9672833805084,4.21868085873965,0.130523294858821,2.17892780272493,0.0688870680783358
-261.946694810616,-274.219460802832,3.11361252788428,4.44123664888068,11.9672833805084,4.21868085873965,0.130523294858821,2.17892780272493,0.0688870680783358
-261.95009362109,-274.29305849275,3.11701133835796,5.51131771913956,12.2732335453033,4.21868085873965,0.130523294858821,2.17892780272493,0.0688870680783358
-261.965383735792,-274.371465842364,3.13230145305982,6.77067179395568,12.2732335453033,4.21868085873965,0.130523294858821,2.17892780272493,0.0688870680783358
-261.985623046209,-274.453731282696,3.15254076347671,7.19276796045457,12.2732335453033,4.21868085873965,0.130523294858821,2.17892780272493,0.0688870680783358
-261.987536523691,-274.540937992496,3.15445424095856,6.67756422422291,12.5334550266266,4.21868085873965,0.130523294858821,2.17892780272493,0.0688870680783358
-261.993884168883,-274.630477483873,3.1608018861512,5.21172782923902,12.5334550266266,4.21868085873965,0.130523294858821,2.17892780272493,0.0688870680783358
-262.025366512538,-274.72521287608,3.19228422980594,5.41835171189059,12.5334550266266,4.21868085873965,0.130523294858821,2.17892780272493,0.0688870680783358
-262.032842775818,-274.823888870441,3.19976049308568,6.06611027376678,12.5334550266266,4.21868085873965,0.130523294858821,2.17892780272493,0.0688870680783358
-262.029896843134,-274.926302386844,3.19681456040183,5.77116612750453,12.7265664463043,4.21868085873965,0.130523294858821,2.17892780272493,0.0688870680783358
-262.050898604041,-275.031123227991,3.21781632130946,5.70311797696641,12.7265664463043,4.21868085873965,0.130523294858821,2.17892780272493,0.0688870680783358
-262.053572880265,-275.140621336881,3.22049059753265,5.71181894813578,12.7265664463043,4.21868085873965,0.130523294858821,2.17892780272493,0.0688870680783358
-262.061632474098,-275.253467157574,3.22855019136609,5.34593571571476,12.9197884922028,4.21868085873965,0.130523294858821,2.17892780272493,0.0688870680783358
-262.073364813503,-275.369669564898,3.2402825307713,4.56172587363554,12.9197884922028,4.21868085873965,0.130523294858821,2.17892780272493,0.0688870680783358
-262.089756443336,-275.490084896785,3.25667416060377,4.88096286897293,12.9197884922028,4.21868085873965,0.130523294858821,2.17892780272493,0.0688870680783358
-262.108752294237,-275.613589690865,3.27567001150531,5.29818065512098,13.1816064243317,4.21868085873965,0.130523294858821,2.17892780272493,0.0688870680783358
-262.101598596352,-275.73820563399,3.26851631362002,5.16379063115397,13.1816064243317,4.21868085873965,0.130523294858821,2.17892780272493,0.0688870680783358
-262.108398184936,-275.867285605888,3.27531590220409,4.97292503560552,13.1816064243317,4.21868085873965,0.130523294858821,2.17892780272493,0.0688870680783358
-262.128009891847,-275.998212620589,3.29492760911487,5.24601627125987,13.1816064243317,4.21868085873965,0.130523294858821,2.17892780272493,0.0688870680783358
-262.121665449472,-276.132021884869,3.28858316674036,4.9474628990562,13.4644929294586,4.21868085873965,0.130523294858821,2.17892780272493,0.0688870680783358
-262.13411593279,-276.267315718134,3.30103365005824,4.87427067940856,13.4644929294586,4.21868085873965,0.130523294858821,2.17892780272493,0.0688870680783358
-262.138469370993,-276.405533796113,3.30538708826095,5.10967375816033,13.4644929294586,4.21868085873965,0.130523294858821,2.17892780272493,0.0688870680783358
-262.156549621812,-276.546257227777,3.32346733907979,5.30528744361682,13.8626500492096,4.21868085873965,0.130523294858821,2.17892780272493,0.0688870680783358
-262.155973967073,-276.688378602907,3.32289168434058,5.5925113062757,13.8626500492096,4.21868085873965,0.130523294858821,2.17892780272493,0.0688870680783358
-262.175774251707,-276.831671593291,3.34269196897469,6.08599309366675,13.8626500492096,4.21868085873965,0.130523294858821,2.17892780272493,0.0688870680783358
-262.177328046077,-276.978206705258,3.34424576334519,6.86187297911661,14.330494058609,4.21868085873965,0.130523294858821,2.17892780272493,0.0688870680783358
-262.18681848857,-277.123847413334,3.35373620583773,7.43815485178683,14.330494058609,4.21868085873965,0.130523294858821,2.17892780272493,0.0688870680783358
-262.2074935126,-277.274847557576,3.3744112298677,7.68233669579773,14.330494058609,4.21868085873965,0.130523294858821,2.17892780272493,0.0688870680783358
-262.208736364762,-277.421976098815,3.37565408203028,7.89547422154655,14.330494058609,4.21868085873965,0.130523294858821,2.17892780272493,0.0688870680783358
-262.232504859094,-277.571006865575,3.39942257636217,7.69029978058562,14.8701497440338,4.21868085873965,0.130523294858821,2.17892780272493,0.0688870680783358
-262.252307885749,-277.719653960067,3.41922560301672,8.42735199711707,14.8701497440338,4.21868085873965,0.130523294858821,2.17892780272493,0.0688870680783358
-262.268636520132,-277.870508419112,3.43555423740011,9.44445703847054,14.8701497440338,4.21868085873965,0.130523294858821,2.17892780272493,0.0688870680783358
-262.288562897164,-278.021232949283,3.4554806144324,9.08147271409828,15.4352971439362,4.21868085873965,0.130523294858821,2.17892780272493,0.0688870680783358
-262.310113813628,-278.17199582892,3.47703153089612,10.4482518823708,15.4352971439362,4.21868085873965,0.130523294858821,2.17892780272493,0.0688870680783358
-262.328836657183,-278.322355543143,3.49575437445121,11.1602030889102,15.4352971439362,4.21868085873965,0.130523294858821,2.17892780272493,0.0688870680783358
-262.358211951629,-278.472177781416,3.52512966889718,10.6252272325024,15.9562932376862,4.21868085873965,0.130523294858821,2.17892780272493,0.0688870680783358
-262.371830296256,-278.621846097331,3.53874801352394,10.9969621479915,15.9562932376862,4.21868085873965,0.130523294858821,2.17892780272493,0.0688870680783358
-262.395576483162,-278.77171602374,3.56249420042998,11.84226155584,15.9562932376862,4.21868085873965,0.130523294858821,2.17892780272493,0.0688870680783358
-262.407599222688,-278.919559182857,3.57451693995597,11.8839436358687,15.9562932376862,4.21868085873965,0.130523294858821,2.17892780272493,0.0688870680783358
-262.440689968858,-279.067411122873,3.60760768612567,11.8521846925607,16.4517318134308,4.21868085873965,0.130523294858821,2.17892780272493,0.0688870680783358
-262.461255339024,-279.212535516085,3.62817305629215,11.0325027559381,16.4517318134308,4.21868085873965,0.130523294858821,2.17892780272493,0.0688870680783358
-262.478753198198,-279.356793485933,3.64567091546647,12.0618653079456,16.4517318134308,4.21868085873965,0.130523294858821,2.17892780272493,0.0688870680783358
-262.503162961767,-279.498872985265,3.67008067903479,11.39230653898,17.0190268878937,4.21868085873965,0.130523294858821,2.17892780272493,0.0688870680783358
-262.519996811808,-279.639535974105,3.6869145290756,12.1966282706457,17.0190268878937,4.21868085873965,0.130523294858821,2.17892780272493,0.0688870680783358
-262.534467464618,-279.778611116498,3.70138518188573,12.2054322164121,17.0190268878937,4.21868085873965,0.130523294858821,2.17892780272493,0.0688870680783358
-262.560113368792,-279.914571346231,3.72703108606037,11.3820308325224,17.4677077655792,4.21868085873965,0.130523294858821,2.17892780272493,0.0688870680783358
-262.595058404293,-280.048775737368,3.76197612156048,11.0371156309688,17.4677077655792,4.21868085873965,0.130523294858821,2.17892780272493,0.0688870680783358
-262.60950831516,-280.180723992194,3.776426032428,10.6858146548795,17.4677077655792,4.21868085873965,0.130523294858821,2.17892780272493,0.0688870680783358
-262.638930344248,-280.309531556285,3.80584806151613,11.7457577902608,17.4677077655792,4.21868085873965,0.130523294858821,2.17892780272493,0.0688870680783358
-262.648689816701,-280.43771393183,3.81560753396948,10.624045768653,17.9861174945831,4.21868085873965,0.130523294858821,2.17892780272493,0.0688870680783358
-262.679786002687,-280.559178989259,3.8467037199546,10.2824456780492,17.9861174945831,4.21868085873965,0.130523294858821,2.17892780272493,0.0688870680783358
-262.689022732964,-280.679992901845,3.85594045023213,10.9271873584596,17.9861174945831,4.21868085873965,0.130523294858821,2.17892780272493,0.0688870680783358
-262.708443394534,-280.796795640093,3.87536111180209,10.4870637272064,18.4126311664581,4.21868085873965,0.130523294858821,2.17892780272493,0.0688870680783358
-262.741692797061,-280.910006628,3.9086105143285,9.93002769009162,18.4126311664581,4.21868085873965,0.130523294858821,2.17892780272493,0.0688870680783358
-262.752099324889,-281.021082087247,3.91901704215702,10.633232121871,18.4126311664581,4.21868085873965,0.130523294858821,2.17892780272493,0.0688870680783358
-262.781074385387,-281.127279388392,3.94799210265495,10.7098808068081,18.8372489337921,4.21868085873965,0.130523294858821,2.17892780272493,0.0688870680783358
-262.777379137032,-281.230224112362,3.94429685430003,9.82607798061,18.8372489337921,4.21868085873965,0.130523294858821,2.17892780272493,0.0688870680783358
-262.800947634495,-281.329283674416,3.96786535176347,9.99597357650122,18.8372489337921,4.21868085873965,0.130523294858821,2.17892780272493,0.0688870680783358
-262.82370411474,-281.424643052485,3.99062183200799,10.0659722926143,18.8372489337921,4.21868085873965,0.130523294858821,2.17892780272493,0.0688870680783358
-262.845692757475,-281.51650208276,4.01261047474288,9.68266183695427,19.191107881546,4.21868085873965,0.130523294858821,2.17892780272493,0.0688870680783358
-262.866352856739,-281.603049010441,4.03327057400688,8.82716964135431,19.191107881546,4.21868085873965,0.130523294858821,2.17892780272493,0.0688870680783358
-262.880109238497,-281.68674640776,4.04702695576536,8.53412124778997,19.191107881546,4.21868085873965,0.130523294858821,2.17892780272493,0.0688870680783358
-262.895796230392,-281.765757135731,4.06271394766033,8.4870724986186,19.4981833820343,4.21868085873965,0.130523294858821,2.17892780272493,0.0688870680783358
-262.912950197753,-281.840312694951,4.07986791502074,8.3800630463997,19.4981833820343,4.21868085873965,0.130523294858821,2.17892780272493,0.0688870680783358
-262.924237029789,-281.91082214389,4.09115474705679,8.76908583966608,19.4981833820343,4.21868085873965,0.130523294858821,2.17892780272493,0.0688870680783358
-262.952435680372,-281.977381157013,4.1193533976398,8.66882166956968,19.7582198505402,4.21868085873965,0.130523294858821,2.17892780272493,0.0688870680783358
-262.971806956028,-282.038637028409,4.13872467329618,7.80321719289539,19.7582198505402,4.21868085873965,0.130523294858821,2.17892780272493,0.0688870680783358
-262.978209576901,-282.096152522077,4.14512729416888,7.26494917381597,19.7582198505402,4.21868085873965,0.130523294858821,2.17892780272493,0.0688870680783358
-262.990929519422,-282.149067798256,4.15784723669049,7.36018511082629,19.7582198505402,4.21868085873965,0.130523294858821,2.17892780272493,0.0688870680783358
-263.004940313595,-282.197495389099,4.17185803086284,6.76904761656926,19.9937011127472,4.21868085873965,0.130523294858821,2.17892780272493,0.0688870680783358
-263.004463572644,-282.241372014804,4.17138128991218,6.40910275800976,19.9937011127472,4.21868085873965,0.130523294858821,2.17892780272493,0.0688870680783358
-263.014056656731,-282.280911882243,4.18097437399895,6.38559045805709,19.9937011127472,4.21868085873965,0.130523294858821,2.17892780272493,0.0688870680783358
-263.045032815545,-282.315961385569,4.21195053281276,5.52739402463134,20.0874472980499,4.21868085873965,0.130523294858821,2.17892780272493,0.0688870680783358
-263.042740759596,-282.346833468806,4.20965847686394,5.54261741936076,20.0874472980499,4.21868085873965,0.130523294858821,2.17892780272493,0.0688870680783358
-263.058677480457,-282.373096426295,4.22559519772453,5.51256757848226,20.0874472980499,4.21868085873965,0.130523294858821,2.17892780272493,0.0688870680783358
-263.070801629115,-282.395065775528,4.23771934638323,4.87184735996625,20.0661765460968,4.21868085873965,0.130523294858821,2.17892780272493,0.0688870680783358
-263.082463144396,-282.412689014434,4.24938086166404,3.95072746765114,20.0661765460968,4.21868085873965,0.130523294858821,2.17892780272493,0.0688870680783358
-263.078237202837,-282.426136234965,4.24515492010547,3.38327410191697,20.0661765460968,4.21868085873965,0.130523294858821,2.17892780272493,0.0688870680783358
-263.090456691451,-282.435145813623,4.25737440871876,3.57559302016498,20.0661765460968,4.21868085873965,0.130523294858821,2.17892780272493,0.0688870680783358
-263.091261201863,-282.44006415418,4.25817891913055,3.13243125069716,19.877257478714,4.21868085873965,0.130523294858821,2.17892780272493,0.0688870680783358
-263.107547616946,-282.440857462669,4.27446533421355,2.3707389629846,19.877257478714,4.21868085873965,0.130523294858821,2.17892780272493,0.0688870680783358
-263.098807971296,-282.437615249413,4.26572568856382,1.0966827729428,19.877257478714,4.21868085873965,0.130523294858821,2.17892780272493,0.0688870680783358
-263.109155199082,-282.43039716369,4.27607291635046,-0.243100392454642,19.5711165790558,4.21868085873965,0.130523294858821,2.17892780272493,0.0688870680783358
-263.107120723894,-282.41924983567,4.27403844116203,-1.04142812353288,19.5711165790558,4.21868085873965,0.130523294858821,2.17892780272493,0.0688870680783358
-263.108989343779,-282.404252720836,4.2759070610468,-1.12102892576358,19.5711165790558,4.21868085873965,0.130523294858821,2.17892780272493,0.0688870680783358
-263.101559757089,-282.385622823039,4.26847747435699,-0.735216059519683,19.1948577289581,4.21868085873965,0.130523294858821,2.17892780272493,0.0688870680783358
-263.111736669135,-282.36332117261,4.2786543864034,-2.68150413879001,19.1948577289581,4.21868085873965,0.130523294858821,2.17892780272493,0.0688870680783358
-263.078768706012,-282.337397564816,4.24568642328033,-4.72349583996832,19.1948577289581,4.21868085873965,0.130523294858821,2.17892780272493,0.0688870680783358
-263.089532998059,-282.308161768588,4.25645071532688,-4.5172145394405,19.1948577289581,4.21868085873965,0.130523294858821,2.17892780272493,0.0688870680783358
-263.072839510991,-282.275431670891,4.23975722825903,-5.3833622743506,18.7511168842316,4.21868085873965,0.130523294858821,2.17892780272493,0.0688870680783358
-263.068194733764,-282.240220112992,4.23511245103175,-6.11288392288132,18.7511168842316,4.21868085873965,0.130523294858821,2.17892780272493,0.0688870680783358
-263.047207879146,-282.201445883222,4.21412559641443,-7.10722323017587,18.7511168842316,4.21868085873965,0.130523294858821,2.17892780272493,0.0688870680783358
-263.042260282511,-282.159397709202,4.2091779997791,-6.86255651768009,18.4911872272491,4.21868085873965,0.130523294858821,2.17892780272493,0.0688870680783358
-263.027701066472,-282.114569223016,4.19461878373978,-6.13581119399291,18.4911872272491,4.21868085873965,0.130523294858821,2.17892780272493,0.0688870680783358
-263.018476786208,-282.067335992145,4.18539450347594,-5.65569048499206,18.4911872272491,4.21868085873965,0.130523294858821,2.17892780272493,0.0688870680783358
-263.012078365916,-282.017407475424,4.17899608318395,-5.31268320465005,18.3215133075714,4.21868085873965,0.130523294858821,2.17892780272493,0.0688870680783358
-262.993086631583,-281.965264642835,4.16000434885128,-5.46434128388785,18.3215133075714,4.21868085873965,0.130523294858821,2.17892780272493,0.0688870680783358
-262.977799523472,-281.910141038397,4.14471724074006,-5.03933309022869,18.3215133075714,4.21868085873965,0.130523294858821,2.17892780272493,0.0688870680783358
-262.970319723708,-281.853202418728,4.13723744097583,-4.86674341219591,18.3215133075714,4.21868085873965,0.130523294858821,2.17892780272493,0.0688870680783358
-262.967828168491,-281.794038477559,4.13474588575863,-4.55670412002389,18.2704306964874,4.21868085873965,0.130523294858821,2.17892780272493,0.0688870680783358
-262.945962504863,-281.732994949888,4.11288022213085,-4.62659759919981,18.2704306964874,4.21868085873965,0.130523294858821,2.17892780272493,0.0688870680783358
-262.939167530019,-281.670088355409,4.10608524728706,-4.44580649295556,18.2704306964874,4.21868085873965,0.130523294858821,2.17892780272493,0.0688870680783358
-262.947861838236,-281.605212446045,4.11477955550399,-3.52065077918833,18.2882491474152,4.21868085873965,0.130523294858821,2.17892780272493,0.0688870680783358
-262.936964639923,-281.539236553082,4.10388235719089,-3.30960310522177,18.2882491474152,4.21868085873965,0.130523294858821,2.17892780272493,0.0688870680783358
-262.924316288655,-281.47146668821,4.09123400592287,-3.68663722768241,18.2882491474152,4.21868085873965,0.130523294858821,2.17892780272493,0.0688870680783358
-262.916035409727,-281.402350066625,4.08295312699553,-3.40658128149789,18.238413942337,4.21868085873965,0.130523294858821,2.17892780272493,0.0688870680783358
-262.916318395823,-281.332830087485,4.08323611309125,-2.09329361170024,18.238413942337,4.21868085873965,0.130523294858821,2.17892780272493,0.0688870680783358
-262.923154943453,-281.261443920719,4.09007266072109,-1.68597870318367,18.238413942337,4.21868085873965,0.130523294858821,2.17892780272493,0.0688870680783358
-262.920503356565,-281.189457456511,4.08742107383292,-1.87558493027318,18.238413942337,4.21868085873965,0.130523294858821,2.17892780272493,0.0688870680783358
-262.911337551557,-281.116182972035,4.07825526882533,-1.48329638180095,18.1217643146515,4.21868085873965,0.130523294858821,2.17892780272493,0.0688870680783358
-262.904206457083,-281.042853958469,4.07112417435135,-0.811520149928363,18.1217643146515,4.21868085873965,0.130523294858821,2.17892780272493,0.0688870680783358
-262.900823594572,-280.968777105606,4.06774131183979,-0.841221862950685,18.1217643146515,4.21868085873965,0.130523294858821,2.17892780272493,0.0688870680783358
-262.906087503212,-280.894150789747,4.07300522048037,-0.521410119650046,17.9565993671417,4.21868085873965,0.130523294858821,2.17892780272493,0.0688870680783358
-262.912488909031,-280.819280611228,4.07940662629902,-0.945130668456646,17.9565993671417,4.21868085873965,0.130523294858821,2.17892780272493,0.0688870680783358
-262.90030287129,-280.744157339514,4.06722058855796,-1.19408868422803,17.9565993671417,4.21868085873965,0.130523294858821,2.17892780272493,0.0688870680783358
-262.910597270425,-280.66837121077,4.07751498769299,-1.49488697509701,17.768427980423,4.21868085873965,0.130523294858821,2.17892780272493,0.0688870680783358
-262.893323867673,-280.59344090612,4.06024158494106,-1.16680740417644,17.768427980423,4.21868085873965,0.130523294858821,2.17892780272493,0.0688870680783358
-262.895193200392,-280.517556873359,4.06211091766001,-1.53393085314497,17.768427980423,4.21868085873965,0.130523294858821,2.17892780272493,0.0688870680783358
-262.896934699449,-280.44257035274,4.06385241671681,-2.4294863949157,17.768427980423,4.21868085873965,0.130523294858821,2.17892780272493,0.0688870680783358
-262.89190259057,-280.367535553121,4.05882030783816,-2.228006560449,17.5090743427277,4.21868085873965,0.130523294858821,2.17892780272493,0.0688870680783358
-262.886167426098,-280.293363114346,4.05308514336583,-2.28697724808801,17.5090743427277,4.21868085873965,0.130523294858821,2.17892780272493,0.0688870680783358
-262.885106130423,-280.218708440104,4.05202384769132,-2.58815877412976,17.5090743427277,4.21868085873965,0.130523294858821,2.17892780272493,0.0688870680783358
-262.873859352013,-280.145255638019,4.0407770692808,-3.25929575761372,17.2750846271515,4.21868085873965,0.130523294858821,2.17892780272493,0.0688870680783358
-262.869457041776,-280.071803140774,4.036374759044,-3.72834668298036,17.2750846271515,4.21868085873965,0.130523294858821,2.17892780272493,0.0688870680783358
-262.865317641477,-279.999133151096,4.03223535874514,-3.74280128653236,17.2750846271515,4.21868085873965,0.130523294858821,2.17892780272493,0.0688870680783358
-262.866238250037,-279.926981661021,4.03315596730552,-3.62343982018067,17.086730134964,4.21868085873965,0.130523294858821,2.17892780272493,0.0688870680783358
-262.855610519314,-279.855793735513,4.02252823658172,-3.78915109617718,17.086730134964,4.21868085873965,0.130523294858821,2.17892780272493,0.0688870680783358
-262.845050547329,-279.784544869838,4.01196826459654,-4.22346434559172,17.086730134964,4.21868085873965,0.130523294858821,2.17892780272493,0.0688870680783358
-262.827511291176,-279.714354793122,3.9944290084441,-4.37524177202224,17.086730134964,4.21868085873965,0.130523294858821,2.17892780272493,0.0688870680783358
-262.823726602411,-279.645913310567,3.99064431967894,-3.57318831627219,16.9223815326691,4.21868085873965,0.130523294858821,2.17892780272493,0.0688870680783358
-262.807662008269,-279.578151922205,3.97457972553694,-3.84672133913698,16.9223815326691,4.21868085873965,0.130523294858821,2.17892780272493,0.0688870680783358
-262.797504629614,-279.510679974009,3.96442234688221,-3.97952112289817,16.9223815326691,4.21868085873965,0.130523294858821,2.17892780272493,0.0688870680783358
-262.790863305647,-279.444703942498,3.95778102291461,-4.17513282164713,16.6881858234406,4.21868085873965,0.130523294858821,2.17892780272493,0.0688870680783358
-262.779360853591,-279.378913232206,3.94627857085866,-4.04552378108316,16.6881858234406,4.21868085873965,0.130523294858821,2.17892780272493,0.0688870680783358
-262.780790601105,-279.314822258113,3.94770831837271,-4.26696404874251,16.6881858234406,4.21868085873965,0.130523294858821,2.17892780272493,0.0688870680783358
-262.767515487743,-279.250822821031,3.93443320501097,-4.59590552891905,16.5006019001007,4.21868085873965,0.130523294858821,2.17892780272493,0.0688870680783358
-262.762025312709,-279.188597272819,3.92894302997671,-4.37836117860055,16.5006019001007,4.21868085873965,0.130523294858821,2.17892780272493,0.0688870680783358
-262.749869442555,-279.126781911052,3.91678715982285,-4.41973396354971,16.5006019001007,4.21868085873965,0.130523294858821,2.17892780272493,0.0688870680783358
-262.747984017141,-279.065893488316,3.91490173440873,-4.22946918158554,16.5006019001007,4.21868085873965,0.130523294858821,2.17892780272493,0.0688870680783358
-262.73660738111,-279.005329204516,3.90352509837799,-3.94002336351472,16.3120643024445,4.21868085873965,0.130523294858821,2.17892780272493,0.0688870680783358
-262.724258937228,-278.94717689546,3.89117665449629,-4.20920694282325,16.3120643024445,4.21868085873965,0.130523294858821,2.17892780272493,0.0688870680783358
-262.735525145137,-278.888676893813,3.90244286240526,-4.39269017843657,16.3120643024445,4.21868085873965,0.130523294858821,2.17892780272493,0.0688870680783358
-262.724783617567,-278.831339487894,3.89170133483535,-4.00879443466297,16.0766898517609,4.21868085873965,0.130523294858821,2.17892780272493,0.0688870680783358
-262.70048746327,-278.774745008123,3.86740518053824,-4.15628155762032,16.0766898517609,4.21868085873965,0.130523294858821,2.17892780272493,0.0688870680783358
-262.697620362956,-278.718629805826,3.86453808022363,-4.44270202914833,16.0766898517609,4.21868085873965,0.130523294858821,2.17892780272493,0.0688870680783358
-262.703469069988,-278.664041556047,3.87038678725554,-4.31668785944264,15.8655797367096,4.21868085873965,0.130523294858821,2.17892780272493,0.0688870680783358
-262.680373177264,-278.609749866283,3.84729089453245,-3.83138233196202,15.8655797367096,4.21868085873965,0.130523294858821,2.17892780272493,0.0688870680783358
-262.680379597827,-278.556296471763,3.84729731509453,-4.29281807031574,15.8655797367096,4.21868085873965,0.130523294858821,2.17892780272493,0.0688870680783358
-262.671388755442,-278.503091875051,3.83830647271027,-4.46013307148218,15.8655797367096,4.21868085873965,0.130523294858821,2.17892780272493,0.0688870680783358
-262.658367037148,-278.449784271622,3.82528475441601,-4.49594946568257,15.7459126834869,4.21868085873965,0.130523294858821,2.17892780272493,0.0688870680783358
-262.64662417651,-278.398184938469,3.81354189377797,-4.18169307666901,15.7459126834869,4.21868085873965,0.130523294858821,2.17892780272493,0.0688870680783358
-262.638391828206,-278.346135414049,3.8053095454737,-4.3103606684247,15.7459126834869,4.21868085873965,0.130523294858821,2.17892780272493,0.0688870680783358
-262.626128509842,-278.295059090142,3.79304622710996,-4.11041274742624,15.6033879642487,4.21868085873965,0.130523294858821,2.17892780272493,0.0688870680783358
-262.623594263015,-278.243952926738,3.79051198028268,-3.89290718236015,15.6033879642487,4.21868085873965,0.130523294858821,2.17892780272493,0.0688870680783358
-262.633942185273,-278.193322273897,3.80085990254125,-4.32074126076382,15.6033879642487,4.21868085873965,0.130523294858821,2.17892780272493,0.0688870680783358
-262.611829290829,-278.14325295704,3.77874700809688,-4.39619655491142,15.4610940341949,4.21868085873965,0.130523294858821,2.17892780272493,0.0688870680783358
-262.601002158995,-278.092822884413,3.76791987626335,-4.03901183642478,15.4610940341949,4.21868085873965,0.130523294858821,2.17892780272493,0.0688870680783358
-262.60287656007,-278.042433014969,3.76979427733837,-3.53925258939849,15.4610940341949,4.21868085873965,0.130523294858821,2.17892780272493,0.0688870680783358
-262.587900597481,-277.992139487869,3.75481831474905,-3.45111889740767,15.4610940341949,4.21868085873965,0.130523294858821,2.17892780272493,0.0688870680783358
-262.582051302151,-277.94139244826,3.74896901941857,-3.27981827826891,15.2933713321686,4.21868085873965,0.130523294858821,2.17892780272493,0.0688870680783358
-262.574107376004,-277.891691254699,3.74102509327218,-3.41021366229663,15.2933713321686,4.21868085873965,0.130523294858821,2.17892780272493,0.0688870680783358
-262.58152660642,-277.840693845349,3.74844432368798,-3.54775761901507,15.2933713321686,4.21868085873965,0.130523294858821,2.17892780272493,0.0688870680783358
-262.555891018492,-277.790323911573,3.72280873575959,-3.36202819154816,15.1510774021149,4.21868085873965,0.130523294858821,2.17892780272493,0.0688870680783358
-262.551139654597,-277.73881025228,3.71805737186481,-3.35426856307582,15.1510774021149,4.21868085873965,0.130523294858821,2.17892780272493,0.0688870680783358
-262.557271346865,-277.687346575306,3.72418906413297,-3.17943586337637,15.1510774021149,4.21868085873965,0.130523294858821,2.17892780272493,0.0688870680783358
-262.548977651327,-277.635063548751,3.71589536859507,-3.43892348544753,15.011833322525,4.21868085873965,0.130523294858821,2.17892780272493,0.0688870680783358
-262.54874169234,-277.582629103728,3.71565940960789,-2.89272092467678,15.011833322525,4.21868085873965,0.130523294858821,2.17892780272493,0.0688870680783358
-262.534120429099,-277.529789601129,3.70103814636702,-3.44331090647063,15.011833322525,4.21868085873965,0.130523294858821,2.17892780272493,0.0688870680783358
-262.532495366581,-277.476466002296,3.69941308384852,-3.84881052315781,15.011833322525,4.21868085873965,0.130523294858821,2.17892780272493,0.0688870680783358
-262.524374868354,-277.421840017216,3.69129258562212,-3.27721768614795,14.8701859836578,4.21868085873965,0.130523294858821,2.17892780272493,0.0688870680783358
-262.519932462305,-277.367571941141,3.68685017957338,-3.02184064583112,14.8701859836578,4.21868085873965,0.130523294858821,2.17892780272493,0.0688870680783358
-262.510618958992,-277.31183214705,3.67753667626025,-2.8777458913862,14.8701859836578,4.21868085873965,0.130523294858821,2.17892780272493,0.0688870680783358
-262.502110709201,-277.255558489584,3.66902842646916,-3.13925239882063,14.7294789676666,4.21868085873965,0.130523294858821,2.17892780272493,0.0688870680783358
-262.503676745346,-277.198436622073,3.67059446261442,-3.04395397246974,14.7294789676666,4.21868085873965,0.130523294858821,2.17892780272493,0.0688870680783358
-262.498470202895,-277.140362632929,3.66538792016274,-3.34659672826819,14.7294789676666,4.21868085873965,0.130523294858821,2.17892780272493,0.0688870680783358
-262.483570902294,-277.081613765057,3.65048861956213,-3.55278336273294,14.5900803928375,4.21868085873965,0.130523294858821,2.17892780272493,0.0688870680783358
-262.482758665669,-277.021901742487,3.64967638293667,-3.26677235952173,14.5900803928375,4.21868085873965,0.130523294858821,2.17892780272493,0.0688870680783358
-262.479354922553,-276.960773605716,3.64627263982087,-3.29789582408309,14.5900803928375,4.21868085873965,0.130523294858821,2.17892780272493,0.0688870680783358
-262.468714931765,-276.899284461707,3.63563264903316,-2.39679158729927,14.5900803928375,4.21868085873965,0.130523294858821,2.17892780272493,0.0688870680783358
-262.471443251581,-276.83636902072,3.63836096884906,-2.96858170493183,14.4248124485016,4.21868085873965,0.130523294858821,2.17892780272493,0.0688870680783358
-262.462276530122,-276.774016311898,3.62919424739033,-3.32253544654782,14.4248124485016,4.21868085873965,0.130523294858821,2.17892780272493,0.0688870680783358
-262.454672572563,-276.709426243223,3.62159028983128,-3.26021905648828,14.4248124485016,4.21868085873965,0.130523294858821,2.17892780272493,0.0688870680783358
-262.451607876779,-276.644433000603,3.61852559404663,-3.19213728484544,14.3293839817047,4.21868085873965,0.130523294858821,2.17892780272493,0.0688870680783358
-262.439476441025,-276.578122987435,3.60639415829295,-2.83075580605356,14.3293839817047,4.21868085873965,0.130523294858821,2.17892780272493,0.0688870680783358
-262.442379175775,-276.511113511427,3.60929689304318,-3.27161136395169,14.3293839817047,4.21868085873965,0.130523294858821,2.17892780272493,0.0688870680783358
-262.428097343108,-276.443179478485,3.59501506037629,-3.51294791246232,14.1415349369049,4.21868085873965,0.130523294858821,2.17892780272493,0.0688870680783358
-262.423796895821,-276.374343886858,3.5907146130888,-3.00771829014228,14.1415349369049,4.21868085873965,0.130523294858821,2.17892780272493,0.0688870680783358
-262.419550600047,-276.304960730299,3.58646831731468,-3.25432373726581,14.1415349369049,4.21868085873965,0.130523294858821,2.17892780272493,0.0688870680783358
-262.41444590308,-276.234508980555,3.58136362034756,-3.05060071033635,14.1415349369049,4.21868085873965,0.130523294858821,2.17892780272493,0.0688870680783358
-262.414729722539,-276.16318196115,3.58164743980732,-3.15238674193762,13.9775430088043,4.21868085873965,0.130523294858821,2.17892780272493,0.0688870680783358
-262.407317820925,-276.091254415981,3.57423553819308,-3.25631825938675,13.9775430088043,4.21868085873965,0.130523294858821,2.17892780272493,0.0688870680783358
-262.403177875426,-276.018945502748,3.57009559269361,-3.33614675248409,13.9775430088043,4.21868085873965,0.130523294858821,2.17892780272493,0.0688870680783358
-262.397489375576,-275.945748848056,3.56440709284411,-3.49464890106488,13.7895490055084,4.21868085873965,0.130523294858821,2.17892780272493,0.0688870680783358
-262.386447973128,-275.87179831195,3.55336569039616,-3.25467858246763,13.7895490055084,4.21868085873965,0.130523294858821,2.17892780272493,0.0688870680783358
-262.380084112528,-275.797608709362,3.5470018297965,-3.56425732663339,13.7895490055084,4.21868085873965,0.130523294858821,2.17892780272493,0.0688870680783358
-262.370700018838,-275.722560373605,3.5376177361055,-3.79990910924334,13.5780545597076,4.21868085873965,0.130523294858821,2.17892780272493,0.0688870680783358
-262.367438254092,-275.648236066715,3.53435597136037,-3.85458803956351,13.5780545597076,4.21868085873965,0.130523294858821,2.17892780272493,0.0688870680783358
-262.366776867648,-275.57277113461,3.53369458491604,-4.10551978934577,13.5780545597076,4.21868085873965,0.130523294858821,2.17892780272493,0.0688870680783358
-262.353481275768,-275.497781111862,3.52039899303641,-4.59570859873298,13.5780545597076,4.21868085873965,0.130523294858821,2.17892780272493,0.0688870680783358
-262.335549128634,-275.422189158809,3.50246684590211,-4.24162098816425,13.4124757175446,4.21868085873965,0.130523294858821,2.17892780272493,0.0688870680783358
-262.340536410415,-275.346646328152,3.50745412768322,-3.76581042361405,13.4124757175446,4.21868085873965,0.130523294858821,2.17892780272493,0.0688870680783358
-262.316420966185,-275.271556031103,3.48333868345335,-4.03618033478649,13.4124757175446,4.21868085873965,0.130523294858821,2.17892780272493,0.0688870680783358
-262.313196791217,-275.196446173439,3.48011450848529,-4.33409655432349,13.1766530399323,4.21868085873965,0.130523294858821,2.17892780272493,0.0688870680783358
-262.311494092221,-275.121256871369,3.47841180948882,-4.79652089940831,13.1766530399323,4.21868085873965,0.130523294858821,2.17892780272493,0.0688870680783358
-262.309745095116,-275.047446832557,3.47666281238423,-5.25232091639547,13.1766530399323,4.21868085873965,0.130523294858821,2.17892780272493,0.0688870680783358
-262.291087449255,-274.973742981446,3.45800516652273,-5.52338276184227,12.9165879611969,4.21868085873965,0.130523294858821,2.17892780272493,0.0688870680783358
-262.282824687717,-274.90081756401,3.44974240498513,-5.12459974610747,12.9165879611969,4.21868085873965,0.130523294858821,2.17892780272493,0.0688870680783358
-262.271371518951,-274.828622350454,3.43828923621853,-5.02039607890085,12.9165879611969,4.21868085873965,0.130523294858821,2.17892780272493,0.0688870680783358
-262.267177632611,-274.756941864874,3.43409534987937,-4.99785708856348,12.9165879611969,4.21868085873965,0.130523294858821,2.17892780272493,0.0688870680783358
-262.261898086833,-274.685908676807,3.42881580410065,-5.16293561007361,12.7498284702301,4.21868085873965,0.130523294858821,2.17892780272493,0.0688870680783358
-262.242374812358,-274.617712924582,3.40929252962563,-5.59354668705364,12.7498284702301,4.21868085873965,0.130523294858821,2.17892780272493,0.0688870680783358
-262.226260791061,-274.549792205129,3.39317850832882,-5.6460362643882,12.7498284702301,4.21868085873965,0.130523294858821,2.17892780272493,0.0688870680783358
-262.221618439275,-274.482975663399,3.38853615654283,-5.12218938953183,12.5126191501617,4.21868085873965,0.130523294858821,2.17892780272493,0.0688870680783358
-262.213897198428,-274.418049754869,3.38081491569625,-5.33618903319831,12.5126191501617,4.21868085873965,0.130523294858821,2.17892780272493,0.0688870680783358
-262.202301589039,-274.355104529912,3.36921930630668,-5.80445041741135,12.5126191501617,4.21868085873965,0.130523294858821,2.17892780272493,0.0688870680783358
-262.195197385006,-274.293614853627,3.36211510227391,-6.56971189045445,12.2753259067535,4.21868085873965,0.130523294858821,2.17892780272493,0.0688870680783358
-262.176002762242,-274.233846397819,3.34292047951029,-6.113725594361,12.2753259067535,4.21868085873965,0.130523294858821,2.17892780272493,0.0688870680783358
-262.172889661095,-274.176315984353,3.3398073783632,-5.69927420346067,12.2753259067535,4.21868085873965,0.130523294858821,2.17892780272493,0.0688870680783358
-262.16534314356,-274.12112314857,3.332260860828,-6.02344813706362,12.2753259067535,4.21868085873965,0.130523294858821,2.17892780272493,0.0688870680783358
-262.148002649633,-274.06808904143,3.31492036690084,-5.99863362686598,12.0160027866364,4.21868085873965,0.130523294858821,2.17892780272493,0.0688870680783358
-262.134280889911,-274.017469682104,3.30119860717909,-6.31977419673504,12.0160027866364,4.21868085873965,0.130523294858821,2.17892780272493,0.0688870680783358
-262.120092508544,-273.969732641799,3.28701022581185,-6.25357319262627,12.0160027866364,4.21868085873965,0.130523294858821,2.17892780272493,0.0688870680783358
-262.112763787427,-273.924538793241,3.27968150469471,-5.79648247471835,11.7100983982086,4.21868085873965,0.130523294858821,2.17892780272493,0.0688870680783358
-262.10713671116,-273.882090459286,3.27405442842832,-5.70771039772502,11.7100983982086,4.21868085873965,0.130523294858821,2.17892780272493,0.0688870680783358
-262.084530018595,-273.842660118077,3.25144773586267,-6.08340006295318,11.7100983982086,4.21868085873965,0.130523294858821,2.17892780272493,0.0688870680783358
-262.09188175419,-273.806229130077,3.25879947145774,-6.37962581468587,11.5219746952057,4.21868085873965,0.130523294858821,2.17892780272493,0.0688870680783358
-262.057521178215,-273.772875935044,3.22443889548335,-6.05769282465866,11.5219746952057,4.21868085873965,0.130523294858821,2.17892780272493,0.0688870680783358
-262.055898690012,-273.742843988185,3.22281640728017,-5.47570137167146,11.5219746952057,4.21868085873965,0.130523294858821,2.17892780272493,0.0688870680783358
-262.050319820598,-273.716153213543,3.21723753786601,-5.53670117692417,11.5219746952057,4.21868085873965,0.130523294858821,2.17892780272493,0.0688870680783358
-262.049683994668,-273.693118102897,3.21660171193588,-5.08469830404181,11.3566247348785,4.21868085873965,0.130523294858821,2.17892780272493,0.0688870680783358
-262.029729612941,-273.673993069759,3.19664733020925,-5.05639099545841,11.3566247348785,4.21868085873965,0.130523294858821,2.17892780272493,0.0688870680783358
-262.015152014685,-273.65820850166,3.18206973195251,-5.38527216184512,11.3566247348785,4.21868085873965,0.130523294858821,2.17892780272493,0.0688870680783358
-262.002242020088,-273.646379190144,3.16915973735576,-5.11102153861368,11.2632924442291,4.21868085873965,0.130523294858821,2.17892780272493,0.0688870680783358
-261.996844121804,-273.63833397425,3.1637618390718,-5.24860738940532,11.2632924442291,4.21868085873965,0.130523294858821,2.17892780272493,0.0688870680783358
-261.991126214875,-273.634245092087,3.15804393214275,-4.86531548715659,11.2632924442291,4.21868085873965,0.130523294858821,2.17892780272493,0.0688870680783358
-261.973268764593,-273.634181439988,3.14018648186126,-4.40276033974307,11.2650796298981,4.21868085873965,0.130523294858821,2.17892780272493,0.0688870680783358
-261.969884866352,-273.63820726489,3.13680258362037,-3.80558348655381,11.2650796298981,4.21868085873965,0.130523294858821,2.17892780272493,0.0688870680783358
-261.960236180077,-273.646431570848,3.12715389734475,-3.71918192259531,11.2650796298981,4.21868085873965,0.130523294858821,2.17892780272493,0.0688870680783358
-261.955988000713,-273.658860671695,3.12290571798085,-3.83094285160055,11.2650796298981,4.21868085873965,0.130523294858821,2.17892780272493,0.0688870680783358
-261.946468670521,-273.675667595857,3.11338638778935,-3.21338255266626,11.2865640048981,4.21868085873965,0.130523294858821,2.17892780272493,0.0688870680783358
-261.933122850041,-273.696774866833,3.10004056730934,-2.6629140023857,11.2865640048981,4.21868085873965,0.130523294858821,2.17892780272493,0.0688870680783358
-261.931567026349,-273.722134144872,3.09848474361679,-2.38481759024738,11.2865640048981,4.21868085873965,0.130523294858821,2.17892780272493,0.0688870680783358
-261.938815749678,-273.751768981695,3.10573346694593,-1.73413100256026,11.4047509555817,4.21868085873965,0.130523294858821,2.17892780272493,0.0688870680783358
-261.930847818474,-273.786050364775,3.09776553574226,-1.11801152389489,11.4047509555817,4.21868085873965,0.130523294858821,2.17892780272493,0.0688870680783358
-261.934424516454,-273.824580526372,3.10134223372227,-0.288091751282681,11.4047509555817,4.21868085873965,0.130523294858821,2.17892780272493,0.0688870680783358
-261.921181218884,-273.868269825542,3.08809893615153,-0.146290187057153,11.6632539157867,4.21868085873965,0.130523294858821,2.17892780272493,0.0688870680783358
-261.929401087714,-273.915090017037,3.09631880498223,0.207836898706387,11.6632539157867,4.21868085873965,0.130523294858821,2.17892780272493,0.0688870680783358
-261.941811378166,-273.967417802278,3.10872909543386,1.21597867799491,11.6632539157867,4.21868085873965,0.130523294858821,2.17892780272493,0.0688870680783358
-261.93295308513,-274.023655964173,3.09987080239793,1.14739794375394,11.6632539157867,4.21868085873965,0.130523294858821,2.17892780272493,0.0688870680783358
-261.938311764339,-274.084405046637,3.10522948160719,1.33977450220015,11.9431535129547,4.21868085873965,0.130523294858821,2.17892780272493,0.0688870680783358
-261.944929271791,-274.14963254372,3.11184698905914,3.62615222588781,11.9431535129547,4.21868085873965,0.130523294858821,2.17892780272493,0.0688870680783358
-261.943282159568,-274.219409505333,3.11019987683625,4.76744178529818,11.9431535129547,4.21868085873965,0.130523294858821,2.17892780272493,0.0688870680783358
-261.95898828617,-274.293457123597,3.12590600343837,5.25129717219678,12.2258893375397,4.21868085873965,0.130523294858821,2.17892780272493,0.0688870680783358
-261.973430953718,-274.371207623502,3.14034867098617,5.96127609765392,12.2258893375397,4.21868085873965,0.130523294858821,2.17892780272493,0.0688870680783358
-261.988711518916,-274.454053264163,3.15562923618395,6.80721920276676,12.2258893375397,4.21868085873965,0.130523294858821,2.17892780272493,0.0688870680783358
-261.986315520688,-274.540705822696,3.1532332379558,7.34781281089767,12.4867783908844,4.21868085873965,0.130523294858821,2.17892780272493,0.0688870680783358
-261.997369289053,-274.629893066969,3.16428700632126,6.2717510747712,12.4867783908844,4.21868085873965,0.130523294858821,2.17892780272493,0.0688870680783358
-262.016413405783,-274.725304871983,3.18333112305103,5.84461491713343,12.4867783908844,4.21868085873965,0.130523294858821,2.17892780272493,0.0688870680783358
-262.020268096579,-274.822764903431,3.1871858138473,6.15938456558086,12.4867783908844,4.21868085873965,0.130523294858821,2.17892780272493,0.0688870680783358
-262.0401732242,-274.925570404813,3.20709094146787,5.91943920682044,12.6789475803375,4.21868085873965,0.130523294858821,2.17892780272493,0.0688870680783358
-262.04306397836,-275.030840786818,3.20998169562814,6.02417317118455,12.6789475803375,4.21868085873965,0.130523294858821,2.17892780272493,0.0688870680783358
-262.060302314276,-275.14075394934,3.22722003154396,5.7352380058642,12.6789475803375,4.21868085873965,0.130523294858821,2.17892780272493,0.0688870680783358
-262.068312346873,-275.253494495272,3.235230064141,5.22178688144738,12.8714295749664,4.21868085873965,0.130523294858821,2.17892780272493,0.0688870680783358
-262.070530329711,-275.370007065444,3.23744804697856,5.09695111341148,12.8714295749664,4.21868085873965,0.130523294858821,2.17892780272493,0.0688870680783358
-262.08704863723,-275.488929615137,3.25396635449815,5.27944252230399,12.8714295749664,4.21868085873965,0.130523294858821,2.17892780272493,0.0688870680783358
-262.096797985088,-275.612227614785,3.26371570235567,5.44805284003601,13.1337396030426,4.21868085873965,0.130523294858821,2.17892780272493,0.0688870680783358
-262.097710731928,-275.738554081758,3.26462844919634,5.22091825198863,13.1337396030426,4.21868085873965,0.130523294858821,2.17892780272493,0.0688870680783358
-262.111381621278,-275.866295040461,3.27829933854618,5.1590276845757,13.1337396030426,4.21868085873965,0.130523294858821,2.17892780272493,0.0688870680783358
-262.120228949741,-275.997517981319,3.2871466670093,5.36673381234196,13.1337396030426,4.21868085873965,0.130523294858821,2.17892780272493,0.0688870680783358
-262.137938616039,-276.131073250733,3.30485633330657,4.718907417097,13.465862405777,4.21868085873965,0.130523294858821,2.17892780272493,0.0688870680783358
-262.143760099697,-276.267887993069,3.31067781696492,4.86925227062975,13.465862405777,4.21868085873965,0.130523294858821,2.17892780272493,0.0688870680783358
-262.143133182777,-276.404836509573,3.31005090004488,5.26336945089171,13.465862405777,4.21868085873965,0.130523294858821,2.17892780272493,0.0688870680783358
-262.16490311483,-276.545920517072,3.33182083209804,5.48376491118634,13.8634492282867,4.21868085873965,0.130523294858821,2.17892780272493,0.0688870680783358
-262.169774726013,-276.687850139682,3.33669244328122,6.17281387346819,13.8634492282867,4.21868085873965,0.130523294858821,2.17892780272493,0.0688870680783358
-262.172465358933,-276.832171497151,3.33938307620102,6.2518950411309,13.8634492282867,4.21868085873965,0.130523294858821,2.17892780272493,0.0688870680783358
-262.186411643382,-276.97690110821,3.35332936064969,7.26084265452763,14.3547822360992,4.21868085873965,0.130523294858821,2.17892780272493,0.0688870680783358
-262.201568966007,-277.123268090479,3.3684866832755,7.83287534687236,14.3547822360992,4.21868085873965,0.130523294858821,2.17892780272493,0.0688870680783358
-262.211933801331,-277.272318883583,3.37885151859874,7.97910088387604,14.3547822360992,4.21868085873965,0.130523294858821,2.17892780272493,0.0688870680783358
-262.218725297563,-277.423505769201,3.38564301483096,7.81474258869027,14.3547822360992,4.21868085873965,0.130523294858821,2.17892780272493,0.0688870680783358
-262.235886183245,-277.571203408091,3.40280390051273,7.55844960821772,14.9179574375153,4.21868085873965,0.130523294858821,2.17892780272493,0.0688870680783358
-262.257215703692,-277.719886996873,3.42413342095976,8.65368248541311,14.9179574375153,4.21868085873965,0.130523294858821,2.17892780272493,0.0688870680783358
-262.268122537166,-277.870777855881,3.43504025443403,9.16723002169108,14.9179574375153,4.21868085873965,0.130523294858821,2.17892780272493,0.0688870680783358
-262.307892236996,-278.023497953587,3.47480995426375,9.70724666536435,15.4604035739899,4.21868085873965,0.130523294858821,2.17892780272493,0.0688870680783358
-262.314416103571,-278.171636482716,3.48133382083937,10.7736283190602,15.4604035739899,4.21868085873965,0.130523294858821,2.17892780272493,0.0688870680783358
-262.327432004718,-278.323216453042,3.49434972198553,10.7753310355578,15.4604035739899,4.21868085873965,0.130523294858821,2.17892780272493,0.0688870680783358
-262.351261764602,-278.472285071642,3.51817948186967,10.7991103177283,16.0021592502594,4.21868085873965,0.130523294858821,2.17892780272493,0.0688870680783358
-262.374080348592,-278.622077562471,3.54099806585967,11.7406055868315,16.0021592502594,4.21868085873965,0.130523294858821,2.17892780272493,0.0688870680783358
-262.402097528644,-278.771946192311,3.56901524591152,12.0106688945185,16.0021592502594,4.21868085873965,0.130523294858821,2.17892780272493,0.0688870680783358
-262.427859023154,-278.919770191578,3.59477674042197,12.1999593441716,16.0021592502594,4.21868085873965,0.130523294858821,2.17892780272493,0.0688870680783358
-262.450781991851,-279.067864553114,3.61769970911857,11.5166764687151,16.5677977924347,4.21868085873965,0.130523294858821,2.17892780272493,0.0688870680783358
-262.469487118564,-279.211498958912,3.63640483583227,11.566790300339,16.5677977924347,4.21868085873965,0.130523294858821,2.17892780272493,0.0688870680783358
-262.486792327456,-279.356588419512,3.65371004472359,12.0056719884473,16.5677977924347,4.21868085873965,0.130523294858821,2.17892780272493,0.0688870680783358
-262.504561102335,-279.499295024014,3.67147881960334,11.8763697891265,17.0420371417999,4.21868085873965,0.130523294858821,2.17892780272493,0.0688870680783358
-262.541708398213,-279.639952310762,3.70862611548073,12.6871860126663,17.0420371417999,4.21868085873965,0.130523294858821,2.17892780272493,0.0688870680783358
-262.562298206535,-279.778397851621,3.72921592380343,11.6598958235255,17.0420371417999,4.21868085873965,0.130523294858821,2.17892780272493,0.0688870680783358
-262.574599397253,-279.914861821655,3.74151711452142,11.9668648823157,17.5145141010284,4.21868085873965,0.130523294858821,2.17892780272493,0.0688870680783358
-262.592085054998,-280.048395314571,3.75900277226598,11.1189664621512,17.5145141010284,4.21868085873965,0.130523294858821,2.17892780272493,0.0688870680783358
-262.616276138371,-280.180179930809,3.78319385563902,11.7699047296883,17.5145141010284,4.21868085873965,0.130523294858821,2.17892780272493,0.0688870680783358
-262.65322537178,-280.309166254125,3.82014308904777,11.829729288805,17.5145141010284,4.21868085873965,0.130523294858821,2.17892780272493,0.0688870680783358
-262.665695662741,-280.435943699236,3.83261338000879,9.99999102616034,18.0097342853546,4.21868085873965,0.130523294858821,2.17892780272493,0.0688870680783358
-262.666084220524,-280.559004745012,3.83300193779157,9.85810580329776,18.0097342853546,4.21868085873965,0.130523294858821,2.17892780272493,0.0688870680783358
-262.704118017196,-280.67992218385,3.87103573446429,10.9373407394226,18.0097342853546,4.21868085873965,0.130523294858821,2.17892780272493,0.0688870680783358
-262.718639412738,-280.795832754554,3.88555713000566,10.4853778257801,18.4345084552765,4.21868085873965,0.130523294858821,2.17892780272493,0.0688870680783358
-262.742716802321,-280.910420467684,3.9096345195887,10.6249662266416,18.4345084552765,4.21868085873965,0.130523294858821,2.17892780272493,0.0688870680783358
-262.7587787642,-281.020758872073,3.92569648146762,10.0738993871962,18.4345084552765,4.21868085873965,0.130523294858821,2.17892780272493,0.0688870680783358
-262.773175948101,-281.126741958831,3.94009366536885,10.4459398332364,18.7896453266144,4.21868085873965,0.130523294858821,2.17892780272493,0.0688870680783358
-262.785643614183,-281.229597319449,3.95256133145122,9.7026673729713,18.7896453266144,4.21868085873965,0.130523294858821,2.17892780272493,0.0688870680783358
-262.810041183979,-281.32952718196,3.97695890124733,9.54223799403112,18.7896453266144,4.21868085873965,0.130523294858821,2.17892780272493,0.0688870680783358
-262.821704300718,-281.424565152759,3.98862201798572,9.715430512863,18.7896453266144,4.21868085873965,0.130523294858821,2.17892780272493,0.0688870680783358
-262.843350744793,-281.516768262468,4.01026846206082,8.76384967122014,19.1677390460968,4.21868085873965,0.130523294858821,2.17892780272493,0.0688870680783358
-262.851562439339,-281.603272630997,4.01848015660711,8.40240153967641,19.1677390460968,4.21868085873965,0.130523294858821,2.17892780272493,0.0688870680783358
-262.886972552025,-281.686330673439,4.05389026929293,8.62855665150638,19.1677390460968,4.21868085873965,0.130523294858821,2.17892780272493,0.0688870680783358
-262.902098716196,-281.765353855751,4.06901643346425,8.182531568135,19.5216475849152,4.21868085873965,0.130523294858821,2.17892780272493,0.0688870680783358
-262.920283367791,-281.840122243879,4.08720108505883,8.04006979559159,19.5216475849152,4.21868085873965,0.130523294858821,2.17892780272493,0.0688870680783358
-262.928838909599,-281.910211403216,4.0957566268674,8.24827341897671,19.5216475849152,4.21868085873965,0.130523294858821,2.17892780272493,0.0688870680783358
-262.956150726271,-281.976611464039,4.12306844353921,8.26412766469901,19.7104636554718,4.21868085873965,0.130523294858821,2.17892780272493,0.0688870680783358
-262.964618316866,-282.038353059046,4.13153603413413,7.66107589538877,19.7104636554718,4.21868085873965,0.130523294858821,2.17892780272493,0.0688870680783358
-262.966494603422,-282.096014543989,4.13341232068976,7.34385999570063,19.7104636554718,4.21868085873965,0.130523294858821,2.17892780272493,0.0688870680783358
-262.987853494024,-282.149001344661,4.1547712112921,7.20305793480832,19.7104636554718,4.21868085873965,0.130523294858821,2.17892780272493,0.0688870680783358
-263.00609316364,-282.197462319736,4.17301088090793,6.46860812971094,19.9005881671906,4.21868085873965,0.130523294858821,2.17892780272493,0.0688870680783358
-263.008541858718,-282.241247421514,4.17545957598597,5.97763559903175,19.9005881671906,4.21868085873965,0.130523294858821,2.17892780272493,0.0688870680783358
-263.02321897061,-282.280992043104,4.19013668787843,5.64644487993328,19.9005881671906,4.21868085873965,0.130523294858821,2.17892780272493,0.0688870680783358
-263.039520903316,-282.316141979491,4.20643862058373,5.22751009024907,20.0181685810089,4.21868085873965,0.130523294858821,2.17892780272493,0.0688870680783358
-263.040601635844,-282.346877652264,4.20751935311231,5.33908182767268,20.0181685810089,4.21868085873965,0.130523294858821,2.17892780272493,0.0688870680783358
-263.057102327367,-282.373044617562,4.22402004463501,5.51838364404931,20.0181685810089,4.21868085873965,0.130523294858821,2.17892780272493,0.0688870680783358
-263.071275000586,-282.395110581809,4.23819271785386,5.09038529497318,20.0661536579132,4.21868085873965,0.130523294858821,2.17892780272493,0.0688870680783358
-263.071704070805,-282.412650254586,4.23862178807327,3.95603321807964,20.0661536579132,4.21868085873965,0.130523294858821,2.17892780272493,0.0688870680783358
-263.090810211301,-282.426056209259,4.2577279285691,3.53904194616862,20.0661536579132,4.21868085873965,0.130523294858821,2.17892780272493,0.0688870680783358
-263.068402709066,-282.435148314973,4.23532042633373,3.66267760615859,20.0661536579132,4.21868085873965,0.130523294858821,2.17892780272493,0.0688870680783358
-263.08309651751,-282.440070570725,4.25001423477761,2.95838976551374,19.878592622757,4.21868085873965,0.130523294858821,2.17892780272493,0.0688870680783358
-263.100248083773,-282.440851531457,4.26716580104103,2.16521308726668,19.878592622757,4.21868085873965,0.130523294858821,2.17892780272493,0.0688870680783358
-263.114274852352,-282.437585802828,4.28119256961995,0.985071902486643,19.878592622757,4.21868085873965,0.130523294858821,2.17892780272493,0.0688870680783358
-263.095497849141,-282.430357726728,4.26241556640922,-0.508302455767415,19.5718909626007,4.21868085873965,0.130523294858821,2.17892780272493,0.0688870680783358
-263.10540593923,-282.419226502923,4.27232365649849,-0.318714708526037,19.5718909626007,4.21868085873965,0.130523294858821,2.17892780272493,0.0688870680783358
-263.100702797887,-282.404264754487,4.2676205151545,-1.21842462414946,19.5718909626007,4.21868085873965,0.130523294858821,2.17892780272493,0.0688870680783358
-263.110100845528,-282.385669228409,4.27701856279561,-0.710141919385141,19.2207137470245,4.21868085873965,0.130523294858821,2.17892780272493,0.0688870680783358
-263.099655204464,-282.363387157587,4.26657292173199,-1.94493084880126,19.2207137470245,4.21868085873965,0.130523294858821,2.17892780272493,0.0688870680783358
-263.107826578814,-282.33739099406,4.27474429608155,-4.55212095591884,19.2207137470245,4.21868085873965,0.130523294858821,2.17892780272493,0.0688870680783358
-263.091812172297,-282.308261292881,4.25872988956466,-4.48467055715343,19.2207137470245,4.21868085873965,0.130523294858821,2.17892780272493,0.0688870680783358
-263.086223067599,-282.275182882277,4.25314078486666,-4.73515835963803,18.8449965839386,4.21868085873965,0.130523294858821,2.17892780272493,0.0688870680783358
-263.069914826844,-282.239993285549,4.2368325441115,-5.79533376821136,18.8449965839386,4.21868085873965,0.130523294858821,2.17892780272493,0.0688870680783358
-263.061395216964,-282.201181412825,4.22831293423204,-6.41061884066187,18.8449965839386,4.21868085873965,0.130523294858821,2.17892780272493,0.0688870680783358
-263.03376702134,-282.159273939839,4.20068473860774,-6.46622120945141,18.5622321491241,4.21868085873965,0.130523294858821,2.17892780272493,0.0688870680783358
-263.031988428571,-282.114366054253,4.19890614583918,-5.95000950965665,18.5622321491241,4.21868085873965,0.130523294858821,2.17892780272493,0.0688870680783358
-263.021090970861,-282.066999122879,4.18800868812902,-5.94535680364531,18.5622321491241,4.21868085873965,0.130523294858821,2.17892780272493,0.0688870680783358
-263.017964716534,-282.0173280499,4.18488243380227,-5.58312178933573,18.3936568622589,4.21868085873965,0.130523294858821,2.17892780272493,0.0688870680783358
-263.011750775194,-281.964663334305,4.17866849246223,-5.4378917724785,18.3936568622589,4.21868085873965,0.130523294858821,2.17892780272493,0.0688870680783358
-262.991437044194,-281.909740830959,4.15835476146237,-5.65621394569191,18.3936568622589,4.21868085873965,0.130523294858821,2.17892780272493,0.0688870680783358
-262.976850822856,-281.853022345062,4.14376854012349,-5.49785495936431,18.3936568622589,4.21868085873965,0.130523294858821,2.17892780272493,0.0688870680783358
-262.971496513103,-281.793586906644,4.13841423037054,-4.16278084999056,18.3421698932648,4.21868085873965,0.130523294858821,2.17892780272493,0.0688870680783358
-262.965907663952,-281.732610510244,4.13282538121995,-4.19031163523252,18.3421698932648,4.21868085873965,0.130523294858821,2.17892780272493,0.0688870680783358
-262.955503803527,-281.669670186668,4.12242152079478,-4.27403990281161,18.3421698932648,4.21868085873965,0.130523294858821,2.17892780272493,0.0688870680783358
-262.941550681454,-281.605212446045,4.10846839872242,-3.50950362613823,18.2903052692413,4.21868085873965,0.130523294858821,2.17892780272493,0.0688870680783358
-262.941579318932,-281.538582454327,4.10849703619981,-3.23621603942787,18.2903052692413,4.21868085873965,0.130523294858821,2.17892780272493,0.0688870680783358
-262.92301309932,-281.471116656738,4.08993081658754,-3.18450099917873,18.2903052692413,4.21868085873965,0.130523294858821,2.17892780272493,0.0688870680783358
-262.929065007643,-281.402217448486,4.09598272491074,-3.55350305838596,18.264105928421,4.21868085873965,0.130523294858821,2.17892780272493,0.0688870680783358
-262.921067058625,-281.332451146245,4.08798477589323,-2.54859658381402,18.264105928421,4.21868085873965,0.130523294858821,2.17892780272493,0.0688870680783358
-262.924222481324,-281.261170655554,4.09114019859186,-2.27489174317857,18.264105928421,4.21868085873965,0.130523294858821,2.17892780272493,0.0688870680783358
-262.920573876254,-281.189405598845,4.08749159352251,-2.21721056904424,18.264105928421,4.21868085873965,0.130523294858821,2.17892780272493,0.0688870680783358
-262.903118508374,-281.115868587184,4.07003622564211,-1.63287229055633,18.144721162796,4.21868085873965,0.130523294858821,2.17892780272493,0.0688870680783358
-262.909083494118,-281.042994882164,4.07600121138646,-1.13939363465822,18.144721162796,4.21868085873965,0.130523294858821,2.17892780272493,0.0688870680783358
-262.907372734152,-280.968883537908,4.07429045141983,-1.14403086186229,18.144721162796,4.21868085873965,0.130523294858821,2.17892780272493,0.0688870680783358
-262.909108579439,-280.894436155617,4.07602629670717,-0.977232083911398,17.979121339798,4.21868085873965,0.130523294858821,2.17892780272493,0.0688870680783358
-262.909814720294,-280.819280611228,4.07673243756174,-1.21558661688828,17.979121339798,4.21868085873965,0.130523294858821,2.17892780272493,0.0688870680783358
-262.898367427502,-280.744058602143,4.0652851447705,-1.06446750405826,17.979121339798,4.21868085873965,0.130523294858821,2.17892780272493,0.0688870680783358
-262.912917444239,-280.669009291902,4.07983516150678,-1.21133779987272,17.7443114643097,4.21868085873965,0.130523294858821,2.17892780272493,0.0688870680783358
-262.89758337837,-280.593180300249,4.06450109563822,-1.04167073442715,17.7443114643097,4.21868085873965,0.130523294858821,2.17892780272493,0.0688870680783358
-262.908081309624,-280.517529949585,4.07499902689174,-1.2459465648679,17.7443114643097,4.21868085873965,0.130523294858821,2.17892780272493,0.0688870680783358
-262.893130386411,-280.442910543875,4.06004810367855,-2.64895283349783,17.7443114643097,4.21868085873965,0.130523294858821,2.17892780272493,0.0688870680783358
-262.880127145696,-280.367642593154,4.0470448629642,-2.5084580450213,17.5321494464874,4.21868085873965,0.130523294858821,2.17892780272493,0.0688870680783358
-262.89440441955,-280.293212181093,4.06132213681781,-2.30666892802292,17.5321494464874,4.21868085873965,0.130523294858821,2.17892780272493,0.0688870680783358
-262.890227178294,-280.218620165018,4.05714489556225,-2.55194956257998,17.5321494464874,4.21868085873965,0.130523294858821,2.17892780272493,0.0688870680783358
-262.880218877512,-280.145071494147,4.04713659477968,-3.28141836481396,17.2497664813995,4.21868085873965,0.130523294858821,2.17892780272493,0.0688870680783358
-262.876190990714,-280.071629103017,4.04310870798208,-3.59356524393579,17.2497664813995,4.21868085873965,0.130523294858821,2.17892780272493,0.0688870680783358
-262.854184004254,-279.999003729779,4.0211017215222,-3.91653516924573,17.2497664813995,4.21868085873965,0.130523294858821,2.17892780272493,0.0688870680783358
-262.865065214461,-279.926622666884,4.03198293172941,-3.42941562212344,17.0143462543488,4.21868085873965,0.130523294858821,2.17892780272493,0.0688870680783358
-262.852948110395,-279.855886814232,4.01986582766345,-3.82931241109254,17.0143462543488,4.21868085873965,0.130523294858821,2.17892780272493,0.0688870680783358
-262.834911027013,-279.784980087683,4.00182874428101,-3.94074056666618,17.0143462543488,4.21868085873965,0.130523294858821,2.17892780272493,0.0688870680783358
-262.826059070803,-279.714586429654,3.99297678807076,-4.61607112700923,17.0143462543488,4.21868085873965,0.130523294858821,2.17892780272493,0.0688870680783358
-262.818488520073,-279.645529184747,3.98540623734067,-3.8963604563714,16.8011237506866,4.21868085873965,0.130523294858821,2.17892780272493,0.0688870680783358
-262.812018338079,-279.578272976765,3.97893605534683,-3.98372913163893,16.8011237506866,4.21868085873965,0.130523294858821,2.17892780272493,0.0688870680783358
-262.794832598996,-279.511006491929,3.96175031626445,-4.28791928059001,16.8011237506866,4.21868085873965,0.130523294858821,2.17892780272493,0.0688870680783358
-262.793604541858,-279.444688230915,3.96052225912558,-4.19310006497414,16.6595374469757,4.21868085873965,0.130523294858821,2.17892780272493,0.0688870680783358
-262.789635822281,-279.378897741634,3.95655353954877,-4.1541702501611,16.6595374469757,4.21868085873965,0.130523294858821,2.17892780272493,0.0688870680783358
-262.772878201155,-279.314616112395,3.93979591842325,-4.23785404180386,16.6595374469757,4.21868085873965,0.130523294858821,2.17892780272493,0.0688870680783358
-262.758359690424,-279.251071098869,3.9252774076925,-4.44086686164869,16.4726859455109,4.21868085873965,0.130523294858821,2.17892780272493,0.0688870680783358
-262.764232356304,-279.188508314609,3.93115007357164,-4.25889722159936,16.4726859455109,4.21868085873965,0.130523294858821,2.17892780272493,0.0688870680783358
-262.751836188945,-279.126226911691,3.91875390621338,-3.95063378509467,16.4726859455109,4.21868085873965,0.130523294858821,2.17892780272493,0.0688870680783358
-262.752877753216,-279.065879099526,3.91979547048349,-4.23754638674091,16.4726859455109,4.21868085873965,0.130523294858821,2.17892780272493,0.0688870680783358
-262.741346635047,-279.0054709397,3.90826435231534,-4.3412238075078,16.3325644855499,4.21868085873965,0.130523294858821,2.17892780272493,0.0688870680783358
-262.746776776545,-278.946911510292,3.91369449381312,-4.03196904066097,16.3325644855499,4.21868085873965,0.130523294858821,2.17892780272493,0.0688870680783358
-262.719961489607,-278.888800777842,3.88687920687453,-4.04106967247185,16.3325644855499,4.21868085873965,0.130523294858821,2.17892780272493,0.0688870680783358
-262.717385880108,-278.831373411471,3.88430359737579,-3.5545537997605,16.1434394245148,4.21868085873965,0.130523294858821,2.17892780272493,0.0688870680783358
-262.717493715597,-278.774671409028,3.88441143286478,-3.79640265408008,16.1434394245148,4.21868085873965,0.130523294858821,2.17892780272493,0.0688870680783358
-262.699107187546,-278.719052293162,3.86602490481408,-3.72667905575418,16.1434394245148,4.21868085873965,0.130523294858821,2.17892780272493,0.0688870680783358
-262.69034951435,-278.663982901334,3.85726723161794,-4.24161812195796,15.931209695816,4.21868085873965,0.130523294858821,2.17892780272493,0.0688870680783358
-262.67935279664,-278.609234854371,3.84627051390768,-4.19629886994705,15.931209695816,4.21868085873965,0.130523294858821,2.17892780272493,0.0688870680783358
-262.674803836665,-278.555761874442,3.8417215539332,-3.81483413237233,15.931209695816,4.21868085873965,0.130523294858821,2.17892780272493,0.0688870680783358
-262.666025504432,-278.503305964942,3.83294322169953,-4.24232546652191,15.931209695816,4.21868085873965,0.130523294858821,2.17892780272493,0.0688870680783358
-262.667393037017,-278.450376548018,3.83431075428525,-3.84166055461879,15.8142968540192,4.21868085873965,0.130523294858821,2.17892780272493,0.0688870680783358
-262.650502518061,-278.398666963131,3.81742023532911,-4.15391830534146,15.8142968540192,4.21868085873965,0.130523294858821,2.17892780272493,0.0688870680783358
-262.65412941633,-278.347048964864,3.82104713359765,-3.98211680941337,15.8142968540192,4.21868085873965,0.130523294858821,2.17892780272493,0.0688870680783358
-262.64321502013,-278.295765510478,3.810132737398,-4.21744316563718,15.6250516300201,4.21868085873965,0.130523294858821,2.17892780272493,0.0688870680783358
-262.626401964981,-278.244455520956,3.79331968224944,-3.85126448123381,15.6250516300201,4.21868085873965,0.130523294858821,2.17892780272493,0.0688870680783358
-262.624815787319,-278.193641776061,3.79173350458739,-4.34727755464923,15.6250516300201,4.21868085873965,0.130523294858821,2.17892780272493,0.0688870680783358
-262.621808137093,-278.143210895159,3.7887258543613,-4.05437553004534,15.4817563419342,4.21868085873965,0.130523294858821,2.17892780272493,0.0688870680783358
-262.612699038784,-278.093026773249,3.7796167560516,-3.96321885532082,15.4817563419342,4.21868085873965,0.130523294858821,2.17892780272493,0.0688870680783358
-262.598468549592,-278.042876434382,3.7653862668599,-3.73122371902068,15.4817563419342,4.21868085873965,0.130523294858821,2.17892780272493,0.0688870680783358
-262.602632257859,-277.992643079794,3.76954997512741,-4.01221529441389,15.4817563419342,4.21868085873965,0.130523294858821,2.17892780272493,0.0688870680783358
-262.590452020548,-277.942023055569,3.75736973781599,-3.72591289938941,15.2950631504059,4.21868085873965,0.130523294858821,2.17892780272493,0.0688870680783358
-262.593113777302,-277.89176353888,3.7600314945701,-3.80842489563493,15.2950631504059,4.21868085873965,0.130523294858821,2.17892780272493,0.0688870680783358
-262.5687077209,-277.841099145415,3.73562543816813,-3.82365187255301,15.2950631504059,4.21868085873965,0.130523294858821,2.17892780272493,0.0688870680783358
-262.566166119215,-277.790238765404,3.73308383648252,-3.49813843400343,15.1075230960846,4.21868085873965,0.130523294858821,2.17892780272493,0.0688870680783358
-262.545640166358,-277.738834740431,3.71255788362618,-3.51023891342657,15.1075230960846,4.21868085873965,0.130523294858821,2.17892780272493,0.0688870680783358
-262.557435753426,-277.687537809247,3.72435347069405,-3.47979525405542,15.1075230960846,4.21868085873965,0.130523294858821,2.17892780272493,0.0688870680783358
-262.554635734461,-277.63558625719,3.72155345172903,-3.79856571559363,14.9883939151764,4.21868085873965,0.130523294858821,2.17892780272493,0.0688870680783358
-262.539165939154,-277.58325111293,3.70608365642222,-3.48779433755213,14.9883939151764,4.21868085873965,0.130523294858821,2.17892780272493,0.0688870680783358
-262.526257837809,-277.529668955669,3.69317555507687,-3.69834341602007,14.9883939151764,4.21868085873965,0.130523294858821,2.17892780272493,0.0688870680783358
-262.52243137756,-277.476151320036,3.6893490948276,-3.55212275066337,14.9883939151764,4.21868085873965,0.130523294858821,2.17892780272493,0.0688870680783358
-262.530191431427,-277.421599486971,3.69710914869459,-3.388801836523,14.8479977970123,4.21868085873965,0.130523294858821,2.17892780272493,0.0688870680783358
-262.520911538652,-277.367091344609,3.68782925591998,-3.13184789641864,14.8479977970123,4.21868085873965,0.130523294858821,2.17892780272493,0.0688870680783358
-262.508631373467,-277.311558599546,3.6755490907352,-3.45226689357276,14.8479977970123,4.21868085873965,0.130523294858821,2.17892780272493,0.0688870680783358
-262.500364445115,-277.255335260956,3.6672821623831,-3.27304784797209,14.7313748722076,4.21868085873965,0.130523294858821,2.17892780272493,0.0688870680783358
-262.49720659618,-277.197942592858,3.66412431344754,-3.09858344121943,14.7313748722076,4.21868085873965,0.130523294858821,2.17892780272493,0.0688870680783358
-262.483995236292,-277.140293015617,3.65091295356024,-3.36490371322951,14.7313748722076,4.21868085873965,0.130523294858821,2.17892780272493,0.0688870680783358
-262.492221521206,-277.080963728915,3.65913923847411,-3.47554759202779,14.5670472507477,4.21868085873965,0.130523294858821,2.17892780272493,0.0688870680783358
-262.479757497474,-277.021822859111,3.64667521474221,-3.42300899851656,14.5670472507477,4.21868085873965,0.130523294858821,2.17892780272493,0.0688870680783358
-262.467831063802,-276.960919208254,3.63474878106979,-3.19578368480022,14.5670472507477,4.21868085873965,0.130523294858821,2.17892780272493,0.0688870680783358
-262.474115507159,-276.899018416287,3.64103322442683,-3.44810476142179,14.5670472507477,4.21868085873965,0.130523294858821,2.17892780272493,0.0688870680783358
-262.460887511801,-276.835948919808,3.6278052290693,-3.34943027917744,14.424322259903,4.21868085873965,0.130523294858821,2.17892780272493,0.0688870680783358
-262.455320969823,-276.773879316585,3.62223868709088,-2.91865762060971,14.424322259903,4.21868085873965,0.130523294858821,2.17892780272493,0.0688870680783358
-262.452868183584,-276.708978336757,3.61978590085249,-3.18848021318299,14.424322259903,4.21868085873965,0.130523294858821,2.17892780272493,0.0688870680783358
-262.446380873746,-276.643970896744,3.61329859101361,-2.95411693763926,14.2576009159088,4.21868085873965,0.130523294858821,2.17892780272493,0.0688870680783358
-262.444796806474,-276.577940343092,3.61171452374237,-3.15948559893663,14.2576009159088,4.21868085873965,0.130523294858821,2.17892780272493,0.0688870680783358
-262.434896417608,-276.510598438936,3.60181413487576,-3.04574222790845,14.2576009159088,4.21868085873965,0.130523294858821,2.17892780272493,0.0688870680783358
-262.431211087844,-276.442943072646,3.59812880511207,-3.1728653993727,14.1151505832672,4.21868085873965,0.130523294858821,2.17892780272493,0.0688870680783358
-262.419126937936,-276.374541948478,3.5860446552044,-3.18691592508835,14.1151505832672,4.21868085873965,0.130523294858821,2.17892780272493,0.0688870680783358
-262.426164921131,-276.304868886085,3.59308263839914,-3.20878870911924,14.1151505832672,4.21868085873965,0.130523294858821,2.17892780272493,0.0688870680783358
-262.402521047549,-276.234382349294,3.56943876481747,-3.14274117728309,14.1151505832672,4.21868085873965,0.130523294858821,2.17892780272493,0.0688870680783358
-262.413361978344,-276.162593394241,3.58027969561242,-3.20623478582856,13.9280263309479,4.21868085873965,0.130523294858821,2.17892780272493,0.0688870680783358
-262.400678259625,-276.091435251485,3.56759597689327,-3.13765190952145,13.9280263309479,4.21868085873965,0.130523294858821,2.17892780272493,0.0688870680783358
-262.399785682411,-276.018172382402,3.56670339967857,-3.29823972669535,13.9280263309479,4.21868085873965,0.130523294858821,2.17892780272493,0.0688870680783358
-262.391726228328,-275.945591261679,3.5586439455958,-3.39433022796497,13.740463388443,4.21868085873965,0.130523294858821,2.17892780272493,0.0688870680783358
-262.374813699618,-275.871807127601,3.54173141688552,-3.64735269504269,13.740463388443,4.21868085873965,0.130523294858821,2.17892780272493,0.0688870680783358
-262.368617266426,-275.797848148003,3.53553498369374,-3.61343607219555,13.740463388443,4.21868085873965,0.130523294858821,2.17892780272493,0.0688870680783358
-262.365722685733,-275.723282242718,3.5326404030005,-3.75090835248588,13.5289708499908,4.21868085873965,0.130523294858821,2.17892780272493,0.0688870680783358
-262.36009139442,-275.648450775617,3.52700911168841,-3.58576037260366,13.5289708499908,4.21868085873965,0.130523294858821,2.17892780272493,0.0688870680783358
-262.360731578694,-275.5728698135,3.5276492959625,-4.30932056317655,13.5289708499908,4.21868085873965,0.130523294858821,2.17892780272493,0.0688870680783358
-262.360505530019,-275.497511567668,3.52742324728739,-4.39455744737594,13.5289708499908,4.21868085873965,0.130523294858821,2.17892780272493,0.0688870680783358
-262.34730952463,-275.422108267944,3.51422724189798,-4.24141327550134,13.3869401340485,4.21868085873965,0.130523294858821,2.17892780272493,0.0688870680783358
-262.327648616221,-275.346781019928,3.49456633348938,-4.1866024815453,13.3869401340485,4.21868085873965,0.130523294858821,2.17892780272493,0.0688870680783358
-262.324710898871,-275.271260381852,3.49162861613878,-3.91084433673037,13.3869401340485,4.21868085873965,0.130523294858821,2.17892780272493,0.0688870680783358
-262.312237974334,-275.196267647762,3.47915569160184,-3.88935972075217,13.2220765476227,4.21868085873965,0.130523294858821,2.17892780272493,0.0688870680783358
-262.305526270627,-275.121212469457,3.47244398789476,-4.15560704359031,13.2220765476227,4.21868085873965,0.130523294858821,2.17892780272493,0.0688870680783358
-262.298266786583,-275.047314505145,3.46518450385064,-5.29644791746083,13.2220765476227,4.21868085873965,0.130523294858821,2.17892780272493,0.0688870680783358
-262.29662699058,-274.973436756221,3.46354470784782,-5.27549648589453,13.0093099002838,4.21868085873965,0.130523294858821,2.17892780272493,0.0688870680783358
-262.289387568259,-274.900531683753,3.45630528552748,-4.77770232578835,13.0093099002838,4.21868085873965,0.130523294858821,2.17892780272493,0.0688870680783358
-262.272352439089,-274.828622350454,3.43927015635659,-5.27716219454164,13.0093099002838,4.21868085873965,0.130523294858821,2.17892780272493,0.0688870680783358
-262.271728122119,-274.757550082806,3.43864583938724,-5.53758083302544,13.0093099002838,4.21868085873965,0.130523294858821,2.17892780272493,0.0688870680783358
-262.25147725898,-274.686698722226,3.41839497624841,-5.22185630405096,12.7733270053864,4.21868085873965,0.130523294858821,2.17892780272493,0.0688870680783358
-262.238614078141,-274.617271642137,3.40553179540887,-4.82426584176004,12.7733270053864,4.21868085873965,0.130523294858821,2.17892780272493,0.0688870680783358
-262.229954005181,-274.549816241447,3.39687172244912,-5.1414761393629,12.7733270053864,4.21868085873965,0.130523294858821,2.17892780272493,0.0688870680783358
-262.228083947408,-274.483453671505,3.39500166467627,-4.93592625423295,12.5363923435211,4.21868085873965,0.130523294858821,2.17892780272493,0.0688870680783358
-262.211666173077,-274.418324968344,3.37858389034523,-5.18699115895748,12.5363923435211,4.21868085873965,0.130523294858821,2.17892780272493,0.0688870680783358
-262.216902448889,-274.355164040897,3.38382016615696,-5.9172555380505,12.5363923435211,4.21868085873965,0.130523294858821,2.17892780272493,0.0688870680783358
-262.197194536799,-274.293636503176,3.3641122540668,-6.5730812784186,12.3012811069489,4.21868085873965,0.130523294858821,2.17892780272493,0.0688870680783358
-262.177100617319,-274.234237194305,3.34401833458686,-5.99192324797538,12.3012811069489,4.21868085873965,0.130523294858821,2.17892780272493,0.0688870680783358
-262.169930750036,-274.176309260409,3.33684846730353,-5.80508344501786,12.3012811069489,4.21868085873965,0.130523294858821,2.17892780272493,0.0688870680783358
-262.161315768994,-274.121368478593,3.32823348626177,-5.84161324140678,12.3012811069489,4.21868085873965,0.130523294858821,2.17892780272493,0.0688870680783358
-262.146294022224,-274.068002655257,3.31321173949178,-6.03991139626555,11.995533121109,4.21868085873965,0.130523294858821,2.17892780272493,0.0688870680783358
-262.149845623623,-274.017675168689,3.31676334089054,-6.4062946666371,11.995533121109,4.21868085873965,0.130523294858821,2.17892780272493,0.0688870680783358
-262.134110924882,-273.969765984728,3.30102864215037,-6.55283227932125,11.995533121109,4.21868085873965,0.130523294858821,2.17892780272493,0.0688870680783358
-262.119055936128,-273.924209513787,3.28597365339556,-6.1100761579868,11.7606965427399,4.21868085873965,0.130523294858821,2.17892780272493,0.0688870680783358
-262.114338400044,-273.881973263994,3.28125611731223,-5.93098946567082,11.7606965427399,4.21868085873965,0.130523294858821,2.17892780272493,0.0688870680783358
-262.099360855064,-273.842691799183,3.26627857233225,-6.16924983843649,11.7606965427399,4.21868085873965,0.130523294858821,2.17892780272493,0.0688870680783358
-262.090400668684,-273.80621251738,3.2573183859515,-6.26706856848424,11.5486699466705,4.21868085873965,0.130523294858821,2.17892780272493,0.0688870680783358
-262.078071995732,-273.773068058052,3.24498971299952,-5.80438232379823,11.5486699466705,4.21868085873965,0.130523294858821,2.17892780272493,0.0688870680783358
-262.065847608627,-273.743008949982,3.23276532589523,-5.9646684805751,11.5486699466705,4.21868085873965,0.130523294858821,2.17892780272493,0.0688870680783358
-262.055190453378,-273.716108960146,3.22210817064572,-5.99843635879159,11.5486699466705,4.21868085873965,0.130523294858821,2.17892780272493,0.0688870680783358
-262.049094385515,-273.692999464587,3.21601210278255,-5.39912124527856,11.3610841159821,4.21868085873965,0.130523294858821,2.17892780272493,0.0688870680783358
-262.032855294757,-273.673754508159,3.19977301202462,-4.57933392830369,11.3610841159821,4.21868085873965,0.130523294858821,2.17892780272493,0.0688870680783358
-262.019173532088,-273.658266161895,3.18609124935593,-5.33614597493391,11.3610841159821,4.21868085873965,0.130523294858821,2.17892780272493,0.0688870680783358
-262.007361519055,-273.646438875601,3.17427923632296,-5.15672404761188,11.2437421207428,4.21868085873965,0.130523294858821,2.17892780272493,0.0688870680783358
-261.99471142194,-273.638324550828,3.16162913920776,-5.13969944335308,11.2437421207428,4.21868085873965,0.130523294858821,2.17892780272493,0.0688870680783358
-261.974493171264,-273.634245590218,3.14141088853187,-5.21102693349864,11.2437421207428,4.21868085873965,0.130523294858821,2.17892780272493,0.0688870680783358
-261.991618498944,-273.634206937973,3.15853621621182,-4.85415483097667,11.1975995426178,4.21868085873965,0.130523294858821,2.17892780272493,0.0688870680783358
-261.977311096036,-273.638223286285,3.14422881330362,-4.05952907289312,11.1975995426178,4.21868085873965,0.130523294858821,2.17892780272493,0.0688870680783358
-261.968062849091,-273.646496813387,3.1349805663588,-3.91932416495646,11.1975995426178,4.21868085873965,0.130523294858821,2.17892780272493,0.0688870680783358
-261.966697273054,-273.658905834085,3.13361499032211,-4.01820912132153,11.1975995426178,4.21868085873965,0.130523294858821,2.17892780272493,0.0688870680783358
-261.958057319036,-273.675951786545,3.12497503630349,-3.23124604147568,11.2201253299713,4.21868085873965,0.130523294858821,2.17892780272493,0.0688870680783358
-261.944181511812,-273.69652024253,3.11109922908009,-2.44353565641968,11.2201253299713,4.21868085873965,0.130523294858821,2.17892780272493,0.0688870680783358
-261.935186563641,-273.722058465512,3.10210428090929,-2.3326385394253,11.2201253299713,4.21868085873965,0.130523294858821,2.17892780272493,0.0688870680783358
-261.93037035053,-273.751700349343,3.09728806779846,-2.08157710708833,11.360035074234,4.21868085873965,0.130523294858821,2.17892780272493,0.0688870680783358
-261.927416379579,-273.786111163268,3.09433409684662,-1.33799274506266,11.360035074234,4.21868085873965,0.130523294858821,2.17892780272493,0.0688870680783358
-261.938674304677,-273.824595137022,3.10559202194449,-0.747320455779508,11.360035074234,4.21868085873965,0.130523294858821,2.17892780272493,0.0688870680783358
-261.929540140885,-273.867691600931,3.09645785815332,-0.0903924288069993,11.6158028964996,4.21868085873965,0.130523294858821,2.17892780272493,0.0688870680783358
-261.927020258569,-273.915131522758,3.09393797583701,0.323667518278253,11.6158028964996,4.21868085873965,0.130523294858821,2.17892780272493,0.0688870680783358
-261.931399298262,-273.967372571725,3.09831701553009,0.872097082682674,11.6158028964996,4.21868085873965,0.130523294858821,2.17892780272493,0.0688870680783358
-261.937442940327,-274.023655964173,3.10436065759501,1.28074103114754,11.6158028964996,4.21868085873965,0.130523294858821,2.17892780272493,0.0688870680783358
-261.933363715325,-274.084555276813,3.10028143259317,1.4556989513585,11.8971330051422,4.21868085873965,0.130523294858821,2.17892780272493,0.0688870680783358
-261.940502628537,-274.149857456483,3.10742034580519,3.87145895242284,11.8971330051422,4.21868085873965,0.130523294858821,2.17892780272493,0.0688870680783358
-261.940810409322,-274.219691668842,3.10772812659044,4.95422477248093,11.8971330051422,4.21868085873965,0.130523294858821,2.17892780272493,0.0688870680783358
-261.951678640621,-274.293248733773,3.11859635788936,5.62387622087866,12.2020932559967,4.21868085873965,0.130523294858821,2.17892780272493,0.0688870680783358
-261.964718156493,-274.37183890197,3.13163587376081,6.00757805974792,12.2020932559967,4.21868085873965,0.130523294858821,2.17892780272493,0.0688870680783358
-261.971071417846,-274.453952638491,3.13798913511354,6.65278463712163,12.2020932559967,4.21868085873965,0.130523294858821,2.17892780272493,0.0688870680783358
-261.992873703725,-274.540104421837,3.15979142099276,7.34253411592461,12.4613133792877,4.21868085873965,0.130523294858821,2.17892780272493,0.0688870680783358
-261.99598999694,-274.630499540454,3.16290771420796,6.93523865490631,12.4613133792877,4.21868085873965,0.130523294858821,2.17892780272493,0.0688870680783358
-262.020421689422,-274.725201376842,3.18733940668997,6.38067022733076,12.4613133792877,4.21868085873965,0.130523294858821,2.17892780272493,0.0688870680783358
-262.013725267696,-274.823410528221,3.18064298496451,6.07869769829025,12.4613133792877,4.21868085873965,0.130523294858821,2.17892780272493,0.0688870680783358
-262.029490518634,-274.925744078885,3.19640823590184,5.87947145422093,12.7260552768707,4.21868085873965,0.130523294858821,2.17892780272493,0.0688870680783358
-262.056883434122,-275.030686738425,3.22380115138976,6.206331284267,12.7260552768707,4.21868085873965,0.130523294858821,2.17892780272493,0.0688870680783358
-262.063008047684,-275.141284448677,3.22992576495151,5.88288104331778,12.7260552768707,4.21868085873965,0.130523294858821,2.17892780272493,0.0688870680783358
-262.07095280895,-275.253644856027,3.23787052621766,5.03221187953323,12.919246805191,4.21868085873965,0.130523294858821,2.17892780272493,0.0688870680783358
-262.082285059691,-275.369908625047,3.24920277695911,4.69179208470988,12.919246805191,4.21868085873965,0.130523294858821,2.17892780272493,0.0688870680783358
-262.07757969095,-275.489449456924,3.24449740821842,5.60093919175149,12.919246805191,4.21868085873965,0.130523294858821,2.17892780272493,0.0688870680783358
-262.101263993536,-275.612893803061,3.26818171080367,5.962592414296,13.1565915470123,4.21868085873965,0.130523294858821,2.17892780272493,0.0688870680783358
-262.105189121041,-275.737963248065,3.27210683830875,5.47122894197558,13.1565915470123,4.21868085873965,0.130523294858821,2.17892780272493,0.0688870680783358
-262.118638398774,-275.867084384683,3.28555611604237,5.45357960985092,13.1565915470123,4.21868085873965,0.130523294858821,2.17892780272493,0.0688870680783358
-262.122957250354,-275.998007379038,3.28987496762251,5.32064764400734,13.1565915470123,4.21868085873965,0.130523294858821,2.17892780272493,0.0688870680783358
-262.130301087093,-276.130976786016,3.29721880436112,5.10315929398619,13.4872590427399,4.21868085873965,0.130523294858821,2.17892780272493,0.0688870680783358
-262.143007736036,-276.267184917815,3.30992545330377,5.42886499662981,13.4872590427399,4.21868085873965,0.130523294858821,2.17892780272493,0.0688870680783358
-262.148318294906,-276.405052330908,3.31523601217354,5.79339903132797,13.4872590427399,4.21868085873965,0.130523294858821,2.17892780272493,0.0688870680783358
-262.169824773209,-276.545667990996,3.33674249047666,6.0433094365134,13.9088574771881,4.21868085873965,0.130523294858821,2.17892780272493,0.0688870680783358
-262.17963462628,-276.687287607416,3.34655234354758,6.07414866320198,13.9088574771881,4.21868085873965,0.130523294858821,2.17892780272493,0.0688870680783358
-262.169877311479,-276.832343881983,3.33679502874729,6.45723565904622,13.9088574771881,4.21868085873965,0.130523294858821,2.17892780272493,0.0688870680783358
-262.186830617893,-276.978224113937,3.35374833516133,7.6536827230969,14.4008580570221,4.21868085873965,0.130523294858821,2.17892780272493,0.0688870680783358
-262.201361210129,-277.124198526753,3.36827892739733,8.17335970639673,14.4008580570221,4.21868085873965,0.130523294858821,2.17892780272493,0.0688870680783358
-262.218984176615,-277.272336565646,3.38590189388277,8.26578532866881,14.4008580570221,4.21868085873965,0.130523294858821,2.17892780272493,0.0688870680783358
-262.23606532894,-277.4207488641,3.40298304620834,7.65576326231862,14.4008580570221,4.21868085873965,0.130523294858821,2.17892780272493,0.0688870680783358
-262.249282737157,-277.573115283467,3.41620045442487,7.63421608681788,14.8933984165192,4.21868085873965,0.130523294858821,2.17892780272493,0.0688870680783358
-262.261502015547,-277.722253271152,3.42841973281499,8.59884326854131,14.8933984165192,4.21868085873965,0.130523294858821,2.17892780272493,0.0688870680783358
-262.292914682941,-277.871101180893,3.4598324002087,9.1952390837482,14.8933984165192,4.21868085873965,0.130523294858821,2.17892780272493,0.0688870680783358
-262.297507411814,-278.02139473516,3.46442512908235,9.91184673780281,15.4135743503571,4.21868085873965,0.130523294858821,2.17892780272493,0.0688870680783358
-262.325324502627,-278.172786387164,3.49224221989536,10.7722164813119,15.4135743503571,4.21868085873965,0.130523294858821,2.17892780272493,0.0688870680783358
-262.340462267075,-278.323090904417,3.50737998434275,10.5457356814999,15.4135743503571,4.21868085873965,0.130523294858821,2.17892780272493,0.0688870680783358
-262.358185866252,-278.473483126732,3.5251035835196,10.881614577876,15.9790784244537,4.21868085873965,0.130523294858821,2.17892780272493,0.0688870680783358
-262.385968074378,-278.623858004274,3.55288579164603,11.3548197861373,15.9790784244537,4.21868085873965,0.130523294858821,2.17892780272493,0.0688870680783358
-262.413072045594,-278.772583570598,3.57998976286172,11.7525033403108,15.9790784244537,4.21868085873965,0.130523294858821,2.17892780272493,0.0688870680783358
-262.429807328712,-278.919066820339,3.59672504597985,11.7596305386434,15.9790784244537,4.21868085873965,0.130523294858821,2.17892780272493,0.0688870680783358
-262.441015270666,-279.066765835317,3.60793298793421,11.3103026384436,16.4995986347198,4.21868085873965,0.130523294858821,2.17892780272493,0.0688870680783358
-262.467997211766,-279.212241832544,3.63491492903367,11.5102203650741,16.4995986347198,4.21868085873965,0.130523294858821,2.17892780272493,0.0688870680783358
-262.493078544008,-279.357152344031,3.65999626127589,11.8287777447553,16.4995986347198,4.21868085873965,0.130523294858821,2.17892780272493,0.0688870680783358
-262.512754063141,-279.499700165942,3.67967178040945,11.6434352652659,17.0177604084015,4.21868085873965,0.130523294858821,2.17892780272493,0.0688870680783358
-262.535591746008,-279.64083488575,3.70250946327572,11.9712367099885,17.0177604084015,4.21868085873965,0.130523294858821,2.17892780272493,0.0688870680783358
-262.566441008742,-279.778529092161,3.73335872600966,11.1303807011452,17.0177604084015,4.21868085873965,0.130523294858821,2.17892780272493,0.0688870680783358
-262.581539041139,-279.9149909184,3.74845675840729,11.898506688524,17.5395118122101,4.21868085873965,0.130523294858821,2.17892780272493,0.0688870680783358
-262.597620280684,-280.049235387734,3.76453799795229,11.3368820125914,17.5395118122101,4.21868085873965,0.130523294858821,2.17892780272493,0.0688870680783358
-262.623658988754,-280.18210725524,3.79057670602212,11.8165351680319,17.5395118122101,4.21868085873965,0.130523294858821,2.17892780272493,0.0688870680783358
-262.636789469486,-280.309988151835,3.80370718675432,11.9271567310862,17.5395118122101,4.21868085873965,0.130523294858821,2.17892780272493,0.0688870680783358
-262.663036996403,-280.438160115601,3.82995471367076,10.2629459961376,18.0105849628448,4.21868085873965,0.130523294858821,2.17892780272493,0.0688870680783358
-262.683226431279,-280.56099365906,3.85014414854684,10.1006915413662,18.0105849628448,4.21868085873965,0.130523294858821,2.17892780272493,0.0688870680783358
-262.708123703815,-280.680106048265,3.87504142108291,10.7038021734088,18.0105849628448,4.21868085873965,0.130523294858821,2.17892780272493,0.0688870680783358
-262.716701869103,-280.796630590505,3.88361958637068,10.0289579250391,18.4587241535187,4.21868085873965,0.130523294858821,2.17892780272493,0.0688870680783358
-262.733755922638,-280.910046679066,3.90067363990571,10.3962449329773,18.4587241535187,4.21868085873965,0.130523294858821,2.17892780272493,0.0688870680783358
-262.765771741218,-281.021599165493,3.93268945848652,10.4512096746659,18.4587241535187,4.21868085873965,0.130523294858821,2.17892780272493,0.0688870680783358
-262.781241928825,-281.127916679424,3.94815964609302,10.9415283270117,18.8834105854034,4.21868085873965,0.130523294858821,2.17892780272493,0.0688870680783358
-262.800724354127,-281.230296425266,3.96764207139527,9.80375359139046,18.8834105854034,4.21868085873965,0.130523294858821,2.17892780272493,0.0688870680783358
-262.819813849275,-281.329341654607,3.98673156654283,9.38717801246738,18.8834105854034,4.21868085873965,0.130523294858821,2.17892780272493,0.0688870680783358
-262.827528725148,-281.424554024001,3.99444644241609,9.83539204108529,18.8834105854034,4.21868085873965,0.130523294858821,2.17892780272493,0.0688870680783358
-262.854705649746,-281.516171969997,4.02162336701389,9.39154048553905,19.2366134052277,4.21868085873965,0.130523294858821,2.17892780272493,0.0688870680783358
-262.874170517495,-281.602845694435,4.04108823476257,8.75909750179969,19.2366134052277,4.21868085873965,0.130523294858821,2.17892780272493,0.0688870680783358
-262.883053464734,-281.686408027689,4.04997118200207,8.93760780903818,19.2366134052277,4.21868085873965,0.130523294858821,2.17892780272493,0.0688870680783358
-262.909585438753,-281.765198011749,4.07650315602143,8.3175273851649,19.5188895587921,4.21868085873965,0.130523294858821,2.17892780272493,0.0688870680783358
-262.927285541957,-281.840330007219,4.09420325922505,8.42337602785856,19.5188895587921,4.21868085873965,0.130523294858821,2.17892780272493,0.0688870680783358
-262.943450131761,-281.911090759866,4.1103678490288,8.50229166392383,19.5188895587921,4.21868085873965,0.130523294858821,2.17892780272493,0.0688870680783358
-262.957966782557,-281.97675630622,4.12488449982501,8.32492082874709,19.7088042621613,4.21868085873965,0.130523294858821,2.17892780272493,0.0688870680783358
-262.970712689116,-282.038438260373,4.13763040638382,7.51893212612576,19.7088042621613,4.21868085873965,0.130523294858821,2.17892780272493,0.0688870680783358
-262.97985491379,-282.096185369913,4.14677263105767,7.09724885820486,19.7088042621613,4.21868085873965,0.130523294858821,2.17892780272493,0.0688870680783358
-262.992758387149,-282.148795894365,4.15967610441709,7.23538214781637,19.7088042621613,4.21868085873965,0.130523294858821,2.17892780272493,0.0688870680783358
-263.020526581084,-282.197214227003,4.18744429835161,6.71782122326514,19.896601808548,4.21868085873965,0.130523294858821,2.17892780272493,0.0688870680783358
-263.028072426816,-282.241157689896,4.19499014408381,5.91191821821851,19.896601808548,4.21868085873965,0.130523294858821,2.17892780272493,0.0688870680783358
-263.039851131844,-282.280818335416,4.20676884911214,5.76221594793275,19.896601808548,4.21868085873965,0.130523294858821,2.17892780272493,0.0688870680783358
-263.039540387997,-282.315957458137,4.2064581052646,5.32690604870005,20.0159446125031,4.21868085873965,0.130523294858821,2.17892780272493,0.0688870680783358
-263.061489410313,-282.346765473627,4.22840712758093,5.3771128289603,20.0159446125031,4.21868085873965,0.130523294858821,2.17892780272493,0.0688870680783358
-263.059217409137,-282.373027343514,4.22613512640491,5.60173150129362,20.0159446125031,4.21868085873965,0.130523294858821,2.17892780272493,0.0688870680783358
-263.071605878005,-282.395011506611,4.23852359527288,5.11466714240485,19.9930907611847,4.21868085873965,0.130523294858821,2.17892780272493,0.0688870680783358
-263.084911869197,-282.412578200704,4.25182958646475,3.6402578426401,19.9930907611847,4.21868085873965,0.130523294858821,2.17892780272493,0.0688870680783358
-263.095881453417,-282.426020126949,4.26279917068495,3.21714709175636,19.9930907611847,4.21868085873965,0.130523294858821,2.17892780272493,0.0688870680783358
-263.085352569156,-282.435085620742,4.25227028642361,3.33921026408231,19.9930907611847,4.21868085873965,0.130523294858821,2.17892780272493,0.0688870680783358
-263.104101315235,-282.440111928158,4.27101903250343,2.57025473960866,19.852355134964,4.21868085873965,0.130523294858821,2.17892780272493,0.0688870680783358
-263.104420680984,-282.440834434099,4.27133839825217,1.55796002843056,19.852355134964,4.21868085873965,0.130523294858821,2.17892780272493,0.0688870680783358
-263.110294890057,-282.437590196401,4.27721260732544,0.488620394735085,19.852355134964,4.21868085873965,0.130523294858821,2.17892780272493,0.0688870680783358
-263.104902013188,-282.430396069188,4.27181973045604,-0.821747273168004,19.5709716205597,4.21868085873965,0.130523294858821,2.17892780272493,0.0688870680783358
-263.116262744191,-282.419270047526,4.28318046145915,-0.359106168118212,19.5709716205597,4.21868085873965,0.130523294858821,2.17892780272493,0.0688870680783358
-263.112845796451,-282.404362958047,4.2797635137185,-1.15711635257499,19.5709716205597,4.21868085873965,0.130523294858821,2.17892780272493,0.0688870680783358
-263.104496160898,-282.385683878871,4.27141387816626,-1.07900493039898,19.1942778949738,4.21868085873965,0.130523294858821,2.17892780272493,0.0688870680783358
-263.099577737877,-282.363367078009,4.26649545514529,-3.27344440040154,19.1942778949738,4.21868085873965,0.130523294858821,2.17892780272493,0.0688870680783358
-263.088734940887,-282.337318702907,4.25565265815481,-4.43659307648506,19.1942778949738,4.21868085873965,0.130523294858821,2.17892780272493,0.0688870680783358
-263.087606159358,-282.308408673147,4.25452387662556,-3.85065496597465,19.1942778949738,4.21868085873965,0.130523294858821,2.17892780272493,0.0688870680783358
-263.06875136868,-282.275370509064,4.23566908594752,-4.77590406622847,18.8664161090851,4.21868085873965,0.130523294858821,2.17892780272493,0.0688870680783358
-263.069068748237,-282.240215666493,4.2359864655051,-5.8681522043006,18.8664161090851,4.21868085873965,0.130523294858821,2.17892780272493,0.0688870680783358
-263.064469182271,-282.201296833801,4.23138689953934,-6.37748313656453,18.8664161090851,4.21868085873965,0.130523294858821,2.17892780272493,0.0688870680783358
-263.048712775331,-282.159335827438,4.21563049259893,-6.61335464901749,18.6076041584015,4.21868085873965,0.130523294858821,2.17892780272493,0.0688870680783358
-263.037145321184,-282.114711958508,4.20406303845228,-6.4057248555683,18.6076041584015,4.21868085873965,0.130523294858821,2.17892780272493,0.0688870680783358
-263.023994895005,-282.067527603598,4.19091261227339,-5.86305422051118,18.6076041584015,4.21868085873965,0.130523294858821,2.17892780272493,0.0688870680783358
-263.014391755742,-282.017010288337,4.18130947300982,-5.10072061313002,18.415587556839,4.21868085873965,0.130523294858821,2.17892780272493,0.0688870680783358
-263.00439476518,-281.964893657517,4.17131248244779,-4.86388787451169,18.415587556839,4.21868085873965,0.130523294858821,2.17892780272493,0.0688870680783358
-262.984415300186,-281.910221066265,4.15133301745357,-4.70790330205566,18.415587556839,4.21868085873965,0.130523294858821,2.17892780272493,0.0688870680783358
-262.966497796598,-281.852953080617,4.13341551386581,-4.70534899099815,18.415587556839,4.21868085873965,0.130523294858821,2.17892780272493,0.0688870680783358
-262.969764209929,-281.792970298339,4.13668192719702,-4.23753374473896,18.3179198627472,4.21868085873965,0.130523294858821,2.17892780272493,0.0688870680783358
-262.967050688775,-281.732699233314,4.13396840604274,-4.30026110950786,18.3179198627472,4.21868085873965,0.130523294858821,2.17892780272493,0.0688870680783358
-262.946228488649,-281.669936302483,4.11314620591669,-4.5055570823412,18.3179198627472,4.21868085873965,0.130523294858821,2.17892780272493,0.0688870680783358
-262.944487926105,-281.605204648414,4.11140564337348,-3.68320412515559,18.2896453266144,4.21868085873965,0.130523294858821,2.17892780272493,0.0688870680783358
-262.934838527195,-281.539085005823,4.10175624446318,-3.26511887572404,18.2896453266144,4.21868085873965,0.130523294858821,2.17892780272493,0.0688870680783358
-262.934275004724,-281.471434128591,4.10119272199244,-2.88177220705004,18.2896453266144,4.21868085873965,0.130523294858821,2.17892780272493,0.0688870680783358
-262.917904791373,-281.402540697681,4.08482250864117,-3.23994416241954,18.3087188129425,4.21868085873965,0.130523294858821,2.17892780272493,0.0688870680783358
-262.934334472251,-281.332569042327,4.10125218951862,-2.4781108410497,18.3087188129425,4.21868085873965,0.130523294858821,2.17892780272493,0.0688870680783358
-262.920061164708,-281.261375605697,4.08697888197612,-2.06791015490133,18.3087188129425,4.21868085873965,0.130523294858821,2.17892780272493,0.0688870680783358
-262.927832836329,-281.189362383808,4.09475055359659,-2.2956308006734,18.3087188129425,4.21868085873965,0.130523294858821,2.17892780272493,0.0688870680783358
-262.926137627036,-281.116375089856,4.09305534430365,-1.73027226882283,18.1897765522003,4.21868085873965,0.130523294858821,2.17892780272493,0.0688870680783358
-262.918827996206,-281.042871574045,4.08574571347414,-1.27463642830522,18.1897765522003,4.21868085873965,0.130523294858821,2.17892780272493,0.0688870680783358
-262.917282302697,-280.968546499052,4.0842000199649,-1.38409077435682,18.1897765522003,4.21868085873965,0.130523294858821,2.17892780272493,0.0688870680783358
-262.915131695398,-280.894115118655,4.08204941266649,-1.09749053514249,17.9808608417511,4.21868085873965,0.130523294858821,2.17892780272493,0.0688870680783358
-262.911217142849,-280.818618067341,4.07813486011677,-1.24587882575083,17.9808608417511,4.21868085873965,0.130523294858821,2.17892780272493,0.0688870680783358
-262.90598477,-280.743771364772,4.0729024872676,-1.590245429375,17.9808608417511,4.21868085873965,0.130523294858821,2.17892780272493,0.0688870680783358
-262.900994342061,-280.668613861699,4.06791205932872,-1.65790087457092,17.7706214313507,4.21868085873965,0.130523294858821,2.17892780272493,0.0688870680783358
-262.900260216342,-280.593288137085,4.06717793361022,-1.58056556240653,17.7706214313507,4.21868085873965,0.130523294858821,2.17892780272493,0.0688870680783358
-262.905853793517,-280.51774534029,4.07277151078533,-2.02987989587732,17.7706214313507,4.21868085873965,0.130523294858821,2.17892780272493,0.0688870680783358
-262.888919121198,-280.442203309701,4.05583683846639,-2.74375240789535,17.7706214313507,4.21868085873965,0.130523294858821,2.17892780272493,0.0688870680783358
-262.888327374414,-280.367624753104,4.05524509168193,-2.81973662379189,17.511119020462,4.21868085873965,0.130523294858821,2.17892780272493,0.0688870680783358
-262.876064081158,-280.293034614602,4.04298179842638,-2.5134317527162,17.511119020462,4.21868085873965,0.130523294858821,2.17892780272493,0.0688870680783358
-262.873488556627,-280.218770233054,4.04040627389513,-2.63017064948759,17.511119020462,4.21868085873965,0.130523294858821,2.17892780272493,0.0688870680783358
-262.867662330024,-280.144852279567,4.03458004729235,-3.42137005656776,17.2498275165558,4.21868085873965,0.130523294858821,2.17892780272493,0.0688870680783358
-262.867277887092,-280.070932985567,4.03419560435952,-3.55921963154477,17.2498275165558,4.21868085873965,0.130523294858821,2.17892780272493,0.0688870680783358
-262.862424389376,-279.999020985835,4.02934210664424,-3.98208132661248,17.2498275165558,4.21868085873965,0.130523294858821,2.17892780272493,0.0688870680783358
-262.844928263051,-279.926973113338,4.01184598031928,-3.93452448787642,17.0376883869171,4.21868085873965,0.130523294858821,2.17892780272493,0.0688870680783358
-262.847632796469,-279.855734504269,4.01455051373661,-4.21693946412721,17.0376883869171,4.21868085873965,0.130523294858821,2.17892780272493,0.0688870680783358
-262.833754277516,-279.784988457553,4.00067199478416,-4.39440079827414,17.0376883869171,4.21868085873965,0.130523294858821,2.17892780272493,0.0688870680783358
-262.833872286019,-279.715099371804,4.00079000328651,-4.29681682471132,17.0376883869171,4.21868085873965,0.130523294858821,2.17892780272493,0.0688870680783358
-262.811803642535,-279.645226806716,3.97872135980321,-4.37027962906859,16.8951445941925,4.21868085873965,0.130523294858821,2.17892780272493,0.0688870680783358
-262.813090222064,-279.575949221398,3.98000793933201,-3.978863907735,16.8951445941925,4.21868085873965,0.130523294858821,2.17892780272493,0.0688870680783358
-262.805127943987,-279.510218107384,3.97204566125509,-4.17782371067356,16.8951445941925,4.21868085873965,0.130523294858821,2.17892780272493,0.0688870680783358
-262.791197739804,-279.444515406939,3.95811545707236,-3.79960927444607,16.7311278705597,4.21868085873965,0.130523294858821,2.17892780272493,0.0688870680783358
-262.77900034699,-279.378564707091,3.94591806425809,-3.95895562572391,16.7311278705597,4.21868085873965,0.130523294858821,2.17892780272493,0.0688870680783358
-262.771303404566,-279.313600794732,3.93822112183412,-4.2551987707347,16.7311278705597,4.21868085873965,0.130523294858821,2.17892780272493,0.0688870680783358
-262.765422207421,-279.251010908978,3.93233992468878,-4.04961102322844,16.5434943561554,4.21868085873965,0.130523294858821,2.17892780272493,0.0688870680783358
-262.766458142227,-279.188360055142,3.93337585949471,-4.10728823984746,16.5434943561554,4.21868085873965,0.130523294858821,2.17892780272493,0.0688870680783358
-262.765970967888,-279.126504401959,3.93288868515557,-4.45738436153295,16.5434943561554,4.21868085873965,0.130523294858821,2.17892780272493,0.0688870680783358
-262.75238928881,-279.065612916173,3.91930700607851,-4.67395562472102,16.5434943561554,4.21868085873965,0.130523294858821,2.17892780272493,0.0688870680783358
-262.744209935966,-279.0057402504,3.91112765323448,-4.08534871157872,16.2614241962433,4.21868085873965,0.130523294858821,2.17892780272493,0.0688870680783358
-262.726765586082,-278.946953412038,3.89368330335033,-3.67179288660929,16.2614241962433,4.21868085873965,0.130523294858821,2.17892780272493,0.0688870680783358
-262.716549727902,-278.888793895295,3.88346744517026,-3.70982601006464,16.2614241962433,4.21868085873965,0.130523294858821,2.17892780272493,0.0688870680783358
-262.724526307043,-278.831624454808,3.89144402431135,-3.62565193482474,16.0736228351593,4.21868085873965,0.130523294858821,2.17892780272493,0.0688870680783358
-262.711899658048,-278.774637955331,3.87881737531587,-3.73760306158244,16.0736228351593,4.21868085873965,0.130523294858821,2.17892780272493,0.0688870680783358
-262.700750243836,-278.719045691471,3.86766796110444,-4.184536065658,16.0736228351593,4.21868085873965,0.130523294858821,2.17892780272493,0.0688870680783358
-262.691669217954,-278.664087176927,3.85858693522168,-4.63498878183311,15.8613664035797,4.21868085873965,0.130523294858821,2.17892780272493,0.0688870680783358
-262.68803190003,-278.609827123107,3.85494961729849,-4.41047291369614,15.8613664035797,4.21868085873965,0.130523294858821,2.17892780272493,0.0688870680783358
-262.681572891176,-278.555933702799,3.848490608444,-3.98667530910926,15.8613664035797,4.21868085873965,0.130523294858821,2.17892780272493,0.0688870680783358
-262.679622066981,-278.502739275867,3.84653978424854,-4.45188778156737,15.8613664035797,4.21868085873965,0.130523294858821,2.17892780272493,0.0688870680783358
-262.660963839044,-278.449840379325,3.82788155631192,-4.16220517845467,15.6965028171539,4.21868085873965,0.130523294858821,2.17892780272493,0.0688870680783358
-262.655998766011,-278.398728763883,3.82291648327915,-4.11645441880677,15.6965028171539,4.21868085873965,0.130523294858821,2.17892780272493,0.0688870680783358
-262.640408161987,-278.346993780565,3.80732587925475,-4.15400719812061,15.6965028171539,4.21868085873965,0.130523294858821,2.17892780272493,0.0688870680783358
-262.640729406644,-278.295789870885,3.80764712391213,-3.96966281845211,15.5302087192535,4.21868085873965,0.130523294858821,2.17892780272493,0.0688870680783358
-262.627099035235,-278.244770412099,3.79401675250307,-4.19975466873873,15.5302087192535,4.21868085873965,0.130523294858821,2.17892780272493,0.0688870680783358
-262.624041684328,-278.193485038176,3.79095940159607,-4.36919612498699,15.5302087192535,4.21868085873965,0.130523294858821,2.17892780272493,0.0688870680783358
-262.620207240746,-278.143210895159,3.78712495801409,-4.626106865917,15.4118424777985,4.21868085873965,0.130523294858821,2.17892780272493,0.0688870680783358
-262.610922036903,-278.092750923922,3.77783975417056,-3.7880897694499,15.4118424777985,4.21868085873965,0.130523294858821,2.17892780272493,0.0688870680783358
-262.599129257343,-278.042163368275,3.76604697461141,-3.86860813088539,15.4118424777985,4.21868085873965,0.130523294858821,2.17892780272493,0.0688870680783358
-262.575849116196,-277.992169463738,3.74276683346386,-3.76348117424154,15.4118424777985,4.21868085873965,0.130523294858821,2.17892780272493,0.0688870680783358
-262.598078608128,-277.941272330439,3.7649963253959,-3.34682347027765,15.2471581821442,4.21868085873965,0.130523294858821,2.17892780272493,0.0688870680783358
-262.578334580143,-277.891215374506,3.74525229741129,-2.9288618428988,15.2471581821442,4.21868085873965,0.130523294858821,2.17892780272493,0.0688870680783358
-262.568101077792,-277.841050752197,3.73501879506027,-3.38646761964208,15.2471581821442,4.21868085873965,0.130523294858821,2.17892780272493,0.0688870680783358
-262.56229994045,-277.790378647948,3.72921765771839,-3.61214793450385,15.1538430576324,4.21868085873965,0.130523294858821,2.17892780272493,0.0688870680783358
-262.561669406244,-277.738889838468,3.72858712351171,-3.45161520276958,15.1538430576324,4.21868085873965,0.130523294858821,2.17892780272493,0.0688870680783358
-262.546142279316,-277.687284885708,3.71305999658372,-3.41608888068571,15.1538430576324,4.21868085873965,0.130523294858821,2.17892780272493,0.0688870680783358
-262.543053092113,-277.635380913169,3.70997080938074,-3.64334497811003,15.036382806778,4.21868085873965,0.130523294858821,2.17892780272493,0.0688870680783358
-262.542556780082,-277.58328252557,3.70947449734965,-3.45150407217861,15.036382806778,4.21868085873965,0.130523294858821,2.17892780272493,0.0688870680783358
-262.536951758636,-277.530221360344,3.70386947590357,-3.00060018639019,15.036382806778,4.21868085873965,0.130523294858821,2.17892780272493,0.0688870680783358
-262.537226993898,-277.476658654257,3.70414471116554,-3.21674258142467,15.036382806778,4.21868085873965,0.130523294858821,2.17892780272493,0.0688870680783358
-262.520646259748,-277.421905023124,3.68756397701564,-3.41633159053504,14.9413854007721,4.21868085873965,0.130523294858821,2.17892780272493,0.0688870680783358
-262.514871632304,-277.367618022872,3.68178934957197,-3.16946756840965,14.9413854007721,4.21868085873965,0.130523294858821,2.17892780272493,0.0688870680783358
-262.509123735381,-277.312032292256,3.67604145264921,-2.96260046724559,14.9413854007721,4.21868085873965,0.130523294858821,2.17892780272493,0.0688870680783358
-262.511905349617,-277.255355554977,3.67882306688511,-2.39727547850056,14.8259660129547,4.21868085873965,0.130523294858821,2.17892780272493,0.0688870680783358
-262.501932818405,-277.198223922527,3.66885053567328,-2.35873057907958,14.8259660129547,4.21868085873965,0.130523294858821,2.17892780272493,0.0688870680783358
-262.497343415802,-277.140286053819,3.66426113307033,-2.681440076411,14.8259660129547,4.21868085873965,0.130523294858821,2.17892780272493,0.0688870680783358
-262.487520575259,-277.081627895102,3.65443829252715,-2.8742826792285,14.7311478977203,4.21868085873965,0.130523294858821,2.17892780272493,0.0688870680783358
-262.483649564295,-277.022109700337,3.65056728156316,-2.59882536620603,14.7311478977203,4.21868085873965,0.130523294858821,2.17892780272493,0.0688870680783358
-262.486110936639,-276.96158163415,3.65302865390749,-2.63270597972169,14.7311478977203,4.21868085873965,0.130523294858821,2.17892780272493,0.0688870680783358
-262.486611612472,-276.90023765118,3.65352932973978,-2.72673136313328,14.7311478977203,4.21868085873965,0.130523294858821,2.17892780272493,0.0688870680783358
-262.469681825697,-276.836549051265,3.63659954296502,-1.91601145714859,14.5658036594391,4.21868085873965,0.130523294858821,2.17892780272493,0.0688870680783358
-262.466727223927,-276.772653778749,3.63364494119489,-2.48535305184333,14.5658036594391,4.21868085873965,0.130523294858821,2.17892780272493,0.0688870680783358
-262.468175375196,-276.709356743404,3.63509309246446,-2.66408097160778,14.5658036594391,4.21868085873965,0.130523294858821,2.17892780272493,0.0688870680783358
-262.452457736663,-276.644636625158,3.61937545393082,-2.10123319534631,14.4001199131012,4.21868085873965,0.130523294858821,2.17892780272493,0.0688870680783358
-262.448892563306,-276.578543837628,3.61581028057367,-2.67693024980804,14.4001199131012,4.21868085873965,0.130523294858821,2.17892780272493,0.0688870680783358
-262.45475484042,-276.510888173555,3.62167255768847,-3.16156743737174,14.4001199131012,4.21868085873965,0.130523294858821,2.17892780272493,0.0688870680783358
-262.442548390388,-276.443383268362,3.60946610765628,-3.0920713034342,14.1415349369049,4.21868085873965,0.130523294858821,2.17892780272493,0.0688870680783358
-262.442137126128,-276.374731751144,3.60905484339608,-3.30954353788641,14.1415349369049,4.21868085873965,0.130523294858821,2.17892780272493,0.0688870680783358
-262.432769741292,-276.305161112921,3.59968745855971,-3.58006154632446,14.1415349369049,4.21868085873965,0.130523294858821,2.17892780272493,0.0688870680783358
-262.418941875599,-276.234821327332,3.58585959286672,-3.7737550779472,14.1415349369049,4.21868085873965,0.130523294858821,2.17892780272493,0.0688870680783358
-262.424161380975,-276.163045486144,3.59107909824258,-3.69059774869014,13.9547940616608,4.21868085873965,0.130523294858821,2.17892780272493,0.0688870680783358
-262.411542857295,-276.091064964832,3.57846057456279,-3.53891037322851,13.9547940616608,4.21868085873965,0.130523294858821,2.17892780272493,0.0688870680783358
-262.41838229026,-276.018328749296,3.58530000752832,-3.97368971114099,13.9547940616608,4.21868085873965,0.130523294858821,2.17892780272493,0.0688870680783358
-262.40120976049,-275.945582506807,3.56812747775753,-4.05837395343115,13.7190133457184,4.21868085873965,0.130523294858821,2.17892780272493,0.0688870680783358
-262.385324470156,-275.871674892126,3.55224218742356,-4.08488965723475,13.7190133457184,4.21868085873965,0.130523294858821,2.17892780272493,0.0688870680783358
-262.376659229357,-275.797227372507,3.54357694662527,-4.15137486261228,13.7190133457184,4.21868085873965,0.130523294858821,2.17892780272493,0.0688870680783358
-262.36580120684,-275.723291154491,3.53271892410773,-4.35640598134488,13.4837247257233,4.21868085873965,0.130523294858821,2.17892780272493,0.0688870680783358
-262.357865989808,-275.648441829453,3.52478370707587,-4.74171329391879,13.4837247257233,4.21868085873965,0.130523294858821,2.17892780272493,0.0688870680783358
-262.344026879842,-275.57331835039,3.51094459711015,-5.24956561221116,13.4837247257233,4.21868085873965,0.130523294858821,2.17892780272493,0.0688870680783358
-262.349451854544,-275.497906898834,3.51636957181212,-5.59786954188186,13.4837247257233,4.21868085873965,0.130523294858821,2.17892780272493,0.0688870680783358
-262.332669833271,-275.422045352843,3.49958755053853,-5.24282498859139,13.2697068576813,4.21868085873965,0.130523294858821,2.17892780272493,0.0688870680783358
-262.32916696847,-275.347364688714,3.49608468573842,-5.14621025319856,13.2697068576813,4.21868085873965,0.130523294858821,2.17892780272493,0.0688870680783358
-262.313663725474,-275.271878561478,3.48058144274194,-4.99766161178387,13.2697068576813,4.21868085873965,0.130523294858821,2.17892780272493,0.0688870680783358
-262.305864881558,-275.197017468129,3.47278259882594,-4.87895300149773,13.1051675205231,4.21868085873965,0.130523294858821,2.17892780272493,0.0688870680783358
-262.299346962141,-275.122029489537,3.46626467940947,-5.1836508740057,13.1051675205231,4.21868085873965,0.130523294858821,2.17892780272493,0.0688870680783358
-262.272819983873,-275.046652894491,3.43973770114064,-5.42570790886712,13.1051675205231,4.21868085873965,0.130523294858821,2.17892780272493,0.0688870680783358
-262.280140567589,-274.974005469434,3.44705828485686,-5.32395408853395,12.8671685581207,4.21868085873965,0.130523294858821,2.17892780272493,0.0688870680783358
-262.26761673227,-274.900471044047,3.43453444953795,-5.17367866130834,12.8671685581207,4.21868085873965,0.130523294858821,2.17892780272493,0.0688870680783358
-262.272759802281,-274.828022994048,3.43967751954916,-5.36916927212067,12.8671685581207,4.21868085873965,0.130523294858821,2.17892780272493,0.0688870680783358
-262.26716588968,-274.756975652772,3.43408360694769,-6.0857379577755,12.8671685581207,4.21868085873965,0.130523294858821,2.17892780272493,0.0688870680783358
-262.242097242468,-274.685900361327,3.40901495973578,-5.68488331039274,12.6543275241852,4.21868085873965,0.130523294858821,2.17892780272493,0.0688870680783358
-262.233038397836,-274.617435073892,3.39995611510385,-5.63515123407577,12.6543275241852,4.21868085873965,0.130523294858821,2.17892780272493,0.0688870680783358
-262.212698311653,-274.549479749391,3.37961602892145,-5.09689949094924,12.6543275241852,4.21868085873965,0.130523294858821,2.17892780272493,0.0688870680783358
-262.220591789987,-274.483148050387,3.38750950725453,-4.67961243351039,12.4187280063629,4.21868085873965,0.130523294858821,2.17892780272493,0.0688870680783358
-262.194695159036,-274.418355549515,3.36161287630438,-5.36780796016885,12.4187280063629,4.21868085873965,0.130523294858821,2.17892780272493,0.0688870680783358
-262.187125396171,-274.355156601935,3.35404311343945,-6.2038555527843,12.4187280063629,4.21868085873965,0.130523294858821,2.17892780272493,0.0688870680783358
-262.187467596072,-274.293672586306,3.35438531333992,-6.51446098503727,12.1593209629059,4.21868085873965,0.130523294858821,2.17892780272493,0.0688870680783358
-262.165400180429,-274.233678941729,3.33231789769683,-5.88232939607768,12.1593209629059,4.21868085873965,0.130523294858821,2.17892780272493,0.0688870680783358
-262.153463518236,-274.176396674108,3.32038123550404,-5.80035051020095,12.1593209629059,4.21868085873965,0.130523294858821,2.17892780272493,0.0688870680783358
-262.156747745025,-274.12082623385,3.32366546229329,-6.02318552998215,12.1593209629059,4.21868085873965,0.130523294858821,2.17892780272493,0.0688870680783358
-262.126798418308,-274.067638674229,3.29371613557572,-5.96762214390855,11.9249020938873,4.21868085873965,0.130523294858821,2.17892780272493,0.0688870680783358
-262.127260333341,-274.018062779718,3.294178050609,-5.68608953932079,11.9249020938873,4.21868085873965,0.130523294858821,2.17892780272493,0.0688870680783358
-262.116518084476,-273.969871579791,3.28343580174373,-5.44173602713158,11.9249020938873,4.21868085873965,0.130523294858821,2.17892780272493,0.0688870680783358
-262.102848086484,-273.924758401416,3.26976580375238,-5.44219519415539,11.7376386051178,4.21868085873965,0.130523294858821,2.17892780272493,0.0688870680783358
-262.101021776188,-273.881787754115,3.26793949345555,-6.11708624691843,11.7376386051178,4.21868085873965,0.130523294858821,2.17892780272493,0.0688870680783358
-262.082425842754,-273.842651066725,3.24934356002221,-6.08267701621331,11.7376386051178,4.21868085873965,0.130523294858821,2.17892780272493,0.0688870680783358
-262.075099630323,-273.806308050261,3.24201734759061,-6.00646461956979,11.5016824131012,4.21868085873965,0.130523294858821,2.17892780272493,0.0688870680783358
-262.058837544475,-273.773094437375,3.22575526174296,-5.67315177174429,11.5016824131012,4.21868085873965,0.130523294858821,2.17892780272493,0.0688870680783358
-262.055866515155,-273.743079683419,3.22278423242289,-5.40181208643486,11.5016824131012,4.21868085873965,0.130523294858821,2.17892780272493,0.0688870680783358
-262.049670383594,-273.716469213023,3.21658810086245,-5.27328739327633,11.5016824131012,4.21868085873965,0.130523294858821,2.17892780272493,0.0688870680783358
-262.028458412282,-273.692966669731,3.19537612954957,-4.7255925171392,11.3365212802887,4.21868085873965,0.130523294858821,2.17892780272493,0.0688870680783358
-262.008966080817,-273.673691842459,3.17588379808542,-5.08745954830272,11.3365212802887,4.21868085873965,0.130523294858821,2.17892780272493,0.0688870680783358
-262.017466216352,-273.658196977538,3.18438393362042,-4.94336390372812,11.3365212802887,4.21868085873965,0.130523294858821,2.17892780272493,0.0688870680783358
-262.00804303707,-273.646375613399,3.17496075433832,-4.56341031264036,11.2681828861237,4.21868085873965,0.130523294858821,2.17892780272493,0.0688870680783358
-261.994402820949,-273.638301395235,3.16132053821705,-5.06651607821764,11.2681828861237,4.21868085873965,0.130523294858821,2.17892780272493,0.0688870680783358
-261.983979649994,-273.634245839369,3.15089736726187,-4.8731320425412,11.2681828861237,4.21868085873965,0.130523294858821,2.17892780272493,0.0688870680783358
-261.97192538024,-273.63418757432,3.13884309750773,-4.05623004344741,11.290943277359,4.21868085873965,0.130523294858821,2.17892780272493,0.0688870680783358
-261.962668283598,-273.638246641325,3.12958600086577,-3.41438510766754,11.290943277359,4.21868085873965,0.130523294858821,2.17892780272493,0.0688870680783358
-261.952996310442,-273.646462324604,3.11991402771022,-3.15024398447019,11.290943277359,4.21868085873965,0.130523294858821,2.17892780272493,0.0688870680783358
-261.957843263613,-273.65886240795,3.12476098088088,-3.37281672044556,11.290943277359,4.21868085873965,0.130523294858821,2.17892780272493,0.0688870680783358
-261.958296281143,-273.675701376928,3.12521399841109,-2.87905775083155,11.2908116703033,4.21868085873965,0.130523294858821,2.17892780272493,0.0688870680783358
-261.951679354951,-273.696556190223,3.11859707221862,-2.36974293588621,11.2908116703033,4.21868085873965,0.130523294858821,2.17892780272493,0.0688870680783358
-261.935134311046,-273.721949939766,3.1020520283136,-2.1629629090833,11.2908116703033,4.21868085873965,0.130523294858821,2.17892780272493,0.0688870680783358
-261.937241331133,-273.751738475916,3.10415904840144,-1.28602515788275,11.4322110538483,4.21868085873965,0.130523294858821,2.17892780272493,0.0688870680783358
-261.924754844259,-273.786006944842,3.09167256152748,-0.229743750303185,11.4322110538483,4.21868085873965,0.130523294858821,2.17892780272493,0.0688870680783358
-261.934272503435,-273.82466332757,3.1011902207026,0.311668249683363,11.4322110538483,4.21868085873965,0.130523294858821,2.17892780272493,0.0688870680783358
-261.938270938936,-273.867751011214,3.10518865620357,0.517276975467078,11.6878987674713,4.21868085873965,0.130523294858821,2.17892780272493,0.0688870680783358
-261.932480106356,-273.914918097719,3.09939782362417,0.219884807378122,11.6878987674713,4.21868085873965,0.130523294858821,2.17892780272493,0.0688870680783358
-261.932012338606,-273.96713354719,3.09893005587397,0.907488789614049,11.6878987674713,4.21868085873965,0.130523294858821,2.17892780272493,0.0688870680783358
-261.933886094552,-274.023697888282,3.10080381182021,1.49785279225275,11.6878987674713,4.21868085873965,0.130523294858821,2.17892780272493,0.0688870680783358
-261.942953587574,-274.084825753922,3.10987130484203,2.87669669749106,11.9919053440094,4.21868085873965,0.130523294858821,2.17892780272493,0.0688870680783358
-261.949889733599,-274.149520105508,3.11680745086718,4.17966909542438,11.9919053440094,4.21868085873965,0.130523294858821,2.17892780272493,0.0688870680783358
-261.95666565002,-274.219178693853,3.12358336728824,4.34494680526291,11.9919053440094,4.21868085873965,0.130523294858821,2.17892780272493,0.0688870680783358
-261.976368539036,-274.292931680223,3.14328625630372,5.01518047264834,12.2277280216217,4.21868085873965,0.130523294858821,2.17892780272493,0.0688870680783358
-261.975897971328,-274.371207623502,3.14281568859565,5.91135293487113,12.2277280216217,4.21868085873965,0.130523294858821,2.17892780272493,0.0688870680783358
-262.004219441187,-274.453670917869,3.17113715845541,6.80019896467128,12.2277280216217,4.21868085873965,0.130523294858821,2.17892780272493,0.0688870680783358
-262.012353658434,-274.540505334901,3.1792713757024,6.53450020568583,12.4634629611969,4.21868085873965,0.130523294858821,2.17892780272493,0.0688870680783358
-262.005745469176,-274.630642913757,3.17266318644438,6.28102606664773,12.4634629611969,4.21868085873965,0.130523294858821,2.17892780272493,0.0688870680783358
-262.021266628227,-274.725281872675,3.18818434549534,6.21825881507338,12.4634629611969,4.21868085873965,0.130523294858821,2.17892780272493,0.0688870680783358
-262.028792747427,-274.823135520611,3.19571046469463,5.92043855642151,12.4634629611969,4.21868085873965,0.130523294858821,2.17892780272493,0.0688870680783358
-262.041487796417,-274.926500922023,3.20840551368506,5.91253132189341,12.6786881809235,4.21868085873965,0.130523294858821,2.17892780272493,0.0688870680783358
-262.064552300379,-275.030815111575,3.23147001764745,5.67372357647102,12.6786881809235,4.21868085873965,0.130523294858821,2.17892780272493,0.0688870680783358
-262.073733397338,-275.140263307973,3.24065111460609,5.24676869316697,12.6786881809235,4.21868085873965,0.130523294858821,2.17892780272493,0.0688870680783358
-262.069411434441,-275.253371477138,3.23632915170874,4.72143137243182,12.8717996006012,4.21868085873965,0.130523294858821,2.17892780272493,0.0688870680783358
-262.076075481731,-275.369374273663,3.24299319899951,4.94582503876491,12.8717996006012,4.21868085873965,0.130523294858821,2.17892780272493,0.0688870680783358
-262.088188034617,-275.489203968952,3.25510575188509,5.60472177280282,12.8717996006012,4.21868085873965,0.130523294858821,2.17892780272493,0.0688870680783358
-262.102627797809,-275.611961163387,3.26954551507747,5.60479446867712,13.1572247867584,4.21868085873965,0.130523294858821,2.17892780272493,0.0688870680783358
-262.116507473897,-275.737584540627,3.28342519116526,4.85695882203406,13.1572247867584,4.21868085873965,0.130523294858821,2.17892780272493,0.0688870680783358
-262.119398411019,-275.866341469736,3.28631612828661,4.60600697022767,13.1572247867584,4.21868085873965,0.130523294858821,2.17892780272493,0.0688870680783358
-262.128191594995,-275.997233830709,3.29510931226296,4.87356864361658,13.1572247867584,4.21868085873965,0.130523294858821,2.17892780272493,0.0688870680783358
-262.130449648176,-276.132536447198,3.29736736544367,4.68859381159179,13.4393235569,4.21868085873965,0.130523294858821,2.17892780272493,0.0688870680783358
-262.146691540541,-276.266481900409,3.31360925780888,5.09623121407555,13.4393235569,4.21868085873965,0.130523294858821,2.17892780272493,0.0688870680783358
-262.145009781562,-276.406181322141,3.31192749882964,5.51068267247378,13.4393235569,4.21868085873965,0.130523294858821,2.17892780272493,0.0688870680783358
-262.163476757296,-276.545600651715,3.33039447456362,5.5974956992214,13.8152123813629,4.21868085873965,0.130523294858821,2.17892780272493,0.0688870680783358
-262.165865543009,-276.687151239898,3.33278326027653,5.86793670802364,13.8152123813629,4.21868085873965,0.130523294858821,2.17892780272493,0.0688870680783358
-262.181895246903,-276.831930161996,3.34881296417072,6.18529310890719,13.8152123813629,4.21868085873965,0.130523294858821,2.17892780272493,0.0688870680783358
-262.201814959803,-276.976605187683,3.36873267707055,7.3254189761578,14.3538876895905,4.21868085873965,0.130523294858821,2.17892780272493,0.0688870680783358
-262.207868049635,-277.122741448785,3.37478576690281,7.82620749371564,14.3538876895905,4.21868085873965,0.130523294858821,2.17892780272493,0.0688870680783358
-262.215401798125,-277.271240303623,3.38231951539297,7.87741200528192,14.3538876895905,4.21868085873965,0.130523294858821,2.17892780272493,0.0688870680783358
-262.234201599205,-277.419930736845,3.40111931647291,7.75654880668704,14.3538876895905,4.21868085873965,0.130523294858821,2.17892780272493,0.0688870680783358
-262.255689468175,-277.5692201619,3.42260718544296,8.00123506497822,14.9406834964752,4.21868085873965,0.130523294858821,2.17892780272493,0.0688870680783358
-262.274649286005,-277.723705351923,3.44156700327281,8.98737142835667,14.9406834964752,4.21868085873965,0.130523294858821,2.17892780272493,0.0688870680783358
-262.277571606479,-277.871819684377,3.4444893237473,8.9405096236664,14.9406834964752,4.21868085873965,0.130523294858821,2.17892780272493,0.0688870680783358
-262.299701978114,-278.020927353802,3.46661969538203,9.67385833001034,15.4589978580475,4.21868085873965,0.130523294858821,2.17892780272493,0.0688870680783358
-262.323164821523,-278.171277135547,3.49008253879129,10.7766418175265,15.4589978580475,4.21868085873965,0.130523294858821,2.17892780272493,0.0688870680783358
-262.355396445657,-278.321476685466,3.52231416292498,10.6705059225166,15.4589978580475,4.21868085873965,0.130523294858821,2.17892780272493,0.0688870680783358
-262.351981967222,-278.472142017945,3.51889968449032,10.7441760794855,15.9790555362701,4.21868085873965,0.130523294858821,2.17892780272493,0.0688870680783358
-262.385430446701,-278.621810487153,3.5523481639686,11.2759838880461,15.9790555362701,4.21868085873965,0.130523294858821,2.17892780272493,0.0688870680783358
-262.409333830977,-278.771184857016,3.57625154824498,11.908866068071,15.9790555362701,4.21868085873965,0.130523294858821,2.17892780272493,0.0688870680783358
-262.428700581379,-278.918996481827,3.59561829864691,12.1638011025647,15.9790555362701,4.21868085873965,0.130523294858821,2.17892780272493,0.0688870680783358
-262.442645784799,-279.066556547459,3.60956350206659,11.3270488764977,16.5229827289581,4.21868085873965,0.130523294858821,2.17892780272493,0.0688870680783358
-262.471141280489,-279.211170700089,3.63805899775671,11.5864271696584,16.5229827289581,4.21868085873965,0.130523294858821,2.17892780272493,0.0688870680783358
-262.495711454509,-279.355443403188,3.66262917177712,12.0568874728199,16.5229827289581,4.21868085873965,0.130523294858821,2.17892780272493,0.0688870680783358
-262.522180334025,-279.498400282599,3.68909805129275,12.0753955218763,17.0446616535187,4.21868085873965,0.130523294858821,2.17892780272493,0.0688870680783358
-262.540688909454,-279.638703247542,3.70760662672232,12.3134929730352,17.0446616535187,4.21868085873965,0.130523294858821,2.17892780272493,0.0688870680783358
-262.563291307872,-279.777511926446,3.73020902513965,11.3531966717005,17.0446616535187,4.21868085873965,0.130523294858821,2.17892780272493,0.0688870680783358
-262.57716119274,-279.914474518705,3.74407891000844,11.9985366709052,17.4709960346222,4.21868085873965,0.130523294858821,2.17892780272493,0.0688870680783358
-262.599477825854,-280.048347760289,3.7663955431223,11.5821400621841,17.4709960346222,4.21868085873965,0.130523294858821,2.17892780272493,0.0688870680783358
-262.61286767499,-280.181299092759,3.77978539225843,11.6175067225171,17.4709960346222,4.21868085873965,0.130523294858821,2.17892780272493,0.0688870680783358
-262.640409325038,-280.308816151437,3.80732704230619,11.7074164286075,17.4709960346222,4.21868085873965,0.130523294858821,2.17892780272493,0.0688870680783358
-262.660616297683,-280.436107358986,3.82753401495056,10.2991325229594,17.9668647174835,4.21868085873965,0.130523294858821,2.17892780272493,0.0688870680783358
-262.678948121202,-280.558554584903,3.84586583847046,10.434515140459,17.9668647174835,4.21868085873965,0.130523294858821,2.17892780272493,0.0688870680783358
-262.706669131378,-280.678649064922,3.87358684864642,10.4574097850598,17.9668647174835,4.21868085873965,0.130523294858821,2.17892780272493,0.0688870680783358
-262.726163929051,-280.796245448239,3.89308164631935,9.9456696356125,18.4131919269562,4.21868085873965,0.130523294858821,2.17892780272493,0.0688870680783358
-262.736872207308,-280.909739609591,3.90378992457568,10.3951092630826,18.4131919269562,4.21868085873965,0.130523294858821,2.17892780272493,0.0688870680783358
-262.754070123112,-281.02016407322,3.92098784038003,10.7859472548688,18.4131919269562,4.21868085873965,0.130523294858821,2.17892780272493,0.0688870680783358
-262.7761793688,-281.127029433189,3.94309708606816,11.2301187387486,18.8384772663116,4.21868085873965,0.130523294858821,2.17892780272493,0.0688870680783358
-262.801298400448,-281.22998305537,3.96821611771636,9.9965678243341,18.8384772663116,4.21868085873965,0.130523294858821,2.17892780272493,0.0688870680783358
-262.825242727332,-281.329619940345,3.99216044460027,9.88840244342473,18.8384772663116,4.21868085873965,0.130523294858821,2.17892780272493,0.0688870680783358
-262.839245042316,-281.424097696402,4.0061627595836,9.522243919481,18.8384772663116,4.21868085873965,0.130523294858821,2.17892780272493,0.0688870680783358
-262.855043766106,-281.515479618636,4.02196148337447,8.86985367594443,19.2388068561554,4.21868085873965,0.130523294858821,2.17892780272493,0.0688870680783358
-262.877603256387,-281.602500003475,4.0445209736546,8.15298324435691,19.2388068561554,4.21868085873965,0.130523294858821,2.17892780272493,0.0688870680783358
-262.878617459485,-281.685943845077,4.04553517675255,9.21638110565427,19.2388068561554,4.21868085873965,0.130523294858821,2.17892780272493,0.0688870680783358
-262.917461324695,-281.765619667042,4.08437904196329,8.28958159234504,19.521731508255,4.21868085873965,0.130523294858821,2.17892780272493,0.0688870680783358
-262.938134756671,-281.840070297548,4.10505247393872,8.35043379011226,19.521731508255,4.21868085873965,0.130523294858821,2.17892780272493,0.0688870680783358
-262.948565672777,-281.910496458708,4.11548339004547,8.46132178693581,19.521731508255,4.21868085873965,0.130523294858821,2.17892780272493,0.0688870680783358
-262.965125732014,-281.976847773924,4.1320434492817,8.18450608000422,19.7583533649445,4.21868085873965,0.130523294858821,2.17892780272493,0.0688870680783358
-262.969534006966,-282.038544749353,4.13645172423421,7.58631331691201,19.7583533649445,4.21868085873965,0.130523294858821,2.17892780272493,0.0688870680783358
-262.98834306796,-282.095988259303,4.1552607852281,7.47848132801935,19.7583533649445,4.21868085873965,0.130523294858821,2.17892780272493,0.0688870680783358
-262.988714073303,-282.148596416963,4.15563179057116,7.70819988198126,19.7583533649445,4.21868085873965,0.130523294858821,2.17892780272493,0.0688870680783358
-263.016015986883,-282.197318992877,4.18293370415057,6.55112227292971,19.9936515216827,4.21868085873965,0.130523294858821,2.17892780272493,0.0688870680783358
-263.023466787484,-282.24104799012,4.1903845047519,5.77367020661696,19.9936515216827,4.21868085873965,0.130523294858821,2.17892780272493,0.0688870680783358
-263.026563984886,-282.280769323599,4.19348170215422,5.77918583428279,19.9936515216827,4.21868085873965,0.130523294858821,2.17892780272493,0.0688870680783358
-263.049715275686,-282.316224380339,4.21663299295449,5.40345499508942,20.0866843585968,4.21868085873965,0.130523294858821,2.17892780272493,0.0688870680783358
-263.056840116089,-282.346881050554,4.22375783335732,5.41637166150445,20.0866843585968,4.21868085873965,0.130523294858821,2.17892780272493,0.0688870680783358
-263.0685470258,-282.373145338294,4.23546474306791,5.1143388181203,20.0866843585968,4.21868085873965,0.130523294858821,2.17892780272493,0.0688870680783358
-263.066709878965,-282.395129440963,4.23362759623291,4.96136704574802,20.0398970966339,4.21868085873965,0.130523294858821,2.17892780272493,0.0688870680783358
-263.088820598283,-282.412618857881,4.25573831555059,4.01311572651428,20.0398970966339,4.21868085873965,0.130523294858821,2.17892780272493,0.0688870680783358
-263.085736687789,-282.426000062247,4.25265440505679,3.87025608023335,20.0398970966339,4.21868085873965,0.130523294858821,2.17892780272493,0.0688870680783358
-263.091908491004,-282.435084782561,4.25882620827195,3.77079918088809,20.0398970966339,4.21868085873965,0.130523294858821,2.17892780272493,0.0688870680783358
-263.102319300255,-282.440044777742,4.26923701752274,2.92720931744452,19.8765403156281,4.21868085873965,0.130523294858821,2.17892780272493,0.0688870680783358
-263.107230067837,-282.440819043193,4.27414778510488,1.747075058978,19.8765403156281,4.21868085873965,0.130523294858821,2.17892780272493,0.0688870680783358
-263.114660294902,-282.437575749978,4.28157801216961,0.466739643625193,19.8765403156281,4.21868085873965,0.130523294858821,2.17892780272493,0.0688870680783358
-263.111096022141,-282.430414668191,4.27801373940856,-0.68670145516237,19.5475760822296,4.21868085873965,0.130523294858821,2.17892780272493,0.0688870680783358
-263.103972394675,-282.419315102523,4.27089011194343,-0.0799124630940824,19.5475760822296,4.21868085873965,0.130523294858821,2.17892780272493,0.0688870680783358
-263.10946479783,-282.404419017355,4.27638251509777,-1.3012695807379,19.5475760822296,4.21868085873965,0.130523294858821,2.17892780272493,0.0688870680783358
-263.113653057431,-282.385805893904,4.28057077469907,-1.36333444674109,19.1488486652374,4.21868085873965,0.130523294858821,2.17892780272493,0.0688870680783358
-263.103778615146,-282.36347605191,4.27069633241423,-3.97510941883106,19.1488486652374,4.21868085873965,0.130523294858821,2.17892780272493,0.0688870680783358
-263.101051079172,-282.337670079597,4.26796879644004,-4.99630082072737,19.1488486652374,4.21868085873965,0.130523294858821,2.17892780272493,0.0688870680783358
-263.083681807981,-282.308412356688,4.25059952524909,-4.72860014291605,19.1488486652374,4.21868085873965,0.130523294858821,2.17892780272493,0.0688870680783358
-263.075742963327,-282.275977595413,4.24266068059537,-5.60948308231908,18.7742263202667,4.21868085873965,0.130523294858821,2.17892780272493,0.0688870680783358
-263.063773490967,-282.240300142469,4.23069120823483,-6.61272093470222,18.7742263202667,4.21868085873965,0.130523294858821,2.17892780272493,0.0688870680783358
-263.055439653396,-282.20145549792,4.22235737066429,-6.93911057505639,18.7742263202667,4.21868085873965,0.130523294858821,2.17892780272493,0.0688870680783358
-263.037144629351,-282.159377082596,4.2040623466188,-6.57783109151884,18.5140868549347,4.21868085873965,0.130523294858821,2.17892780272493,0.0688870680783358
-263.033330841973,-282.114711958508,4.20024855924062,-6.05712415064196,18.5140868549347,4.21868085873965,0.130523294858821,2.17892780272493,0.0688870680783358
-263.016018800868,-282.067457931367,4.18293651813584,-6.29154478559729,18.5140868549347,4.21868085873965,0.130523294858821,2.17892780272493,0.0688870680783358
-263.006592473493,-282.017572417122,4.17351019076051,-5.67918192141937,18.3693686847687,4.21868085873965,0.130523294858821,2.17892780272493,0.0688870680783358
-263.008053014896,-281.965136729546,4.17497073216377,-5.44816158360506,18.3693686847687,4.21868085873965,0.130523294858821,2.17892780272493,0.0688870680783358
-262.981758605676,-281.909760844026,4.14867632294397,-5.10184150988734,18.3693686847687,4.21868085873965,0.130523294858821,2.17892780272493,0.0688870680783358
-262.976465782064,-281.853167790735,4.14338349933169,-4.75324909150365,18.3693686847687,4.21868085873965,0.130523294858821,2.17892780272493,0.0688870680783358
-262.955372244434,-281.793185417611,4.12228996170227,-4.60966189652719,18.2940131549835,4.21868085873965,0.130523294858821,2.17892780272493,0.0688870680783358
-262.949164172402,-281.732529177479,4.11608188967016,-4.21376144300254,18.2940131549835,4.21868085873965,0.130523294858821,2.17892780272493,0.0688870680783358
-262.93673095114,-281.66996671384,4.10364866840762,-4.40688489631243,18.2940131549835,4.21868085873965,0.130523294858821,2.17892780272493,0.0688870680783358
-262.93397255137,-281.605251433866,4.10089026863786,-3.33549464856265,18.2430678730011,4.21868085873965,0.130523294858821,2.17892780272493,0.0688870680783358
-262.931637689386,-281.53899726457,4.09855540665371,-3.35253151993108,18.2430678730011,4.21868085873965,0.130523294858821,2.17892780272493,0.0688870680783358
-262.925291436487,-281.471409708682,4.09220915375469,-3.33201515823289,18.2430678730011,4.21868085873965,0.130523294858821,2.17892780272493,0.0688870680783358
-262.924170299448,-281.402540697681,4.09108801671648,-3.27970663131332,18.2406646137238,4.21868085873965,0.130523294858821,2.17892780272493,0.0688870680783358
-262.919006023674,-281.332307982769,4.08592374094163,-1.95557906650563,18.2406646137238,4.21868085873965,0.130523294858821,2.17892780272493,0.0688870680783358
-262.915688636123,-281.261051097786,4.08260635339125,-1.64367559655914,18.2406646137238,4.21868085873965,0.130523294858821,2.17892780272493,0.0688870680783358
-262.909351169176,-281.189016653155,4.07626888644391,-1.79303380005869,18.2406646137238,4.21868085873965,0.130523294858821,2.17892780272493,0.0688870680783358
-262.914467299734,-281.116392554877,4.08138501700211,-1.14957352442292,18.1232291584015,4.21868085873965,0.130523294858821,2.17892780272493,0.0688870680783358
-262.910883842798,-281.042994882164,4.07780156006582,-0.921993272451186,18.1232291584015,4.21868085873965,0.130523294858821,2.17892780272493,0.0688870680783358
-262.907101686034,-280.968573107726,4.07401940330226,-1.04150588374296,18.1232291584015,4.21868085873965,0.130523294858821,2.17892780272493,0.0688870680783358
-262.906339218807,-280.89395459775,4.07325693607496,-1.01280882371617,17.9588805561066,4.21868085873965,0.130523294858821,2.17892780272493,0.0688870680783358
-262.909229591705,-280.818662834417,4.07614730897293,-1.02281738642065,17.9588805561066,4.21868085873965,0.130523294858821,2.17892780272493,0.0688870680783358
-262.907994191553,-280.743645697776,4.07491190882092,-1.07105223375448,17.9588805561066,4.21868085873965,0.130523294858821,2.17892780272493,0.0688870680783358
-262.912786710136,-280.668541965173,4.07970442740418,-1.36073798192669,17.7487937335968,4.21868085873965,0.130523294858821,2.17892780272493,0.0688870680783358
-262.904630648496,-280.593171313851,4.07154836576379,-1.61047414466408,17.7487937335968,4.21868085873965,0.130523294858821,2.17892780272493,0.0688870680783358
-262.892139329565,-280.517449178374,4.05905704683324,-1.75378165780957,17.7487937335968,4.21868085873965,0.130523294858821,2.17892780272493,0.0688870680783358
-262.899402501088,-280.441997409917,4.06632021835623,-2.41252122262748,17.7487937335968,4.21868085873965,0.130523294858821,2.17892780272493,0.0688870680783358
-262.892443519004,-280.366652497214,4.05936123627226,-2.37116271552433,17.4911071186066,4.21868085873965,0.130523294858821,2.17892780272493,0.0688870680783358
-262.882156081763,-280.292945832185,4.04907379903069,-2.62348131360956,17.4911071186066,4.21868085873965,0.130523294858821,2.17892780272493,0.0688870680783358
-262.888779421507,-280.218372998264,4.0556971387754,-2.97939436689299,17.4911071186066,4.21868085873965,0.130523294858821,2.17892780272493,0.0688870680783358
-262.879815756942,-280.144448937002,4.0467334742102,-3.20655959927752,17.2774192218781,4.21868085873965,0.130523294858821,2.17892780272493,0.0688870680783358
-262.857714159456,-280.071298440528,4.02463187672425,-3.35443660488729,17.2774192218781,4.21868085873965,0.130523294858821,2.17892780272493,0.0688870680783358
-262.865005422749,-279.998727637891,4.0319231400166,-3.6738883952411,17.2774192218781,4.21868085873965,0.130523294858821,2.17892780272493,0.0688870680783358
-262.854340319943,-279.926212409354,4.02125803721143,-3.7824537943925,17.089057100296,4.21868085873965,0.130523294858821,2.17892780272493,0.0688870680783358
-262.840970270655,-279.855751427428,4.00788798792323,-3.76474381616751,17.089057100296,4.21868085873965,0.130523294858821,2.17892780272493,0.0688870680783358
-262.844168728261,-279.785021937148,4.0110864455295,-4.01332908124164,17.089057100296,4.21868085873965,0.130523294858821,2.17892780272493,0.0688870680783358
-262.832660265591,-279.715364133756,3.99957798285883,-4.45356661338899,17.089057100296,4.21868085873965,0.130523294858821,2.17892780272493,0.0688870680783358
-262.822078908927,-279.646011389547,3.98899662619484,-4.05061840269484,16.8982955341339,4.21868085873965,0.130523294858821,2.17892780272493,0.0688870680783358
-262.818506010418,-279.576933463192,3.98542372768568,-4.30365806991986,16.8982955341339,4.21868085873965,0.130523294858821,2.17892780272493,0.0688870680783358
-262.808831744561,-279.508952176786,3.9757494618286,-3.95724921764321,16.8982955341339,4.21868085873965,0.130523294858821,2.17892780272493,0.0688870680783358
-262.790976406985,-279.443934136192,3.9578941242534,-3.74154417925482,16.7110663776398,4.21868085873965,0.130523294858821,2.17892780272493,0.0688870680783358
-262.789900746773,-279.379083631967,3.9568184640405,-3.81390982610793,16.7110663776398,4.21868085873965,0.130523294858821,2.17892780272493,0.0688870680783358
-262.782125165127,-279.314119875253,3.94904288239495,-3.92715856697953,16.7110663776398,4.21868085873965,0.130523294858821,2.17892780272493,0.0688870680783358
-262.775567935756,-279.250905578708,3.94248565302419,-4.19671530827036,16.4992171649933,4.21868085873965,0.130523294858821,2.17892780272493,0.0688870680783358
-262.76727830613,-279.188374880851,3.93419602339851,-3.96346735872906,16.4992171649933,4.21868085873965,0.130523294858821,2.17892780272493,0.0688870680783358
-262.755933920641,-279.126679668669,3.92285163790868,-4.08044895850908,16.4992171649933,4.21868085873965,0.130523294858821,2.17892780272493,0.0688870680783358
-262.754244170341,-279.065792767865,3.92116188760899,-4.07056280663737,16.4992171649933,4.21868085873965,0.130523294858821,2.17892780272493,0.0688870680783358
-262.737805123527,-279.005718988369,3.90472284079463,-3.60200288099979,16.3101989154816,4.21868085873965,0.130523294858821,2.17892780272493,0.0688870680783358
-262.733964793932,-278.9467089914,3.90088251120041,-3.80955377221434,16.3101989154816,4.21868085873965,0.130523294858821,2.17892780272493,0.0688870680783358
-262.731931958454,-278.888518603142,3.89884967572163,-3.98458157130532,16.3101989154816,4.21868085873965,0.130523294858821,2.17892780272493,0.0688870680783358
-262.724197419072,-278.831407335333,3.89111513634033,-3.9400382669677,16.121943605423,4.21868085873965,0.130523294858821,2.17892780272493,0.0688870680783358
-262.713756942737,-278.77439040645,3.88067466000491,-4.03278694003536,16.121943605423,4.21868085873965,0.130523294858821,2.17892780272493,0.0688870680783358
-262.702538335095,-278.718926862803,3.86945605236338,-4.22341940171032,16.121943605423,4.21868085873965,0.130523294858821,2.17892780272493,0.0688870680783358
-262.700406590431,-278.663780874489,3.86732430769926,-4.24092620601689,15.9096051578522,4.21868085873965,0.130523294858821,2.17892780272493,0.0688870680783358
-262.691190650444,-278.609736990273,3.85810836771178,-4.06613209508146,15.9096051578522,4.21868085873965,0.130523294858821,2.17892780272493,0.0688870680783358
-262.686879853389,-278.555844605846,3.85379757065707,-4.38481862394315,15.9096051578522,4.21868085873965,0.130523294858821,2.17892780272493,0.0688870680783358
-262.675542989561,-278.503016316044,3.84246070682931,-4.40008217692343,15.9096051578522,4.21868085873965,0.130523294858821,2.17892780272493,0.0688870680783358
-262.65851481889,-278.449815442499,3.82543253615841,-4.27934218897499,15.7428227787018,4.21868085873965,0.130523294858821,2.17892780272493,0.0688870680783358
-262.660817880127,-278.398345609181,3.82773559739508,-3.81156116688269,15.7428227787018,4.21868085873965,0.130523294858821,2.17892780272493,0.0688870680783358
-262.653238653898,-278.346632027588,3.82015637116645,-4.24158717401946,15.7428227787018,4.21868085873965,0.130523294858821,2.17892780272493,0.0688870680783358
-262.639011072371,-278.295339215069,3.80592878963854,-4.18431052776967,15.5781842594147,4.21868085873965,0.130523294858821,2.17892780272493,0.0688870680783358
-262.63998381453,-278.244588742923,3.80690153179764,-4.2007023136655,15.5781842594147,4.21868085873965,0.130523294858821,2.17892780272493,0.0688870680783358
-262.620231653276,-278.193563406884,3.78714937054381,-4.19810067170046,15.5781842594147,4.21868085873965,0.130523294858821,2.17892780272493,0.0688870680783358
-262.612431816319,-278.142784272742,3.77934953358688,-4.16548405703239,15.4356156711578,4.21868085873965,0.130523294858821,2.17892780272493,0.0688870680783358
-262.607822657098,-278.092870858153,3.77474037436626,-3.76775689609917,15.4356156711578,4.21868085873965,0.130523294858821,2.17892780272493,0.0688870680783358
-262.591634318195,-278.042444999271,3.75855203546321,-3.44309292382455,15.4356156711578,4.21868085873965,0.130523294858821,2.17892780272493,0.0688870680783358
-262.59436407374,-277.99249320184,3.76128179100832,-3.84380491140894,15.4356156711578,4.21868085873965,0.130523294858821,2.17892780272493,0.0688870680783358
-262.587757369593,-277.941338395326,3.75467508686123,-3.71274943577289,15.2712060337067,4.21868085873965,0.130523294858821,2.17892780272493,0.0688870680783358
-262.579801769072,-277.89159487521,3.74671948634048,-3.67515613088986,15.2712060337067,4.21868085873965,0.130523294858821,2.17892780272493,0.0688870680783358
-262.565722294693,-277.840814832077,3.73264001196139,-3.77038231655919,15.2712060337067,4.21868085873965,0.130523294858821,2.17892780272493,0.0688870680783358
-262.575211681326,-277.790068470515,3.74212939859386,-3.54908452696545,15.1300431613922,4.21868085873965,0.130523294858821,2.17892780272493,0.0688870680783358
-262.555888856703,-277.738651077273,3.72280657397084,-3.47316960509238,15.1300431613922,4.21868085873965,0.130523294858821,2.17892780272493,0.0688870680783358
-262.557031966656,-277.687093644134,3.72394968392387,-3.29601576494499,15.1300431613922,4.21868085873965,0.130523294858821,2.17892780272493,0.0688870680783358
-262.544089802258,-277.635492919916,3.71100751952647,-3.61177602427878,14.9655152683258,4.21868085873965,0.130523294858821,2.17892780272493,0.0688870680783358
-262.541058413068,-277.583156873877,3.70797613033608,-3.25592817841482,14.9655152683258,4.21868085873965,0.130523294858821,2.17892780272493,0.0688870680783358
-262.541991603014,-277.529967388979,3.70890932028184,-3.47520576087712,14.9655152683258,4.21868085873965,0.130523294858821,2.17892780272493,0.0688870680783358
-262.526010536685,-277.476690762131,3.69292825395279,-3.44640588548951,14.9655152683258,4.21868085873965,0.130523294858821,2.17892780272493,0.0688870680783358
-262.515026296843,-277.422009030573,3.68194401411071,-3.5238721340089,14.8496075992584,4.21868085873965,0.130523294858821,2.17892780272493,0.0688870680783358
-262.51530879199,-277.367427109577,3.6822265092582,-3.3256317044577,14.8496075992584,4.21868085873965,0.130523294858821,2.17892780272493,0.0688870680783358
-262.506902708669,-277.311878848467,3.67382042593711,-3.35056002658886,14.8496075992584,4.21868085873965,0.130523294858821,2.17892780272493,0.0688870680783358
-262.503779693839,-277.255551725261,3.67069741110676,-3.38435755026259,14.7347260837555,4.21868085873965,0.130523294858821,2.17892780272493,0.0688870680783358
-262.498875769822,-277.198539537149,3.66579348708962,-3.37340407685619,14.7347260837555,4.21868085873965,0.130523294858821,2.17892780272493,0.0688870680783358
-262.489947136642,-277.140926488323,3.65686485390998,-3.69071528712207,14.7347260837555,4.21868085873965,0.130523294858821,2.17892780272493,0.0688870680783358
-262.490134677576,-277.081444200616,3.65705239484432,-3.30958725049116,14.5930768375397,4.21868085873965,0.130523294858821,2.17892780272493,0.0688870680783358
-262.476832032563,-277.022023650117,3.64374974983073,-2.91557492500954,14.5930768375397,4.21868085873965,0.130523294858821,2.17892780272493,0.0688870680783358
-262.474153587345,-276.960948328138,3.6410713046135,-3.09638864618903,14.5930768375397,4.21868085873965,0.130523294858821,2.17892780272493,0.0688870680783358
-262.465204725808,-276.899912556879,3.63212244307626,-2.69020102934862,14.5930768375397,4.21868085873965,0.130523294858821,2.17892780272493,0.0688870680783358
-262.468320876079,-276.837291596693,3.63523859334741,-3.23585193309691,14.4758912448883,4.21868085873965,0.130523294858821,2.17892780272493,0.0688870680783358
-262.456139733575,-276.773293232632,3.62305745084296,-2.98643508420867,14.4758912448883,4.21868085873965,0.130523294858821,2.17892780272493,0.0688870680783358
-262.449964645329,-276.70768070214,3.61688236259666,-2.92099659616496,14.4758912448883,4.21868085873965,0.130523294858821,2.17892780272493,0.0688870680783358
-262.445758777268,-276.643187566035,3.61267649453584,-2.8511496989943,14.2878381137848,4.21868085873965,0.130523294858821,2.17892780272493,0.0688870680783358
-262.440612343599,-276.578392970958,3.60753006086667,-2.89344834196122,14.2878381137848,4.21868085873965,0.130523294858821,2.17892780272493,0.0688870680783358
-262.435240195881,-276.511387122721,3.60215791314866,-2.9051706050735,14.2878381137848,4.21868085873965,0.130523294858821,2.17892780272493,0.0688870680783358
-262.43019897188,-276.443252843722,3.59711668914786,-3.3682652959465,14.1206723575592,4.21868085873965,0.130523294858821,2.17892780272493,0.0688870680783358
-262.418469726246,-276.374888539937,3.58538744351389,-3.16287242447491,14.1206723575592,4.21868085873965,0.130523294858821,2.17892780272493,0.0688870680783358
-262.426357413794,-276.304635094637,3.59327513106172,-3.40938088173049,14.1206723575592,4.21868085873965,0.130523294858821,2.17892780272493,0.0688870680783358
-262.402964515058,-276.234880418311,3.56988223232652,-3.55353480578056,14.1206723575592,4.21868085873965,0.130523294858821,2.17892780272493,0.0688870680783358
-262.414928559324,-276.163335492443,3.58184627659169,-3.26332809125437,13.9795934085846,4.21868085873965,0.130523294858821,2.17892780272493,0.0688870680783358
-262.403225799045,-276.09130608369,3.57014351631335,-3.45440264091752,13.9795934085846,4.21868085873965,0.130523294858821,2.17892780272493,0.0688870680783358
-262.403645566813,-276.019336380447,3.5705632840809,-3.13078018415087,13.9795934085846,4.21868085873965,0.130523294858821,2.17892780272493,0.0688870680783358
-262.391988312579,-275.945232305616,3.55890602984693,-3.46601709420566,13.7902165775299,4.21868085873965,0.130523294858821,2.17892780272493,0.0688870680783358
-262.384467435904,-275.871198831828,3.55138515317244,-3.36087634849341,13.7902165775299,4.21868085873965,0.130523294858821,2.17892780272493,0.0688870680783358
-262.381323216642,-275.797431344704,3.5482409339096,-3.65103355522089,13.7902165775299,4.21868085873965,0.130523294858821,2.17892780272493,0.0688870680783358
-262.371487562522,-275.72292576797,3.53840527979021,-3.81550283133721,13.5780545597076,4.21868085873965,0.130523294858821,2.17892780272493,0.0688870680783358
-262.357322898344,-275.64779769641,3.52424061561157,-3.88696780209398,13.5780545597076,4.21868085873965,0.130523294858821,2.17892780272493,0.0688870680783358
-262.360913385552,-275.572277735986,3.52783110281996,-3.85943275708785,13.5780545597076,4.21868085873965,0.130523294858821,2.17892780272493,0.0688870680783358
-262.342211303313,-275.49743968906,3.50912902058087,-4.29979012469411,13.5780545597076,4.21868085873965,0.130523294858821,2.17892780272493,0.0688870680783358
-262.337810292062,-275.422081304327,3.50472800932977,-4.04000369012897,13.4352361087799,4.21868085873965,0.130523294858821,2.17892780272493,0.0688870680783358
-262.342940457579,-275.345676558746,3.50985817484661,-4.08661304028272,13.4352361087799,4.21868085873965,0.130523294858821,2.17892780272493,0.0688870680783358
-262.330264890796,-275.271081202163,3.4971826080637,-4.34058890111096,13.4352361087799,4.21868085873965,0.130523294858821,2.17892780272493,0.0688870680783358
-262.314436207645,-275.196606848142,3.48135392491294,-4.21958271039545,13.174659860611,4.21868085873965,0.130523294858821,2.17892780272493,0.0688870680783358
-262.308260219192,-275.122517950566,3.47517793645996,-4.48069486740931,13.174659860611,4.21868085873965,0.130523294858821,2.17892780272493,0.0688870680783358
-262.298420169653,-275.047808536454,3.46533788692066,-4.83724050643855,13.174659860611,4.21868085873965,0.130523294858821,2.17892780272493,0.0688870680783358
-262.296922365424,-274.973856725196,3.46384008269235,-4.75512401168434,12.9615804080963,4.21868085873965,0.130523294858821,2.17892780272493,0.0688870680783358
-262.288730155349,-274.90138069696,3.4556478726171,-4.54805639562742,12.9615804080963,4.21868085873965,0.130523294858821,2.17892780272493,0.0688870680783358
-262.262237744638,-274.828605225111,3.4291554619062,-4.82860712258578,12.9615804080963,4.21868085873965,0.130523294858821,2.17892780272493,0.0688870680783358
-262.26167330405,-274.757913360177,3.42859102131748,-5.26703895174498,12.9615804080963,4.21868085873965,0.130523294858821,2.17892780272493,0.0688870680783358
-262.262081213066,-274.686973193689,3.42899893033449,-5.31855587961127,12.7479916934967,4.21868085873965,0.130523294858821,2.17892780272493,0.0688870680783358
-262.246372456766,-274.618325904864,3.4132901740343,-5.60880853911487,12.7479916934967,4.21868085873965,0.130523294858821,2.17892780272493,0.0688870680783358
-262.229707502421,-274.549864314623,3.39662521968931,-5.84600157886603,12.7479916934967,4.21868085873965,0.130523294858821,2.17892780272493,0.0688870680783358
-262.22898116824,-274.48342232422,3.39589888550823,-5.37506790496631,12.4660970096588,4.21868085873965,0.130523294858821,2.17892780272493,0.0688870680783358
-262.211919798643,-274.418600212544,3.37883751591128,-5.20696069763192,12.4660970096588,4.21868085873965,0.130523294858821,2.17892780272493,0.0688870680783358
-262.207033173406,-274.354933444943,3.37395089067366,-5.77233682154463,12.4660970096588,4.21868085873965,0.130523294858821,2.17892780272493,0.0688870680783358
-262.199228015036,-274.293528257899,3.36614573230354,-6.39320628856521,12.1826077823639,4.21868085873965,0.130523294858821,2.17892780272493,0.0688870680783358
-262.189020726999,-274.234104592346,3.35593844426713,-6.09502819160042,12.1826077823639,4.21868085873965,0.130523294858821,2.17892780272493,0.0688870680783358
-262.169305573343,-274.175986547741,3.33622329061128,-6.02603966988204,12.1826077823639,4.21868085873965,0.130523294858821,2.17892780272493,0.0688870680783358
-262.159786376463,-274.121329739108,3.32670409373115,-6.15945230014087,12.1826077823639,4.21868085873965,0.130523294858821,2.17892780272493,0.0688870680783358
-262.151457403793,-274.06808904143,3.31837512106131,-6.17190578836246,11.9460641269684,4.21868085873965,0.130523294858821,2.17892780272493,0.0688870680783358
-262.130227676992,-274.017739759452,3.29714539425985,-6.59466481084547,11.9460641269684,4.21868085873965,0.130523294858821,2.17892780272493,0.0688870680783358
-262.124659196111,-273.96980488656,3.29157691337889,-6.61678006057877,11.9460641269684,4.21868085873965,0.130523294858821,2.17892780272493,0.0688870680783358
-262.110858436176,-273.924523109653,3.27777615344371,-6.10671514604701,11.687406671524,4.21868085873965,0.130523294858821,2.17892780272493,0.0688870680783358
-262.105496848789,-273.882144181856,3.27241456605748,-5.860055623129,11.687406671524,4.21868085873965,0.130523294858821,2.17892780272493,0.0688870680783358
-262.095341481534,-273.842768747896,3.26225919880169,-6.22396034805168,11.687406671524,4.21868085873965,0.130523294858821,2.17892780272493,0.0688870680783358
-262.07306680318,-273.805980015557,3.23998452044766,-6.29005457664155,11.4997865085602,4.21868085873965,0.130523294858821,2.17892780272493,0.0688870680783358
-262.063714398421,-273.773022841691,3.23063211568914,-6.28672891960418,11.4997865085602,4.21868085873965,0.130523294858821,2.17892780272493,0.0688870680783358
-262.055326564144,-273.743029157361,3.22224428141155,-6.04439711814424,11.4997865085602,4.21868085873965,0.130523294858821,2.17892780272493,0.0688870680783358
-262.040221203705,-273.716602280389,3.20713892097346,-5.47617542614555,11.4997865085602,4.21868085873965,0.130523294858821,2.17892780272493,0.0688870680783358
-262.03041218227,-273.693406334337,3.19732989953819,-5.21083061264791,11.3826276187897,4.21868085873965,0.130523294858821,2.17892780272493,0.0688870680783358
-262.021405871883,-273.673928130052,3.18832358915117,-5.45614602039537,11.3826276187897,4.21868085873965,0.130523294858821,2.17892780272493,0.0688870680783358
-262.008816729728,-273.657898277794,3.17573444699615,-5.56303704730769,11.3826276187897,4.21868085873965,0.130523294858821,2.17892780272493,0.0688870680783358
-262.003383038761,-273.646260232723,3.17030075602903,-5.22729631521242,11.2425137882233,4.21868085873965,0.130523294858821,2.17892780272493,0.0688870680783358
-261.994885443214,-273.638341955344,3.16180316048204,-5.34383032357749,11.2425137882233,4.21868085873965,0.130523294858821,2.17892780272493,0.0688870680783358
-261.988065923359,-273.63425183621,3.15498364062711,-4.84798136672285,11.2425137882233,4.21868085873965,0.130523294858821,2.17892780272493,0.0688870680783358
-261.993383733106,-273.634179795176,3.16030145037433,-4.37950518111119,11.1960889225006,4.21868085873965,0.130523294858821,2.17892780272493,0.0688870680783358
-261.969862771927,-273.638264929669,3.13678048919536,-3.5060975307247,11.1960889225006,4.21868085873965,0.130523294858821,2.17892780272493,0.0688870680783358
-261.957783927395,-273.646468479861,3.12470164466344,-3.37200416323111,11.1960889225006,4.21868085873965,0.130523294858821,2.17892780272493,0.0688870680783358
-261.957116943212,-273.658747945539,3.12403466047967,-3.59879596124767,11.1960889225006,4.21868085873965,0.130523294858821,2.17892780272493,0.0688870680783358
-261.953887574571,-273.675382136787,3.1208052918385,-3.09784462757829,11.243335855484,4.21868085873965,0.130523294858821,2.17892780272493,0.0688870680783358
-261.950744933587,-273.696348943786,3.11766265085522,-2.54555312104799,11.243335855484,4.21868085873965,0.130523294858821,2.17892780272493,0.0688870680783358
-261.933975634759,-273.721976242795,3.10089335202657,-2.34280634961718,11.243335855484,4.21868085873965,0.130523294858821,2.17892780272493,0.0688870680783358
-261.941578174859,-273.751814747895,3.10849589212747,-1.73844028160401,11.4066716556549,4.21868085873965,0.130523294858821,2.17892780272493,0.0688870680783358
-261.936865776318,-273.785672822436,3.10378349358575,-0.807833548109513,11.4066716556549,4.21868085873965,0.130523294858821,2.17892780272493,0.0688870680783358
-261.932816266013,-273.824298165541,3.09973398328145,-0.240472519662915,11.4066716556549,4.21868085873965,0.130523294858821,2.17892780272493,0.0688870680783358
-261.933277862727,-273.867205804039,3.10019557999502,0.033417453233466,11.6165276889801,4.21868085873965,0.130523294858821,2.17892780272493,0.0688870680783358
-261.915889193023,-273.91465143148,3.08280691029122,0.276017006979586,11.6165276889801,4.21868085873965,0.130523294858821,2.17892780272493,0.0688870680783358
-261.936808418829,-273.966881695718,3.10372613609655,1.59885139705116,11.6165276889801,4.21868085873965,0.130523294858821,2.17892780272493,0.0688870680783358
-261.941217150667,-274.02279701723,3.1081348679351,1.65551060222137,11.6165276889801,4.21868085873965,0.130523294858821,2.17892780272493,0.0688870680783358
-261.942851916565,-274.084412557554,3.10976963383275,1.96310484785671,11.8979321842194,4.21868085873965,0.130523294858821,2.17892780272493,0.0688870680783358
-261.948406038469,-274.148813628413,3.11532375573725,3.85942018736629,11.8979321842194,4.21868085873965,0.130523294858821,2.17892780272493,0.0688870680783358
-261.964408315941,-274.219093219441,3.13132603320893,4.8762439763877,11.8979321842194,4.21868085873965,0.130523294858821,2.17892780272493,0.0688870680783358
-261.965909849237,-274.292795822817,3.13282756650451,5.37769704095779,12.2267381076813,4.21868085873965,0.130523294858821,2.17892780272493,0.0688870680783358
-261.971527920692,-274.370203852653,3.13844563795973,6.38535483474298,12.2267381076813,4.21868085873965,0.130523294858821,2.17892780272493,0.0688870680783358
-261.983493985847,-274.452655094162,3.1504117031152,7.55508903286871,12.2267381076813,4.21868085873965,0.130523294858821,2.17892780272493,0.0688870680783358
-261.989679005051,-274.53899706924,3.1565967223191,7.49731525563135,12.4870530490875,4.21868085873965,0.130523294858821,2.17892780272493,0.0688870680783358
-261.998159324801,-274.630477483872,3.16507704206909,6.21173970034742,12.4870530490875,4.21868085873965,0.130523294858821,2.17892780272493,0.0688870680783358
-262.019032960174,-274.724971403699,3.18595067744187,5.55472777252345,12.4870530490875,4.21868085873965,0.130523294858821,2.17892780272493,0.0688870680783358
-262.028141791404,-274.822047727473,3.19505950867227,5.06168133276487,12.4870530490875,4.21868085873965,0.130523294858821,2.17892780272493,0.0688870680783358
-262.038224414489,-274.924702189212,3.20514213175654,5.7925792890444,12.6797353153229,4.21868085873965,0.130523294858821,2.17892780272493,0.0688870680783358
-262.052342656737,-275.030121957311,3.21926037400472,5.56339116799561,12.6797353153229,4.21868085873965,0.130523294858821,2.17892780272493,0.0688870680783358
-262.061514223757,-275.139388278159,3.22843194102479,5.10204948360284,12.6797353153229,4.21868085873965,0.130523294858821,2.17892780272493,0.0688870680783358
-262.067845178389,-275.252811110198,3.23476289565677,4.62748226698874,12.872766626358,4.21868085873965,0.130523294858821,2.17892780272493,0.0688870680783358
-262.076492968713,-275.369177424115,3.24341068598127,5.06751824573989,12.872766626358,4.21868085873965,0.130523294858821,2.17892780272493,0.0688870680783358
-262.083309741889,-275.488640838865,3.25022745915671,5.52211379715608,12.872766626358,4.21868085873965,0.130523294858821,2.17892780272493,0.0688870680783358
-262.110679348403,-275.611531909326,3.27759706567149,5.52081890073322,13.1105729465485,4.21868085873965,0.130523294858821,2.17892780272493,0.0688870680783358
-262.102344453049,-275.736781763842,3.26926217031748,4.98396713327509,13.1105729465485,4.21868085873965,0.130523294858821,2.17892780272493,0.0688870680783358
-262.116725997758,-275.866295040461,3.28364371502599,5.02142964558448,13.1105729465485,4.21868085873965,0.130523294858821,2.17892780272493,0.0688870680783358
-262.12685121769,-275.996633995347,3.29376893495842,5.21841630404743,13.1105729465485,4.21868085873965,0.130523294858821,2.17892780272493,0.0688870680783358
-262.130292224746,-276.131700300875,3.29720994201377,5.27578148135144,13.4642278079987,4.21868085873965,0.130523294858821,2.17892780272493,0.0688870680783358
-262.149708897506,-276.265778940871,3.31662661477411,5.35897414148501,13.4642278079987,4.21868085873965,0.130523294858821,2.17892780272493,0.0688870680783358
-262.156053341729,-276.403940073283,3.32297105899682,5.58587328035158,13.4642278079987,4.21868085873965,0.130523294858821,2.17892780272493,0.0688870680783358
-262.171563576242,-276.545769000711,3.33848129351005,5.54343966994598,13.8639851932526,4.21868085873965,0.130523294858821,2.17892780272493,0.0688870680783358
-262.166460001867,-276.686316022405,3.33337771913539,5.89441407979917,13.8639851932526,4.21868085873965,0.130523294858821,2.17892780272493,0.0688870680783358
-262.184058240994,-276.830327114008,3.35097595826173,6.3360760318666,13.8639851932526,4.21868085873965,0.130523294858821,2.17892780272493,0.0688870680783358
-262.192341653364,-276.976448526091,3.35925937063153,7.60572490747135,14.3564721469879,4.21868085873965,0.130523294858821,2.17892780272493,0.0688870680783358
-262.207594942236,-277.124075636313,3.37451265950389,7.97080905697382,14.3564721469879,4.21868085873965,0.130523294858821,2.17892780272493,0.0688870680783358
-262.214359958177,-277.270639150055,3.38127767544455,7.75148801878236,14.3564721469879,4.21868085873965,0.130523294858821,2.17892780272493,0.0688870680783358
-262.228032424817,-277.419023710085,3.39495014208485,7.72020636504599,14.3564721469879,4.21868085873965,0.130523294858821,2.17892780272493,0.0688870680783358
-262.254150705972,-277.570006301192,3.42106842324041,7.99360580660056,14.8946725254059,4.21868085873965,0.130523294858821,2.17892780272493,0.0688870680783358
-262.264982441912,-277.718936929786,3.43190015918005,9.17250721201061,14.8946725254059,4.21868085873965,0.130523294858821,2.17892780272493,0.0688870680783358
-262.282948032824,-277.873436334572,3.44986575009187,9.08721726582789,14.8946725254059,4.21868085873965,0.130523294858821,2.17892780272493,0.0688870680783358
-262.296629427425,-278.022976642699,3.46354714469282,9.90185239761562,15.4358083133698,4.21868085873965,0.130523294858821,2.17892780272493,0.0688870680783358
-262.325553016617,-278.170899819986,3.49247073388526,10.7442256428052,15.4358083133698,4.21868085873965,0.130523294858821,2.17892780272493,0.0688870680783358
-262.345701598163,-278.321333197335,3.51261931543095,10.5328501197138,15.4358083133698,4.21868085873965,0.130523294858821,2.17892780272493,0.0688870680783358
-262.364447323622,-278.471766499618,3.53136504088963,10.8881988531181,15.9792310123444,4.21868085873965,0.130523294858821,2.17892780272493,0.0688870680783358
-262.38458300489,-278.621543409478,3.55150072215832,11.4660765829106,15.9792310123444,4.21868085873965,0.130523294858821,2.17892780272493,0.0688870680783358
-262.396379402294,-278.770689090738,3.56329711956221,12.0604078566241,15.9792310123444,4.21868085873965,0.130523294858821,2.17892780272493,0.0688870680783358
-262.432748931138,-278.918082058218,3.59966664840589,12.0901940481583,15.9792310123444,4.21868085873965,0.130523294858821,2.17892780272493,0.0688870680783358
-262.443490736496,-279.068126141825,3.61040845376387,11.4162356038585,16.500304353714,4.21868085873965,0.130523294858821,2.17892780272493,0.0688870680783358
-262.4693203433,-279.21092882033,3.63623806056818,11.5967960979031,16.500304353714,4.21868085873965,0.130523294858821,2.17892780272493,0.0688870680783358
-262.493399216601,-279.355016131301,3.66031693386915,11.5654471906947,16.500304353714,4.21868085873965,0.130523294858821,2.17892780272493,0.0688870680783358
-262.516466309193,-279.498315869266,3.68338402646134,11.7660397374076,16.9966842060089,4.21868085873965,0.130523294858821,2.17892780272493,0.0688870680783358
-262.538486676716,-279.639169583162,3.70540439398409,12.0568764491436,16.9966842060089,4.21868085873965,0.130523294858821,2.17892780272493,0.0688870680783358
-262.557373145469,-279.77780724481,3.72429086273701,11.2981205355729,16.9966842060089,4.21868085873965,0.130523294858821,2.17892780272493,0.0688870680783358
-262.580411621318,-279.913796692663,3.74732933858585,12.1004255042101,17.5161429767609,4.21868085873965,0.130523294858821,2.17892780272493,0.0688870680783358
-262.599860193567,-280.047856347409,3.76677791083507,11.701825246625,17.5161429767609,4.21868085873965,0.130523294858821,2.17892780272493,0.0688870680783358
-262.631242966677,-280.181485600814,3.7981606839454,11.8180765813112,17.5161429767609,4.21868085873965,0.130523294858821,2.17892780272493,0.0688870680783358
-262.644884451848,-280.309211918145,3.81180216911586,11.6236174126861,17.5161429767609,4.21868085873965,0.130523294858821,2.17892780272493,0.0688870680783358
-262.670495792101,-280.436568554737,3.837413509369,9.89278943973092,17.9872161273956,4.21868085873965,0.130523294858821,2.17892780272493,0.0688870680783358
-262.685166825836,-280.558772409557,3.85208454310354,10.3144804265576,17.9872161273956,4.21868085873965,0.130523294858821,2.17892780272493,0.0688870680783358
-262.700303661787,-280.67983732075,3.86722137905476,11.0169334348134,17.9872161273956,4.21868085873965,0.130523294858821,2.17892780272493,0.0688870680783358
-262.717105311058,-280.797923296129,3.88402302832597,10.3734373988912,18.3886977558136,4.21868085873965,0.130523294858821,2.17892780272493,0.0688870680783358
-262.75164545791,-280.909939875241,3.91856317517847,10.2711298184915,18.3886977558136,4.21868085873965,0.130523294858821,2.17892780272493,0.0688870680783358
-262.758060591744,-281.020694225229,3.92497830901173,10.1972748403335,18.3886977558136,4.21868085873965,0.130523294858821,2.17892780272493,0.0688870680783358
-262.781245839307,-281.126391952693,3.94816355657507,9.36080884067067,18.7911788349152,4.21868085873965,0.130523294858821,2.17892780272493,0.0688870680783358
-262.798455832396,-281.229380318801,3.96537354966392,9.17690684371233,18.7911788349152,4.21868085873965,0.130523294858821,2.17892780272493,0.0688870680783358
-262.81543137582,-281.328726994473,3.9823490930877,9.77816106552545,18.7911788349152,4.21868085873965,0.130523294858821,2.17892780272493,0.0688870680783358
-262.827024911101,-281.423863930942,3.993942628369,10.2466436343106,18.7911788349152,4.21868085873965,0.130523294858821,2.17892780272493,0.0688870680783358
-262.8580426901,-281.517023761166,4.02496040736783,9.16928295083183,19.1203719501495,4.21868085873965,0.130523294858821,2.17892780272493,0.0688870680783358
-262.868879837306,-281.602652522536,4.03579755457428,8.48363665971112,19.1203719501495,4.21868085873965,0.130523294858821,2.17892780272493,0.0688870680783358
-262.883328714944,-281.686688404924,4.05024643221219,9.27253511306555,19.1203719501495,4.21868085873965,0.130523294858821,2.17892780272493,0.0688870680783358
-262.901293496826,-281.765253017505,4.0682112140944,8.32793875597243,19.4507895832062,4.21868085873965,0.130523294858821,2.17892780272493,0.0688870680783358
-262.920791187713,-281.839879808864,4.08770890498095,8.01841294679518,19.4507895832062,4.21868085873965,0.130523294858821,2.17892780272493,0.0688870680783358
-262.944244577075,-281.910097359863,4.11116229434272,8.00414501957609,19.4507895832062,4.21868085873965,0.130523294858821,2.17892780272493,0.0688870680783358
-262.95974034811,-281.976458974328,4.12665806537799,7.15203200966442,19.663691652298,4.21868085873965,0.130523294858821,2.17892780272493,0.0688870680783358
-262.972000878283,-282.038026370442,4.1389185955511,6.8564182623497,19.663691652298,4.21868085873965,0.130523294858821,2.17892780272493,0.0688870680783358
-262.986573028605,-282.095534690033,4.15349074587323,7.0535108576729,19.663691652298,4.21868085873965,0.130523294858821,2.17892780272493,0.0688870680783358
-262.979448493814,-282.148245653786,4.14636621108189,7.3423865344331,19.663691652298,4.21868085873965,0.130523294858821,2.17892780272493,0.0688870680783358
-263.004156067008,-282.197693757499,4.17107378427634,6.81155540544742,19.874930513382,4.21868085873965,0.130523294858821,2.17892780272493,0.0688870680783358
-263.014241002229,-282.240918305507,4.18115871949748,6.36948810917363,19.874930513382,4.21868085873965,0.130523294858821,2.17892780272493,0.0688870680783358
-263.027881595714,-282.280443870025,4.19479931298189,6.35601791677813,19.874930513382,4.21868085873965,0.130523294858821,2.17892780272493,0.0688870680783358
-263.038647029925,-282.316204763603,4.20556474719297,5.17355240662346,20.017451417923,4.21868085873965,0.130523294858821,2.17892780272493,0.0688870680783358
-263.050617455904,-282.346510269015,4.21753517317247,5.00805695834665,20.017451417923,4.21868085873965,0.130523294858821,2.17892780272493,0.0688870680783358
-263.054834984713,-282.37289483489,4.22175270198083,5.33841964082319,20.017451417923,4.21868085873965,0.130523294858821,2.17892780272493,0.0688870680783358
-263.061256214651,-282.394843775379,4.22817393191916,5.02427814990205,20.0159217243195,4.21868085873965,0.130523294858821,2.17892780272493,0.0688870680783358
-263.077340387126,-282.412524562079,4.24425810439405,3.95780933615816,20.0159217243195,4.21868085873965,0.130523294858821,2.17892780272493,0.0688870680783358
-263.085977678436,-282.4259411276,4.25289539570445,3.34670824511042,20.0159217243195,4.21868085873965,0.130523294858821,2.17892780272493,0.0688870680783358
-263.098552082346,-282.435062968974,4.26546979961434,3.50659726733365,20.0159217243195,4.21868085873965,0.130523294858821,2.17892780272493,0.0688870680783358
-263.105226215875,-282.440059073558,4.27214393314279,2.95348575329621,19.9227630023956,4.21868085873965,0.130523294858821,2.17892780272493,0.0688870680783358
-263.093825645643,-282.440855692977,4.26074336291066,2.34448976353657,19.9227630023956,4.21868085873965,0.130523294858821,2.17892780272493,0.0688870680783358
-263.116965826129,-282.437554339643,4.28388354339687,1.27408593341675,19.9227630023956,4.21868085873965,0.130523294858821,2.17892780272493,0.0688870680783358
-263.099343639493,-282.430248905064,4.26626135676106,0.387104343190824,19.6415282611847,4.21868085873965,0.130523294858821,2.17892780272493,0.0688870680783358
-263.114879029562,-282.419330628166,4.2817967468301,0.508521867489072,19.6415282611847,4.21868085873965,0.130523294858821,2.17892780272493,0.0688870680783358
-263.110435754142,-282.404495031516,4.27735347141017,-0.562776463423079,19.6415282611847,4.21868085873965,0.130523294858821,2.17892780272493,0.0688870680783358
-263.104038862148,-282.385935089149,4.27095657941629,-1.6370732135159,19.2664481525421,4.21868085873965,0.130523294858821,2.17892780272493,0.0688870680783358
-263.09905093589,-282.363670877176,4.26596865315826,-2.1876046721223,19.2664481525421,4.21868085873965,0.130523294858821,2.17892780272493,0.0688870680783358
-263.10118053732,-282.337584749567,4.26809825458835,-3.51740789942881,19.2664481525421,4.21868085873965,0.130523294858821,2.17892780272493,0.0688870680783358
-263.099765182268,-282.308776793955,4.26668289953613,-3.73242380962226,19.2664481525421,4.21868085873965,0.130523294858821,2.17892780272493,0.0688870680783358
-263.081139790075,-282.276140399493,4.24805750734281,-4.54675299966054,18.8687774066925,4.21868085873965,0.130523294858821,2.17892780272493,0.0688870680783358
-263.070684242172,-282.240606790314,4.23760195944001,-5.74009709590393,18.8687774066925,4.21868085873965,0.130523294858821,2.17892780272493,0.0688870680783358
-263.055103182999,-282.201623727781,4.22202090026685,-5.97215599655093,18.8687774066925,4.21868085873965,0.130523294858821,2.17892780272493,0.0688870680783358
-263.058356604522,-282.159743108481,4.22527432179032,-6.58618952245459,18.5632315998077,4.21868085873965,0.130523294858821,2.17892780272493,0.0688870680783358
-263.045285782818,-282.115255211421,4.21220350008594,-6.57917945269759,18.5632315998077,4.21868085873965,0.130523294858821,2.17892780272493,0.0688870680783358
-263.025591877317,-282.06787588482,4.19250959458517,-6.35934714423349,18.5632315998077,4.21868085873965,0.130523294858821,2.17892780272493,0.0688870680783358
-263.01892675205,-282.017938862353,4.18584446931763,-5.76639323740953,18.3927184467316,4.21868085873965,0.130523294858821,2.17892780272493,0.0688870680783358
-263.009814269923,-281.965654695889,4.17673198719082,-5.14864783167704,18.3927184467316,4.21868085873965,0.130523294858821,2.17892780272493,0.0688870680783358
-262.993485789426,-281.910581135469,4.16040350669428,-5.36047296369624,18.3927184467316,4.21868085873965,0.130523294858821,2.17892780272493,0.0688870680783358
-262.978771147103,-281.853756365673,4.1456888643715,-5.03432767680678,18.3927184467316,4.21868085873965,0.130523294858821,2.17892780272493,0.0688870680783358
-262.978722715432,-281.794396788574,4.14564043269955,-4.55166586541307,18.3410750751495,4.21868085873965,0.130523294858821,2.17892780272493,0.0688870680783358
-262.967312990473,-281.733571477708,4.13423070774105,-4.41598438724653,18.3410750751495,4.21868085873965,0.130523294858821,2.17892780272493,0.0688870680783358
-262.95288075373,-281.670529254361,4.11979847099808,-4.56085347778717,18.3410750751495,4.21868085873965,0.130523294858821,2.17892780272493,0.0688870680783358
-262.959144527323,-281.605945323997,4.1260622445915,-4.01357401279174,18.2917357807159,4.21868085873965,0.130523294858821,2.17892780272493,0.0688870680783358
-262.954804327856,-281.538574476667,4.12172204512429,-3.44149468353328,18.2917357807159,4.21868085873965,0.130523294858821,2.17892780272493,0.0688870680783358
-262.939023004422,-281.471157359836,4.10594072168979,-3.25412704270692,18.2917357807159,4.21868085873965,0.130523294858821,2.17892780272493,0.0688870680783358
-262.930273742626,-281.402971656935,4.0971914598944,-2.44265441383916,18.2389251117706,4.21868085873965,0.130523294858821,2.17892780272493,0.0688870680783358
-262.920529160412,-281.333183738585,4.08744687767992,-2.22670151316252,18.2389251117706,4.21868085873965,0.130523294858821,2.17892780272493,0.0688870680783358
-262.931460409171,-281.261922102159,4.09837812643898,-2.07425837629679,18.2389251117706,4.21868085873965,0.130523294858821,2.17892780272493,0.0688870680783358
-262.921047806793,-281.189154947624,4.08796552406143,-2.43756571137337,18.2389251117706,4.21868085873965,0.130523294858821,2.17892780272493,0.0688870680783358
-262.919120550091,-281.116174239294,4.08603826735859,-1.81391856581087,18.1438552265167,4.21868085873965,0.130523294858821,2.17892780272493,0.0688870680783358
-262.915737877951,-281.043329567563,4.08265559521942,-1.47162047039402,18.1438552265167,4.21868085873965,0.130523294858821,2.17892780272493,0.0688870680783358
-262.912290439596,-280.968626324899,4.07920815686391,-1.75152351398162,18.1438552265167,4.21868085873965,0.130523294858821,2.17892780272493,0.0688870680783358
-262.908289730341,-280.894587754156,4.0752074476087,-0.856671210847418,18.0049926166534,4.21868085873965,0.130523294858821,2.17892780272493,0.0688870680783358
-262.915832033411,-280.819558157748,4.0827497506789,-0.766665248858173,18.0049926166534,4.21868085873965,0.130523294858821,2.17892780272493,0.0688870680783358
-262.912354156333,-280.744642046708,4.07927187360052,-0.948059014678531,18.0049926166534,4.21868085873965,0.130523294858821,2.17892780272493,0.0688870680783358
-262.918739497179,-280.669404720927,4.08565721444681,-1.0865475895988,17.8167411212921,4.21868085873965,0.130523294858821,2.17892780272493,0.0688870680783358
-262.902175652011,-280.594231713964,4.06909336927896,-1.20429102508869,17.8167411212921,4.21868085873965,0.130523294858821,2.17892780272493,0.0688870680783358
-262.905045962883,-280.518400494234,4.07196368015073,-1.88535753200227,17.8167411212921,4.21868085873965,0.130523294858821,2.17892780272493,0.0688870680783358
-262.91290863049,-280.443626751125,4.07982634775767,-2.68373447091017,17.8167411212921,4.21868085873965,0.130523294858821,2.17892780272493,0.0688870680783358
-262.88642219297,-280.368106440662,4.05333991023782,-2.81214782465667,17.558467042923,4.21868085873965,0.130523294858821,2.17892780272493,0.0688870680783358
-262.890852900306,-280.292901441184,4.05777061757417,-2.68669073143591,17.558467042923,4.21868085873965,0.130523294858821,2.17892780272493,0.0688870680783358
-262.889677011056,-280.218434789471,4.05659472832415,-2.78764805448823,17.558467042923,4.21868085873965,0.130523294858821,2.17892780272493,0.0688870680783358
-262.876621485675,-280.145378402439,4.04353920294265,-2.94121444236063,17.2997275714874,4.21868085873965,0.130523294858821,2.17892780272493,0.0688870680783358
-262.871788477903,-280.07218603565,4.03870619517116,-3.55125269702202,17.2997275714874,4.21868085873965,0.130523294858821,2.17892780272493,0.0688870680783358
-262.874576350654,-279.999443770704,4.04149406792154,-3.63073498331892,17.2997275714874,4.21868085873965,0.130523294858821,2.17892780272493,0.0688870680783358
-262.854018115058,-279.927870674352,4.02093583232577,-3.77303237718186,17.0398970966339,4.21868085873965,0.130523294858821,2.17892780272493,0.0688870680783358
-262.854604486373,-279.855903737773,4.02152220364144,-3.86925223469197,17.0398970966339,4.21868085873965,0.130523294858821,2.17892780272493,0.0688870680783358
-262.84153581798,-279.785423706258,4.00845353524759,-4.16782753412089,17.0398970966339,4.21868085873965,0.130523294858821,2.17892780272493,0.0688870680783358
-262.828349720146,-279.715736475541,3.99526743741452,-4.26508019992854,17.0398970966339,4.21868085873965,0.130523294858821,2.17892780272493,0.0688870680783358
-262.825879644305,-279.646101296816,3.99279736157326,-4.35084114597786,16.8511077289581,4.21868085873965,0.130523294858821,2.17892780272493,0.0688870680783358
-262.811910507447,-279.578676512305,3.97882822471513,-4.55303358758503,16.8511077289581,4.21868085873965,0.130523294858821,2.17892780272493,0.0688870680783358
-262.805315112607,-279.510146442287,3.97223282987491,-4.35985347892123,16.8511077289581,4.21868085873965,0.130523294858821,2.17892780272493,0.0688870680783358
-262.797493913923,-279.443156601743,3.96441163119149,-4.40048837358114,16.6641761188507,4.21868085873965,0.130523294858821,2.17892780272493,0.0688870680783358
-262.792895216557,-279.378742838818,3.95981293382452,-4.24949747705997,16.6641761188507,4.21868085873965,0.130523294858821,2.17892780272493,0.0688870680783358
-262.772297829046,-279.314700096522,3.93921554631421,-4.36745672568582,16.6641761188507,4.21868085873965,0.130523294858821,2.17892780272493,0.0688870680783358
-262.768837938503,-279.25148492731,3.93575565577114,-4.18600029223636,16.4524108295441,4.21868085873965,0.130523294858821,2.17892780272493,0.0688870680783358
-262.764001947461,-279.189131061915,3.93091966472903,-4.11077872172383,16.4524108295441,4.21868085873965,0.130523294858821,2.17892780272493,0.0688870680783358
-262.763970266713,-279.127052135363,3.93088798398067,-4.46101952503637,16.4524108295441,4.21868085873965,0.130523294858821,2.17892780272493,0.0688870680783358
-262.747128592281,-279.066483472909,3.91404630954872,-4.63270044817238,16.4524108295441,4.21868085873965,0.130523294858821,2.17892780272493,0.0688870680783358
-262.75007708361,-279.006009579248,3.91699480087782,-4.21596727514584,16.2639266376495,4.21868085873965,0.130523294858821,2.17892780272493,0.0688870680783358
-262.734706973081,-278.94763088476,3.90162469034877,-4.37860264621788,16.2639266376495,4.21868085873965,0.130523294858821,2.17892780272493,0.0688870680783358
-262.727886054494,-278.889296352376,3.89480377176221,-4.24013752879405,16.2639266376495,4.21868085873965,0.130523294858821,2.17892780272493,0.0688870680783358
-262.724687765362,-278.831956941655,3.89160548263023,-3.80770922665168,16.1233283405304,4.21868085873965,0.130523294858821,2.17892780272493,0.0688870680783358
-262.713287262145,-278.775220088594,3.88020497941327,-3.93843142441647,16.1233283405304,4.21868085873965,0.130523294858821,2.17892780272493,0.0688870680783358
-262.70064086931,-278.719686103775,3.86755858657845,-4.00341797451804,16.1233283405304,4.21868085873965,0.130523294858821,2.17892780272493,0.0688870680783358
-262.701767436883,-278.664693328332,3.86868515415068,-3.88825169254338,15.9592763309479,4.21868085873965,0.130523294858821,2.17892780272493,0.0688870680783358
-262.678932239497,-278.610406591192,3.84584995676496,-3.97904022492258,15.9592763309479,4.21868085873965,0.130523294858821,2.17892780272493,0.0688870680783358
-262.677893769639,-278.556506508442,3.84481148690718,-4.32735224582506,15.9592763309479,4.21868085873965,0.130523294858821,2.17892780272493,0.0688870680783358
-262.664074402148,-278.503545252448,3.83099211941629,-4.30168107997674,15.9592763309479,4.21868085873965,0.130523294858821,2.17892780272493,0.0688870680783358
-262.669816894626,-278.450177037374,3.83673461189388,-4.15941513301035,15.7924195652008,4.21868085873965,0.130523294858821,2.17892780272493,0.0688870680783358
-262.665073517853,-278.398734943993,3.83199123512096,-4.24288254037465,15.7924195652008,4.21868085873965,0.130523294858821,2.17892780272493,0.0688870680783358
-262.644672011958,-278.347018306866,3.81158972922552,-4.47953931954013,15.7924195652008,4.21868085873965,0.130523294858821,2.17892780272493,0.0688870680783358
-262.640573603366,-278.295107806834,3.80749132063402,-4.33687500289559,15.6043664340973,4.21868085873965,0.130523294858821,2.17892780272493,0.0688870680783358
-262.628217823749,-278.244728022329,3.79513554101713,-3.88745759476273,15.6043664340973,4.21868085873965,0.130523294858821,2.17892780272493,0.0688870680783358
-262.6221568489,-278.193599577215,3.78907456616762,-3.5586662571494,15.6043664340973,4.21868085873965,0.130523294858821,2.17892780272493,0.0688870680783358
-262.62113754722,-278.143198877496,3.78805526448822,-3.67314165721278,15.4849282627106,4.21868085873965,0.130523294858821,2.17892780272493,0.0688870680783358
-262.606392746568,-278.093200679345,3.77331046383611,-3.60592003882081,15.4849282627106,4.21868085873965,0.130523294858821,2.17892780272493,0.0688870680783358
-262.596719875452,-278.042864450067,3.76363759271953,-3.84091111375513,15.4849282627106,4.21868085873965,0.130523294858821,2.17892780272493,0.0688870680783358
-262.58795002768,-277.992924848992,3.75486774494765,-3.78943998750712,15.4849282627106,4.21868085873965,0.130523294858821,2.17892780272493,0.0688870680783358
-262.591575078116,-277.942407416505,3.75849279538415,-3.23178826284919,15.3190137271881,4.21868085873965,0.130523294858821,2.17892780272493,0.0688870680783358
-262.585456930406,-277.891721373153,3.75237464767447,-3.09775381949252,15.3190137271881,4.21868085873965,0.130523294858821,2.17892780272493,0.0688870680783358
-262.568404505713,-277.840173586541,3.73532222298145,-3.76506925546029,15.3190137271881,4.21868085873965,0.130523294858821,2.17892780272493,0.0688870680783358
-262.574732338316,-277.789545400644,3.74165005558369,-3.47179734838954,15.1770306949615,4.21868085873965,0.130523294858821,2.17892780272493,0.0688870680783358
-262.57081978141,-277.737953114663,3.73773749867834,-3.43584010285858,15.1770306949615,4.21868085873965,0.130523294858821,2.17892780272493,0.0688870680783358
-262.554026227268,-277.686735821804,3.72094394453576,-3.27550267904012,15.1770306949615,4.21868085873965,0.130523294858821,2.17892780272493,0.0688870680783358
-262.55052705434,-277.634603027727,3.7174447716079,-3.31949001058037,15.0367547397614,4.21868085873965,0.130523294858821,2.17892780272493,0.0688870680783358
-262.544956313302,-277.58249086939,3.71187403056977,-3.28276566893753,15.0367547397614,4.21868085873965,0.130523294858821,2.17892780272493,0.0688870680783358
-262.535212399683,-277.529402255075,3.70213011695097,-3.0819209680861,15.0367547397614,4.21868085873965,0.130523294858821,2.17892780272493,0.0688870680783358
-262.535070168286,-277.475695313567,3.70198788555443,-3.48374219626921,15.0367547397614,4.21868085873965,0.130523294858821,2.17892780272493,0.0688870680783358
-262.523881907341,-277.421332938036,3.69079962460916,-3.3452010395653,14.8714391117096,4.21868085873965,0.130523294858821,2.17892780272493,0.0688870680783358
-262.513286072028,-277.367051841096,3.68020378929618,-3.42553298600976,14.8714391117096,4.21868085873965,0.130523294858821,2.17892780272493,0.0688870680783358
-262.508258949976,-277.311538583162,3.67517666724393,-3.2598381163296,14.8714391117096,4.21868085873965,0.130523294858821,2.17892780272493,0.0688870680783358
-262.500088757526,-277.255592311029,3.66700647479412,-3.1475397525016,14.7571145420074,4.21868085873965,0.130523294858821,2.17892780272493,0.0688870680783358
-262.503549303801,-277.198745359361,3.67046702106888,-3.06922853087608,14.7571145420074,4.21868085873965,0.130523294858821,2.17892780272493,0.0688870680783358
-262.496187436161,-277.140453133615,3.66310515342916,-3.30472499554155,14.7571145420074,4.21868085873965,0.130523294858821,2.17892780272493,0.0688870680783358
-262.486122177483,-277.081818645814,3.65303989475058,-3.49145998952903,14.5684338932037,4.21868085873965,0.130523294858821,2.17892780272493,0.0688870680783358
-262.482870214382,-277.021901742487,3.64978793165038,-3.41171361265305,14.5684338932037,4.21868085873965,0.130523294858821,2.17892780272493,0.0688870680783358
-262.478966051571,-276.961232236103,3.64588376883918,-3.48251393751255,14.5684338932037,4.21868085873965,0.130523294858821,2.17892780272493,0.0688870680783358
-262.465905645269,-276.900126826437,3.63282336253684,-3.40377465159285,14.5684338932037,4.21868085873965,0.130523294858821,2.17892780272493,0.0688870680783358
-262.47198865225,-276.83762907447,3.63890636951791,-2.81959654799152,14.4271146183014,4.21868085873965,0.130523294858821,2.17892780272493,0.0688870680783358
-262.468482050274,-276.773985868866,3.6353997675419,-3.50158468024192,14.4271146183014,4.21868085873965,0.130523294858821,2.17892780272493,0.0688870680783358
-262.446736070609,-276.708731196956,3.61365378787704,-3.29214087525767,14.4271146183014,4.21868085873965,0.130523294858821,2.17892780272493,0.0688870680783358
-262.447987292566,-276.642325751431,3.61490500983447,-3.37495496574808,14.2621194248199,4.21868085873965,0.130523294858821,2.17892780272493,0.0688870680783358
-262.442106952539,-276.578186514308,3.60902466980684,-3.2750013313452,14.2621194248199,4.21868085873965,0.130523294858821,2.17892780272493,0.0688870680783358
-262.434714670038,-276.511548063744,3.60163238730571,-3.10510439467298,14.2621194248199,4.21868085873965,0.130523294858821,2.17892780272493,0.0688870680783358
-262.431627633723,-276.44335881398,3.59854535099136,-3.42070208322311,14.1429425601959,4.21868085873965,0.130523294858821,2.17892780272493,0.0688870680783358
-262.423888124515,-276.374872036054,3.59080584178262,-3.42694776271682,14.1429425601959,4.21868085873965,0.130523294858821,2.17892780272493,0.0688870680783358
-262.418055822535,-276.304960730299,3.58497353980269,-3.60126030520275,14.1429425601959,4.21868085873965,0.130523294858821,2.17892780272493,0.0688870680783358
-262.404830918372,-276.234660934878,3.57174863563997,-3.38108990780122,14.1429425601959,4.21868085873965,0.130523294858821,2.17892780272493,0.0688870680783358
-262.404755992131,-276.163540195747,3.57167370939915,-3.17994968302609,13.95348371315,4.21868085873965,0.130523294858821,2.17892780272493,0.0688870680783358
-262.400937074135,-276.091555806192,3.56785479140287,-3.13556642907732,13.95348371315,4.21868085873965,0.130523294858821,2.17892780272493,0.0688870680783358
-262.390400634503,-276.019084483476,3.5573183517712,-3.32781728386197,13.95348371315,4.21868085873965,0.130523294858821,2.17892780272493,0.0688870680783358
-262.382402582305,-275.94588892274,3.54932029957317,-3.53233977914642,13.7654897098541,4.21868085873965,0.130523294858821,2.17892780272493,0.0688870680783358
-262.380603158929,-275.871983439202,3.5475208761972,-3.39181919442519,13.7654897098541,4.21868085873965,0.130523294858821,2.17892780272493,0.0688870680783358
-262.382004267789,-275.797697390829,3.54892198505746,-3.62704493717928,13.7654897098541,4.21868085873965,0.130523294858821,2.17892780272493,0.0688870680783358
-262.371515691049,-275.723291154491,3.53843340831689,-3.54005222641746,13.553768289566,4.21868085873965,0.130523294858821,2.17892780272493,0.0688870680783358
-262.354596897581,-275.648638644241,3.52151461484895,-3.7755708472554,13.553768289566,4.21868085873965,0.130523294858821,2.17892780272493,0.0688870680783358
-262.351436243718,-275.57295952134,3.51835396098621,-4.10863496367032,13.553768289566,4.21868085873965,0.130523294858821,2.17892780272493,0.0688870680783358
-262.348094841407,-275.497987761781,3.51501255867459,-4.06969507046739,13.553768289566,4.21868085873965,0.130523294858821,2.17892780272493,0.0688870680783358
-262.335812265429,-275.422323976974,3.50272998269707,-3.7593849561585,13.3886338596344,4.21868085873965,0.130523294858821,2.17892780272493,0.0688870680783358
-262.337279449903,-275.346673266477,3.50419716717076,-3.95018810177558,13.3886338596344,4.21868085873965,0.130523294858821,2.17892780272493,0.0688870680783358
-262.314108858432,-275.272066706082,3.48102657569954,-4.66728685175559,13.3886338596344,4.21868085873965,0.130523294858821,2.17892780272493,0.0688870680783358
-262.32433739857,-275.196660406712,3.49125511583792,-4.4553499365252,13.1532861118317,4.21868085873965,0.130523294858821,2.17892780272493,0.0688870680783358
-262.302918199074,-275.121816348791,3.46983591634198,-4.4202991515707,13.1532861118317,4.21868085873965,0.130523294858821,2.17892780272493,0.0688870680783358
-262.292887861438,-275.047808536454,3.4598055787059,-4.70595042201626,13.1532861118317,4.21868085873965,0.130523294858821,2.17892780272493,0.0688870680783358
-262.28284346898,-274.97408421749,3.44976118624818,-4.82239778208175,12.9405175571442,4.21868085873965,0.130523294858821,2.17892780272493,0.0688870680783358
-262.279818746912,-274.901164101798,3.44673646417987,-4.62921561099367,12.9405175571442,4.21868085873965,0.130523294858821,2.17892780272493,0.0688870680783358
-262.266821536821,-274.828416849728,3.43373925408857,-5.05134107565145,12.9405175571442,4.21868085873965,0.130523294858821,2.17892780272493,0.0688870680783358
-262.261879058807,-274.757913360177,3.4287967760751,-5.70853150024826,12.9405175571442,4.21868085873965,0.130523294858821,2.17892780272493,0.0688870680783358
-262.242725571168,-274.687272637455,3.40964328843596,-5.58621790097761,12.7058125858307,4.21868085873965,0.130523294858821,2.17892780272493,0.0688870680783358
-262.234541529025,-274.618579299916,3.40145924629348,-5.39023476217163,12.7058125858307,4.21868085873965,0.130523294858821,2.17892780272493,0.0688870680783358
-262.246942390701,-274.550465290107,3.41386010796929,-5.49964777154794,12.7058125858307,4.21868085873965,0.130523294858821,2.17892780272493,0.0688870680783358
-262.226171968102,-274.483594738617,3.39308968537044,-5.1738646492103,12.4445687656403,4.21868085873965,0.130523294858821,2.17892780272493,0.0688870680783358
-262.204994625421,-274.418730199649,3.37191234268908,-5.41056027479479,12.4445687656403,4.21868085873965,0.130523294858821,2.17892780272493,0.0688870680783358
-262.203732164761,-274.355811328478,3.3706498820289,-5.83684810632868,12.4445687656403,4.21868085873965,0.130523294858821,2.17892780272493,0.0688870680783358
-262.192351027159,-274.293997365327,3.35926874442699,-5.43350456246328,12.2100411777496,4.21868085873965,0.130523294858821,2.17892780272493,0.0688870680783358
-262.177306837711,-274.234704875031,3.34422455497912,-5.41784678584449,12.2100411777496,4.21868085873965,0.130523294858821,2.17892780272493,0.0688870680783358
-262.167568601738,-274.176981808928,3.33448631900574,-6.12599979099492,12.2100411777496,4.21868085873965,0.130523294858821,2.17892780272493,0.0688870680783358
-262.155833995245,-274.121639688232,3.32275171251289,-6.55584127836603,12.2100411777496,4.21868085873965,0.130523294858821,2.17892780272493,0.0688870680783358
-262.1541153605,-274.068366757486,3.32103307776827,-6.24244248786193,11.9499532108307,4.21868085873965,0.130523294858821,2.17892780272493,0.0688870680783358
-262.135318299446,-274.018027535762,3.30223601671414,-6.31890959429443,11.9499532108307,4.21868085873965,0.130523294858821,2.17892780272493,0.0688870680783358
-262.126773214751,-273.970360832403,3.29369093201864,-6.47356913627342,11.9499532108307,4.21868085873965,0.130523294858821,2.17892780272493,0.0688870680783358
-262.116023441727,-273.924690419889,3.28294115899519,-5.79136533026576,11.7609025363922,4.21868085873965,0.130523294858821,2.17892780272493,0.0688870680783358
-262.098800666331,-273.882280953075,3.26571838359874,-5.38234458340884,11.7609025363922,4.21868085873965,0.130523294858821,2.17892780272493,0.0688870680783358
-262.080370161948,-273.842900042393,3.2472878792158,-5.98555060438042,11.7609025363922,4.21868085873965,0.130523294858821,2.17892780272493,0.0688870680783358
-262.079856044212,-273.806544908689,3.24677376147986,-5.69294484487837,11.596290719986,4.21868085873965,0.130523294858821,2.17892780272493,0.0688870680783358
-262.070574074817,-273.773305554469,3.23749179208505,-5.5613450550205,11.596290719986,4.21868085873965,0.130523294858821,2.17892780272493,0.0688870680783358
-262.052158723217,-273.743275153148,3.21907644048491,-5.91970856742847,11.596290719986,4.21868085873965,0.130523294858821,2.17892780272493,0.0688870680783358
-262.058954569996,-273.71685094266,3.22587228726362,-6.32944007337552,11.596290719986,4.21868085873965,0.130523294858821,2.17892780272493,0.0688870680783358
-262.043911752559,-273.693576044268,3.21082946982659,-5.41837459995942,11.4083215122223,4.21868085873965,0.130523294858821,2.17892780272493,0.0688870680783358
-262.045395146445,-273.674265948075,3.21231286371315,-4.59986442831295,11.4083215122223,4.21868085873965,0.130523294858821,2.17892780272493,0.0688870680783358
-262.025353911256,-273.658454427323,3.19227162852354,-5.3119831275015,11.4083215122223,4.21868085873965,0.130523294858821,2.17892780272493,0.0688870680783358
-262.008213898274,-273.646126474478,3.17513161554211,-4.48112483653024,11.2676946048737,4.21868085873965,0.130523294858821,2.17892780272493,0.0688870680783358
-262.004874977268,-273.638258133853,3.17179269453594,-4.35851458504192,11.2676946048737,4.21868085873965,0.130523294858821,2.17892780272493,0.0688870680783358
-261.998033101926,-273.634263169319,3.1649508191941,-4.73628911411035,11.2676946048737,4.21868085873965,0.130523294858821,2.17892780272493,0.0688870680783358
-261.991497393876,-273.634163965766,3.15841511114423,-4.19036972034511,11.2928277378082,4.21868085873965,0.130523294858821,2.17892780272493,0.0688870680783358
-261.969462605426,-273.638160096473,3.13638032269431,-3.80290860637885,11.2928277378082,4.21868085873965,0.130523294858821,2.17892780272493,0.0688870680783358
-261.961199094213,-273.646345660063,3.12811681148079,-3.5970699950806,11.2928277378082,4.21868085873965,0.130523294858821,2.17892780272493,0.0688870680783358
-261.967796717316,-273.658779136295,3.13471443458396,-3.47222142113525,11.2928277378082,4.21868085873965,0.130523294858821,2.17892780272493,0.0688870680783358
-261.959846333753,-273.675525866318,3.12676405102141,-2.76662061154945,11.3150960330963,4.21868085873965,0.130523294858821,2.17892780272493,0.0688870680783358
-261.946972772357,-273.696415224715,3.11389048962513,-2.51796286150161,11.3150960330963,4.21868085873965,0.130523294858821,2.17892780272493,0.0688870680783358
-261.959965051836,-273.721861196539,3.12688276910417,-2.51999051293519,11.3150960330963,4.21868085873965,0.130523294858821,2.17892780272493,0.0688870680783358
-261.950243006186,-273.751589817777,3.11716072345453,-1.84992574112824,11.4562589054108,4.21868085873965,0.130523294858821,2.17892780272493,0.0688870680783358
-261.942948865969,-273.785915783495,3.10986658323681,-0.706626604633722,11.4562589054108,4.21868085873965,0.130523294858821,2.17892780272493,0.0688870680783358
-261.93582291812,-273.82428843275,3.10274063538779,-0.186322035106324,11.4562589054108,4.21868085873965,0.130523294858821,2.17892780272493,0.0688870680783358
-261.938988136765,-273.867254360692,3.10590585403264,0.551563659834528,11.6191064243317,4.21868085873965,0.130523294858821,2.17892780272493,0.0688870680783358
-261.943202302787,-273.914983302245,3.1101200200549,0.325436187905636,11.6191064243317,4.21868085873965,0.130523294858821,2.17892780272493,0.0688870680783358
-261.935778703713,-273.966771944276,3.10269642098104,-0.22455942265772,11.6191064243317,4.21868085873965,0.130523294858821,2.17892780272493,0.0688870680783358
-261.937284110681,-274.022894735721,3.10420182794907,0.505877019418069,11.6191064243317,4.21868085873965,0.130523294858821,2.17892780272493,0.0688870680783358
-261.949549394266,-274.08438251426,3.11646711153363,1.78928759462511,11.8786298160553,4.21868085873965,0.130523294858821,2.17892780272493,0.0688870680783358
-261.951143614322,-274.148982176058,3.11806133159021,4.02499162873643,11.8786298160553,4.21868085873965,0.130523294858821,2.17892780272493,0.0688870680783358
-261.956724315939,-274.218717204741,3.12364203320692,4.23262731064667,11.8786298160553,4.21868085873965,0.130523294858821,2.17892780272493,0.0688870680783358
-261.974191714748,-274.292850164146,3.1411094320164,4.79421792506459,12.1589127902985,4.21868085873965,0.130523294858821,2.17892780272493,0.0688870680783358
-261.980033965992,-274.370700875968,3.14695168326024,6.02666628815352,12.1589127902985,4.21868085873965,0.130523294858821,2.17892780272493,0.0688870680783358
-261.986866997426,-274.454536349176,3.15378471469374,6.80971565758023,12.1589127902985,4.21868085873965,0.130523294858821,2.17892780272493,0.0688870680783358
-261.990466522068,-274.539619217577,3.15738423933559,6.52606099817763,12.4169045810699,4.21868085873965,0.130523294858821,2.17892780272493,0.0688870680783358
-262.00776639909,-274.630069477954,3.17468411635752,6.35568663796628,12.4169045810699,4.21868085873965,0.130523294858821,2.17892780272493,0.0688870680783358
-262.018942194843,-274.724706961975,3.18585991211134,6.38051364871552,12.4169045810699,4.21868085873965,0.130523294858821,2.17892780272493,0.0688870680783358
-262.04268119499,-274.822549730204,3.20959891225753,5.82365207977793,12.4169045810699,4.21868085873965,0.130523294858821,2.17892780272493,0.0688870680783358
-262.030683162807,-274.927580692817,3.1976008800752,5.57928819958169,12.6794759159088,4.21868085873965,0.130523294858821,2.17892780272493,0.0688870680783358
-262.048703577854,-275.030661064409,3.21562129512165,5.60877496054356,12.6794759159088,4.21868085873965,0.130523294858821,2.17892780272493,0.0688870680783358
-262.06212544005,-275.14006441862,3.2290431573177,5.31209946913256,12.6794759159088,4.21868085873965,0.130523294858821,2.17892780272493,0.0688870680783358
-262.067604748319,-275.253330471954,3.23452246558664,4.76513747137825,12.8246594791412,4.21868085873965,0.130523294858821,2.17892780272493,0.0688870680783358
-262.081736914852,-275.369416456883,3.24865463211954,4.9905430891824,12.8246594791412,4.21868085873965,0.130523294858821,2.17892780272493,0.0688870680783358
-262.079549371722,-275.488669715697,3.2464670889904,5.11022628244205,12.8246594791412,4.21868085873965,0.130523294858821,2.17892780272493,0.0688870680783358
-262.109942455615,-275.611946360932,3.2768601728827,4.92085739428418,13.0645276432037,4.21868085873965,0.130523294858821,2.17892780272493,0.0688870680783358
-262.115600685098,-275.737311886808,3.28251840236599,5.07705771653905,13.0645276432037,4.21868085873965,0.130523294858821,2.17892780272493,0.0688870680783358
-262.118078240687,-275.866000996333,3.28499595795512,5.33780245079528,13.0645276432037,4.21868085873965,0.130523294858821,2.17892780272493,0.0688870680783358
-262.1275504927,-275.997265402426,3.29446820996754,5.34374301564786,13.0645276432037,4.21868085873965,0.130523294858821,2.17892780272493,0.0688870680783358
-262.136742888806,-276.131073250733,3.30366060607434,5.17873864448483,13.3740826969147,4.21868085873965,0.130523294858821,2.17892780272493,0.0688870680783358
-262.146274765157,-276.266710783444,3.31319248242484,5.61775807305255,13.3740826969147,4.21868085873965,0.130523294858821,2.17892780272493,0.0688870680783358
-262.149783327737,-276.405102136525,3.31670104500509,5.90352125645981,13.3740826969147,4.21868085873965,0.130523294858821,2.17892780272493,0.0688870680783358
-262.159220495658,-276.545819505926,3.32613821292621,5.41021345961463,13.7721139316559,4.21868085873965,0.130523294858821,2.17892780272493,0.0688870680783358
-262.156340197266,-276.687185331633,3.32325791453386,5.71486351406233,13.7721139316559,4.21868085873965,0.130523294858821,2.17892780272493,0.0688870680783358
-262.176742382547,-276.831602642453,3.34366009981452,5.98266994071245,13.7721139316559,4.21868085873965,0.130523294858821,2.17892780272493,0.0688870680783358
-262.195113123448,-276.976135207511,3.36203084071596,6.80826594984318,14.3100034122467,4.21868085873965,0.130523294858821,2.17892780272493,0.0688870680783358
-262.209942210772,-277.122565904824,3.37685992804032,7.55030632676911,14.3100034122467,4.21868085873965,0.130523294858821,2.17892780272493,0.0688870680783358
-262.206853071811,-277.274034107468,3.37377078907858,7.92869958694027,14.3100034122467,4.21868085873965,0.130523294858821,2.17892780272493,0.0688870680783358
-262.226459438234,-277.42014415909,3.39337715550153,7.83549813409922,14.3100034122467,4.21868085873965,0.130523294858821,2.17892780272493,0.0688870680783358
-262.248534491908,-277.569488162106,3.41545220917633,8.0480554962845,14.8016454105377,4.21868085873965,0.130523294858821,2.17892780272493,0.0688870680783358
-262.265597708216,-277.719420924224,3.43251542548362,9.30132939613287,14.8016454105377,4.21868085873965,0.130523294858821,2.17892780272493,0.0688870680783358
-262.277093949519,-277.869736037446,3.44401166678665,9.12973740640447,14.8016454105377,4.21868085873965,0.130523294858821,2.17892780272493,0.0688870680783358
-262.290418887762,-278.025295578898,3.45733660502978,10.0641676078844,15.3665620212555,4.21868085873965,0.130523294858821,2.17892780272493,0.0688870680783358
-262.320729800505,-278.175535336973,3.48764751777347,10.8521338264858,15.3665620212555,4.21868085873965,0.130523294858821,2.17892780272493,0.0688870680783358
-262.341230795822,-278.321673981114,3.50814851308989,10.5153951968321,15.3665620212555,4.21868085873965,0.130523294858821,2.17892780272493,0.0688870680783358
-262.35816514138,-278.471140628106,3.52508285864844,10.1452199265829,15.9090100650787,4.21868085873965,0.130523294858821,2.17892780272493,0.0688870680783358
-262.381371171777,-278.621917317563,3.54828888904507,11.2466109665845,15.9090100650787,4.21868085873965,0.130523294858821,2.17892780272493,0.0688870680783358
-262.389040479417,-278.772973071152,3.55595819668469,12.1749048719482,15.9090100650787,4.21868085873965,0.130523294858821,2.17892780272493,0.0688870680783358
-262.42890302455,-278.918803049618,3.59582074181758,12.4762184093205,15.9090100650787,4.21868085873965,0.130523294858821,2.17892780272493,0.0688870680783358
-262.459289004864,-279.066260051797,3.62620672213154,11.890288567952,16.4527083759308,4.21868085873965,0.130523294858821,2.17892780272493,0.0688870680783358
-262.469227013827,-279.211464405708,3.63614473109547,11.7797351659901,16.4527083759308,4.21868085873965,0.130523294858821,2.17892780272493,0.0688870680783358
-262.492839786079,-279.355665578774,3.65975750334718,12.0075482563077,16.4527083759308,4.21868085873965,0.130523294858821,2.17892780272493,0.0688870680783358
-262.50836727501,-279.499143091934,3.67528499227848,12.3956595839795,16.9966613178253,4.21868085873965,0.130523294858821,2.17892780272493,0.0688870680783358
-262.539323639236,-279.63890310839,3.70624135650394,12.7635091957948,16.9966613178253,4.21868085873965,0.130523294858821,2.17892780272493,0.0688870680783358
-262.566939058705,-279.777643180283,3.73385677597282,11.3813227817529,16.9966613178253,4.21868085873965,0.130523294858821,2.17892780272493,0.0688870680783358
-262.578581827984,-279.913925806887,3.74549954525205,10.7998243158414,17.5159675006866,4.21868085873965,0.130523294858821,2.17892780272493,0.0688870680783358
-262.60530080329,-280.048173391866,3.77221852055809,10.7940963308601,17.5159675006866,4.21868085873965,0.130523294858821,2.17892780272493,0.0688870680783358
-262.629079527902,-280.180164385521,3.79599724517027,12.1092585117256,17.5159675006866,4.21868085873965,0.130523294858821,2.17892780272493,0.0688870680783358
-262.650278388884,-280.308313793526,3.81719610615211,12.4293195684747,17.5159675006866,4.21868085873965,0.130523294858821,2.17892780272493,0.0688870680783358
-262.664111209184,-280.437490825845,3.83102892645221,10.6512076467105,17.9873687152863,4.21868085873965,0.130523294858821,2.17892780272493,0.0688870680783358
-262.681878050971,-280.558235090955,3.84879576823927,11.0697052227106,17.9873687152863,4.21868085873965,0.130523294858821,2.17892780272493,0.0688870680783358
-262.715906258812,-280.679540286967,3.88282397608047,11.6666170638373,17.9873687152863,4.21868085873965,0.130523294858821,2.17892780272493,0.0688870680783358
-262.721031757253,-280.796149156863,3.88794947452131,10.3839239604073,18.460379732132,4.21868085873965,0.130523294858821,2.17892780272493,0.0688870680783358
-262.756274970098,-280.909499276215,3.92319268736635,9.95389848192892,18.460379732132,4.21868085873965,0.130523294858821,2.17892780272493,0.0688870680783358
-262.772354846768,-281.019711436896,3.93927256403614,10.0067218348324,18.460379732132,4.21868085873965,0.130523294858821,2.17892780272493,0.0688870680783358
-262.78351564014,-281.126916946519,3.95043335740825,9.78157698890271,18.8384543781281,4.21868085873965,0.130523294858821,2.17892780272493,0.0688870680783358
-262.796049161004,-281.229259755359,3.96296687827163,9.57187247359407,18.8384543781281,4.21868085873965,0.130523294858821,2.17892780272493,0.0688870680783358
-262.82789651052,-281.329167709899,3.99481422778808,10.1099690286137,18.8384543781281,4.21868085873965,0.130523294858821,2.17892780272493,0.0688870680783358
-262.836122756941,-281.424175612699,4.00304047420946,10.5718929219066,18.8384543781281,4.21868085873965,0.130523294858821,2.17892780272493,0.0688870680783358
-262.858163835583,-281.515916360866,4.02508155285114,9.36152240481316,19.1693030719757,4.21868085873965,0.130523294858821,2.17892780272493,0.0688870680783358
-262.869537961456,-281.602764361474,4.0364556787244,8.31031616572362,19.1693030719757,4.21868085873965,0.130523294858821,2.17892780272493,0.0688870680783358
-262.887175206914,-281.686620732242,4.05409292418152,9.39691962279136,19.1693030719757,4.21868085873965,0.130523294858821,2.17892780272493,0.0688870680783358
-262.912755657276,-281.765143003822,4.07967337454379,8.31854259532457,19.4762259845734,4.21868085873965,0.130523294858821,2.17892780272493,0.0688870680783358
-262.934114479595,-281.839949080895,4.10103219686281,8.22046948768304,19.4762259845734,4.21868085873965,0.130523294858821,2.17892780272493,0.0688870680783358
-262.943459672398,-281.910439453654,4.11037738966608,7.85246629386425,19.4762259845734,4.21868085873965,0.130523294858821,2.17892780272493,0.0688870680783358
-262.964863794835,-281.976382720143,4.13178151210286,7.29206772524995,19.7137900714874,4.21868085873965,0.130523294858821,2.17892780272493,0.0688870680783358
-262.974804822363,-282.038480857655,4.14172253963124,7.35593347286535,19.7137900714874,4.21868085873965,0.130523294858821,2.17892780272493,0.0688870680783358
-262.99164158986,-282.095863393299,4.15855930712788,7.50651080264191,19.7137900714874,4.21868085873965,0.130523294858821,2.17892780272493,0.0688870680783358
-263.003692350169,-282.148771718946,4.1706100674368,7.74586151721894,19.7137900714874,4.21868085873965,0.130523294858821,2.17892780272493,0.0688870680783358
-263.019094456011,-282.196905310669,4.18601217327946,6.73318400976823,19.9249488239288,4.21868085873965,0.130523294858821,2.17892780272493,0.0688870680783358
-263.026719424697,-282.241202558264,4.19363714196508,6.14054158369378,19.9249488239288,4.21868085873965,0.130523294858821,2.17892780272493,0.0688870680783358
-263.036242797774,-282.280653447156,4.20316051504216,6.23701808121541,20.0647460346222,4.21868085873965,0.130523294858821,2.17892780272493,0.0688870680783358
-263.057636233376,-282.315796379348,4.22455395064353,5.53286872369642,20.0647460346222,4.21868085873965,0.130523294858821,2.17892780272493,0.0688870680783358
-263.055515348906,-282.346517079035,4.22243306617354,5.10198986086572,20.0647460346222,4.21868085873965,0.130523294858821,2.17892780272493,0.0688870680783358
-263.070189792857,-282.372811229324,4.23710751012546,4.35112844410876,20.0647460346222,4.21868085873965,0.130523294858821,2.17892780272493,0.0688870680783358
-263.075156771361,-282.394938310019,4.24207448862862,3.53781105014333,20.0407935504913,4.21868085873965,0.130523294858821,2.17892780272493,0.0688870680783358
-263.084432019648,-282.412552312595,4.25134973691582,3.43628732011347,20.0407935504913,4.21868085873965,0.130523294858821,2.17892780272493,0.0688870680783358
-263.091033633756,-282.426008089754,4.25795135102391,3.61620942535411,20.0407935504913,4.21868085873965,0.130523294858821,2.17892780272493,0.0688870680783358
-263.095053850902,-282.4351207707,4.26197156817043,3.78305977438518,20.0407935504913,4.21868085873965,0.130523294858821,2.17892780272493,0.0688870680783358
-263.109456381938,-282.44005363971,4.27637409920561,2.85913029549318,19.8300429706573,4.21868085873965,0.130523294858821,2.17892780272493,0.0688870680783358
-263.096305600633,-282.440863735989,4.26322331790141,1.50010017908561,19.8300429706573,4.21868085873965,0.130523294858821,2.17892780272493,0.0688870680783358
-263.112302732896,-282.437628990027,4.27922045016349,0.285946499236713,19.8300429706573,4.21868085873965,0.130523294858821,2.17892780272493,0.0688870680783358
-263.11157036479,-282.430229061008,4.27848808205805,0.0407425397225172,19.5725547199249,4.21868085873965,0.130523294858821,2.17892780272493,0.0688870680783358
-263.114519154346,-282.419087811304,4.28143687161381,-0.483046864423127,19.5725547199249,4.21868085873965,0.130523294858821,2.17892780272493,0.0688870680783358
-263.11092040578,-282.404292825603,4.27783812304833,-1.27452098554799,19.5725547199249,4.21868085873965,0.130523294858821,2.17892780272493,0.0688870680783358
-263.110124625,-282.385842473287,4.27704234226828,-1.14485290167401,19.2440024738312,4.21868085873965,0.130523294858821,2.17892780272493,0.0688870680783358
-263.101694275333,-282.363662286832,4.26861199260059,-3.41198688809948,19.2440024738312,4.21868085873965,0.130523294858821,2.17892780272493,0.0688870680783358
-263.091515250954,-282.33765367253,4.25843296822209,-3.97037667468173,19.2440024738312,4.21868085873965,0.130523294858821,2.17892780272493,0.0688870680783358
-263.082692852184,-282.308463921311,4.24961056945228,-3.96911592626326,19.2440024738312,4.21868085873965,0.130523294858821,2.17892780272493,0.0688870680783358
-263.079964206334,-282.275961310997,4.24688192360168,-4.82743291116839,18.8678008441925,4.21868085873965,0.130523294858821,2.17892780272493,0.0688870680783358
-263.057241816845,-282.2403757128,4.22415953411287,-6.21308581958095,18.8678008441925,4.21868085873965,0.130523294858821,2.17892780272493,0.0688870680783358
-263.060469795398,-282.201493955022,4.22738751266583,-7.41207337018297,18.8678008441925,4.21868085873965,0.130523294858821,2.17892780272493,0.0688870680783358
-263.040564827697,-282.159552388087,4.20748254496495,-6.825745272481,18.5375357990265,4.21868085873965,0.130523294858821,2.17892780272493,0.0688870680783358
-263.041071179377,-282.114574713328,4.20798889664503,-6.00895138550763,18.5375357990265,4.21868085873965,0.130523294858821,2.17892780272493,0.0688870680783358
-263.021104628811,-282.067376640365,4.18802234607879,-5.60229611254978,18.5375357990265,4.21868085873965,0.130523294858821,2.17892780272493,0.0688870680783358
-263.000345477125,-282.017700687369,4.16726319439281,-5.07366957767769,18.3698111896515,4.21868085873965,0.130523294858821,2.17892780272493,0.0688870680783358
-262.999597059965,-281.965443699006,4.16651477723329,-4.84242292743082,18.3698111896515,4.21868085873965,0.130523294858821,2.17892780272493,0.0688870680783358
-262.994869504698,-281.910181052899,4.16178722196642,-4.67927310281663,18.3698111896515,4.21868085873965,0.130523294858821,2.17892780272493,0.0688870680783358
-262.986390797259,-281.853500188832,4.15330851452655,-4.91716597115217,18.3698111896515,4.21868085873965,0.130523294858821,2.17892780272493,0.0688870680783358
-262.969105961982,-281.792446736976,4.13602367924998,-4.58738399308484,18.2937308673859,4.21868085873965,0.130523294858821,2.17892780272493,0.0688870680783358
-262.957254134225,-281.733187143385,4.12417185149344,-4.47685504985543,18.2937308673859,4.21868085873965,0.130523294858821,2.17892780272493,0.0688870680783358
-262.951469648407,-281.67018718464,4.11838736567477,-4.34411169273675,18.2937308673859,4.21868085873965,0.130523294858821,2.17892780272493,0.0688870680783358
-262.944350394852,-281.605664670569,4.11126811211993,-3.14236038734407,18.2894317035675,4.21868085873965,0.130523294858821,2.17892780272493,0.0688870680783358
-262.952943390115,-281.539077029448,4.11986110738299,-3.3062646165671,18.2894317035675,4.21868085873965,0.130523294858821,2.17892780272493,0.0688870680783358
-262.937465721641,-281.471662039679,4.10438343890862,-3.30997012872659,18.2894317035675,4.21868085873965,0.130523294858821,2.17892780272493,0.0688870680783358
-262.923658431178,-281.403013092934,4.09057614844643,-2.84051605743644,18.2632705097198,4.21868085873965,0.130523294858821,2.17892780272493,0.0688870680783358
-262.919100602783,-281.332754301665,4.08601832005095,-2.10732059321268,18.2632705097198,4.21868085873965,0.130523294858821,2.17892780272493,0.0688870680783358
-262.915122683654,-281.261572009102,4.08204040092214,-2.23157492514922,18.2632705097198,4.21868085873965,0.130523294858821,2.17892780272493,0.0688870680783358
-262.91920542172,-281.190071074095,4.08612313898793,-2.44424991555645,18.2632705097198,4.21868085873965,0.130523294858821,2.17892780272493,0.0688870680783358
-262.924580606005,-281.11668945423,4.09149832327316,-1.79725660827105,18.1457015399933,4.21868085873965,0.130523294858821,2.17892780272493,0.0688870680783358
-262.916932536487,-281.043602591651,4.08385025375474,-1.6213376619349,18.1457015399933,4.21868085873965,0.130523294858821,2.17892780272493,0.0688870680783358
-262.91727319449,-280.969460029798,4.08419091175816,-1.61299218789859,18.1457015399933,4.21868085873965,0.130523294858821,2.17892780272493,0.0688870680783358
-262.909248632246,-280.894471825991,4.0761663495143,-0.961886720406859,18.0046225910187,4.21868085873965,0.130523294858821,2.17892780272493,0.0688870680783358
-262.906981745141,-280.81873446156,4.07389946240938,-0.51078429407664,18.0046225910187,4.21868085873965,0.130523294858821,2.17892780272493,0.0688870680783358
-262.914199191516,-280.74385215049,4.08111690878371,-0.735364988880402,18.0046225910187,4.21868085873965,0.130523294858821,2.17892780272493,0.0688870680783358
-262.915078554405,-280.668748667581,4.08199627167327,-1.08525813192271,17.770323884964,4.21868085873965,0.130523294858821,2.17892780272493,0.0688870680783358
-262.912402762519,-280.593431919701,4.07932047978726,-1.49578653031411,17.770323884964,4.21868085873965,0.130523294858821,2.17892780272493,0.0688870680783358
-262.911774641865,-280.518023555023,4.07869235913277,-1.83523037298167,17.770323884964,4.21868085873965,0.130523294858821,2.17892780272493,0.0688870680783358
-262.902511764518,-280.443080641209,4.06942948178562,-2.59369266596228,17.770323884964,4.21868085873965,0.130523294858821,2.17892780272493,0.0688870680783358
-262.894810341112,-280.367856675132,4.06172805838012,-2.31426520992317,17.5355368976593,4.21868085873965,0.130523294858821,2.17892780272493,0.0688870680783358
-262.896797885365,-280.293416385287,4.06371560263308,-2.31297689282099,17.5355368976593,4.21868085873965,0.130523294858821,2.17892780272493,0.0688870680783358
-262.883645802059,-280.218973269291,4.05056351932681,-2.5517471618404,17.296992433548,4.21868085873965,0.130523294858821,2.17892780272493,0.0688870680783358
-262.878080543402,-280.145053956808,4.04499826066967,-3.05133914753429,17.296992433548,4.21868085873965,0.130523294858821,2.17892780272493,0.0688870680783358
-262.866777868168,-280.07212511947,4.03369558543565,-3.39412225823064,17.296992433548,4.21868085873965,0.130523294858821,2.17892780272493,0.0688870680783358
-262.858140712993,-279.998951961832,4.02505843026107,-3.70430016967964,17.296992433548,4.21868085873965,0.130523294858821,2.17892780272493,0.0688870680783358
-262.860297805099,-279.927144068892,4.02721552236668,-3.9910504741545,17.0627204303741,4.21868085873965,0.130523294858821,2.17892780272493,0.0688870680783358
-262.843675259176,-279.855929123165,4.01059297644446,-3.86521915898098,17.0627204303741,4.21868085873965,0.130523294858821,2.17892780272493,0.0688870680783358
-262.834475990177,-279.784879650108,4.00139370744546,-4.08037690075965,17.0627204303741,4.21868085873965,0.130523294858821,2.17892780272493,0.0688870680783358
-262.834639419517,-279.715297942144,4.00155713678496,-4.62720762015842,17.0627204303741,4.21868085873965,0.130523294858821,2.17892780272493,0.0688870680783358
-262.826517136284,-279.64568446642,3.99343485355236,-3.8826675030156,16.8744956378937,4.21868085873965,0.130523294858821,2.17892780272493,0.0688870680783358
-262.823438449187,-279.578531235907,3.99035616645521,-3.90214249073222,16.8744956378937,4.21868085873965,0.130523294858821,2.17892780272493,0.0688870680783358
-262.800020716933,-279.511165776775,3.96693843420137,-3.93498903414021,16.8744956378937,4.21868085873965,0.130523294858821,2.17892780272493,0.0688870680783358
-262.804330794276,-279.444209052655,3.97124851154401,-3.92883747010841,16.7073089008331,4.21868085873965,0.130523294858821,2.17892780272493,0.0688870680783358
-262.794750455254,-279.377023771318,3.96166817252203,-3.79712155325437,16.7073089008331,4.21868085873965,0.130523294858821,2.17892780272493,0.0688870680783358
-262.795163903361,-279.31315046565,3.96208162062894,-3.82649086961968,16.7073089008331,4.21868085873965,0.130523294858821,2.17892780272493,0.0688870680783358
-262.787278761891,-279.251214053257,3.95419647915901,-3.96340284051287,16.5196715717316,4.21868085873965,0.130523294858821,2.17892780272493,0.0688870680783358
-262.773545780716,-279.18900502222,3.9404634979841,-4.17057452574571,16.5196715717316,4.21868085873965,0.130523294858821,2.17892780272493,0.0688870680783358
-262.760537598734,-279.127015617521,3.92745531600186,-4.21125066630533,16.5196715717316,4.21868085873965,0.130523294858821,2.17892780272493,0.0688870680783358
-262.768380468327,-279.066397128309,3.93529818559524,-4.16052348260947,16.5196715717316,4.21868085873965,0.130523294858821,2.17892780272493,0.0688870680783358
-262.747913235397,-279.006030842825,3.91483095266471,-3.77669085317862,16.3553458576202,4.21868085873965,0.130523294858821,2.17892780272493,0.0688870680783358
-262.742098432921,-278.947330547585,3.90901615018874,-3.99803565870647,16.3553458576202,4.21868085873965,0.130523294858821,2.17892780272493,0.0688870680783358
-262.733499301399,-278.889234402197,3.90041701866722,-3.80081296143785,16.3553458576202,4.21868085873965,0.130523294858821,2.17892780272493,0.0688870680783358
-262.723760431919,-278.831712662933,3.89067814918703,-3.63841951837581,16.1202613239288,4.21868085873965,0.130523294858821,2.17892780272493,0.0688870680783358
-262.709056557671,-278.77525354704,3.87597427493941,-4.02707934758694,16.1202613239288,4.21868085873965,0.130523294858821,2.17892780272493,0.0688870680783358
-262.706323543197,-278.719501232475,3.8732412604654,-4.21384889717534,16.1202613239288,4.21868085873965,0.130523294858821,2.17892780272493,0.0688870680783358
-262.697334970561,-278.664536894071,3.86425268782914,-3.87168400433466,15.978708398819,4.21868085873965,0.130523294858821,2.17892780272493,0.0688870680783358
-262.690768114839,-278.610271375356,3.85768583210699,-3.94555836089802,15.978708398819,4.21868085873965,0.130523294858821,2.17892780272493,0.0688870680783358
-262.68195336155,-278.556430130403,3.84887107881809,-4.54353711792849,15.978708398819,4.21868085873965,0.130523294858821,2.17892780272493,0.0688870680783358
-262.671700466461,-278.503268183724,3.8386181837286,-4.40416574882273,15.978708398819,4.21868085873965,0.130523294858821,2.17892780272493,0.0688870680783358
-262.67189423033,-278.45063841656,3.83881194759833,-4.14416651937996,15.7436677341461,4.21868085873965,0.130523294858821,2.17892780272493,0.0688870680783358
-262.664698485886,-278.398728763883,3.8316162031542,-3.87775663879465,15.7436677341461,4.21868085873965,0.130523294858821,2.17892780272493,0.0688870680783358
-262.646545663884,-278.3470612281,3.81346338115168,-4.44574321828057,15.7436677341461,4.21868085873965,0.130523294858821,2.17892780272493,0.0688870680783358
-262.642417166335,-278.295564539882,3.80933488360291,-4.14336002416024,15.6254311923981,4.21868085873965,0.130523294858821,2.17892780272493,0.0688870680783358
-262.632648424547,-278.244691688385,3.79956614181493,-3.90156276334436,15.6254311923981,4.21868085873965,0.130523294858821,2.17892780272493,0.0688870680783358
-262.627958841717,-278.193822629803,3.79487655898453,-4.06295403743401,15.6254311923981,4.21868085873965,0.130523294858821,2.17892780272493,0.0688870680783358
-262.63209956703,-278.143535374931,3.79901728429749,-4.19433628480016,15.4825059299469,4.21868085873965,0.130523294858821,2.17892780272493,0.0688870680783358
-262.60781178958,-278.093530503565,3.77472950684782,-4.10362577901195,15.4825059299469,4.21868085873965,0.130523294858821,2.17892780272493,0.0688870680783358
-262.605860412971,-278.04296631676,3.77277813023946,-4.19906026106133,15.4825059299469,4.21868085873965,0.130523294858821,2.17892780272493,0.0688870680783358
-262.608947739098,-277.993014774961,3.77586545636632,-3.96441994695234,15.4825059299469,4.21868085873965,0.130523294858821,2.17892780272493,0.0688870680783358
-262.589166733368,-277.942587583295,3.75608445063574,-3.62654637138171,15.317632806778,4.21868085873965,0.130523294858821,2.17892780272493,0.0688870680783358
-262.584127062972,-277.892167118698,3.75104478023952,-3.65006972029245,15.317632806778,4.21868085873965,0.130523294858821,2.17892780272493,0.0688870680783358
-262.571900941974,-277.8416798467,3.73881865924219,-4.01599494788221,15.317632806778,4.21868085873965,0.130523294858821,2.17892780272493,0.0688870680783358
-262.568133241005,-277.7906279981,3.73505095827303,-3.30189483115482,15.1524335269928,4.21868085873965,0.130523294858821,2.17892780272493,0.0688870680783358
-262.552568035451,-277.739557103601,3.71948575271919,-3.29143771519843,15.1524335269928,4.21868085873965,0.130523294858821,2.17892780272493,0.0688870680783358
-262.557301523479,-277.687895586289,3.72421924074701,-3.44757309261383,15.1524335269928,4.21868085873965,0.130523294858821,2.17892780272493,0.0688870680783358
-262.551893210385,-277.635897370391,3.71881092765286,-3.77852389660171,15.0110455875397,4.21868085873965,0.130523294858821,2.17892780272493,0.0688870680783358
-262.556775507665,-277.583452150561,3.72369322493288,-3.6299288856212,15.0110455875397,4.21868085873965,0.130523294858821,2.17892780272493,0.0688870680783358
-262.548270520401,-277.530341992095,3.71518823766875,-3.81504636782806,15.0110455875397,4.21868085873965,0.130523294858821,2.17892780272493,0.0688870680783358
-262.538328279916,-277.477056776026,3.70524599718397,-3.83557469328154,15.0110455875397,4.21868085873965,0.130523294858821,2.17892780272493,0.0688870680783358
-262.521416946183,-277.422451034703,3.68833466345081,-3.33754026773846,14.8712312107086,4.21868085873965,0.130523294858821,2.17892780272493,0.0688870680783358
-262.516050922074,-277.367874754761,3.68296863934159,-2.8779610399526,14.8712312107086,4.21868085873965,0.130523294858821,2.17892780272493,0.0688870680783358
-262.50275086991,-277.312265782711,3.66966858717788,-2.73332109684321,14.7546922092438,4.21868085873965,0.130523294858821,2.17892780272493,0.0688870680783358
-262.509121949674,-277.255849344772,3.67603966694197,-3.01626807090756,14.7546922092438,4.21868085873965,0.130523294858821,2.17892780272493,0.0688870680783358
-262.497057757706,-277.198971751567,3.66397547497416,-3.30239068444677,14.7546922092438,4.21868085873965,0.130523294858821,2.17892780272493,0.0688870680783358
-262.500719855033,-277.140383517885,3.6676375723011,-3.90779540458917,14.7546922092438,4.21868085873965,0.130523294858821,2.17892780272493,0.0688870680783358
-262.495127018012,-277.081733868845,3.6620447352797,-3.6156374450259,14.6146279697418,4.21868085873965,0.130523294858821,2.17892780272493,0.0688870680783358
-262.48560510245,-277.021959111243,3.65252281971845,-3.62402308345224,14.6146279697418,4.21868085873965,0.130523294858821,2.17892780272493,0.0688870680783358
-262.490664995054,-276.961144881912,3.65758271232153,-3.71476419968696,14.6146279697418,4.21868085873965,0.130523294858821,2.17892780272493,0.0688870680783358
-262.464970944899,-276.900082495712,3.63188866216735,-3.2630944180289,14.4258118991852,4.21868085873965,0.130523294858821,2.17892780272493,0.0688870680783358
-262.475105279249,-276.837306596274,3.64202299651673,-3.22162315423371,14.4258118991852,4.21868085873965,0.130523294858821,2.17892780272493,0.0688870680783358
-262.464305360996,-276.773300844615,3.63122307826402,-2.99042780123896,14.4258118991852,4.21868085873965,0.130523294858821,2.17892780272493,0.0688870680783358
-262.451294405705,-276.710013087983,3.61821212297253,-2.89692803669004,14.4258118991852,4.21868085873965,0.130523294858821,2.17892780272493,0.0688870680783358
-262.447256017164,-276.643171898089,3.61417373443168,-3.22435013254571,14.2619172458649,4.21868085873965,0.130523294858821,2.17892780272493,0.0688870680783358
-262.450177643402,-276.575763969953,3.61709536067045,-3.1360632183587,14.2619172458649,4.21868085873965,0.130523294858821,2.17892780272493,0.0688870680783358
-262.430775707933,-276.508763074389,3.59769342520067,-3.37308968312034,14.2619172458649,4.21868085873965,0.130523294858821,2.17892780272493,0.0688870680783358
-262.425812882493,-276.442853398775,3.59273059976062,-3.342014517541,14.0967198734283,4.21868085873965,0.130523294858821,2.17892780272493,0.0688870680783358
-262.428930556512,-276.374698742434,3.5958482737799,-3.36324699503668,14.0967198734283,4.21868085873965,0.130523294858821,2.17892780272493,0.0688870680783358
-262.41721236539,-276.304768690837,3.58413008265812,-3.28156457712581,14.0967198734283,4.21868085873965,0.130523294858821,2.17892780272493,0.0688870680783358
-262.414669785515,-276.235040805458,3.58158750278276,-3.19869830483276,13.9778519992828,4.21868085873965,0.130523294858821,2.17892780272493,0.0688870680783358
-262.407198305557,-276.163335492443,3.57411602282548,-3.35518304052638,13.9778519992828,4.21868085873965,0.130523294858821,2.17892780272493,0.0688870680783358
-262.401024443609,-276.091650526458,3.56794216087658,-3.34171739851161,13.9778519992828,4.21868085873965,0.130523294858821,2.17892780272493,0.0688870680783358
-262.397938285491,-276.019058424756,3.56485600275935,-3.35268932991307,13.9778519992828,4.21868085873965,0.130523294858821,2.17892780272493,0.0688870680783358
-262.387736472313,-275.945862658887,3.55465418958101,-3.41692830386513,13.7890588169098,4.21868085873965,0.130523294858821,2.17892780272493,0.0688870680783358
-262.390139091174,-275.872186194198,3.55705680844237,-3.33713903568821,13.7890588169098,4.21868085873965,0.130523294858821,2.17892780272493,0.0688870680783358
-262.369855819566,-275.798016639348,3.53677353683363,-3.81511816756115,13.7890588169098,4.21868085873965,0.130523294858821,2.17892780272493,0.0688870680783358
-262.367725220034,-275.723344625031,3.53464293730171,-3.82449045652484,13.6470261936188,4.21868085873965,0.130523294858821,2.17892780272493,0.0688870680783358
-262.367991044216,-275.648540237061,3.53490876148377,-3.90608878112602,13.6470261936188,4.21868085873965,0.130523294858821,2.17892780272493,0.0688870680783358
-262.358952405033,-275.573506734161,3.52587012230138,-4.07485228203551,13.6470261936188,4.21868085873965,0.130523294858821,2.17892780272493,0.0688870680783358
-262.344419822497,-275.498463952985,3.51133753976485,-3.95411252858276,13.6470261936188,4.21868085873965,0.130523294858821,2.17892780272493,0.0688870680783358
-262.346947554395,-275.422368916377,3.51386527166309,-3.9073105044125,13.4563504581451,4.21868085873965,0.130523294858821,2.17892780272493,0.0688870680783358
-262.342963213519,-275.34742754578,3.50988093078658,-3.91335933652094,13.4563504581451,4.21868085873965,0.130523294858821,2.17892780272493,0.0688870680783358
-262.330529039836,-275.272156299239,3.49744675710445,-4.25450390675846,13.4563504581451,4.21868085873965,0.130523294858821,2.17892780272493,0.0688870680783358
-262.317242630218,-275.196767524355,3.48416034748605,-4.15091276541639,13.2441178684235,4.21868085873965,0.130523294858821,2.17892780272493,0.0688870680783358
-262.310555902491,-275.122580119679,3.47747361975931,-4.18977424630079,13.2441178684235,4.21868085873965,0.130523294858821,2.17892780272493,0.0688870680783358
-262.313444217768,-275.048073206159,3.48036193503592,-4.39878934887643,13.2441178684235,4.21868085873965,0.130523294858821,2.17892780272493,0.0688870680783358
-262.296553193302,-274.97447796925,3.46347091057037,-4.34172442963912,12.9621163730621,4.21868085873965,0.130523294858821,2.17892780272493,0.0688870680783358
-262.279641875278,-274.901198756556,3.44655959254631,-4.48135299975398,12.9621163730621,4.21868085873965,0.130523294858821,2.17892780272493,0.0688870680783358
-262.277707829553,-274.828596662458,3.44462554682118,-4.71955597931229,12.9621163730621,4.21868085873965,0.130523294858821,2.17892780272493,0.0688870680783358
-262.261292640253,-274.757930257456,3.42821035752122,-4.68168250161403,12.7485257511139,4.21868085873965,0.130523294858821,2.17892780272493,0.0688870680783358
-262.263601065385,-274.686948241,3.43051878265344,-5.05530789701849,12.7485257511139,4.21868085873965,0.130523294858821,2.17892780272493,0.0688870680783358
-262.256783036604,-274.618211474114,3.42370075387172,-5.83649443194573,12.7485257511139,4.21868085873965,0.130523294858821,2.17892780272493,0.0688870680783358
-262.248078134088,-274.550441248927,3.41499585135624,-5.61502300935084,12.7485257511139,4.21868085873965,0.130523294858821,2.17892780272493,0.0688870680783358
-262.228797376391,-274.483626087825,3.39571509365943,-5.15100949141425,12.5351716403961,4.21868085873965,0.130523294858821,2.17892780272493,0.0688870680783358
-262.226569093748,-274.418302032714,3.3934868110157,-5.19236879039666,12.5351716403961,4.21868085873965,0.130523294858821,2.17892780272493,0.0688870680783358
-262.215560592802,-274.355513700973,3.38247831007027,-5.28618056975012,12.5351716403961,4.21868085873965,0.130523294858821,2.17892780272493,0.0688870680783358
-262.199408284753,-274.294257228515,3.36632600202069,-5.54304234826641,12.2998982791901,4.21868085873965,0.130523294858821,2.17892780272493,0.0688870680783358
-262.187495701243,-274.234586197332,3.35441341851095,-5.8519696145282,12.2998982791901,4.21868085873965,0.130523294858821,2.17892780272493,0.0688870680783358
-262.200405437393,-274.1768270952,3.36732315466082,-5.886574564161,12.2998982791901,4.21868085873965,0.130523294858821,2.17892780272493,0.0688870680783358
-262.170680532914,-274.121904496594,3.33759825018226,-6.422972071866,12.0385552768707,4.21868085873965,0.130523294858821,2.17892780272493,0.0688870680783358
-262.159751062226,-274.068477863644,3.326668779494,-6.30302633085256,12.0385552768707,4.21868085873965,0.130523294858821,2.17892780272493,0.0688870680783358
-262.145976779575,-274.018239019263,3.31289449684297,-6.59286098621103,12.0385552768707,4.21868085873965,0.130523294858821,2.17892780272493,0.0688870680783358
-262.132230147323,-273.970188448138,3.29914786459129,-6.25958292594207,11.7808171634674,4.21868085873965,0.130523294858821,2.17892780272493,0.0688870680783358
-262.122539543962,-273.924815929545,3.28945726122964,-5.82834223390503,11.7808171634674,4.21868085873965,0.130523294858821,2.17892780272493,0.0688870680783358
-262.106870724871,-273.882520381685,3.27378844213899,-5.78728802790329,11.7808171634674,4.21868085873965,0.130523294858821,2.17892780272493,0.0688870680783358
-262.100839490669,-273.84288193063,3.26775720793654,-6.27989886996223,11.7808171634674,4.21868085873965,0.130523294858821,2.17892780272493,0.0688870680783358
-262.084473606447,-273.806511656545,3.25139132371499,-6.10086908142012,11.567611825943,4.21868085873965,0.130523294858821,2.17892780272493,0.0688870680783358
-262.074306001352,-273.773128357014,3.24122371862018,-6.06847794706069,11.567611825943,4.21868085873965,0.130523294858821,2.17892780272493,0.0688870680783358
-262.064985468543,-273.743190879022,3.23190318581079,-5.87716021282064,11.567611825943,4.21868085873965,0.130523294858821,2.17892780272493,0.0688870680783358
-262.06016762025,-273.716803551326,3.2270853375177,-5.40331744705073,11.4016991977692,4.21868085873965,0.130523294858821,2.17892780272493,0.0688870680783358
-262.046543019427,-273.693436713236,3.21346073669465,-5.18960379347708,11.4016991977692,4.21868085873965,0.130523294858821,2.17892780272493,0.0688870680783358
-262.039677613687,-273.674221807534,3.2065953309553,-4.67887464110408,11.4016991977692,4.21868085873965,0.130523294858821,2.17892780272493,0.0688870680783358
-262.018437164378,-273.658437884785,3.18535488164573,-5.53791470471684,11.4016991977692,4.21868085873965,0.130523294858821,2.17892780272493,0.0688870680783358
-262.003844742776,-273.646456808111,3.17076246004389,-5.25688195622478,11.2861577396393,4.21868085873965,0.130523294858821,2.17892780272493,0.0688870680783358
-262.005449053203,-273.638165808177,3.172366770471,-5.20113301543948,11.2861577396393,4.21868085873965,0.130523294858821,2.17892780272493,0.0688870680783358
-262.000455619075,-273.634202872053,3.16737333634332,-5.30857021748382,11.2861577396393,4.21868085873965,0.130523294858821,2.17892780272493,0.0688870680783358
-261.994537171581,-273.634166508117,3.16145488884861,-4.44986570859267,11.241985452652,4.21868085873965,0.130523294858821,2.17892780272493,0.0688870680783358
-261.990513160471,-273.638155755085,3.15743087773857,-3.84079537721117,11.241985452652,4.21868085873965,0.130523294858821,2.17892780272493,0.0688870680783358
-261.9680957283,-273.646482026713,3.13501344556844,-3.78175295731967,11.241985452652,4.21868085873965,0.130523294858821,2.17892780272493,0.0688870680783358
-261.95192759223,-273.65879473906,3.11884530949808,-3.16684588390416,11.2410928134918,4.21868085873965,0.130523294858821,2.17892780272493,0.0688870680783358
-261.964455940575,-273.675748693654,3.13137365784311,-2.92283194726306,11.2410928134918,4.21868085873965,0.130523294858821,2.17892780272493,0.0688870680783358
-261.950262687563,-273.696498126078,3.11718040483089,-2.35294947181989,11.2410928134918,4.21868085873965,0.130523294858821,2.17892780272493,0.0688870680783358
-261.93415009108,-273.722061755232,3.10106780834835,-2.21651905285008,11.2410928134918,4.21868085873965,0.130523294858821,2.17892780272493,0.0688870680783358
-261.949154768298,-273.751791863665,3.11607248556595,-1.92976345316215,11.3597890262604,4.21868085873965,0.130523294858821,2.17892780272493,0.0688870680783358
-261.929520043919,-273.785989578633,3.09643776118695,-1.22618036113448,11.3597890262604,4.21868085873965,0.130523294858821,2.17892780272493,0.0688870680783358
-261.926492655954,-273.82450748165,3.09341037322153,-0.498381978468423,11.3597890262604,4.21868085873965,0.130523294858821,2.17892780272493,0.0688870680783358
-261.936853083236,-273.867583601827,3.10377080050356,0.244147170332836,11.6177293186188,4.21868085873965,0.130523294858821,2.17892780272493,0.0688870680783358
-261.946959128502,-273.914959590624,3.11387684576997,-0.0546761009734323,11.6177293186188,4.21868085873965,0.130523294858821,2.17892780272493,0.0688870680783358
-261.950515678732,-273.9671141706,3.11743339600018,-0.260485557350905,11.6177293186188,4.21868085873965,0.130523294858821,2.17892780272493,0.0688870680783358
-261.952107729395,-274.022810976262,3.11902544666282,1.02828339362672,11.8265363101959,4.21868085873965,0.130523294858821,2.17892780272493,0.0688870680783358
-261.950492854791,-274.084307410385,3.11741057205916,2.36246264270584,11.8265363101959,4.21868085873965,0.130523294858821,2.17892780272493,0.0688870680783358
-261.954453686126,-274.149030337534,3.12137140339408,4.04463441185525,11.8265363101959,4.21868085873965,0.130523294858821,2.17892780272493,0.0688870680783358
-261.955696378028,-274.218896651522,3.12261409529635,4.46235396112206,11.8265363101959,4.21868085873965,0.130523294858821,2.17892780272493,0.0688870680783358
-261.976381162271,-274.292451711641,3.14329887953851,4.81442535433919,12.1793195133209,4.21868085873965,0.130523294858821,2.17892780272493,0.0688870680783358
-261.976581249144,-274.37059572296,3.14349896641181,5.81409141259333,12.1793195133209,4.21868085873965,0.130523294858821,2.17892780272493,0.0688870680783358
-261.989444419417,-274.454264597199,3.15636213668463,6.7480222260424,12.1793195133209,4.21868085873965,0.130523294858821,2.17892780272493,0.0688870680783358
-262.000694999103,-274.539366116033,3.16761271637095,7.09582065933477,12.4153729801178,4.21868085873965,0.130523294858821,2.17892780272493,0.0688870680783358
-262.009731467568,-274.630135635811,3.17664918483634,6.47818078153461,12.4153729801178,4.21868085873965,0.130523294858821,2.17892780272493,0.0688870680783358
-262.022511780038,-274.725649888189,3.18942949730638,5.83466670131518,12.4153729801178,4.21868085873965,0.130523294858821,2.17892780272493,0.0688870680783358
-262.037970477817,-274.822824676881,3.2048881950848,5.36834736102621,12.4153729801178,4.21868085873965,0.130523294858821,2.17892780272493,0.0688870680783358
-262.046930407517,-274.926265162998,3.21384812478531,6.00199788251697,12.6531220798492,4.21868085873965,0.130523294858821,2.17892780272493,0.0688870680783358
-262.049224946472,-275.030301649655,3.21614266373998,6.30079425489427,12.6531220798492,4.21868085873965,0.130523294858821,2.17892780272493,0.0688870680783358
-262.057356845126,-275.139878798609,3.22427456239416,5.73241720903474,12.6531220798492,4.21868085873965,0.130523294858821,2.17892780272493,0.0688870680783358
-262.072541051805,-275.253617517278,3.23945876907344,5.38678817067,12.8935319309235,4.21868085873965,0.130523294858821,2.17892780272493,0.0688870680783358
-262.094459051999,-275.370161762051,3.26137676926674,5.49802272676673,12.8935319309235,4.21868085873965,0.130523294858821,2.17892780272493,0.0688870680783358
-262.100335398932,-275.488510895303,3.26725311619969,5.42492146475314,12.8935319309235,4.21868085873965,0.130523294858821,2.17892780272493,0.0688870680783358
-262.100046171726,-275.61086589568,3.26696388899389,4.68791913818104,13.0846291904449,4.21868085873965,0.130523294858821,2.17892780272493,0.0688870680783358
-262.115942184258,-275.736675745152,3.28285990152649,4.99672352879964,13.0846291904449,4.21868085873965,0.130523294858821,2.17892780272493,0.0688870680783358
-262.131041695244,-275.865691491031,3.29795941251243,5.55532842792832,13.0846291904449,4.21868085873965,0.130523294858821,2.17892780272493,0.0688870680783358
-262.133868343598,-275.995892165347,3.30078606086626,5.29613527251881,13.367977273941,4.21868085873965,0.130523294858821,2.17892780272493,0.0688870680783358
-262.134272336679,-276.130783860211,3.30119005394669,5.089383700482,13.367977273941,4.21868085873965,0.130523294858821,2.17892780272493,0.0688870680783358
-262.153516344248,-276.265713552229,3.32043406151644,5.55656268216042,13.367977273941,4.21868085873965,0.130523294858821,2.17892780272493,0.0688870680783358
-262.154002756043,-276.404388280882,3.3209204733114,6.15396197744735,13.7673055057526,4.21868085873965,0.130523294858821,2.17892780272493,0.0688870680783358
-262.174153709453,-276.544809446926,3.34107142672108,5.63724314210355,13.7673055057526,4.21868085873965,0.130523294858821,2.17892780272493,0.0688870680783358
-262.171504731846,-276.686128532533,3.3384224491142,5.52047562527689,13.7673055057526,4.21868085873965,0.130523294858821,2.17892780272493,0.0688870680783358
-262.189638413285,-276.830533948457,3.35655613055347,6.05684398769453,13.7673055057526,4.21868085873965,0.130523294858821,2.17892780272493,0.0688870680783358
-262.202415857441,-276.976431119342,3.36933357470931,6.98764969732595,14.2823392276764,4.21868085873965,0.130523294858821,2.17892780272493,0.0688870680783358
-262.213383892471,-277.122934549031,3.3803016097394,7.81127892155848,14.2823392276764,4.21868085873965,0.130523294858821,2.17892780272493,0.0688870680783358
-262.223807131668,-277.271151897691,3.39072484893577,8.01060259491075,14.2823392276764,4.21868085873965,0.130523294858821,2.17892780272493,0.0688870680783358
-262.24189466989,-277.419592821548,3.40881238715751,7.87119587801054,14.8223019962311,4.21868085873965,0.130523294858821,2.17892780272493,0.0688870680783358
-262.247732266808,-277.569506028854,3.41464998407648,7.96747684640619,14.8223019962311,4.21868085873965,0.130523294858821,2.17892780272493,0.0688870680783358
-262.271609086922,-277.719886996873,3.43852680418982,9.11162686549178,14.8223019962311,4.21868085873965,0.130523294858821,2.17892780272493,0.0688870680783358
-262.282525739273,-277.869233094234,3.44944345654075,9.17487539799292,14.8223019962311,4.21868085873965,0.130523294858821,2.17892780272493,0.0688870680783358
-262.30426011768,-278.020711639396,3.47117783494788,9.8523235786317,15.3865300540924,4.21868085873965,0.130523294858821,2.17892780272493,0.0688870680783358
-262.326451225904,-278.174619026764,3.49336894317187,10.3509429204281,15.3865300540924,4.21868085873965,0.130523294858821,2.17892780272493,0.0688870680783358
-262.34240379258,-278.324651276594,3.50932150984845,10.1608495173977,15.3865300540924,4.21868085873965,0.130523294858821,2.17892780272493,0.0688870680783358
-262.35673323373,-278.472088372681,3.52365095099849,10.3458236370208,15.9296437625885,4.21868085873965,0.130523294858821,2.17892780272493,0.0688870680783358
-262.38820444975,-278.62173926667,3.55512216701792,11.5804231459131,15.9296437625885,4.21868085873965,0.130523294858821,2.17892780272493,0.0688870680783358
-262.407773509145,-278.770954681096,3.57469122641269,12.0904304071158,15.9296437625885,4.21868085873965,0.130523294858821,2.17892780272493,0.0688870680783358
-262.432962609055,-278.918451349806,3.59988032632291,11.6654300140722,16.4268599872589,4.21868085873965,0.130523294858821,2.17892780272493,0.0688870680783358
-262.441000062192,-279.066800716369,3.60791777946018,11.5057543567756,16.4268599872589,4.21868085873965,0.130523294858821,2.17892780272493,0.0688870680783358
-262.47629363792,-279.211187977057,3.64321135518797,11.8402862713946,16.4268599872589,4.21868085873965,0.130523294858821,2.17892780272493,0.0688870680783358
-262.500268667947,-279.355392131336,3.66718638521452,11.5917678247895,16.4268599872589,4.21868085873965,0.130523294858821,2.17892780272493,0.0688870680783358
-262.50567708915,-279.498366517344,3.67259480641796,11.9454681184502,16.9234687213898,4.21868085873965,0.130523294858821,2.17892780272493,0.0688870680783358
-262.546722157852,-279.639019691997,3.7136398751203,12.534441843802,16.9234687213898,4.21868085873965,0.130523294858821,2.17892780272493,0.0688870680783358
-262.566517765503,-279.777659586874,3.73343548277089,11.459246507425,16.9234687213898,4.21868085873965,0.130523294858821,2.17892780272493,0.0688870680783358
-262.587663845933,-279.913796692663,3.75458156320108,10.9999533258859,17.4202796344757,4.21868085873965,0.130523294858821,2.17892780272493,0.0688870680783358
-262.611525258201,-280.047602701661,3.7784429754687,10.7271788355118,17.4202796344757,4.21868085873965,0.130523294858821,2.17892780272493,0.0688870680783358
-262.636594332103,-280.180397560885,3.80351204937124,11.5675835327528,17.4202796344757,4.21868085873965,0.130523294858821,2.17892780272493,0.0688870680783358
-262.640047208447,-280.309014038144,3.80696492571503,11.0526400123907,17.8684455280304,4.21868085873965,0.130523294858821,2.17892780272493,0.0688870680783358
-262.64991848775,-280.435735397703,3.8168362050181,9.93619288175131,17.8684455280304,4.21868085873965,0.130523294858821,2.17892780272493,0.0688870680783358
-262.681551711412,-280.557959147339,3.84846942868,10.5962143482366,17.8684455280304,4.21868085873965,0.130523294858821,2.17892780272493,0.0688870680783358
-262.70223971752,-280.678960305889,3.86915743478777,11.6148136514251,17.8684455280304,4.21868085873965,0.130523294858821,2.17892780272493,0.0688870680783358
-262.72130603515,-280.795818997363,3.88822375241771,10.0670401539078,18.3185988788605,4.21868085873965,0.130523294858821,2.17892780272493,0.0688870680783358
-262.749788640572,-280.909592741087,3.91670635784014,10.0475484492167,18.3185988788605,4.21868085873965,0.130523294858821,2.17892780272493,0.0688870680783358
-262.76414776991,-281.020448555644,3.93106548717848,9.89999967849899,18.3185988788605,4.21868085873965,0.130523294858821,2.17892780272493,0.0688870680783358
-262.777778708744,-281.126454456797,3.94469642601208,9.49597248295407,18.743582857132,4.21868085873965,0.130523294858821,2.17892780272493,0.0688870680783358
-262.791201413185,-281.229211528477,3.95811913045263,9.27223379916847,18.743582857132,4.21868085873965,0.130523294858821,2.17892780272493,0.0688870680783358
-262.812316054263,-281.329074934318,3.97923377153103,9.58881025345507,18.743582857132,4.21868085873965,0.130523294858821,2.17892780272493,0.0688870680783358
-262.823620479681,-281.423964119183,3.99053819694906,9.43032719092958,19.0717765216827,4.21868085873965,0.130523294858821,2.17892780272493,0.0688870680783358
-262.854910200408,-281.515777892089,4.02182791767619,9.39963047258871,19.0717765216827,4.21868085873965,0.130523294858821,2.17892780272493,0.0688870680783358
-262.866269435114,-281.602479666605,4.03318715238171,9.22045210432701,19.0717765216827,4.21868085873965,0.130523294858821,2.17892780272493,0.0688870680783358
-262.881373841334,-281.685972860506,4.04829155860154,9.24442313335076,19.0717765216827,4.21868085873965,0.130523294858821,2.17892780272493,0.0688870680783358
-262.893609589913,-281.765188843912,4.06052730718087,8.40277562529367,19.3803893451691,4.21868085873965,0.130523294858821,2.17892780272493,0.0688870680783358
-262.920179550754,-281.839923104341,4.08709726802164,8.43213095565626,19.3803893451691,4.21868085873965,0.130523294858821,2.17892780272493,0.0688870680783358
-262.931751382184,-281.91087912865,4.09866909945167,8.5716254652492,19.3803893451691,4.21868085873965,0.130523294858821,2.17892780272493,0.0688870680783358
-262.954992425391,-281.976131037205,4.12191014265861,7.54343803171924,19.6638671283722,4.21868085873965,0.130523294858821,2.17892780272493,0.0688870680783358
-262.965369542746,-282.038097400973,4.1322872600143,7.03382440195711,19.6638671283722,4.21868085873965,0.130523294858821,2.17892780272493,0.0688870680783358
-262.979834786914,-282.095455777847,4.14675250418239,6.69882016055159,19.6638671283722,4.21868085873965,0.130523294858821,2.17892780272493,0.0688870680783358
-263.000107010985,-282.148342437244,4.16702472825348,6.44223020900324,19.8520270709991,4.21868085873965,0.130523294858821,2.17892780272493,0.0688870680783358
-262.992708023647,-282.197214227003,4.15962574091461,6.67918368723967,19.8520270709991,4.21868085873965,0.130523294858821,2.17892780272493,0.0688870680783358
-263.029718273428,-282.241052977136,4.1966359906957,6.69376378522001,19.8520270709991,4.21868085873965,0.130523294858821,2.17892780272493,0.0688870680783358
-263.022089296636,-282.280698020064,4.18900701390407,6.89702490708705,20.0173522357941,4.21868085873965,0.130523294858821,2.17892780272493,0.0688870680783358
-263.031564723613,-282.315831747155,4.19848244088145,5.88191194258359,20.0173522357941,4.21868085873965,0.130523294858821,2.17892780272493,0.0688870680783358
-263.053587230484,-282.346789274784,4.22050494775172,5.3742716952886,20.0173522357941,4.21868085873965,0.130523294858821,2.17892780272493,0.0688870680783358
-263.063040880233,-282.37289483489,4.22995859750086,5.58546391855099,20.0173522357941,4.21868085873965,0.130523294858821,2.17892780272493,0.0688870680783358
-263.069572964083,-282.394862690188,4.23649068135101,4.23247158268333,20.0181533222198,4.21868085873965,0.130523294858821,2.17892780272493,0.0688870680783358
-263.081245751355,-282.41258929195,4.2481634686225,3.46359087257185,20.0181533222198,4.21868085873965,0.130523294858821,2.17892780272493,0.0688870680783358
-263.08418844773,-282.426009427462,4.25110616499763,3.42110604813165,20.0181533222198,4.21868085873965,0.130523294858821,2.17892780272493,0.0688870680783358
-263.089086150628,-282.435079752223,4.25600386789615,3.31391964809966,19.9009810810089,4.21868085873965,0.130523294858821,2.17892780272493,0.0688870680783358
-263.098071926457,-282.440048872799,4.26498964372529,3.1536005282984,19.9009810810089,4.21868085873965,0.130523294858821,2.17892780272493,0.0688870680783358
-263.115691218029,-282.440865323693,4.28260893529736,3.02393990276064,19.9009810810089,4.21868085873965,0.130523294858821,2.17892780272493,0.0688870680783358
-263.094995578021,-282.437633979832,4.26191329528869,1.97108942514822,19.9009810810089,4.21868085873965,0.130523294858821,2.17892780272493,0.0688870680783358
-263.113092948648,-282.430408105665,4.28001066591577,0.148542389899715,19.6186515216827,4.21868085873965,0.130523294858821,2.17892780272493,0.0688870680783358
-263.107566826176,-282.419059709163,4.27448454344365,-0.152865420195613,19.6186515216827,4.21868085873965,0.130523294858821,2.17892780272493,0.0688870680783358
-263.105495769704,-282.404116206418,4.2724134869716,-0.689318803755452,19.6186515216827,4.21868085873965,0.130523294858821,2.17892780272493,0.0688870680783358
-263.11063162578,-282.385735140879,4.27754934304775,-0.86820739735627,19.2883025531769,4.21868085873965,0.130523294858821,2.17892780272493,0.0688870680783358
-263.105699741637,-282.363550571295,4.27261745890512,-1.96908300495035,19.2883025531769,4.21868085873965,0.130523294858821,2.17892780272493,0.0688870680783358
-263.098028113067,-282.337719293501,4.26494583033454,-4.10269384576498,19.2883025531769,4.21868085873965,0.130523294858821,2.17892780272493,0.0688870680783358
-263.087274119841,-282.308625921426,4.25419183710896,-4.84738672380922,18.9147635822296,4.21868085873965,0.130523294858821,2.17892780272493,0.0688870680783358
-263.083483579054,-282.276059006562,4.25040129632165,-4.75800590862071,18.9147635822296,4.21868085873965,0.130523294858821,2.17892780272493,0.0688870680783358
-263.078788007075,-282.24043793766,4.24570572434341,-5.32411758007307,18.9147635822296,4.21868085873965,0.130523294858821,2.17892780272493,0.0688870680783358
-263.065227432344,-282.201465112449,4.23214514961251,-6.29083170040336,18.9147635822296,4.21868085873965,0.130523294858821,2.17892780272493,0.0688870680783358
-263.054543218353,-282.159562698715,4.22146093562109,-6.87240737322399,18.6087104206085,4.21868085873965,0.130523294858821,2.17892780272493,0.0688870680783358
-263.029531437849,-282.114991863536,4.1964491551168,-6.53874313488466,18.6087104206085,4.21868085873965,0.130523294858821,2.17892780272493,0.0688870680783358
-263.025959897462,-282.067637907065,4.19287761473036,-5.82757998434156,18.6087104206085,4.21868085873965,0.130523294858821,2.17892780272493,0.0688870680783358
-263.027721728303,-282.017835049072,4.19463944557091,-5.61917549897599,18.3947364215851,4.21868085873965,0.130523294858821,2.17892780272493,0.0688870680783358
-263.002681146412,-281.965379753378,4.16959886367962,-5.25354466433444,18.3947364215851,4.21868085873965,0.130523294858821,2.17892780272493,0.0688870680783358
-263.003638099083,-281.910274415654,4.17055581635123,-5.46314479250215,18.3947364215851,4.21868085873965,0.130523294858821,2.17892780272493,0.0688870680783358
-262.984289825217,-281.853507113065,4.15120754248482,-4.63015214291379,18.3417884235382,4.21868085873965,0.130523294858821,2.17892780272493,0.0688870680783358
-262.969893904483,-281.793966807008,4.13681162175067,-4.41126883218005,18.3417884235382,4.21868085873965,0.130523294858821,2.17892780272493,0.0688870680783358
-262.973484777722,-281.733453228475,4.14040249498998,-4.76577776189277,18.3417884235382,4.21868085873965,0.130523294858821,2.17892780272493,0.0688870680783358
-262.957661767288,-281.670430439235,4.12457948455602,-4.49740644711165,18.3417884235382,4.21868085873965,0.130523294858821,2.17892780272493,0.0688870680783358
-262.948491811407,-281.605875163345,4.1154095286749,-3.84440419756278,18.3114196186066,4.21868085873965,0.130523294858821,2.17892780272493,0.0688870680783358
-262.943622456202,-281.539850642846,4.11054017346973,-3.44966681636357,18.3114196186066,4.21868085873965,0.130523294858821,2.17892780272493,0.0688870680783358
-262.940444564873,-281.471963185558,4.10736228214104,-3.41844947666274,18.3114196186066,4.21868085873965,0.130523294858821,2.17892780272493,0.0688870680783358
-262.929154862758,-281.402689881017,4.09607258002637,-2.76796733250115,18.2871619586945,4.21868085873965,0.130523294858821,2.17892780272493,0.0688870680783358
-262.928663081669,-281.333183738585,4.09558079893674,-2.49963939311755,18.2871619586945,4.21868085873965,0.130523294858821,2.17892780272493,0.0688870680783358
-262.9132147117,-281.261870870418,4.08013242896776,-2.29054138308831,18.2871619586945,4.21868085873965,0.130523294858821,2.17892780272493,0.0688870680783358
-262.923473412426,-281.189967368157,4.09039112969356,-1.48934490137056,18.1683417682648,4.21868085873965,0.130523294858821,2.17892780272493,0.0688870680783358
-262.9190927207,-281.116410019859,4.08601043796786,-1.4071988413177,18.1683417682648,4.21868085873965,0.130523294858821,2.17892780272493,0.0688870680783358
-262.909423584743,-281.043461676973,4.07634130201079,-1.60466361210657,18.1683417682648,4.21868085873965,0.130523294858821,2.17892780272493,0.0688870680783358
-262.918853347141,-280.969273781602,4.08577106440944,-1.99726561286084,18.1683417682648,4.21868085873965,0.130523294858821,2.17892780272493,0.0688870680783358
-262.916622975173,-280.894561001578,4.08354069244093,-1.37411322304321,18.0053283100128,4.21868085873965,0.130523294858821,2.17892780272493,0.0688870680783358
-262.9175704793,-280.819683500242,4.0844881965682,-0.76131395935095,18.0053283100128,4.21868085873965,0.130523294858821,2.17892780272493,0.0688870680783358
-262.904526170506,-280.744363789593,4.07144388777397,-1.38565928079464,18.0053283100128,4.21868085873965,0.130523294858821,2.17892780272493,0.0688870680783358
-262.911018742602,-280.669009291902,4.07793645987009,-1.05139320728768,17.7695037250519,4.21868085873965,0.130523294858821,2.17892780272493,0.0688870680783358
-262.908112631297,-280.593899214515,4.07503034856527,-0.95014880605905,17.7695037250519,4.21868085873965,0.130523294858821,2.17892780272493,0.0688870680783358
-262.906831660599,-280.518265872676,4.07374937786714,-1.50710933157232,17.7695037250519,4.21868085873965,0.130523294858821,2.17892780272493,0.0688870680783358
-262.915123287888,-280.443349218343,4.08204100515652,-2.00940486565913,17.4870978717804,4.21868085873965,0.130523294858821,2.17892780272493,0.0688870680783358
-262.897382187682,-280.367205517037,4.06429990495027,-3.10757006148296,17.4870978717804,4.21868085873965,0.130523294858821,2.17892780272493,0.0688870680783358
-262.893286240814,-280.293318722047,4.0602039580821,-2.62833219158228,17.4870978717804,4.21868085873965,0.130523294858821,2.17892780272493,0.0688870680783358
-262.891599523507,-280.219264588203,4.05851724077494,-2.45642637392302,17.2512122516632,4.21868085873965,0.130523294858821,2.17892780272493,0.0688870680783358
-262.882465925944,-280.144852279567,4.0493836432115,-2.82288740352029,17.2512122516632,4.21868085873965,0.130523294858821,2.17892780272493,0.0688870680783358
-262.873583514283,-280.071402858952,4.04050123155125,-3.59478957110503,17.2512122516632,4.21868085873965,0.130523294858821,2.17892780272493,0.0688870680783358
-262.86473183652,-279.998365281595,4.03164955378849,-3.86157850193622,17.2512122516632,4.21868085873965,0.130523294858821,2.17892780272493,0.0688870680783358
-262.860871890916,-279.927161164667,4.0277896081839,-3.87740870174818,17.0864211444855,4.21868085873965,0.130523294858821,2.17892780272493,0.0688870680783358
-262.854417526231,-279.85602220375,4.02133524349901,-3.76787649494489,17.0864211444855,4.21868085873965,0.130523294858821,2.17892780272493,0.0688870680783358
-262.840326740551,-279.784996827435,4.00724445781864,-4.08914531562154,17.0864211444855,4.21868085873965,0.130523294858821,2.17892780272493,0.0688870680783358
-262.832561899114,-279.715604084634,3.99947961638197,-4.29219645936289,16.8753425006866,4.21868085873965,0.130523294858821,2.17892780272493,0.0688870680783358
-262.829166423548,-279.646093123367,3.99608414081576,-4.25316735507213,16.8753425006866,4.21868085873965,0.130523294858821,2.17892780272493,0.0688870680783358
-262.826088702864,-279.578224554603,3.99300642013212,-4.4526822783835,16.8753425006866,4.21868085873965,0.130523294858821,2.17892780272493,0.0688870680783358
-262.803091133329,-279.511460467245,3.97000885059662,-4.35721801331974,16.8753425006866,4.21868085873965,0.130523294858821,2.17892780272493,0.0688870680783358
-262.794333022789,-279.44491605397,3.96125074005688,-4.2285526782644,16.6636496906281,4.21868085873965,0.130523294858821,2.17892780272493,0.0688870680783358
-262.796423668428,-279.379168834238,3.96334138569626,-3.99035687593917,16.6636496906281,4.21868085873965,0.130523294858821,2.17892780272493,0.0688870680783358
-262.792051588234,-279.312227053592,3.9589693055021,-4.08071619436801,16.6636496906281,4.21868085873965,0.130523294858821,2.17892780272493,0.0688870680783358
-262.767014561462,-279.250777681155,3.93393227873007,-4.16527460379226,16.476752412796,4.21868085873965,0.130523294858821,2.17892780272493,0.0688870680783358
-262.77827162938,-279.188841917678,3.94518934664823,-4.05219886349095,16.476752412796,4.21868085873965,0.130523294858821,2.17892780272493,0.0688870680783358
-262.75828971169,-279.126460586455,3.92520742895824,-4.02962030060765,16.476752412796,4.21868085873965,0.130523294858821,2.17892780272493,0.0688870680783358
-262.750145972765,-279.066368347186,3.91706369003264,-3.41547011897478,16.3341056232452,4.21868085873965,0.130523294858821,2.17892780272493,0.0688870680783358
-262.75222518145,-279.006250573076,3.91914289871803,-3.85900572832994,16.3341056232452,4.21868085873965,0.130523294858821,2.17892780272493,0.0688870680783358
-262.744806294841,-278.947302610394,3.91172401210893,-4.10145335367697,16.3341056232452,4.21868085873965,0.130523294858821,2.17892780272493,0.0688870680783358
-262.739110290794,-278.88903479149,3.90602800806167,-3.62713099093016,16.3341056232452,4.21868085873965,0.130523294858821,2.17892780272493,0.0688870680783358
-262.734821184524,-278.831733018928,3.90173890179224,-3.80635509139093,16.1703597431183,4.21868085873965,0.130523294858821,2.17892780272493,0.0688870680783358
-262.721425130271,-278.774939048428,3.88834284753864,-3.89572191154732,16.1703597431183,4.21868085873965,0.130523294858821,2.17892780272493,0.0688870680783358
-262.712674375396,-278.719527642163,3.87959209266397,-4.37036715624404,16.1703597431183,4.21868085873965,0.130523294858821,2.17892780272493,0.0688870680783358
-262.708306976502,-278.664119763562,3.87522469377033,-3.7756228321056,15.9813901309967,4.21868085873965,0.130523294858821,2.17892780272493,0.0688870680783358
-262.69776417674,-278.610490298252,3.86468189400774,-3.83053316089884,15.9813901309967,4.21868085873965,0.130523294858821,2.17892780272493,0.0688870680783358
-262.686152424007,-278.556500143559,3.85307014127517,-4.09387242874178,15.9813901309967,4.21868085873965,0.130523294858821,2.17892780272493,0.0688870680783358
-262.67808459646,-278.503532658091,3.84500231372847,-3.98258012257342,15.8383103733063,4.21868085873965,0.130523294858821,2.17892780272493,0.0688870680783358
-262.670115937019,-278.449902721878,3.83703365428673,-4.07640792447804,15.8383103733063,4.21868085873965,0.130523294858821,2.17892780272493,0.0688870680783358
-262.666561317022,-278.398852367243,3.83347903428993,-4.03000852274202,15.8383103733063,4.21868085873965,0.130523294858821,2.17892780272493,0.0688870680783358
-262.648369968511,-278.347012175283,3.81528768577943,-4.3012592324268,15.8383103733063,4.21868085873965,0.130523294858821,2.17892780272493,0.0688870680783358
-262.648849791347,-278.295515820479,3.81576750861506,-3.79983467521918,15.6961709384918,4.21868085873965,0.130523294858821,2.17892780272493,0.0688870680783358
-262.643269798615,-278.244752245033,3.81018751588336,-4.02208447059297,15.6961709384918,4.21868085873965,0.130523294858821,2.17892780272493,0.0688870680783358
-262.62645202832,-278.194075829249,3.79336974558769,-3.93395009854261,15.6961709384918,4.21868085873965,0.130523294858821,2.17892780272493,0.0688870680783358
-262.622919738667,-278.143613491257,3.7898374559352,-3.85209667951633,15.5556622867584,4.21868085873965,0.130523294858821,2.17892780272493,0.0688870680783358
-262.61788649656,-278.093272640734,3.78480421382815,-3.69983538168117,15.5556622867584,4.21868085873965,0.130523294858821,2.17892780272493,0.0688870680783358
-262.614393440472,-278.043086159966,3.7813111577405,-3.48239326539592,15.5556622867584,4.21868085873965,0.130523294858821,2.17892780272493,0.0688870680783358
-262.603096962647,-277.992882883479,3.77001467991495,-3.53284820654073,15.3667642002106,4.21868085873965,0.130523294858821,2.17892780272493,0.0688870680783358
-262.594570160453,-277.942539538967,3.76148787772129,-3.44792251436509,15.3667642002106,4.21868085873965,0.130523294858821,2.17892780272493,0.0688870680783358
-262.585268104261,-277.892052671871,3.75218582152925,-3.7274490853625,15.3667642002106,4.21868085873965,0.130523294858821,2.17892780272493,0.0688870680783358
-262.591455464601,-277.841468136392,3.75837318186878,-3.69994681378892,15.3667642002106,4.21868085873965,0.130523294858821,2.17892780272493,0.0688870680783358
-262.576801752363,-277.79053069159,3.74371946963131,-3.6695283305991,15.2475625400543,4.21868085873965,0.130523294858821,2.17892780272493,0.0688870680783358
-262.568124192489,-277.739532617895,3.73504190975693,-3.4037461809049,15.2475625400543,4.21868085873965,0.130523294858821,2.17892780272493,0.0688870680783358
-262.560286096664,-277.687907923068,3.72720381393221,-3.46740933396207,15.2475625400543,4.21868085873965,0.130523294858821,2.17892780272493,0.0688870680783358
-262.565993258786,-277.635716926804,3.73291097605427,-2.93914992236853,15.0590230350494,4.21868085873965,0.130523294858821,2.17892780272493,0.0688870680783358
-262.551860274534,-277.58328252557,3.71877799180215,-3.33289917118984,15.0590230350494,4.21868085873965,0.130523294858821,2.17892780272493,0.0688870680783358
-262.54233334033,-277.530386434618,3.70925105759773,-3.43439976522293,15.0590230350494,4.21868085873965,0.130523294858821,2.17892780272493,0.0688870680783358
-262.539972875902,-277.477031091792,3.7068905931702,-3.51296632021957,14.8726407413483,4.21868085873965,0.130523294858821,2.17892780272493,0.0688870680783358
-262.528218282067,-277.421573482911,3.69513599933458,-3.48824860869493,14.8726407413483,4.21868085873965,0.130523294858821,2.17892780272493,0.0688870680783358
-262.533491088021,-277.367005753199,3.70040880528888,-3.47535648756206,14.8726407413483,4.21868085873965,0.130523294858821,2.17892780272493,0.0688870680783358
-262.504971071885,-277.311178271621,3.67188878915337,-3.88764844346243,14.754358423233,4.21868085873965,0.130523294858821,2.17892780272493,0.0688870680783358
-262.517301371336,-277.254699330067,3.68421908860384,-3.55291767904898,14.754358423233,4.21868085873965,0.130523294858821,2.17892780272493,0.0688870680783358
-262.511505759219,-277.197798489513,3.678423476487,-3.61650974517751,14.754358423233,4.21868085873965,0.130523294858821,2.17892780272493,0.0688870680783358
-262.499905794014,-277.139631590482,3.66682351128217,-3.48739990928143,14.754358423233,4.21868085873965,0.130523294858821,2.17892780272493,0.0688870680783358
-262.491305686008,-277.080603337187,3.65822340327604,-3.5391784694976,14.5918237094879,4.21868085873965,0.130523294858821,2.17892780272493,0.0688870680783358
-262.496743852134,-277.021901742487,3.66366156940212,-3.52472393721065,14.5918237094879,4.21868085873965,0.130523294858821,2.17892780272493,0.0688870680783358
-262.480229711076,-276.961472450477,3.6471474283441,-3.25817047356716,14.5918237094879,4.21868085873965,0.130523294858821,2.17892780272493,0.0688870680783358
-262.477378432685,-276.900259815774,3.64429614995287,-3.14698683657412,14.427137506485,4.21868085873965,0.130523294858821,2.17892780272493,0.0688870680783358
-262.467270216667,-276.837839047118,3.63418793393483,-2.53411025471118,14.427137506485,4.21868085873965,0.130523294858821,2.17892780272493,0.0688870680783358
-262.459613964244,-276.773955425622,3.62653168151239,-3.75934488441173,14.427137506485,4.21868085873965,0.130523294858821,2.17892780272493,0.0688870680783358
-262.468963308105,-276.709982203316,3.63588102537277,-3.67485796259143,14.427137506485,4.21868085873965,0.130523294858821,2.17892780272493,0.0688870680783358
-262.459134986124,-276.644660119731,3.62605270339195,-3.53830770536842,14.261869562149,4.21868085873965,0.130523294858821,2.17892780272493,0.0688870680783358
-262.448350096762,-276.578774098857,3.61526781403027,-3.51479863544627,14.261869562149,4.21868085873965,0.130523294858821,2.17892780272493,0.0688870680783358
-262.436486914093,-276.508980454321,3.60340463136077,-3.68366687271277,14.261869562149,4.21868085873965,0.130523294858821,2.17892780272493,0.0688870680783358
-262.436993307725,-276.442486535702,3.60391102499313,-3.39337747867111,14.1434308414459,4.21868085873965,0.130523294858821,2.17892780272493,0.0688870680783358
-262.423127380872,-276.374880288002,3.59004509813987,-3.02365144864718,14.1434308414459,4.21868085873965,0.130523294858821,2.17892780272493,0.0688870680783358
-262.416547795862,-276.305219556624,3.58346551312966,-3.40006231108378,14.1434308414459,4.21868085873965,0.130523294858821,2.17892780272493,0.0688870680783358
-262.410511733538,-276.234838210523,3.57742945080564,-3.14080306729198,13.9787713413239,4.21868085873965,0.130523294858821,2.17892780272493,0.0688870680783358
-262.406351372489,-276.163761951097,3.57326908975686,-3.42582869291823,13.9787713413239,4.21868085873965,0.130523294858821,2.17892780272493,0.0688870680783358
-262.414410582392,-276.091994954231,3.58132829965974,-3.60304770609921,13.9787713413239,4.21868085873965,0.130523294858821,2.17892780272493,0.0688870680783358
-262.391259667947,-276.019240834169,3.55817738521497,-3.46951820082792,13.9787713413239,4.21868085873965,0.130523294858821,2.17892780272493,0.0688870680783358
-262.376931149161,-275.946002731968,3.54384886642878,-3.54238612987686,13.7890378360748,4.21868085873965,0.130523294858821,2.17892780272493,0.0688870680783358
-262.386947894178,-275.872626953581,3.55386561144605,-3.54406114813704,13.7890378360748,4.21868085873965,0.130523294858821,2.17892780272493,0.0688870680783358
-262.371695415441,-275.798247203085,3.53861313270937,-3.46217445410739,13.7890378360748,4.21868085873965,0.130523294858821,2.17892780272493,0.0688870680783358
-262.371271913918,-275.723736737181,3.53818963118568,-3.66607635866239,13.6016274814606,4.21868085873965,0.130523294858821,2.17892780272493,0.0688870680783358
-262.357833515831,-275.64871915889,3.52475123309942,-3.84538867188533,13.6016274814606,4.21868085873965,0.130523294858821,2.17892780272493,0.0688870680783358
-262.366657478855,-275.573156877775,3.53357519612324,-4.20258114914578,13.6016274814606,4.21868085873965,0.130523294858821,2.17892780272493,0.0688870680783358
-262.359347428719,-275.498302227998,3.52626514598664,-4.09772252863363,13.3887521152496,4.21868085873965,0.130523294858821,2.17892780272493,0.0688870680783358
-262.334178127059,-275.422440819439,3.50109584432667,-3.86567707887679,13.3887521152496,4.21868085873965,0.130523294858821,2.17892780272493,0.0688870680783358
-262.322663154305,-275.34740958661,3.48958087157286,-3.9018163346927,13.3887521152496,4.21868085873965,0.130523294858821,2.17892780272493,0.0688870680783358
-262.323448073154,-275.271905439194,3.49036579042183,-4.15695166110121,13.3887521152496,4.21868085873965,0.130523294858821,2.17892780272493,0.0688870680783358
-262.319402791219,-275.197008541502,3.48632050848657,-3.99189306608863,13.1295625095367,4.21868085873965,0.130523294858821,2.17892780272493,0.0688870680783358
-262.309017772295,-275.122509069289,3.47593548956249,-4.4972138331207,13.1295625095367,4.21868085873965,0.130523294858821,2.17892780272493,0.0688870680783358
-262.298023048132,-275.048002626884,3.46494076540005,-5.31720403023754,13.1295625095367,4.21868085873965,0.130523294858821,2.17892780272493,0.0688870680783358
-262.291719398658,-274.97442546791,3.45863711592631,-5.01649332814641,12.9406968479156,4.21868085873965,0.130523294858821,2.17892780272493,0.0688870680783358
-262.286102808029,-274.901406688847,3.45302052529722,-4.64889064449576,12.9406968479156,4.21868085873965,0.130523294858821,2.17892780272493,0.0688870680783358
-262.277544384141,-274.828785043781,3.44446210140897,-4.76762200250416,12.9406968479156,4.21868085873965,0.130523294858821,2.17892780272493,0.0688870680783358
-262.264128205962,-274.758006295932,3.43104592323046,-4.90721607754704,12.7509843235016,4.21868085873965,0.130523294858821,2.17892780272493,0.0688870680783358
-262.270778230365,-274.687264319286,3.43769594763293,-5.3081936119284,12.7509843235016,4.21868085873965,0.130523294858821,2.17892780272493,0.0688870680783358
-262.255586312384,-274.618374947704,3.42250402965205,-5.68098007093322,12.7509843235016,4.21868085873965,0.130523294858821,2.17892780272493,0.0688870680783358
-262.238520621812,-274.550361112961,3.40543833908025,-5.53112470854663,12.7509843235016,4.21868085873965,0.130523294858821,2.17892780272493,0.0688870680783358
-262.222219375498,-274.483939599132,3.38913709276578,-5.21126594917118,12.4925061588287,4.21868085873965,0.130523294858821,2.17892780272493,0.0688870680783358
-262.2152117065,-274.419043726135,3.38212942376775,-5.33749233282285,12.4925061588287,4.21868085873965,0.130523294858821,2.17892780272493,0.0688870680783358
-262.207689401896,-274.355692272571,3.37460711916387,-5.60001755502074,12.4925061588287,4.21868085873965,0.130523294858821,2.17892780272493,0.0688870680783358
-262.196309678971,-274.2943005425,3.36322739623862,-5.90816842432746,12.2324677829742,4.21868085873965,0.130523294858821,2.17892780272493,0.0688870680783358
-262.17991550995,-274.234558274397,3.34683322721779,-6.16763739212709,12.2324677829742,4.21868085873965,0.130523294858821,2.17892780272493,0.0688870680783358
-262.175861477962,-274.177049080903,3.34277919523018,-6.07578234680451,12.2324677829742,4.21868085873965,0.130523294858821,2.17892780272493,0.0688870680783358
-262.169042187228,-274.121872199924,3.33595990449626,-6.03170312781322,11.9952737216949,4.21868085873965,0.130523294858821,2.17892780272493,0.0688870680783358
-262.149155020241,-274.068416136609,3.31607273750889,-6.01495878903555,11.9952737216949,4.21868085873965,0.130523294858821,2.17892780272493,0.0688870680783358
-262.151760161675,-274.018239019263,3.31867787894274,-6.22658389819811,11.9952737216949,4.21868085873965,0.130523294858821,2.17892780272493,0.0688870680783358
-262.120242417575,-273.970177327839,3.28716013484315,-6.2844842991051,11.782814157486,4.21868085873965,0.130523294858821,2.17892780272493,0.0688870680783358
-262.12060615258,-273.924664274955,3.28752386984843,-5.53299300277428,11.782814157486,4.21868085873965,0.130523294858821,2.17892780272493,0.0688870680783358
-262.11686862713,-273.882461736815,3.28378634439791,-5.78330279255147,11.782814157486,4.21868085873965,0.130523294858821,2.17892780272493,0.0688870680783358
-262.094107216836,-273.842863819564,3.26102493410357,-5.88017615245189,11.782814157486,4.21868085873965,0.130523294858821,2.17892780272493,0.0688870680783358
-262.084852780463,-273.806574006687,3.25177049773101,-5.84347835672515,11.5724202518463,4.21868085873965,0.130523294858821,2.17892780272493,0.0688870680783358
-262.076644755761,-273.773267844229,3.24356247302943,-5.86585917017354,11.5724202518463,4.21868085873965,0.130523294858821,2.17892780272493,0.0688870680783358
-262.068869568446,-273.743167287678,3.23578728571428,-5.86667937080385,11.5724202518463,4.21868085873965,0.130523294858821,2.17892780272493,0.0688870680783358
-262.051221443849,-273.716705846962,3.21813916111652,-5.54945685799126,11.4295655612946,4.21868085873965,0.130523294858821,2.17892780272493,0.0688870680783358
-262.045161635179,-273.693621677178,3.21207935244722,-5.3895422131436,11.4295655612946,4.21868085873965,0.130523294858821,2.17892780272493,0.0688870680783358
-262.029453926968,-273.674236518471,3.1963716442362,-5.22864798286354,11.4295655612946,4.21868085873965,0.130523294858821,2.17892780272493,0.0688870680783358
-262.033254374015,-273.658459391135,3.20017209128315,-4.84387840896239,11.4295655612946,4.21868085873965,0.130523294858821,2.17892780272493,0.0688870680783358
-262.01444459322,-273.646453220617,3.18136231048805,-4.62086924397192,11.2907525424957,4.21868085873965,0.130523294858821,2.17892780272493,0.0688870680783358
-262.005499986217,-273.638400934904,3.17241770348514,-4.92370177844484,11.2907525424957,4.21868085873965,0.130523294858821,2.17892780272493,0.0688870680783358
-261.994165518346,-273.634213688931,3.16108323561387,-4.96436426866189,11.2907525424957,4.21868085873965,0.130523294858821,2.17892780272493,0.0688870680783358
-261.98536055933,-273.634210081373,3.15227827659798,-4.4012950005217,11.2215062503815,4.21868085873965,0.130523294858821,2.17892780272493,0.0688870680783358
-261.977186963986,-273.638150692827,3.14410468125431,-3.77521804703519,11.2215062503815,4.21868085873965,0.130523294858821,2.17892780272493,0.0688870680783358
-261.968132430594,-273.646391033377,3.13505014786214,-3.37427169899724,11.2215062503815,4.21868085873965,0.130523294858821,2.17892780272493,0.0688870680783358
-261.973074117498,-273.658760072937,3.13999183476588,-2.80517544269705,11.2904530887604,4.21868085873965,0.130523294858821,2.17892780272493,0.0688870680783358
-261.968845924611,-273.675429270301,3.13576364187879,-2.87692011026219,11.2904530887604,4.21868085873965,0.130523294858821,2.17892780272493,0.0688870680783358
-261.953931915931,-273.696478777438,3.12084963319909,-2.60639210945443,11.2904530887604,4.21868085873965,0.130523294858821,2.17892780272493,0.0688870680783358
-261.959087354696,-273.721762646328,3.12600507196392,-2.14774882425785,11.2904530887604,4.21868085873965,0.130523294858821,2.17892780272493,0.0688870680783358
-261.954788758726,-273.751612682045,3.12170647599425,-1.58990966699391,11.4551621799469,4.21868085873965,0.130523294858821,2.17892780272493,0.0688870680783358
-261.940782922735,-273.785785601208,3.1077006400026,-0.699510765677876,11.4551621799469,4.21868085873965,0.130523294858821,2.17892780272493,0.0688870680783358
-261.954760850952,-273.824570786255,3.12167856821977,-0.152740752433208,11.4551621799469,4.21868085873965,0.130523294858821,2.17892780272493,0.0688870680783358
-261.940866984953,-273.867556606001,3.10778470222139,0.114119327161487,11.6659356479645,4.21868085873965,0.130523294858821,2.17892780272493,0.0688870680783358
-261.951237966451,-273.914929952519,3.11815568371904,0.162542450726765,11.6659356479645,4.21868085873965,0.130523294858821,2.17892780272493,0.0688870680783358
-261.951491127711,-273.966881695718,3.11840884497921,0.0507213010575774,11.6659356479645,4.21868085873965,0.130523294858821,2.17892780272493,0.0688870680783358
-261.951777456744,-274.023020391834,3.11869517401242,1.18252705700562,11.9465028171539,4.21868085873965,0.130523294858821,2.17892780272493,0.0688870680783358
-261.954373368969,-274.08439002499,3.12129108623704,2.65222549778076,11.9465028171539,4.21868085873965,0.130523294858821,2.17892780272493,0.0688870680783358
-261.961199914852,-274.149110611606,3.12811763211995,3.8960161959654,11.9465028171539,4.21868085873965,0.130523294858821,2.17892780272493,0.0688870680783358
-261.969716056301,-274.218486527114,3.13663377356899,3.95589953421893,11.9465028171539,4.21868085873965,0.130523294858821,2.17892780272493,0.0688870680783358
-261.979384247732,-274.292478875137,3.14630196499993,4.76618886385874,12.2281438236237,4.21868085873965,0.130523294858821,2.17892780272493,0.0688870680783358
-261.982363813215,-274.370739115215,3.14928153048294,5.88164982780695,12.2281438236237,4.21868085873965,0.130523294858821,2.17892780272493,0.0688870680783358
-261.983957253968,-274.45298693102,3.15087497123612,6.46195311749488,12.2281438236237,4.21868085873965,0.130523294858821,2.17892780272493,0.0688870680783358
-261.997307795994,-274.539186855897,3.16422551326229,7.0344829148737,12.487362039566,4.21868085873965,0.130523294858821,2.17892780272493,0.0688870680783358
-262.020054791746,-274.629694621938,3.18697250901379,6.85402231309316,12.487362039566,4.21868085873965,0.130523294858821,2.17892780272493,0.0688870680783358
-262.02894070337,-274.724718458832,3.19585842063763,5.82620734733856,12.487362039566,4.21868085873965,0.130523294858821,2.17892780272493,0.0688870680783358
-262.043232028173,-274.822334574496,3.21014974544093,5.78820163419345,12.6563683872223,4.21868085873965,0.130523294858821,2.17892780272493,0.0688870680783358
-262.058150853979,-274.926314794898,3.22506857124699,5.54054055549172,12.6563683872223,4.21868085873965,0.130523294858821,2.17892780272493,0.0688870680783358
-262.058417719836,-275.030365827921,3.22533543710396,5.32958239912226,12.6563683872223,4.21868085873965,0.130523294858821,2.17892780272493,0.0688870680783358
-262.06785032382,-275.139865540408,3.23476804108774,5.30057774264794,12.6563683872223,4.21868085873965,0.130523294858821,2.17892780272493,0.0688870680783358
-262.082392038063,-275.253180123293,3.24930975533116,5.14618820359319,12.8480492954254,4.21868085873965,0.130523294858821,2.17892780272493,0.0688870680783358
-262.093378150989,-275.369613317384,3.26029586825743,5.32346919079466,12.8480492954254,4.21868085873965,0.130523294858821,2.17892780272493,0.0688870680783358
-262.104311770407,-275.489651633067,3.27122948767533,5.06847780659586,12.8480492954254,4.21868085873965,0.130523294858821,2.17892780272493,0.0688870680783358
-262.110942580786,-275.611265493615,3.27786029805427,4.85562514355946,13.0404530887604,4.21868085873965,0.130523294858821,2.17892780272493,0.0688870680783358
-262.115749705407,-275.736872638572,3.28266742267552,4.89431317650204,13.0404530887604,4.21868085873965,0.130523294858821,2.17892780272493,0.0688870680783358
-262.124053399517,-275.86584624178,3.2909711167845,4.85964874776599,13.0404530887604,4.21868085873965,0.130523294858821,2.17892780272493,0.0688870680783358
-262.120857210583,-275.996428800399,3.28777492785087,4.38672972002044,13.3484708194733,4.21868085873965,0.130523294858821,2.17892780272493,0.0688870680783358
-262.135023314643,-276.130864245375,3.30194103191106,4.72400941867902,13.3484708194733,4.21868085873965,0.130523294858821,2.17892780272493,0.0688870680783358
-262.151500693797,-276.26595876222,3.31841841106512,5.2770660879109,13.3484708194733,4.21868085873965,0.130523294858821,2.17892780272493,0.0688870680783358
-262.152495620347,-276.403989873086,3.31941333761487,5.93023994838437,13.7488728885651,4.21868085873965,0.130523294858821,2.17892780272493,0.0688870680783358
-262.163831087247,-276.545516478211,3.33074880451456,5.34013564021184,13.7488728885651,4.21868085873965,0.130523294858821,2.17892780272493,0.0688870680783358
-262.176792018192,-276.686759191848,3.34370973545955,5.24096204698564,13.7488728885651,4.21868085873965,0.130523294858821,2.17892780272493,0.0688870680783358
-262.176524534728,-276.830689076327,3.34344225199612,5.82656253118783,13.7488728885651,4.21868085873965,0.130523294858821,2.17892780272493,0.0688870680783358
-262.194049113873,-276.976082988344,3.36096683114062,6.72597154672945,14.1696511631012,4.21868085873965,0.130523294858821,2.17892780272493,0.0688870680783358
-262.200837573495,-277.122320146028,3.36775529076283,7.31152673090309,14.1696511631012,4.21868085873965,0.130523294858821,2.17892780272493,0.0688870680783358
-262.208394154787,-277.270497704462,3.37531187205531,7.56685777027771,14.1696511631012,4.21868085873965,0.130523294858821,2.17892780272493,0.0688870680783358
-262.239120774997,-277.418756942992,3.40603849226512,7.26741029628808,14.7080537204742,4.21868085873965,0.130523294858821,2.17892780272493,0.0688870680783358
-262.248235815102,-277.568666300793,3.41515353237043,7.74748275907758,14.7080537204742,4.21868085873965,0.130523294858821,2.17892780272493,0.0688870680783358
-262.269356572048,-277.718506716005,3.43627428931648,8.74043620898574,14.7080537204742,4.21868085873965,0.130523294858821,2.17892780272493,0.0688870680783358
-262.279709317252,-277.869718075147,3.4466270345202,8.93866703050376,14.7080537204742,4.21868085873965,0.130523294858821,2.17892780272493,0.0688870680783358
-262.283298660771,-278.020028544065,3.45021637803861,9.77952372162417,15.2710286502838,4.21868085873965,0.130523294858821,2.17892780272493,0.0688870680783358
-262.327970038989,-278.170504535883,3.49488775625678,10.735120561592,15.2710286502838,4.21868085873965,0.130523294858821,2.17892780272493,0.0688870680783358
-262.337167491267,-278.324274638599,3.50408520853535,10.3700820310977,15.2710286502838,4.21868085873965,0.130523294858821,2.17892780272493,0.0688870680783358
-262.357285283608,-278.476183092145,3.52420300087564,10.0083435372527,15.7658444766998,4.21868085873965,0.130523294858821,2.17892780272493,0.0688870680783358
-262.37980783992,-278.621205107709,3.5467255571881,11.0166424214993,15.7658444766998,4.21868085873965,0.130523294858821,2.17892780272493,0.0688870680783358
-262.395850881476,-278.770582853767,3.56276859874383,11.6843203379921,15.7658444766998,4.21868085873965,0.130523294858821,2.17892780272493,0.0688870680783358
-262.419610103936,-278.918099643689,3.58652782120422,11.5267023142518,16.33398736763,4.21868085873965,0.130523294858821,2.17892780272493,0.0688870680783358
-262.44952034869,-279.066207728481,3.61643806595824,11.4380363878505,16.33398736763,4.21868085873965,0.130523294858821,2.17892780272493,0.0688870680783358
-262.467277406209,-279.211257084722,3.63419512347696,11.4095020195601,16.33398736763,4.21868085873965,0.130523294858821,2.17892780272493,0.0688870680783358
-262.486045328694,-279.355357949984,3.65296304596174,11.4134679880449,16.33398736763,4.21868085873965,0.130523294858821,2.17892780272493,0.0688870680783358
-262.51022230481,-279.497826259145,3.67714002207775,11.5682936453607,16.8784247760773,4.21868085873965,0.130523294858821,2.17892780272493,0.0688870680783358
-262.531428531522,-279.638386792838,3.69834624878956,12.8517565800348,16.8784247760773,4.21868085873965,0.130523294858821,2.17892780272493,0.0688870680783358
-262.553237927442,-279.776970483551,3.72015564470968,11.9316782525441,16.8784247760773,4.21868085873965,0.130523294858821,2.17892780272493,0.0688870680783358
-262.577414811455,-279.913506177916,3.74433252872286,11.3054727395408,17.4196463947296,4.21868085873965,0.130523294858821,2.17892780272493,0.0688870680783358
-262.598916692317,-280.047364900553,3.76583440958544,11.5288340091867,17.4196463947296,4.21868085873965,0.130523294858821,2.17892780272493,0.0688870680783358
-262.618896049182,-280.17960473017,3.78581376644965,12.3555909664644,17.4196463947296,4.21868085873965,0.130523294858821,2.17892780272493,0.0688870680783358
-262.646173094937,-280.308283346203,3.81309081220488,11.5570586934314,17.8691131000519,4.21868085873965,0.130523294858821,2.17892780272493,0.0688870680783358
-262.662515603727,-280.435408050193,3.82943332099517,10.4519230968087,17.8691131000519,4.21868085873965,0.130523294858821,2.17892780272493,0.0688870680783358
-262.679792374926,-280.55775581037,3.84671009219356,10.8155014648522,17.8691131000519,4.21868085873965,0.130523294858821,2.17892780272493,0.0688870680783358
-262.694177329868,-280.678366099436,3.86109504713594,11.78416475179,17.8691131000519,4.21868085873965,0.130523294858821,2.17892780272493,0.0688870680783358
-262.718735151641,-280.796025350251,3.88565286890902,10.8605316550668,18.3399535541534,4.21868085873965,0.130523294858821,2.17892780272493,0.0688870680783358
-262.734158173897,-280.910393769775,3.90107589116517,10.8416412054262,18.3399535541534,4.21868085873965,0.130523294858821,2.17892780272493,0.0688870680783358
-262.763309001735,-281.020319248498,3.93022671900295,10.7646422145339,18.3399535541534,4.21868085873965,0.130523294858821,2.17892780272493,0.0688870680783358
-262.784818940905,-281.126554460644,3.95173665817267,9.91029816372022,18.8129378681183,4.21868085873965,0.130523294858821,2.17892780272493,0.0688870680783358
-262.800674365458,-281.229440598506,3.96759208272601,9.52485231488598,18.8129378681183,4.21868085873965,0.130523294858821,2.17892780272493,0.0688870680783358
-262.822915891322,-281.328842979933,3.98983360859001,10.0726967056524,18.8129378681183,4.21868085873965,0.130523294858821,2.17892780272493,0.0688870680783358
-262.842821689394,-281.423763738138,4.00973940666183,9.6285658114198,19.1902724628448,4.21868085873965,0.130523294858821,2.17892780272493,0.0688870680783358
-262.857487891296,-281.515873756124,4.0244056085636,9.87076973370066,19.1902724628448,4.21868085873965,0.130523294858821,2.17892780272493,0.0688870680783358
-262.883317681985,-281.602398316783,4.05023539925303,9.3042278672664,19.1902724628448,4.21868085873965,0.130523294858821,2.17892780272493,0.0688870680783358
-262.895173606922,-281.686011546912,4.06209132419033,10.1474788482367,19.1902724628448,4.21868085873965,0.130523294858821,2.17892780272493,0.0688870680783358
-262.923378359589,-281.765115499043,4.09029607685701,8.68466425023808,19.4958869342804,4.21868085873965,0.130523294858821,2.17892780272493,0.0688870680783358
-262.937686528013,-281.839914445368,4.10460424528108,8.5988982582439,19.4958869342804,4.21868085873965,0.130523294858821,2.17892780272493,0.0688870680783358
-262.952290865045,-281.91004848044,4.11920858231274,8.84141723228254,19.4958869342804,4.21868085873965,0.130523294858821,2.17892780272493,0.0688870680783358
-262.96407038228,-281.97610052558,4.13098809954826,7.83407497287082,19.7786513690948,4.21868085873965,0.130523294858821,2.17892780272493,0.0688870680783358
-262.981663230466,-282.038005060063,4.14858094773451,7.56916344426339,19.7786513690948,4.21868085873965,0.130523294858821,2.17892780272493,0.0688870680783358
-262.995781756453,-282.095455777847,4.16269947372089,7.40341852445719,19.7786513690948,4.21868085873965,0.130523294858821,2.17892780272493,0.0688870680783358
-263.009101600533,-282.14846339385,4.17601931780054,6.90645033096121,19.9671126728058,4.21868085873965,0.130523294858821,2.17892780272493,0.0688870680783358
-263.016282867055,-282.197263855787,4.1832005843227,6.74241254702155,19.9671126728058,4.21868085873965,0.130523294858821,2.17892780272493,0.0688870680783358
-263.036213339639,-282.240878393957,4.20313105690745,6.78453798632065,19.9671126728058,4.21868085873965,0.130523294858821,2.17892780272493,0.0688870680783358
-263.052432359396,-282.280604409675,4.21935007666413,6.89429643019058,20.1088439350128,4.21868085873965,0.130523294858821,2.17892780272493,0.0688870680783358
-263.057851722924,-282.315855322865,4.22476944019157,6.05113578296295,20.1088439350128,4.21868085873965,0.130523294858821,2.17892780272493,0.0688870680783358
-263.077010952509,-282.346656629333,4.24392866977702,5.53336321064975,20.1088439350128,4.21868085873965,0.130523294858821,2.17892780272493,0.0688870680783358
-263.074198375326,-282.372940939747,4.24111609259414,5.15410755353578,20.1088439350128,4.21868085873965,0.130523294858821,2.17892780272493,0.0688870680783358
-263.081557990129,-282.394893418348,4.24847570739667,3.97293329481855,20.0870620136261,4.21868085873965,0.130523294858821,2.17892780272493,0.0688870680783358
-263.080349945063,-282.412543063947,4.24726766233091,3.48991561931328,20.0870620136261,4.21868085873965,0.130523294858821,2.17892780272493,0.0688870680783358
-263.09093838978,-282.425961232059,4.25785610704793,3.42541906516502,20.0870620136261,4.21868085873965,0.130523294858821,2.17892780272493,0.0688870680783358
-263.102288427152,-282.435068845816,4.26920614442039,3.26283205850417,19.9230452899933,4.21868085873965,0.130523294858821,2.17892780272493,0.0688870680783358
-263.109958916397,-282.440032441985,4.27687663366466,2.64403201773015,19.9230452899933,4.21868085873965,0.130523294858821,2.17892780272493,0.0688870680783358
-263.120427838797,-282.440869333683,4.28734555606541,1.45284462817008,19.9230452899933,4.21868085873965,0.130523294858821,2.17892780272493,0.0688870680783358
-263.121840386741,-282.437606491144,4.28875810400947,0.299655357849419,19.9230452899933,4.21868085873965,0.130523294858821,2.17892780272493,0.0688870680783358
-263.126527018409,-282.430468187528,4.29344473567717,-0.518631964253608,19.6390792255402,4.21868085873965,0.130523294858821,2.17892780272493,0.0688870680783358
-263.116512407783,-282.419375621893,4.28343012505134,-0.688075671572303,19.6390792255402,4.21868085873965,0.130523294858821,2.17892780272493,0.0688870680783358
-263.108511507624,-282.404280796394,4.27542922489238,-0.947987307136052,19.6390792255402,4.21868085873965,0.130523294858821,2.17892780272493,0.0688870680783358
-263.112863551248,-282.385329306762,4.2797812685163,-1.77151159262498,19.217646730423,4.21868085873965,0.130523294858821,2.17892780272493,0.0688870680783358
-263.116573445949,-282.363467451339,4.28349116321741,-4.25042345218146,19.217646730423,4.21868085873965,0.130523294858821,2.17892780272493,0.0688870680783358
-263.096109002215,-282.337801292346,4.26302671948259,-5.06003814702653,19.217646730423,4.21868085873965,0.130523294858821,2.17892780272493,0.0688870680783358
-263.081752836875,-282.30872160588,4.2486705541433,-5.58962189522916,18.8442641620636,4.21868085873965,0.130523294858821,2.17892780272493,0.0688870680783358
-263.066845829451,-282.276054936437,4.23376354671939,-6.13608079065258,18.8442641620636,4.21868085873965,0.130523294858821,2.17892780272493,0.0688870680783358
-263.057134966241,-282.240535702191,4.22405268350889,-6.52975342993853,18.8442641620636,4.21868085873965,0.130523294858821,2.17892780272493,0.0688870680783358
-263.063805027499,-282.201647756394,4.23072274476721,-6.85512656376237,18.5142279987335,4.21868085873965,0.130523294858821,2.17892780272493,0.0688870680783358
-263.046139716788,-282.159799798438,4.21305743405592,-6.17615155515924,18.5142279987335,4.21868085873965,0.130523294858821,2.17892780272493,0.0688870680783358
-263.031662705878,-282.114980888769,4.19858042314586,-5.99348444116275,18.5142279987335,4.21868085873965,0.130523294858821,2.17892780272493,0.0688870680783358
-263.016580037166,-282.067690151414,4.18349775443383,-5.79320401391211,18.5142279987335,4.21868085873965,0.130523294858821,2.17892780272493,0.0688870680783358
-263.010882870625,-282.017780084981,4.17780058789258,-5.01219170737679,18.2965422992706,4.21868085873965,0.130523294858821,2.17892780272493,0.0688870680783358
-263.001696676537,-281.965155917391,4.16861439380545,-5.20568108053303,18.2965422992706,4.21868085873965,0.130523294858821,2.17892780272493,0.0688870680783358
-262.976850715986,-281.910507795498,4.14376843325426,-5.06907053011747,18.2965422992706,4.21868085873965,0.130523294858821,2.17892780272493,0.0688870680783358
-262.973918424565,-281.853617896753,4.1408361418333,-4.29029594889387,18.2683173542023,4.21868085873965,0.130523294858821,2.17892780272493,0.0688870680783358
-262.972270954573,-281.794210475529,4.13918867184088,-4.65561509659008,18.2683173542023,4.21868085873965,0.130523294858821,2.17892780272493,0.0688870680783358
-262.953212193277,-281.733364537185,4.12012991054528,-4.66507920977979,18.2683173542023,4.21868085873965,0.130523294858821,2.17892780272493,0.0688870680783358
-262.947310430584,-281.670559658196,4.11422814785251,-4.82067257641345,18.2683173542023,4.21868085873965,0.130523294858821,2.17892780272493,0.0688870680783358
-262.95202722256,-281.605945323997,4.11894493982806,-3.92912063214787,18.2637969379425,4.21868085873965,0.130523294858821,2.17892780272493,0.0688870680783358
-262.942790281975,-281.53984266843,4.10970799924332,-3.18607481889018,18.2637969379425,4.21868085873965,0.130523294858821,2.17892780272493,0.0688870680783358
-262.931691736958,-281.472117818148,4.09860945422585,-3.09263228699928,18.2637969379425,4.21868085873965,0.130523294858821,2.17892780272493,0.0688870680783358
-262.927102847563,-281.402988231385,4.09402056483071,-2.08376273695646,18.260859621048,4.21868085873965,0.130523294858821,2.17892780272493,0.0688870680783358
-262.920846812387,-281.333200578454,4.08776452965498,-1.76144545470042,18.260859621048,4.21868085873965,0.130523294858821,2.17892780272493,0.0688870680783358
-262.920928109457,-281.261870870418,4.08784582672483,-1.61151558734569,18.260859621048,4.21868085873965,0.130523294858821,2.17892780272493,0.0688870680783358
-262.917440325883,-281.190157494443,4.08435804315071,-1.27278348212362,18.1897994403839,4.21868085873965,0.130523294858821,2.17892780272493,0.0688870680783358
-262.926530544817,-281.116410019859,4.09344826208513,-1.33329885395701,18.1897994403839,4.21868085873965,0.130523294858821,2.17892780272493,0.0688870680783358
-262.908545149865,-281.043461676973,4.07546286713273,-1.42605737479185,18.1897994403839,4.21868085873965,0.130523294858821,2.17892780272493,0.0688870680783358
-262.92045216288,-280.96915848365,4.08736988014835,-0.885621449395949,18.0730277423859,4.21868085873965,0.130523294858821,2.17892780272493,0.0688870680783358
-262.913667347921,-280.894338061676,4.08058506518888,-0.763634292867727,18.0730277423859,4.21868085873965,0.130523294858821,2.17892780272493,0.0688870680783358
-262.915566607711,-280.81962082908,4.08248432497882,-0.807930176995836,18.0730277423859,4.21868085873965,0.130523294858821,2.17892780272493,0.0688870680783358
-262.914525544919,-280.744381741724,4.0814432621869,-1.15815893200541,18.0730277423859,4.21868085873965,0.130523294858821,2.17892780272493,0.0688870680783358
-262.91081806477,-280.669242954651,4.07773578203796,-0.938930163658815,17.8367911701202,4.21868085873965,0.130523294858821,2.17892780272493,0.0688870680783358
-262.915867174587,-280.593962119739,4.08278489185498,-1.13320998976608,17.8367911701202,4.21868085873965,0.130523294858821,2.17892780272493,0.0688870680783358
-262.910742382825,-280.5184274186,4.07766010009342,-1.54105745354467,17.8367911701202,4.21868085873965,0.130523294858821,2.17892780272493,0.0688870680783358
-262.901712553373,-280.443411886762,4.06863027064142,-2.42383987275809,17.5571853046417,4.21868085873965,0.130523294858821,2.17892780272493,0.0688870680783358
-262.902866839489,-280.367000362531,4.06978455675711,-2.64736069197593,17.5571853046417,4.21868085873965,0.130523294858821,2.17892780272493,0.0688870680783358
-262.895575488003,-280.293647228325,4.06249320527058,-2.25366528082187,17.5571853046417,4.21868085873965,0.130523294858821,2.17892780272493,0.0688870680783358
-262.891874397792,-280.219432320506,4.05879211505983,-2.33258063641935,17.3213034992218,4.21868085873965,0.130523294858821,2.17892780272493,0.0688870680783358
-262.885319981706,-280.145071494147,4.05223769897395,-3.10458717513963,17.3213034992218,4.21868085873965,0.130523294858821,2.17892780272493,0.0688870680783358
-262.874270400487,-280.071803140774,4.04118811775545,-3.59483994595713,17.3213034992218,4.21868085873965,0.130523294858821,2.17892780272493,0.0688870680783358
-262.858721262645,-279.999331601137,4.02563897991348,-3.64512710429348,17.3213034992218,4.21868085873965,0.130523294858821,2.17892780272493,0.0688870680783358
-262.861096386993,-279.927597120341,4.02801410426123,-3.81209635393992,17.1560355548859,4.21868085873965,0.130523294858821,2.17892780272493,0.0688870680783358
-262.852712605917,-279.856250679718,4.01963032318459,-3.90074673155461,17.1560355548859,4.21868085873965,0.130523294858821,2.17892780272493,0.0688870680783358
-262.84965862351,-279.785373483709,4.01657634077823,-4.17088214116358,17.1560355548859,4.21868085873965,0.130523294858821,2.17892780272493,0.0688870680783358
-262.839941765059,-279.715860594738,4.00685948232732,-4.31363815346711,16.9434424762726,4.21868085873965,0.130523294858821,2.17892780272493,0.0688870680783358
-262.833341159158,-279.646722514484,4.00025887642558,-4.33577969229983,16.9434424762726,4.21868085873965,0.130523294858821,2.17892780272493,0.0688870680783358
-262.814494127311,-279.578668441288,3.98141184457929,-4.5787666585714,16.9434424762726,4.21868085873965,0.130523294858821,2.17892780272493,0.0688870680783358
-262.807953518441,-279.511165776775,3.97487123570917,-3.97773871928955,16.7081557636261,4.21868085873965,0.130523294858821,2.17892780272493,0.0688870680783358
-262.798731804499,-279.444562540125,3.96564952176681,-3.99791409953491,16.7081557636261,4.21868085873965,0.130523294858821,2.17892780272493,0.0688870680783358
-262.794533316414,-279.379060395261,3.96145103368217,-4.16219070314945,16.7081557636261,4.21868085873965,0.130523294858821,2.17892780272493,0.0688870680783358
-262.792075053527,-279.313982465627,3.95899277079509,-4.42918634686967,16.7081557636261,4.21868085873965,0.130523294858821,2.17892780272493,0.0688870680783358
-262.785846502527,-279.248122790755,3.95276421979479,-4.12792261660263,16.5207473163605,4.21868085873965,0.130523294858821,2.17892780272493,0.0688870680783358
-262.765677262913,-279.187789305384,3.93259498018134,-4.26957591957376,16.5207473163605,4.21868085873965,0.130523294858821,2.17892780272493,0.0688870680783358
-262.763788088984,-279.126526309887,3.93070580625177,-4.4985862436944,16.5207473163605,4.21868085873965,0.130523294858821,2.17892780272493,0.0688870680783358
-262.760757887937,-279.066044573709,3.92767560520524,-3.66945107889574,16.3099242572784,4.21868085873965,0.130523294858821,2.17892780272493,0.0688870680783358
-262.748422812487,-279.005917438389,3.91534052975462,-3.66540408286249,16.3099242572784,4.21868085873965,0.130523294858821,2.17892780272493,0.0688870680783358
-262.74373204879,-278.947086103808,3.91064976605837,-4.20008540790046,16.3099242572784,4.21868085873965,0.130523294858821,2.17892780272493,0.0688870680783358
-262.737046934998,-278.888580542223,3.9039646522655,-3.91498541878167,16.1443206195831,4.21868085873965,0.130523294858821,2.17892780272493,0.0688870680783358
-262.712697462101,-278.831502323665,3.87961517936902,-3.90697032034146,16.1443206195831,4.21868085873965,0.130523294858821,2.17892780272493,0.0688870680783358
-262.720171776072,-278.774918974868,3.88708949333971,-4.03788633012058,16.1443206195831,4.21868085873965,0.130523294858821,2.17892780272493,0.0688870680783358
-262.715797268577,-278.719058894863,3.88271498584492,-4.42365884818679,16.1443206195831,4.21868085873965,0.130523294858821,2.17892780272493,0.0688870680783358
-262.704809433119,-278.664302253235,3.87172715038719,-4.21791605202005,15.9091988925934,4.21868085873965,0.130523294858821,2.17892780272493,0.0688870680783358
-262.694178018355,-278.610071778388,3.86109573562304,-4.38946520994341,15.9091988925934,4.21868085873965,0.130523294858821,2.17892780272493,0.0688870680783358
-262.671377963513,-278.556353753581,3.83829568078103,-4.61488135790186,15.9091988925934,4.21868085873965,0.130523294858821,2.17892780272493,0.0688870680783358
-262.683863312144,-278.503494875204,3.85078102941239,-4.07672801793479,15.7436200504303,4.21868085873965,0.130523294858821,2.17892780272493,0.0688870680783358
-262.673352668621,-278.450569830754,3.8402703858893,-4.24403783355226,15.7436200504303,4.21868085873965,0.130523294858821,2.17892780272493,0.0688870680783358
-262.656755479799,-278.398728763883,3.82367319706717,-4.19520698483187,15.7436200504303,4.21868085873965,0.130523294858821,2.17892780272493,0.0688870680783358
-262.653795196524,-278.347098017938,3.82071291379227,-4.19591288552985,15.7436200504303,4.21868085873965,0.130523294858821,2.17892780272493,0.0688870680783358
-262.639695393268,-278.295783780777,3.80661311053598,-4.08477692647618,15.6019917850494,4.21868085873965,0.130523294858821,2.17892780272493,0.0688870680783358
-262.628048770942,-278.244879415187,3.79496648821021,-3.90755111647685,15.6019917850494,4.21868085873965,0.130523294858821,2.17892780272493,0.0688870680783358
-262.62214321436,-278.194093915112,3.7890609316284,-4.40220150448527,15.6019917850494,4.21868085873965,0.130523294858821,2.17892780272493,0.0688870680783358
-262.618400790159,-278.143691607905,3.78531850742725,-4.04572749388963,15.4823514347076,4.21868085873965,0.130523294858821,2.17892780272493,0.0688870680783358
-262.604461750814,-278.093464538478,3.77137946808237,-4.00893687021335,15.4823514347076,4.21868085873965,0.130523294858821,2.17892780272493,0.0688870680783358
-262.601132562968,-278.043044214839,3.76805028023613,-4.11929550718708,15.4823514347076,4.21868085873965,0.130523294858821,2.17892780272493,0.0688870680783358
-262.594376017631,-277.992792957247,3.76129373489914,-3.81547812411728,15.3634988193512,4.21868085873965,0.130523294858821,2.17892780272493,0.0688870680783358
-262.597945671016,-277.942197219982,3.76486338828413,-3.57438381973852,15.3634988193512,4.21868085873965,0.130523294858821,2.17892780272493,0.0688870680783358
-262.589530596973,-277.891974365608,3.75644831424071,-3.64072894523109,15.3634988193512,4.21868085873965,0.130523294858821,2.17892780272493,0.0688870680783358
-262.577452120643,-277.841244323733,3.74436983791082,-3.49021198419388,15.2215958957672,4.21868085873965,0.130523294858821,2.17892780272493,0.0688870680783358
-262.581143709285,-277.790506364789,3.74806142655276,-3.33063392024998,15.2215958957672,4.21868085873965,0.130523294858821,2.17892780272493,0.0688870680783358
-262.565180402357,-277.739269391319,3.73209811962516,-3.56674329316405,15.2215958957672,4.21868085873965,0.130523294858821,2.17892780272493,0.0688870680783358
-262.55289427111,-277.687932596555,3.71981198837784,-3.55242052018351,15.2215958957672,4.21868085873965,0.130523294858821,2.17892780272493,0.0688870680783358
-262.550504854523,-277.635841371269,3.71742257179103,-3.34023583876991,15.0347958927155,4.21868085873965,0.130523294858821,2.17892780272493,0.0688870680783358
-262.54571767743,-277.583665744564,3.71263539469807,-2.75931324018399,15.0347958927155,4.21868085873965,0.130523294858821,2.17892780272493,0.0688870680783358
-262.539799590562,-277.530272153025,3.70671730783045,-3.35646009824589,15.0347958927155,4.21868085873965,0.130523294858821,2.17892780272493,0.0688870680783358
-262.534455462208,-277.477005407415,3.70137317947633,-3.50534806070046,14.9183293704987,4.21868085873965,0.130523294858821,2.17892780272493,0.0688870680783358
-262.516865132173,-277.422054533055,3.68378284944115,-3.24994506105019,14.9183293704987,4.21868085873965,0.130523294858821,2.17892780272493,0.0688870680783358
-262.523647232286,-277.367855006707,3.69056494955411,-3.44575864651977,14.9183293704987,4.21868085873965,0.130523294858821,2.17892780272493,0.0688870680783358
-262.511631141198,-277.312312479215,3.67854885846625,-3.52968797436059,14.8019887332916,4.21868085873965,0.130523294858821,2.17892780272493,0.0688870680783358
-262.518009519581,-277.255693773668,3.68492723684904,-3.19879071621366,14.8019887332916,4.21868085873965,0.130523294858821,2.17892780272493,0.0688870680783358
-262.508800011589,-277.198573841586,3.67571772885744,-3.48139221080718,14.8019887332916,4.21868085873965,0.130523294858821,2.17892780272493,0.0688870680783358
-262.508356494692,-277.140842959225,3.67527421195973,-3.39516932206441,14.8019887332916,4.21868085873965,0.130523294858821,2.17892780272493,0.0688870680783358
-262.493308039835,-277.082157735686,3.66022575710312,-3.03320806089116,14.6383782749176,4.21868085873965,0.130523294858821,2.17892780272493,0.0688870680783358
-262.485245950175,-277.02247539324,3.65216366744264,-2.77711211681498,14.6383782749176,4.21868085873965,0.130523294858821,2.17892780272493,0.0688870680783358
-262.480747348673,-276.96142877619,3.647665065941,-2.99197024217515,14.6383782749176,4.21868085873965,0.130523294858821,2.17892780272493,0.0688870680783358
-262.469267325505,-276.900451903961,3.63618504277252,-2.78324510393585,14.4258118991852,4.21868085873965,0.130523294858821,2.17892780272493,0.0688870680783358
-262.47416251816,-276.837329095547,3.64108023542842,-2.38238698147153,14.4258118991852,4.21868085873965,0.130523294858821,2.17892780272493,0.0688870680783358
-262.458092335624,-276.774465322001,3.62501005289245,-3.10508586290127,14.4258118991852,4.21868085873965,0.130523294858821,2.17892780272493,0.0688870680783358
-262.457175533885,-276.710267878432,3.62409325115309,-3.39603511832855,14.3549710636139,4.21868085873965,0.130523294858821,2.17892780272493,0.0688870680783358
-262.459415117413,-276.64441733681,3.62633283468144,-3.17920076631846,14.3549710636139,4.21868085873965,0.130523294858821,2.17892780272493,0.0688870680783358
-262.452078188784,-276.578480315386,3.61899590605241,-3.45721998238782,14.3549710636139,4.21868085873965,0.130523294858821,2.17892780272493,0.0688870680783358
-262.444528429548,-276.511234224085,3.61144614681602,-3.54961639870993,14.3549710636139,4.21868085873965,0.130523294858821,2.17892780272493,0.0688870680783358
-262.439120938399,-276.442380548425,3.60603865566661,-3.1205683514729,14.1673833255768,4.21868085873965,0.130523294858821,2.17892780272493,0.0688870680783358
-262.431826157802,-276.373369984948,3.59874387506998,-3.13930858139026,14.1673833255768,4.21868085873965,0.130523294858821,2.17892780272493,0.0688870680783358
-262.431416678821,-276.304651794321,3.59833439608898,-2.81863206366285,14.1673833255768,4.21868085873965,0.130523294858821,2.17892780272493,0.0688870680783358
-262.429756245074,-276.235099894481,3.59667396234242,-3.28681504843109,13.9789010410309,4.21868085873965,0.130523294858821,2.17892780272493,0.0688870680783358
-262.412165045724,-276.163855768614,3.57908276299185,-3.46607874401092,13.9789010410309,4.21868085873965,0.130523294858821,2.17892780272493,0.0688870680783358
-262.407720942045,-276.092124110779,3.57463865931285,-3.58762705929709,13.9789010410309,4.21868085873965,0.130523294858821,2.17892780272493,0.0688870680783358
-262.412847790808,-276.019232148092,3.57976550807582,-3.56571687343158,13.8370972995758,4.21868085873965,0.130523294858821,2.17892780272493,0.0688870680783358
-262.398505604541,-275.945696319541,3.56542332180887,-3.5730365983888,13.8370972995758,4.21868085873965,0.130523294858821,2.17892780272493,0.0688870680783358
-262.401377270253,-275.871639629076,3.56829498752104,-4.00348583201663,13.8370972995758,4.21868085873965,0.130523294858821,2.17892780272493,0.0688870680783358
-262.383416145491,-275.798158525185,3.55033386275849,-4.24553450477499,13.8370972995758,4.21868085873965,0.130523294858821,2.17892780272493,0.0688870680783358
-262.377165989315,-275.723736737181,3.54408370658338,-3.75078993882874,13.6709309940338,4.21868085873965,0.130523294858821,2.17892780272493,0.0688870680783358
-262.365587702885,-275.648754943087,3.53250542015343,-3.75064785174388,13.6709309940338,4.21868085873965,0.130523294858821,2.17892780272493,0.0688870680783358
-262.358967514981,-275.572591717733,3.5258852322495,-3.92942207636234,13.6709309940338,4.21868085873965,0.130523294858821,2.17892780272493,0.0688870680783358
-262.353129396994,-275.498149487423,3.52004711426224,-4.38092288863788,13.4581872348785,4.21868085873965,0.130523294858821,2.17892780272493,0.0688870680783358
-262.344554658595,-275.42223409819,3.51147237586252,-4.3899947213311,13.4581872348785,4.21868085873965,0.130523294858821,2.17892780272493,0.0688870680783358
-262.33699369816,-275.347750812001,3.50391141542761,-4.460007610941,13.4581872348785,4.21868085873965,0.130523294858821,2.17892780272493,0.0688870680783358
-262.326979968111,-275.271995031784,3.49389768537917,-4.30069625958324,13.2226964359283,4.21868085873965,0.130523294858821,2.17892780272493,0.0688870680783358
-262.319570309969,-275.196865716117,3.486488027237,-4.33243709625068,13.2226964359283,4.21868085873965,0.130523294858821,2.17892780272493,0.0688870680783358
-262.317056133899,-275.122553475736,3.48397385116661,-4.77261857903164,13.2226964359283,4.21868085873965,0.130523294858821,2.17892780272493,0.0688870680783358
-262.306550139657,-275.047932048109,3.47346785692487,-5.07889476042484,13.2226964359283,4.21868085873965,0.130523294858821,2.17892780272493,0.0688870680783358
-262.288329245665,-274.974355466653,3.45524696293265,-5.01407313624818,13.0107404117584,4.21868085873965,0.130523294858821,2.17892780272493,0.0688870680783358
-262.280005739264,-274.901406688847,3.44692345653169,-4.77410210328589,13.0107404117584,4.21868085873965,0.130523294858821,2.17892780272493,0.0688870680783358
-262.277043241984,-274.828091488732,3.44396095925154,-4.48932222652746,13.0107404117584,4.21868085873965,0.130523294858821,2.17892780272493,0.0688870680783358
-262.271078238438,-274.757837323145,3.43799595570576,-4.64760614331244,12.7733003025055,4.21868085873965,0.130523294858821,2.17892780272493,0.0688870680783358
-262.257106826759,-274.687455641318,3.42402454402718,-5.37109685328908,12.7733003025055,4.21868085873965,0.130523294858821,2.17892780272493,0.0688870680783358
-262.253509763592,-274.618162433455,3.42042748085952,-5.74337836848431,12.7733003025055,4.21868085873965,0.130523294858821,2.17892780272493,0.0688870680783358
-262.251842987088,-274.549824253593,3.41876070435632,-5.26040740547017,12.5144635562897,4.21868085873965,0.130523294858821,2.17892780272493,0.0688870680783358
-262.232079948758,-274.483594738617,3.39899766602625,-5.39424208797139,12.5144635562897,4.21868085873965,0.130523294858821,2.17892780272493,0.0688870680783358
-262.220781619976,-274.418707260251,3.38769933724409,-5.71038581831495,12.5144635562897,4.21868085873965,0.130523294858821,2.17892780272493,0.0688870680783358
-262.212625670027,-274.355647628292,3.3795433872954,-5.72914503742554,12.5144635562897,4.21868085873965,0.130523294858821,2.17892780272493,0.0688870680783358
-262.202624850649,-274.294221134281,3.36954256791688,-5.52199811930093,12.2543527011871,4.21868085873965,0.130523294858821,2.17892780272493,0.0688870680783358
-262.192512922115,-274.234348867311,3.35943063938277,-5.84321982163992,12.2543527011871,4.21868085873965,0.130523294858821,2.17892780272493,0.0688870680783358
-262.185456825115,-274.176854000752,3.35237454238346,-6.27659662848936,12.2543527011871,4.21868085873965,0.130523294858821,2.17892780272493,0.0688870680783358
-262.168818846798,-274.121762397412,3.33573656406611,-6.46089928691407,11.9947911624908,4.21868085873965,0.130523294858821,2.17892780272493,0.0688870680783358
-262.16070661763,-274.068490209469,3.32762433489814,-6.2604543097275,11.9947911624908,4.21868085873965,0.130523294858821,2.17892780272493,0.0688870680783358
-262.152644395425,-274.018303648682,3.31956211269285,-6.15417322277159,11.9947911624908,4.21868085873965,0.130523294858821,2.17892780272493,0.0688870680783358
-262.126859580461,-273.970166207693,3.29377729772862,-5.85147359435123,11.8063317661285,4.21868085873965,0.130523294858821,2.17892780272493,0.0688870680783358
-262.119480237068,-273.924570161502,3.28639795433594,-5.92622726403027,11.8063317661285,4.21868085873965,0.130523294858821,2.17892780272493,0.0688870680783358
-262.10818651267,-273.88196838138,3.27510422993843,-5.99622070787614,11.8063317661285,4.21868085873965,0.130523294858821,2.17892780272493,0.0688870680783358
-262.102796083183,-273.842356992614,3.26971380045094,-6.21151488261125,11.8063317661285,4.21868085873965,0.130523294858821,2.17892780272493,0.0688870680783358
-262.068217910106,-273.806428538836,3.23513562737382,-6.15682325515603,11.5707818393707,4.21868085873965,0.130523294858821,2.17892780272493,0.0688870680783358
-262.074439690322,-273.773124587978,3.24135740758974,-5.96097645524753,11.5707818393707,4.21868085873965,0.130523294858821,2.17892780272493,0.0688870680783358
-262.056340569321,-273.74313695943,3.22325828658948,-6.12322072770927,11.5707818393707,4.21868085873965,0.130523294858821,2.17892780272493,0.0688870680783358
-262.046460792978,-273.716765055254,3.21337851024556,-5.80967754274528,11.4057446842194,4.21868085873965,0.130523294858821,2.17892780272493,0.0688870680783358
-262.031583672641,-273.693680010052,3.19850138990946,-5.46127027953888,11.4057446842194,4.21868085873965,0.130523294858821,2.17892780272493,0.0688870680783358
-262.036761262836,-273.674177690186,3.20367898010437,-4.52728191900704,11.4057446842194,4.21868085873965,0.130523294858821,2.17892780272493,0.0688870680783358
-262.027746893974,-273.658419694218,3.19466461124179,-4.94210238951723,11.289478433609,4.21868085873965,0.130523294858821,2.17892780272493,0.0688870680783358
-262.008724338302,-273.646388730556,3.17564205556986,-4.89586013659587,11.289478433609,4.21868085873965,0.130523294858821,2.17892780272493,0.0688870680783358
-262.01065101334,-273.638409704016,3.17756873060759,-5.12707941693401,11.289478433609,4.21868085873965,0.130523294858821,2.17892780272493,0.0688870680783358
-261.994310098129,-273.634268243531,3.16122781539735,-5.33206624117691,11.289478433609,4.21868085873965,0.130523294858821,2.17892780272493,0.0688870680783358
-261.990844900411,-273.634222263286,3.15776261767942,-4.28524470219087,11.2432900791168,4.21868085873965,0.130523294858821,2.17892780272493,0.0688870680783358
-261.991847369535,-273.638342145163,3.15876508680279,-3.49874236861331,11.2432900791168,4.21868085873965,0.130523294858821,2.17892780272493,0.0688870680783358
-261.973898929686,-273.646426653731,3.14081664695393,-3.34684479952923,11.2432900791168,4.21868085873965,0.130523294858821,2.17892780272493,0.0688870680783358
-261.952729425076,-273.65877047022,3.11964714234392,-3.19022013122697,11.3136655216217,4.21868085873965,0.130523294858821,2.17892780272493,0.0688870680783358
-261.955413488697,-273.675498897863,3.12233120596545,-2.74706660556982,11.3136655216217,4.21868085873965,0.130523294858821,2.17892780272493,0.0688870680783358
-261.956761670478,-273.69645114179,3.12367938774633,-2.53952850318503,11.3136655216217,4.21868085873965,0.130523294858821,2.17892780272493,0.0688870680783358
-261.956042468294,-273.721880913324,3.12296018556246,-2.309580570965,11.4304696445465,4.21868085873965,0.130523294858821,2.17892780272493,0.0688870680783358
-261.94411381383,-273.751662229046,3.11103153109776,-2.13331366464232,11.4304696445465,4.21868085873965,0.130523294858821,2.17892780272493,0.0688870680783358
-261.942141447598,-273.785911443172,3.10905916486626,-1.23936696611158,11.4304696445465,4.21868085873965,0.130523294858821,2.17892780272493,0.0688870680783358
-261.943307127094,-273.824341966226,3.11022484436185,-0.144625816555459,11.4304696445465,4.21868085873965,0.130523294858821,2.17892780272493,0.0688870680783358
-261.956740570084,-273.867810429143,3.12365828735189,0.473045047590356,11.6419106845856,4.21868085873965,0.130523294858821,2.17892780272493,0.0688870680783358
-261.946904950504,-273.915078158828,3.11382266777166,0.733922796804895,11.6419106845856,4.21868085873965,0.130523294858821,2.17892780272493,0.0688870680783358
-261.945517909713,-273.966894608848,3.11243562698077,0.347845489959603,11.6419106845856,4.21868085873965,0.130523294858821,2.17892780272493,0.0688870680783358
-261.959189563575,-274.023020391834,3.126107280843,0.689703726976665,11.8514100437164,4.21868085873965,0.130523294858821,2.17892780272493,0.0688870680783358
-261.95373642017,-274.084187257143,3.12065413743828,3.36880010010214,11.8514100437164,4.21868085873965,0.130523294858821,2.17892780272493,0.0688870680783358
-261.969365370857,-274.148998229636,3.13628308812547,4.32950099877863,11.8514100437164,4.21868085873965,0.130523294858821,2.17892780272493,0.0688870680783358
-261.966133268464,-274.218512155758,3.13305098573152,4.22104441101523,12.1786061649323,4.21868085873965,0.130523294858821,2.17892780272493,0.0688870680783358
-261.982185783557,-274.292460766079,3.14910350082481,5.23829475373418,12.1786061649323,4.21868085873965,0.130523294858821,2.17892780272493,0.0688870680783358
-261.982941137113,-274.370242079485,3.14985885438096,6.33617705969968,12.1786061649323,4.21868085873965,0.130523294858821,2.17892780272493,0.0688870680783358
-261.984695012273,-274.452946704961,3.15161272954084,6.66819711153367,12.1786061649323,4.21868085873965,0.130523294858821,2.17892780272493,0.0688870680783358
-262.005049880094,-274.539471570967,3.17196759736166,6.63298851517931,12.4381085758209,4.21868085873965,0.130523294858821,2.17892780272493,0.0688870680783358
-262.018277477392,-274.629297786916,3.18519519466037,6.4999139967192,12.4381085758209,4.21868085873965,0.130523294858821,2.17892780272493,0.0688870680783358
-262.02205280755,-274.724569004012,3.18897052481809,6.46859956208352,12.4381085758209,4.21868085873965,0.130523294858821,2.17892780272493,0.0688870680783358
-262.041666028265,-274.822597544963,3.20858374553346,5.62577816768712,12.6544095401764,4.21868085873965,0.130523294858821,2.17892780272493,0.0688870680783358
-262.047316062964,-274.925595214763,3.21423378023233,5.63141779807679,12.6544095401764,4.21868085873965,0.130523294858821,2.17892780272493,0.0688870680783358
-262.066318951355,-275.031097550499,3.23323666862274,5.61601378473537,12.6544095401764,4.21868085873965,0.130523294858821,2.17892780272493,0.0688870680783358
-262.070240530454,-275.139772734389,3.23715824772158,5.17702276952501,12.8470097904205,4.21868085873965,0.130523294858821,2.17892780272493,0.0688870680783358
-262.076245001175,-275.253412482752,3.24316271844255,4.98763007966369,12.8470097904205,4.21868085873965,0.130523294858821,2.17892780272493,0.0688870680783358
-262.094319049883,-275.370021128542,3.26123676715062,5.482900040215,12.8470097904205,4.21868085873965,0.130523294858821,2.17892780272493,0.0688870680783358
-262.088201371017,-275.48868415418,3.25511908828491,5.89952333280417,12.8470097904205,4.21868085873965,0.130523294858821,2.17892780272493,0.0688870680783358
-262.119010933773,-275.611043490965,3.2859286510406,5.16529756697373,13.0634538059235,4.21868085873965,0.130523294858821,2.17892780272493,0.0688870680783358
-262.126494212944,-275.736812055258,3.29341193021188,4.64281470928766,13.0634538059235,4.21868085873965,0.130523294858821,2.17892780272493,0.0688870680783358
-262.121773733428,-275.865366526839,3.28869145069555,4.75884690960133,13.0634538059235,4.21868085873965,0.130523294858821,2.17892780272493,0.0688870680783358
-262.141173903334,-275.996491936661,3.30809162060219,4.67417284793151,13.3468629245758,4.21868085873965,0.130523294858821,2.17892780272493,0.0688870680783358
-262.136295726674,-276.130848168275,3.30321344394208,4.76610091063385,13.3468629245758,4.21868085873965,0.130523294858821,2.17892780272493,0.0688870680783358
-262.142817807229,-276.26595876222,3.3097355244967,5.43399778680985,13.3468629245758,4.21868085873965,0.130523294858821,2.17892780272493,0.0688870680783358
-262.147015004001,-276.404504486295,3.31393272126884,4.97987377882651,13.6992780094147,4.21868085873965,0.130523294858821,2.17892780272493,0.0688870680783358
-262.16012233011,-276.544977783468,3.32704004737833,5.13972142112563,13.6992780094147,4.21868085873965,0.130523294858821,2.17892780272493,0.0688870680783358
-262.174208410189,-276.687151239898,3.34112612745657,5.57929357781777,13.6992780094147,4.21868085873965,0.130523294858821,2.17892780272493,0.0688870680783358
-262.183942734421,-276.831464741808,3.35086045168875,6.15965985505943,13.6992780094147,4.21868085873965,0.130523294858821,2.17892780272493,0.0688870680783358
-262.178832596564,-276.976448526091,3.34575031383216,6.64508601065517,14.1901818637848,4.21868085873965,0.130523294858821,2.17892780272493,0.0688870680783358
-262.204034057775,-277.122513241955,3.37095177504321,7.3636540138378,14.1901818637848,4.21868085873965,0.130523294858821,2.17892780272493,0.0688870680783358
-262.220370626817,-277.270798277396,3.38728834408542,8.02896280729537,14.1901818637848,4.21868085873965,0.130523294858821,2.17892780272493,0.0688870680783358
-262.216453759211,-277.419912951729,3.38337147647866,7.43773531601026,14.7065965061188,4.21868085873965,0.130523294858821,2.17892780272493,0.0688870680783358
-262.253113576656,-277.568916430616,3.42003129392365,7.39976112705788,14.7065965061188,4.21868085873965,0.130523294858821,2.17892780272493,0.0688870680783358
-262.265652832979,-277.719026558072,3.43257055024676,8.67053490230202,14.7065965061188,4.21868085873965,0.130523294858821,2.17892780272493,0.0688870680783358
-262.274553640587,-277.868981623515,3.44147135785505,8.97028059474588,15.2481728916168,4.21868085873965,0.130523294858821,2.17892780272493,0.0688870680783358
-262.292133642576,-278.020352115482,3.45905135984403,9.31725740781818,15.2481728916168,4.21868085873965,0.130523294858821,2.17892780272493,0.0688870680783358
-262.311563201721,-278.171223233389,3.47848091898884,10.7063089345502,15.2481728916168,4.21868085873965,0.130523294858821,2.17892780272493,0.0688870680783358
-262.341213116654,-278.321369069399,3.50813083392193,10.648350857818,15.2481728916168,4.21868085873965,0.130523294858821,2.17892780272493,0.0688870680783358
-262.364512280435,-278.474752669176,3.53142999770306,10.1660641813337,15.8142720584869,4.21868085873965,0.130523294858821,2.17892780272493,0.0688870680783358
-262.375947210275,-278.624000435082,3.54286492754263,11.127480388056,15.8142720584869,4.21868085873965,0.130523294858821,2.17892780272493,0.0688870680783358
-262.395179694901,-278.77150355847,3.56209741216884,11.8343524864709,15.8142720584869,4.21868085873965,0.130523294858821,2.17892780272493,0.0688870680783358
-262.433354734711,-278.918609615502,3.60027245197947,11.9961190033847,16.3553153400421,4.21868085873965,0.130523294858821,2.17892780272493,0.0688870680783358
-262.442593466933,-279.065998433566,3.60951118420089,11.8279351008023,16.3553153400421,4.21868085873965,0.130523294858821,2.17892780272493,0.0688870680783358
-262.472275869781,-279.210997929251,3.63919358704906,11.6311119942161,16.3553153400421,4.21868085873965,0.130523294858821,2.17892780272493,0.0688870680783358
-262.488828092673,-279.355204132738,3.65574580994116,11.3856089029483,16.8769942646027,4.21868085873965,0.130523294858821,2.17892780272493,0.0688870680783358
-262.513740442626,-279.49791067624,3.68065815989377,11.8724002433161,16.8769942646027,4.21868085873965,0.130523294858821,2.17892780272493,0.0688870680783358
-262.528018852055,-279.638220233615,3.69493656932307,12.9456142063819,16.8769942646027,4.21868085873965,0.130523294858821,2.17892780272493,0.0688870680783358
-262.564288130034,-279.777150968239,3.73120584730247,11.7547116877283,16.8769942646027,4.21868085873965,0.130523294858821,2.17892780272493,0.0688870680783358
-262.576860148085,-279.91365143663,3.74377786535346,11.0786433478388,17.3747550373077,4.21868085873965,0.130523294858821,2.17892780272493,0.0688870680783358
-262.605203158108,-280.047745378507,3.77212087537632,11.4917180449192,17.3747550373077,4.21868085873965,0.130523294858821,2.17892780272493,0.0688870680783358
-262.619032790708,-280.179698009442,3.78595050797592,12.1978627244394,17.3747550373077,4.21868085873965,0.130523294858821,2.17892780272493,0.0688870680783358
-262.643541126602,-280.308633480832,3.81045884387027,11.4820569993801,17.8697768573761,4.21868085873965,0.130523294858821,2.17892780272493,0.0688870680783358
-262.668335766778,-280.436523924644,3.83525348404579,10.2911263638315,17.8697768573761,4.21868085873965,0.130523294858821,2.17892780272493,0.0688870680783358
-262.67320552555,-280.558075336048,3.84012324281818,10.7290564057991,17.8697768573761,4.21868085873965,0.130523294858821,2.17892780272493,0.0688870680783358
-262.696709888095,-280.679045185958,3.86362760536296,10.7015894149718,18.2952681903839,4.21868085873965,0.130523294858821,2.17892780272493,0.0688870680783358
-262.719492643913,-280.796465534087,3.88641036118115,10.6088340892905,18.2952681903839,4.21868085873965,0.130523294858821,2.17892780272493,0.0688870680783358
-262.742594072745,-280.90952598071,3.90951179001309,11.043370682673,18.2952681903839,4.21868085873965,0.130523294858821,2.17892780272493,0.0688870680783358
-262.757980516145,-281.019840767907,3.92489823341341,10.9202112356051,18.2952681903839,4.21868085873965,0.130523294858821,2.17892780272493,0.0688870680783358
-262.782938906251,-281.12627944201,3.9498566235186,10.0240390657386,18.6962424640656,4.21868085873965,0.130523294858821,2.17892780272493,0.0688870680783358
-262.808164784092,-281.229235642025,3.97508250135997,9.68706763918363,18.6962424640656,4.21868085873965,0.130523294858821,2.17892780272493,0.0688870680783358
-262.812195175736,-281.329028545204,3.9791128930044,10.0994475505519,18.6962424640656,4.21868085873965,0.130523294858821,2.17892780272493,0.0688870680783358
-262.83726731426,-281.424932370147,4.00418503152761,9.4444023766136,19.0744582538605,4.21868085873965,0.130523294858821,2.17892780272493,0.0688870680783358
-262.856072980807,-281.515373081476,4.02299069807482,9.14608528298137,19.0744582538605,4.21868085873965,0.130523294858821,2.17892780272493,0.0688870680783358
-262.872447184884,-281.602632187422,4.03936490215218,8.87139132930575,19.0744582538605,4.21868085873965,0.130523294858821,2.17892780272493,0.0688870680783358
-262.891824261291,-281.685943845077,4.05874197855854,8.89337020842577,19.4508124713898,4.21868085873965,0.130523294858821,2.17892780272493,0.0688870680783358
-262.906328714513,-281.764895441271,4.07324643178092,8.5114604049627,19.4508124713898,4.21868085873965,0.130523294858821,2.17892780272493,0.0688870680783358
-262.928377798848,-281.839723932505,4.09529551611615,8.76478839003586,19.4508124713898,4.21868085873965,0.130523294858821,2.17892780272493,0.0688870680783358
-262.938021698753,-281.9099670098,4.10493941602125,8.62603762583813,19.4508124713898,4.21868085873965,0.130523294858821,2.17892780272493,0.0688870680783358
-262.959682983264,-281.976146292645,4.1266007005325,7.60917867228221,19.6629477863312,4.21868085873965,0.130523294858821,2.17892780272493,0.0688870680783358
-262.965166582469,-282.037862976464,4.13208429973666,7.33310766356094,19.6629477863312,4.21868085873965,0.130523294858821,2.17892780272493,0.0688870680783358
-262.974789732318,-282.09538343372,4.1417074495857,7.58856378255474,19.6629477863312,4.21868085873965,0.130523294858821,2.17892780272493,0.0688870680783358
-263.002662427044,-282.148281949476,4.16958014431185,6.75636424218116,19.8524543170929,4.21868085873965,0.130523294858821,2.17892780272493,0.0688870680783358
-263.014418571399,-282.197252827611,4.1813362886674,6.26134583395602,19.8524543170929,4.21868085873965,0.130523294858821,2.17892780272493,0.0688870680783358
-263.023356022921,-282.240828498833,4.19027374018938,6.15237497469008,19.8524543170929,4.21868085873965,0.130523294858821,2.17892780272493,0.0688870680783358
-263.03783089658,-282.280599951344,4.20474861384795,5.37424231133953,19.9698516254425,4.21868085873965,0.130523294858821,2.17892780272493,0.0688870680783358
-263.044973412165,-282.315772797982,4.21189112943304,5.55435568152638,19.9698516254425,4.21868085873965,0.130523294858821,2.17892780272493,0.0688870680783358
-263.059941391529,-282.346394460423,4.22685910879672,5.86514863372841,19.9698516254425,4.21868085873965,0.130523294858821,2.17892780272493,0.0688870680783358
-263.06608669154,-282.373007187633,4.23300440880797,5.70114790121993,19.9698516254425,4.21868085873965,0.130523294858821,2.17892780272493,0.0688870680783358
-263.077285330373,-282.394905234101,4.24420304764062,4.58999697638555,20.0403128986359,4.21868085873965,0.130523294858821,2.17892780272493,0.0688870680783358
-263.075802198894,-282.412583746601,4.24271991616243,3.70363215497199,20.0403128986359,4.21868085873965,0.130523294858821,2.17892780272493,0.0688870680783358
-263.08581809532,-282.425981322964,4.25273581258839,3.87125149169574,20.0403128986359,4.21868085873965,0.130523294858821,2.17892780272493,0.0688870680783358
-263.09327590872,-282.435085620742,4.2601936259884,3.28316977961251,19.9237128620148,4.21868085873965,0.130523294858821,2.17892780272493,0.0688870680783358
-263.102593416403,-282.440037933911,4.26951113367086,2.8553099778756,19.9237128620148,4.21868085873965,0.130523294858821,2.17892780272493,0.0688870680783358
-263.104597662949,-282.440867620644,4.27151538021658,2.01566875253706,19.9237128620148,4.21868085873965,0.130523294858821,2.17892780272493,0.0688870680783358
-263.106392141861,-282.437650793719,4.27330985912894,0.294287586410133,19.6884147052765,4.21868085873965,0.130523294858821,2.17892780272493,0.0688870680783358
-263.105929686023,-282.430464914656,4.27284740329115,-0.0358531527198504,19.6884147052765,4.21868085873965,0.130523294858821,2.17892780272493,0.0688870680783358
-263.106430725299,-282.419388025938,4.27334844256672,-0.388334977675645,19.6884147052765,4.21868085873965,0.130523294858821,2.17892780272493,0.0688870680783358
-263.10821537251,-282.404461034623,4.27513308977817,-0.672572217101591,19.6884147052765,4.21868085873965,0.130523294858821,2.17892780272493,0.0688870680783358
-263.113923711831,-282.385600835054,4.28084142909907,-1.00114070407796,19.2879439716339,4.21868085873965,0.130523294858821,2.17892780272493,0.0688870680783358
-263.104245367285,-282.363056967604,4.27116308455316,-3.70020122347399,19.2879439716339,4.21868085873965,0.130523294858821,2.17892780272493,0.0688870680783358
-263.101924320638,-282.337581466986,4.2688420379059,-4.24662629325359,19.2879439716339,4.21868085873965,0.130523294858821,2.17892780272493,0.0688870680783358
-263.099638772226,-282.30865168576,4.26655648949387,-4.48776364508342,18.9134055500031,4.21868085873965,0.130523294858821,2.17892780272493,0.0688870680783358
-263.083919974461,-282.275822864044,4.25083769172857,-4.86878261243427,18.9134055500031,4.21868085873965,0.130523294858821,2.17892780272493,0.0688870680783358
-263.070806983737,-282.240406826306,4.23772470100464,-5.82639293330109,18.9134055500031,4.21868085873965,0.130523294858821,2.17892780272493,0.0688870680783358
-263.068609056658,-282.201556442046,4.23552677392647,-6.77904270005552,18.6311293964386,4.21868085873965,0.130523294858821,2.17892780272493,0.0688870680783358
-263.05401724976,-282.159779184476,4.22093496702758,-6.27433953279078,18.6311293964386,4.21868085873965,0.130523294858821,2.17892780272493,0.0688870680783358
-263.034269749271,-282.115074169349,4.20118746653919,-5.66554049954721,18.6311293964386,4.21868085873965,0.130523294858821,2.17892780272493,0.0688870680783358
-263.019394547953,-282.067771414442,4.18631226522098,-5.75811468578609,18.6311293964386,4.21868085873965,0.130523294858821,2.17892780272493,0.0688870680783358
-263.027847025345,-282.017676256138,4.19476474261321,-5.74648829973842,18.4396506671906,4.21868085873965,0.130523294858821,2.17892780272493,0.0688870680783358
-263.014423289757,-281.96540533203,4.18134100702533,-5.3194596726796,18.4396506671906,4.21868085873965,0.130523294858821,2.17892780272493,0.0688870680783358
-262.997301218644,-281.910394444399,4.16421893591157,-5.08243148989792,18.4396506671906,4.21868085873965,0.130523294858821,2.17892780272493,0.0688870680783358
-262.978214484286,-281.853527885585,4.14513220155394,-4.9497112474243,18.294551027298,4.21868085873965,0.130523294858821,2.17892780272493,0.0688870680783358
-262.967072058261,-281.793830625296,4.13398977552887,-4.27661981449687,18.294551027298,4.21868085873965,0.130523294858821,2.17892780272493,0.0688870680783358
-262.969594068312,-281.733216710057,4.13651178557961,-4.32227061228352,18.294551027298,4.21868085873965,0.130523294858821,2.17892780272493,0.0688870680783358
-262.955249820285,-281.670286009797,4.12216753755251,-4.03338808904838,18.2898970966339,4.21868085873965,0.130523294858821,2.17892780272493,0.0688870680783358
-262.94287533363,-281.605345002367,4.10979305089748,-3.83694653751308,18.2898970966339,4.21868085873965,0.130523294858821,2.17892780272493,0.0688870680783358
-262.938142148055,-281.539715074999,4.10505986532284,-4.00047280140584,18.2898970966339,4.21868085873965,0.130523294858821,2.17892780272493,0.0688870680783358
-262.934937639908,-281.470823580732,4.10185535717594,-3.49098834472645,18.2898970966339,4.21868085873965,0.130523294858821,2.17892780272493,0.0688870680783358
-262.938952462091,-281.402673305359,4.10587017935932,-2.63172394616215,18.2636977558136,4.21868085873965,0.130523294858821,2.17892780272493,0.0688870680783358
-262.925915749525,-281.333057437658,4.09283346679318,-2.22669702980989,18.2636977558136,4.21868085873965,0.130523294858821,2.17892780272493,0.0688870680783358
-262.935507456615,-281.261691555574,4.10242517388315,-2.35963569642705,18.2636977558136,4.21868085873965,0.130523294858821,2.17892780272493,0.0688870680783358
-262.923680100626,-281.189267309712,4.09059781789373,-1.47715399368617,18.1682464008331,4.21868085873965,0.130523294858821,2.17892780272493,0.0688870680783358
-262.912791707599,-281.116733114943,4.07970942486707,-0.97702842650606,18.1682464008331,4.21868085873965,0.130523294858821,2.17892780272493,0.0688870680783358
-262.91877034658,-281.043241493601,4.08568806384785,-1.24695931303435,18.1682464008331,4.21868085873965,0.130523294858821,2.17892780272493,0.0688870680783358
-262.920611475632,-280.969451160902,4.08752919290023,-1.17604114481106,18.0282851581573,4.21868085873965,0.130523294858821,2.17892780272493,0.0688870680783358
-262.92245688818,-280.894730433815,4.08937460544784,-0.988505091599602,18.0282851581573,4.21868085873965,0.130523294858821,2.17892780272493,0.0688870680783358
-262.912164575682,-280.819629782114,4.07908229294951,-1.27133729382467,18.0282851581573,4.21868085873965,0.130523294858821,2.17892780272493,0.0688870680783358
-262.909267068815,-280.744121435043,4.07618478608351,-1.54286025578802,18.0282851581573,4.21868085873965,0.130523294858821,2.17892780272493,0.0688870680783358
-262.913261592824,-280.668829551045,4.08017931009202,-0.969667986257426,17.8385306720734,4.21868085873965,0.130523294858821,2.17892780272493,0.0688870680783358
-262.900737072746,-280.593773404176,4.06765479001409,-1.01166878659962,17.8385306720734,4.21868085873965,0.130523294858821,2.17892780272493,0.0688870680783358
-262.908424034428,-280.518131251575,4.07534175169649,-1.27399914871035,17.8385306720734,4.21868085873965,0.130523294858821,2.17892780272493,0.0688870680783358
-262.902806843195,-280.443295502682,4.06972456046339,-2.48827133773877,17.581114900589,4.21868085873965,0.130523294858821,2.17892780272493,0.0688870680783358
-262.90093711159,-280.36813320146,4.06785482885802,-2.60847207354902,17.581114900589,4.21868085873965,0.130523294858821,2.17892780272493,0.0688870680783358
-262.894853388946,-280.29325657306,4.0617711062137,-2.51744807674213,17.581114900589,4.21868085873965,0.130523294858821,2.17892780272493,0.0688870680783358
-262.879581775391,-280.218876164572,4.04649949265912,-2.63845952450141,17.321967256546,4.21868085873965,0.130523294858821,2.17892780272493,0.0688870680783358
-262.876068143446,-280.145080262828,4.04298586071417,-3.06615192051479,17.321967256546,4.21868085873965,0.130523294858821,2.17892780272493,0.0688870680783358
-262.882474300832,-280.071994586182,4.0493920180999,-3.2563089137151,17.321967256546,4.21868085873965,0.130523294858821,2.17892780272493,0.0688870680783358
-262.85654616261,-279.998926077983,4.02346387987845,-3.61364942249543,17.321967256546,4.21868085873965,0.130523294858821,2.17892780272493,0.0688870680783358
-262.868033137948,-279.927186808402,4.03495085521599,-4.16544631495421,17.1092025165558,4.21868085873965,0.130523294858821,2.17892780272493,0.0688870680783358
-262.86362096991,-279.856013741826,4.03053868717795,-4.28401392672195,17.1092025165558,4.21868085873965,0.130523294858821,2.17892780272493,0.0688870680783358
-262.855500233933,-279.785256299328,4.02241795120101,-4.27456798029747,17.1092025165558,4.21868085873965,0.130523294858821,2.17892780272493,0.0688870680783358
-262.83277942803,-279.715719926514,3.99969714529819,-4.39352736011256,16.8982001667023,4.21868085873965,0.130523294858821,2.17892780272493,0.0688870680783358
-262.831961396071,-279.645913310567,3.99887911333935,-4.14849070895008,16.8982001667023,4.21868085873965,0.130523294858821,2.17892780272493,0.0688870680783358
-262.819467563228,-279.578184203146,3.98638528049561,-4.04636656534016,16.8982001667023,4.21868085873965,0.130523294858821,2.17892780272493,0.0688870680783358
-262.812487660936,-279.510942779425,3.97940537820446,-3.60063517500318,16.687934053421,4.21868085873965,0.130523294858821,2.17892780272493,0.0688870680783358
-262.807539134994,-279.444774645267,3.97445685226211,-4.24120065520339,16.687934053421,4.21868085873965,0.130523294858821,2.17892780272493,0.0688870680783358
-262.78999219768,-279.37902166768,3.95690991494818,-4.48099833772944,16.687934053421,4.21868085873965,0.130523294858821,2.17892780272493,0.0688870680783358
-262.784825125447,-279.314509225822,3.95174284271493,-4.51647593470979,16.687934053421,4.21868085873965,0.130523294858821,2.17892780272493,0.0688870680783358
-262.787892793782,-279.250303741237,3.95481051105029,-4.23145493804781,16.4764434223175,4.21868085873965,0.130523294858821,2.17892780272493,0.0688870680783358
-262.766870685236,-279.186573942821,3.93378840250391,-4.4575115071559,16.4764434223175,4.21868085873965,0.130523294858821,2.17892780272493,0.0688870680783358
-262.757196007711,-279.125803410206,3.92411372497886,-4.67846455324027,16.4764434223175,4.21868085873965,0.130523294858821,2.17892780272493,0.0688870680783358
-262.755563169099,-279.066346761479,3.92248088636693,-4.10957641533583,16.3327208881378,4.21868085873965,0.130523294858821,2.17892780272493,0.0688870680783358
-262.749230118276,-279.006200955512,3.91614783554362,-3.75410394577693,16.3327208881378,4.21868085873965,0.130523294858821,2.17892780272493,0.0688870680783358
-262.73948219559,-278.947330547585,3.90639991285763,-4.30607505326455,16.3327208881378,4.21868085873965,0.130523294858821,2.17892780272493,0.0688870680783358
-262.735864305931,-278.889337653028,3.90278202319927,-4.1725209899122,16.1443930988312,4.21868085873965,0.130523294858821,2.17892780272493,0.0688870680783358
-262.734677996335,-278.831773731227,3.90159571360332,-3.90737223010251,16.1443930988312,4.21868085873965,0.130523294858821,2.17892780272493,0.0688870680783358
-262.718787175204,-278.775541300937,3.8857048924717,-3.99138074288356,16.1443930988312,4.21868085873965,0.130523294858821,2.17892780272493,0.0688870680783358
-262.697598250266,-278.718940065823,3.86451596753445,-4.05859814096129,16.1443930988312,4.21868085873965,0.130523294858821,2.17892780272493,0.0688870680783358
-262.698991821322,-278.664491268472,3.86590953859017,-3.88360703305935,15.9552670841217,4.21868085873965,0.130523294858821,2.17892780272493,0.0688870680783358
-262.698990427771,-278.609569605471,3.86590814503895,-3.795647857195,15.9552670841217,4.21868085873965,0.130523294858821,2.17892780272493,0.0688870680783358
-262.682117244868,-278.556290107159,3.84903496213618,-4.21014864818879,15.9552670841217,4.21868085873965,0.130523294858821,2.17892780272493,0.0688870680783358
-262.671210104792,-278.503513766613,3.83812782206017,-4.19472917484087,15.8384133701324,4.21868085873965,0.130523294858821,2.17892780272493,0.0688870680783358
-262.667361186103,-278.450663357062,3.83427890337107,-4.30675104151543,15.8384133701324,4.21868085873965,0.130523294858821,2.17892780272493,0.0688870680783358
-262.650428786941,-278.398833826581,3.81734650420928,-3.82154315118717,15.8384133701324,4.21868085873965,0.130523294858821,2.17892780272493,0.0688870680783358
-262.653388624044,-278.347177729917,3.82030634131242,-3.65090272543135,15.648931634903,4.21868085873965,0.130523294858821,2.17892780272493,0.0688870680783358
-262.642677735138,-278.29585077222,3.80959545240639,-3.95959805177025,15.648931634903,4.21868085873965,0.130523294858821,2.17892780272493,0.0688870680783358
-262.64965152323,-278.244933917176,3.81656924049761,-4.16237135486289,15.648931634903,4.21868085873965,0.130523294858821,2.17892780272493,0.0688870680783358
-262.621131203513,-278.193569435266,3.78804892078122,-4.35673189733161,15.648931634903,4.21868085873965,0.130523294858821,2.17892780272493,0.0688870680783358
-262.619031720394,-278.143385152128,3.78594943766192,-3.97106220652096,15.4588052158356,4.21868085873965,0.130523294858821,2.17892780272493,0.0688870680783358
-262.609122473932,-278.093458541658,3.77604019119954,-3.48096437676389,15.4588052158356,4.21868085873965,0.130523294858821,2.17892780272493,0.0688870680783358
-262.610485844495,-278.042774567714,3.77740356176326,-3.47098711802361,15.4588052158356,4.21868085873965,0.130523294858821,2.17892780272493,0.0688870680783358
-262.600002280578,-277.992774971979,3.76691999784601,-3.34808748440579,15.3177644138336,4.21868085873965,0.130523294858821,2.17892780272493,0.0688870680783358
-262.591311842265,-277.941398454133,3.75822955953337,-3.66636094832756,15.3177644138336,4.21868085873965,0.130523294858821,2.17892780272493,0.0688870680783358
-262.586037241605,-277.891877988069,3.75295495887279,-3.65994245491827,15.3177644138336,4.21868085873965,0.130523294858821,2.17892780272493,0.0688870680783358
-262.580091404336,-277.841226176553,3.74700912160358,-3.57367908983039,15.1541749362946,4.21868085873965,0.130523294858821,2.17892780272493,0.0688870680783358
-262.577038886956,-277.790427302208,3.74395660422389,-3.26733780382227,15.1541749362946,4.21868085873965,0.130523294858821,2.17892780272493,0.0688870680783358
-262.57058238614,-277.739440795757,3.73750010340784,-3.72754646949775,15.1541749362946,4.21868085873965,0.130523294858821,2.17892780272493,0.0688870680783358
-262.547831784215,-277.687870912658,3.71474950148348,-3.82874149345786,15.1541749362946,4.21868085873965,0.130523294858821,2.17892780272493,0.0688870680783358
-262.557160474784,-277.635909814566,3.724078192052,-3.3500164982319,15.0131131534576,4.21868085873965,0.130523294858821,2.17892780272493,0.0688870680783358
-262.537706883064,-277.58325111293,3.70462460033233,-3.4003641782338,15.0131131534576,4.21868085873965,0.130523294858821,2.17892780272493,0.0688870680783358
-262.548698711455,-277.530246756751,3.71561642872337,-3.88580871810902,15.0131131534576,4.21868085873965,0.130523294858821,2.17892780272493,0.0688870680783358
-262.535084127602,-277.476934774636,3.70200184486985,-3.88507046905816,14.8958798770905,4.21868085873965,0.130523294858821,2.17892780272493,0.0688870680783358
-262.527581259357,-277.422548529616,3.69449897662488,-3.54066969573815,14.8958798770905,4.21868085873965,0.130523294858821,2.17892780272493,0.0688870680783358
-262.518367980535,-277.367868172086,3.68528569780263,-3.80017079948893,14.8958798770905,4.21868085873965,0.130523294858821,2.17892780272493,0.0688870680783358
-262.509711989923,-277.312132361214,3.6766297071909,-3.31060826485503,14.7782651309967,4.21868085873965,0.130523294858821,2.17892780272493,0.0688870680783358
-262.511646444704,-277.255788469835,3.6785641619721,-3.13033372081496,14.7782651309967,4.21868085873965,0.130523294858821,2.17892780272493,0.0688870680783358
-262.503002453365,-277.198834545699,3.66992017063283,-3.38727943677391,14.7782651309967,4.21868085873965,0.130523294858821,2.17892780272493,0.0688870680783358
-262.495112877314,-277.140348709564,3.66203059458248,-3.32394268737475,14.7782651309967,4.21868085873965,0.130523294858821,2.17892780272493,0.0688870680783358
-262.499962723488,-277.081839839775,3.66688044075592,-3.32797316495095,14.6614133243561,4.21868085873965,0.130523294858821,2.17892780272493,0.0688870680783358
-262.485263601249,-277.020603555688,3.6521813185173,-3.24301396707639,14.6614133243561,4.21868085873965,0.130523294858821,2.17892780272493,0.0688870680783358
-262.482678400726,-276.960336766899,3.64959611799442,-3.01986504267585,14.6614133243561,4.21868085873965,0.130523294858821,2.17892780272493,0.0688870680783358
-262.474943566873,-276.899520932216,3.64186128414073,-3.06963630268238,14.4974919681549,4.21868085873965,0.130523294858821,2.17892780272493,0.0688870680783358
-262.467254607473,-276.837014094893,3.63417232474145,-2.28304685246876,14.4974919681549,4.21868085873965,0.130523294858821,2.17892780272493,0.0688870680783358
-262.464948903436,-276.77393259305,3.63186662070442,-2.82853258754808,14.4974919681549,4.21868085873965,0.130523294858821,2.17892780272493,0.0688870680783358
-262.468494353662,-276.709194573004,3.63541207093032,-3.08458102481562,14.3554822330475,4.21868085873965,0.130523294858821,2.17892780272493,0.0688870680783358
-262.456788435852,-276.644386009067,3.62370615312041,-3.08141836546286,14.3554822330475,4.21868085873965,0.130523294858821,2.17892780272493,0.0688870680783358
-262.452479631701,-276.578710579598,3.61939734896927,-3.32831342379709,14.3554822330475,4.21868085873965,0.130523294858821,2.17892780272493,0.0688870680783358
-262.439612868618,-276.511129606612,3.60653058588639,-3.25931703319418,14.3554822330475,4.21868085873965,0.130523294858821,2.17892780272493,0.0688870680783358
-262.437834723977,-276.443741919968,3.60475244124547,-2.92374916639866,14.2139874820709,4.21868085873965,0.130523294858821,2.17892780272493,0.0688870680783358
-262.444554705395,-276.373427763378,3.61147242266302,-3.08710101136512,14.2139874820709,4.21868085873965,0.130523294858821,2.17892780272493,0.0688870680783358
-262.430254868631,-276.304234288664,3.59717258589926,-3.25289245295909,14.2139874820709,4.21868085873965,0.130523294858821,2.17892780272493,0.0688870680783358
-262.435200269583,-276.234618725693,3.60211798685128,-3.15537462226175,14.0023404483795,4.21868085873965,0.130523294858821,2.17892780272493,0.0688870680783358
-262.411195818963,-276.162994307351,3.57811353623066,-3.44194707321268,14.0023404483795,4.21868085873965,0.130523294858821,2.17892780272493,0.0688870680783358
-262.412620390737,-276.091151079553,3.5795381080046,-3.19695193967853,14.0023404483795,4.21868085873965,0.130523294858821,2.17892780272493,0.0688870680783358
-262.409002305496,-276.018519860619,3.57592002276369,-3.49174781599489,13.7902165775299,4.21868085873965,0.130523294858821,2.17892780272493,0.0688870680783358
-262.400071673033,-275.94567005518,3.56698939030137,-3.12222993572174,13.7902165775299,4.21868085873965,0.130523294858821,2.17892780272493,0.0688870680783358
-262.400743385012,-275.871666076374,3.56766110228046,-3.62260993441379,13.7902165775299,4.21868085873965,0.130523294858821,2.17892780272493,0.0688870680783358
-262.382539074281,-275.79785701602,3.549456791549,-3.81769094159067,13.7902165775299,4.21868085873965,0.130523294858821,2.17892780272493,0.0688870680783358
-262.377140266085,-275.723478300644,3.54405798335328,-3.99880423212963,13.6237660770416,4.21868085873965,0.130523294858821,2.17892780272493,0.0688870680783358
-262.36765349443,-275.648531290932,3.53457121169815,-4.06756960705117,13.6237660770416,4.21868085873965,0.130523294858821,2.17892780272493,0.0688870680783358
-262.370709807936,-275.573246584876,3.5376275252037,-4.25938371040506,13.6237660770416,4.21868085873965,0.130523294858821,2.17892780272493,0.0688870680783358
-262.354321078904,-275.498014716078,3.52123879617167,-4.19557960604927,13.4362508182526,4.21868085873965,0.130523294858821,2.17892780272493,0.0688870680783358
-262.333596728222,-275.422216122437,3.50051444549032,-4.26992273957056,13.4362508182526,4.21868085873965,0.130523294858821,2.17892780272493,0.0688870680783358
-262.343122416611,-275.347005507073,3.51004013387929,-4.42112790529434,13.4362508182526,4.21868085873965,0.130523294858821,2.17892780272493,0.0688870680783358
-262.331221808553,-275.271287258915,3.49813952582079,-4.20884016224031,13.2222062473297,4.21868085873965,0.130523294858821,2.17892780272493,0.0688870680783358
-262.332861200605,-275.196972835044,3.49977891787301,-4.42180013349096,13.2222062473297,4.21868085873965,0.130523294858821,2.17892780272493,0.0688870680783358
-262.310791510477,-275.122402494448,3.47770922774487,-4.99229443217093,13.2222062473297,4.21868085873965,0.130523294858821,2.17892780272493,0.0688870680783358
-262.297545026636,-275.047932048109,3.46446274390394,-5.05648204357979,13.2222062473297,4.21868085873965,0.130523294858821,2.17892780272493,0.0688870680783358
-262.290516606122,-274.974145466507,3.45743432338996,-5.07764253281435,13.0319596652985,4.21868085873965,0.130523294858821,2.17892780272493,0.0688870680783358
-262.292541782262,-274.901051475063,3.45945949952997,-4.66164708999303,13.0319596652985,4.21868085873965,0.130523294858821,2.17892780272493,0.0688870680783358
-262.281018516062,-274.828750792169,3.44793623333012,-4.80020778974585,13.0319596652985,4.21868085873965,0.130523294858821,2.17892780272493,0.0688870680783358
-262.272724577791,-274.757609219143,3.43964229505916,-5.13755917061463,12.7966691379547,4.21868085873965,0.130523294858821,2.17892780272493,0.0688870680783358
-262.261146204704,-274.68661555258,3.42806392197198,-5.44352810168515,12.7966691379547,4.21868085873965,0.130523294858821,2.17892780272493,0.0688870680783358
-262.250791697028,-274.617974450324,3.41770941429648,-5.37257908732245,12.7966691379547,4.21868085873965,0.130523294858821,2.17892780272493,0.0688870680783358
-262.242738497785,-274.550168794803,3.40965621505335,-4.82320525274315,12.5593778018951,4.21868085873965,0.130523294858821,2.17892780272493,0.0688870680783358
-262.230924499182,-274.483610413177,3.3978422164504,-4.99102301506342,12.5593778018951,4.21868085873965,0.130523294858821,2.17892780272493,0.0688870680783358
-262.223144915734,-274.4187454927,3.39006263300218,-5.31791626659228,12.5593778018951,4.21868085873965,0.130523294858821,2.17892780272493,0.0688870680783358
-262.216616522803,-274.355312825518,3.38353424007126,-5.67968703912882,12.5593778018951,4.21868085873965,0.130523294858821,2.17892780272493,0.0688870680783358
-262.202384573597,-274.294127292481,3.36930229086463,-5.89909831234818,12.2984677677155,4.21868085873965,0.130523294858821,2.17892780272493,0.0688870680783358
-262.19581686038,-274.234467528091,3.36273457764807,-6.11061542449726,12.2984677677155,4.21868085873965,0.130523294858821,2.17892780272493,0.0688870680783358
-262.179279247997,-274.176806916362,3.34619696526517,-6.13536091892808,12.2984677677155,4.21868085873965,0.130523294858821,2.17892780272493,0.0688870680783358
-262.17864485551,-274.121491161463,3.34556257277829,-5.84199953708812,12.062355173111,4.21868085873965,0.130523294858821,2.17892780272493,0.0688870680783358
-262.160558688037,-274.06866923957,3.32747640530451,-5.82182472402748,12.062355173111,4.21868085873965,0.130523294858821,2.17892780272493,0.0688870680783358
-262.142758803982,-274.018074527996,3.30967652125008,-5.95900693671462,12.062355173111,4.21868085873965,0.130523294858821,2.17892780272493,0.0688870680783358
-262.134611075407,-273.970155087702,3.30152879267503,-5.99569891438034,11.85218633461,4.21868085873965,0.130523294858821,2.17892780272493,0.0688870680783358
-262.131478814816,-273.924774090424,3.29839653208402,-5.78018901433887,11.85218633461,4.21868085873965,0.130523294858821,2.17892780272493,0.0688870680783358
-262.120291547885,-273.882539931315,3.28720926515286,-5.90237147544879,11.85218633461,4.21868085873965,0.130523294858821,2.17892780272493,0.0688870680783358
-262.106268270754,-273.842832126874,3.27318598802195,-6.4903861441586,11.85218633461,4.21868085873965,0.130523294858821,2.17892780272493,0.0688870680783358
-262.080385194215,-273.806328821442,3.24730291148251,-6.13609532521752,11.6170293216705,4.21868085873965,0.130523294858821,2.17892780272493,0.0688870680783358
-262.078445564878,-273.773298012047,3.24536328214614,-5.71743849276173,11.6170293216705,4.21868085873965,0.130523294858821,2.17892780272493,0.0688870680783358
-262.059199424067,-273.743123481465,3.22611714133469,-5.99540156044211,11.6170293216705,4.21868085873965,0.130523294858821,2.17892780272493,0.0688870680783358
-262.052482332604,-273.716803551326,3.21940004987187,-5.9648192297969,11.4291345005035,4.21868085873965,0.130523294858821,2.17892780272493,0.0688870680783358
-262.047904869982,-273.693697768915,3.21482258725048,-5.54872510479053,11.4291345005035,4.21868085873965,0.130523294858821,2.17892780272493,0.0688870680783358
-262.030028085343,-273.674156690077,3.19694580261093,-4.86550431987937,11.4291345005035,4.21868085873965,0.130523294858821,2.17892780272493,0.0688870680783358
-262.027365620125,-273.658452772827,3.19428333739302,-5.00555650521285,11.2876626377106,4.21868085873965,0.130523294858821,2.17892780272493,0.0688870680783358
-262.029551044935,-273.646429316667,3.19646876220303,-5.28170720624611,11.2876626377106,4.21868085873965,0.130523294858821,2.17892780272493,0.0688870680783358
-262.001257024156,-273.638377590219,3.16817474142445,-5.29193163683305,11.2876626377106,4.21868085873965,0.130523294858821,2.17892780272493,0.0688870680783358
-261.992799825192,-273.634242604874,3.15971754245958,-5.49143340146629,11.2876626377106,4.21868085873965,0.130523294858821,2.17892780272493,0.0688870680783358
-261.996567047072,-273.634160280401,3.16348476433964,-4.42761459598313,11.2173901920319,4.21868085873965,0.130523294858821,2.17892780272493,0.0688870680783358
-261.974626224349,-273.638276653646,3.14154394161686,-3.38942692228287,11.2173901920319,4.21868085873965,0.130523294858821,2.17892780272493,0.0688870680783358
-261.969564063823,-273.646630282767,3.13648178109088,-3.63863206135797,11.2173901920319,4.21868085873965,0.130523294858821,2.17892780272493,0.0688870680783358
-261.963921359287,-273.658813815794,3.13083907655526,-3.41758280146089,11.2404252414703,4.21868085873965,0.130523294858821,2.17892780272493,0.0688870680783358
-261.962372859553,-273.675537105785,3.12929057682076,-2.94865731359461,11.2404252414703,4.21868085873965,0.130523294858821,2.17892780272493,0.0688870680783358
-261.943250757612,-273.696437326291,3.11016847487966,-3.03617755994884,11.2404252414703,4.21868085873965,0.130523294858821,2.17892780272493,0.0688870680783358
-261.947465121704,-273.721723241974,3.1143828389722,-2.64764807321319,11.3140813236237,4.21868085873965,0.130523294858821,2.17892780272493,0.0688870680783358
-261.945441482632,-273.75169653703,3.11235919990033,-2.17619373470573,11.3140813236237,4.21868085873965,0.130523294858821,2.17892780272493,0.0688870680783358
-261.938791225825,-273.785633793555,3.1057089430927,-1.7032353388212,11.3140813236237,4.21868085873965,0.130523294858821,2.17892780272493,0.0688870680783358
-261.937421888757,-273.824580526372,3.1043396060248,-0.855680566004729,11.501392496109,4.21868085873965,0.130523294858821,2.17892780272493,0.0688870680783358
-261.936795886407,-273.867173435781,3.10371360367523,-0.244481631901559,11.501392496109,4.21868085873965,0.130523294858821,2.17892780272493,0.0688870680783358
-261.944644318486,-273.914692904498,3.11156203575375,0.0715840584979975,11.501392496109,4.21868085873965,0.130523294858821,2.17892780272493,0.0688870680783358
-261.940820763604,-273.96705604423,3.10773848087165,-0.0630990230942248,11.501392496109,4.21868085873965,0.130523294858821,2.17892780272493,0.0688870680783358
-261.941069783743,-274.023271764989,3.10798750101127,0.97633734174426,11.7583886508942,4.21868085873965,0.130523294858821,2.17892780272493,0.0688870680783358
-261.946528097665,-274.084322430662,3.11344581493272,1.92263229561758,11.7583886508942,4.21868085873965,0.130523294858821,2.17892780272493,0.0688870680783358
-261.944227713954,-274.14927117829,3.11114543122182,3.5380807851009,11.7583886508942,4.21868085873965,0.130523294858821,2.17892780272493,0.0688870680783358
-261.955218027208,-274.218896651522,3.12213574447573,4.61718834324439,12.0631619815826,4.21868085873965,0.130523294858821,2.17892780272493,0.0688870680783358
-261.954001766765,-274.293656482937,3.12091948403331,4.67884979188472,12.0631619815826,4.21868085873965,0.130523294858821,2.17892780272493,0.0688870680783358
-261.965268067639,-274.370997255117,3.13218578490704,5.72778357159893,12.0631619815826,4.21868085873965,0.130523294858821,2.17892780272493,0.0688870680783358
-261.980269092295,-274.453147844655,3.14718680956289,6.46282412475383,12.3693887119293,4.21868085873965,0.130523294858821,2.17892780272493,0.0688870680783358
-261.993498871794,-274.539418842778,3.16041658906169,7.32145999302722,12.3693887119293,4.21868085873965,0.130523294858821,2.17892780272493,0.0688870680783358
-262.000977445617,-274.629848966488,3.16789516288535,6.49627241712885,12.3693887119293,4.21868085873965,0.130523294858821,2.17892780272493,0.0688870680783358
-262.021225062734,-274.724787441137,3.18814278000223,5.84500085473475,12.3693887119293,4.21868085873965,0.130523294858821,2.17892780272493,0.0688870680783358
-262.038230318661,-274.822788812649,3.2051480359287,6.01978853894857,12.6066476230621,4.21868085873965,0.130523294858821,2.17892780272493,0.0688870680783358
-262.031216833257,-274.927853801387,3.19813455052548,6.09029047191268,12.6066476230621,4.21868085873965,0.130523294858821,2.17892780272493,0.0688870680783358
-262.042111687904,-275.03117458359,3.20902940517204,6.10108500522339,12.6066476230621,4.21868085873965,0.130523294858821,2.17892780272493,0.0688870680783358
-262.061837712379,-275.140329606899,3.22875542964746,5.77021202633368,12.7980309848785,4.21868085873965,0.130523294858821,2.17892780272493,0.0688870680783358
-262.06760537394,-275.254027618596,3.23452309120814,5.46784592909535,12.7980309848785,4.21868085873965,0.130523294858821,2.17892780272493,0.0688870680783358
-262.080186221246,-275.369557070607,3.24710393851413,5.45391722508898,12.7980309848785,4.21868085873965,0.130523294858821,2.17892780272493,0.0688870680783358
-262.091506798317,-275.489507220654,3.25842451558472,5.00594704996914,13.0613404636383,4.21868085873965,0.130523294858821,2.17892780272493,0.0688870680783358
-262.115349248049,-275.611635519127,3.28226696531669,5.12768890125282,13.0613404636383,4.21868085873965,0.130523294858821,2.17892780272493,0.0688870680783358
-262.112089346522,-275.737039245997,3.27900706379047,5.70712334616697,13.0613404636383,4.21868085873965,0.130523294858821,2.17892780272493,0.0688870680783358
-262.116552448117,-275.866171230734,3.28347016538533,5.89297771790707,13.0613404636383,4.21868085873965,0.130523294858821,2.17892780272493,0.0688870680783358
-262.117376865554,-275.997075974279,3.2842945828217,5.43381595051886,13.3471967105865,4.21868085873965,0.130523294858821,2.17892780272493,0.0688870680783358
-262.139252370309,-276.130719552684,3.30617008757667,5.58485815497938,13.3471967105865,4.21868085873965,0.130523294858821,2.17892780272493,0.0688870680783358
-262.147448406226,-276.266661736563,3.31436612349367,6.0447589650806,13.3471967105865,4.21868085873965,0.130523294858821,2.17892780272493,0.0688870680783358
-262.148775659826,-276.405085534624,3.31569337709353,5.41056335012143,13.7002793674469,4.21868085873965,0.130523294858821,2.17892780272493,0.0688870680783358
-262.164160856885,-276.54523029325,3.33107857415349,5.41232550735964,13.7002793674469,4.21868085873965,0.130523294858821,2.17892780272493,0.0688870680783358
-262.180052304359,-276.688054703355,3.34697002162676,5.95929008864373,13.7002793674469,4.21868085873965,0.130523294858821,2.17892780272493,0.0688870680783358
-262.173269243253,-276.831775020193,3.34018696052085,5.98765518330151,13.7002793674469,4.21868085873965,0.130523294858821,2.17892780272493,0.0688870680783358
-262.190585213728,-276.977005552056,3.35750293099568,6.8858408350476,14.167278421402,4.21868085873965,0.130523294858821,2.17892780272493,0.0688870680783358
-262.210067695224,-277.122846775946,3.37698541249171,8.02559550987605,14.167278421402,4.21868085873965,0.130523294858821,2.17892780272493,0.0688870680783358
-262.214593498756,-277.271098854297,3.3815112160242,8.60097750347898,14.167278421402,4.21868085873965,0.130523294858821,2.17892780272493,0.0688870680783358
-262.233041258479,-277.419539466867,3.39995897574696,7.30965598901569,14.7074204807281,4.21868085873965,0.130523294858821,2.17892780272493,0.0688870680783358
-262.237450670512,-277.571542893002,3.40436838778047,7.5283564375391,14.7074204807281,4.21868085873965,0.130523294858821,2.17892780272493,0.0688870680783358
-262.257405208734,-277.719277518031,3.42432292600237,8.96104123295356,14.7074204807281,4.21868085873965,0.130523294858821,2.17892780272493,0.0688870680783358
-262.28483044759,-277.869897698265,3.45174816485788,9.0504163513335,15.2721997623444,4.21868085873965,0.130523294858821,2.17892780272493,0.0688870680783358
-262.291610531548,-278.020495925033,3.4585282488156,9.93742332089264,15.2721997623444,4.21868085873965,0.130523294858821,2.17892780272493,0.0688870680783358
-262.310499203974,-278.170935754847,3.47741692124243,10.2354565593961,15.2721997623444,4.21868085873965,0.130523294858821,2.17892780272493,0.0688870680783358
-262.339674179999,-278.321261453147,3.50659189726737,9.78602025289891,15.7910233860016,4.21868085873965,0.130523294858821,2.17892780272493,0.0688870680783358
-262.357206294456,-278.47148038811,3.52412401172442,10.1933663948066,15.7910233860016,4.21868085873965,0.130523294858821,2.17892780272493,0.0688870680783358
-262.381577892741,-278.623768984678,3.54849561000881,11.15506876572,15.7910233860016,4.21868085873965,0.130523294858821,2.17892780272493,0.0688870680783358
-262.392315150513,-278.774194645157,3.5592328677807,11.9499881857696,15.7910233860016,4.21868085873965,0.130523294858821,2.17892780272493,0.0688870680783358
-262.431679082424,-278.919506430321,3.59859679969154,11.7131815864069,16.3342124347687,4.21868085873965,0.130523294858821,2.17892780272493,0.0688870680783358
-262.450345357544,-279.06641702075,3.61726307481208,11.7355004427644,16.3342124347687,4.21868085873965,0.130523294858821,2.17892780272493,0.0688870680783358
-262.466383846377,-279.210946097592,3.63330156364455,11.9837101213709,16.3342124347687,4.21868085873965,0.130523294858821,2.17892780272493,0.0688870680783358
-262.489344989618,-279.355785210138,3.65626270688585,11.3865854274956,16.8550330524445,4.21868085873965,0.130523294858821,2.17892780272493,0.0688870680783358
-262.506143310604,-279.498147040656,3.67306102787185,12.0841902211398,16.8550330524445,4.21868085873965,0.130523294858821,2.17892780272493,0.0688870680783358
-262.54340674473,-279.640285367305,3.71032446199843,13.0950778894831,16.8550330524445,4.21868085873965,0.130523294858821,2.17892780272493,0.0688870680783358
-262.551255694858,-279.778036929977,3.71817341212638,11.7497244705503,17.3984710102081,4.21868085873965,0.130523294858821,2.17892780272493,0.0688870680783358
-262.580822594251,-279.913941946016,3.74774031151903,11.199936163746,17.3984710102081,4.21868085873965,0.130523294858821,2.17892780272493,0.0688870680783358
-262.601528255998,-280.047618554785,3.76844597326587,11.5598793868514,17.3984710102081,4.21868085873965,0.130523294858821,2.17892780272493,0.0688870680783358
-262.629671897833,-280.18005556746,3.79658961510093,12.292345063338,17.3984710102081,4.21868085873965,0.130523294858821,2.17892780272493,0.0688870680783358
-262.647041208369,-280.309318466137,3.81395892563741,11.3354046951057,17.8471518878937,4.21868085873965,0.130523294858821,2.17892780272493,0.0688870680783358
-262.668662191303,-280.435080682481,3.83557990857081,10.1095838872386,17.8471518878937,4.21868085873965,0.130523294858821,2.17892780272493,0.0688870680783358
-262.688044174555,-280.559295148593,3.85496189182327,11.0487025575319,17.8471518878937,4.21868085873965,0.130523294858821,2.17892780272493,0.0688870680783358
-262.702199075746,-280.679427125949,3.86911679301427,10.783287370159,18.2706481342316,4.21868085873965,0.130523294858821,2.17892780272493,0.0688870680783358
-262.722923903624,-280.795956567141,3.88984162089157,10.6086349104461,18.2706481342316,4.21868085873965,0.130523294858821,2.17892780272493,0.0688870680783358
-262.75913596473,-280.909979927044,3.92605368199772,10.4047309878264,18.2706481342316,4.21868085873965,0.130523294858821,2.17892780272493,0.0688870680783358
-262.753549129833,-281.019918364077,3.92046684710068,9.7998798150166,18.6730529193878,4.21868085873965,0.130523294858821,2.17892780272493,0.0688870680783358
-262.785752135433,-281.127179408822,3.95266985270054,9.85447831629895,18.6730529193878,4.21868085873965,0.130523294858821,2.17892780272493,0.0688870680783358
-262.806477854762,-281.229657594316,3.97339557203003,9.71625092052851,18.6730529193878,4.21868085873965,0.130523294858821,2.17892780272493,0.0688870680783358
-262.825257953314,-281.329202499833,3.99217567058202,10.4652784395235,18.6730529193878,4.21868085873965,0.130523294858821,2.17892780272493,0.0688870680783358
-262.838404773683,-281.423908459613,4.00532249095076,9.22286912689244,19.0746718769073,4.21868085873965,0.130523294858821,2.17892780272493,0.0688870680783358
-262.850600104743,-281.515980266254,4.01751782201093,9.18608472943647,19.0746718769073,4.21868085873965,0.130523294858821,2.17892780272493,0.0688870680783358
-262.880505485385,-281.602632187422,4.04742320265339,8.88997627450598,19.0746718769073,4.21868085873965,0.130523294858821,2.17892780272493,0.0688870680783358
-262.891676092086,-281.685547247223,4.05859380935375,9.10030537422115,19.3804351215363,4.21868085873965,0.130523294858821,2.17892780272493,0.0688870680783358
-262.91709107575,-281.76476705819,4.0840087930179,8.13105791861734,19.3804351215363,4.21868085873965,0.130523294858821,2.17892780272493,0.0688870680783358
-262.922040008306,-281.83954205175,4.08895772557372,8.16976123036737,19.3804351215363,4.21868085873965,0.130523294858821,2.17892780272493,0.0688870680783358
-262.943966139086,-281.91047202834,4.11088385635389,7.43992036525356,19.3804351215363,4.21868085873965,0.130523294858821,2.17892780272493,0.0688870680783358
-262.949535950138,-281.975825876174,4.11645366740593,7.24815322260552,19.662543428421,4.21868085873965,0.130523294858821,2.17892780272493,0.0688870680783358
-262.960657804698,-282.037855871627,4.12757552196602,7.29878068050458,19.662543428421,4.21868085873965,0.130523294858821,2.17892780272493,0.0688870680783358
-262.98756993658,-282.095363702182,4.15448765384835,7.43771417209303,19.662543428421,4.21868085873965,0.130523294858821,2.17892780272493,0.0688870680783358
-262.999776735576,-282.148179105787,4.16669445284434,6.83856153746654,19.8510009174347,4.21868085873965,0.130523294858821,2.17892780272493,0.0688870680783358
-263.00341358524,-282.196977041052,4.17033130250838,6.52017425084045,19.8510009174347,4.21868085873965,0.130523294858821,2.17892780272493,0.0688870680783358
-263.022108733827,-282.240743662624,4.1890264510947,6.57449981703284,19.8510009174347,4.21868085873965,0.130523294858821,2.17892780272493,0.0688870680783358
-263.036288773034,-282.280417105472,4.20320649030165,5.84100592291635,19.9916602497101,4.21868085873965,0.130523294858821,2.17892780272493,0.0688870680783358
-263.034019540782,-282.31574528353,4.20093725804982,5.30139058521124,19.9916602497101,4.21868085873965,0.130523294858821,2.17892780272493,0.0688870680783358
-263.039071018503,-282.346496648226,4.20598873577149,5.49599322329576,19.9916602497101,4.21868085873965,0.130523294858821,2.17892780272493,0.0688870680783358
-263.069496698524,-282.372808345442,4.23641441579242,4.97519575857217,19.9939338092804,4.21868085873965,0.130523294858821,2.17892780272493,0.0688870680783358
-263.07336947049,-282.394848504451,4.24028718775771,4.17818518193232,19.9939338092804,4.21868085873965,0.130523294858821,2.17892780272493,0.0688870680783358
-263.082161417239,-282.41252641254,4.24907913450723,3.76341581326674,19.9939338092804,4.21868085873965,0.130523294858821,2.17892780272493,0.0688870680783358
-263.080321798353,-282.425984000728,4.247239515621,3.64309375778846,19.9939338092804,4.21868085873965,0.130523294858821,2.17892780272493,0.0688870680783358
-263.085424755069,-282.43503774952,4.25234247233708,3.22851943316607,19.8771354084015,4.21868085873965,0.130523294858821,2.17892780272493,0.0688870680783358
-263.091421755315,-282.440054319761,4.25833947258292,2.89854855068273,19.8771354084015,4.21868085873965,0.130523294858821,2.17892780272493,0.0688870680783358
-263.100144992004,-282.440871038432,4.26706270927169,2.29349667965275,19.8771354084015,4.21868085873965,0.130523294858821,2.17892780272493,0.0688870680783358
-263.112077204837,-282.437670047739,4.2789949221051,0.666938718501098,19.5958014850616,4.21868085873965,0.130523294858821,2.17892780272493,0.0688870680783358
-263.111419054705,-282.430458367415,4.27833677197326,-0.616916207391745,19.5958014850616,4.21868085873965,0.130523294858821,2.17892780272493,0.0688870680783358
-263.114398996342,-282.419383374827,4.28131671360959,-0.3516019585881,19.5958014850616,4.21868085873965,0.130523294858821,2.17892780272493,0.0688870680783358
-263.100888623258,-282.40450702677,4.26780634052643,-0.0115299773308736,19.2906867389679,4.21868085873965,0.130523294858821,2.17892780272493,0.0688870680783358
-263.105431256427,-282.3858449115,4.27234897369549,-0.605334943763777,19.2906867389679,4.21868085873965,0.130523294858821,2.17892780272493,0.0688870680783358
-263.097214090073,-282.363570628417,4.26413180734087,-2.63841119700334,19.2906867389679,4.21868085873965,0.130523294858821,2.17892780272493,0.0688870680783358
-263.093206061629,-282.337200357523,4.26012377889684,-4.21997379185477,19.2906867389679,4.21868085873965,0.130523294858821,2.17892780272493,0.0688870680783358
-263.090650728261,-282.30846023843,4.25756844552899,-4.49025831007464,18.9144050006866,4.21868085873965,0.130523294858821,2.17892780272493,0.0688870680783358
-263.066912795218,-282.275879877988,4.23383051248571,-5.135827265071,18.9144050006866,4.21868085873965,0.130523294858821,2.17892780272493,0.0688870680783358
-263.059360600833,-282.240362377782,4.22627831810146,-5.50511377981843,18.9144050006866,4.21868085873965,0.130523294858821,2.17892780272493,0.0688870680783358
-263.057410191253,-282.201618921932,4.22432790852068,-6.61501695767139,18.5839377765656,4.21868085873965,0.130523294858821,2.17892780272493,0.0688870680783358
-263.055109075406,-282.159237836046,4.22202679267375,-6.45613620485928,18.5839377765656,4.21868085873965,0.130523294858821,2.17892780272493,0.0688870680783358
-263.038651130706,-282.114821737206,4.2055688479738,-6.0964134565305,18.5839377765656,4.21868085873965,0.130523294858821,2.17892780272493,0.0688870680783358
-263.012292914408,-282.067457931367,4.17921063167553,-5.69123749135454,18.3932486896515,4.21868085873965,0.130523294858821,2.17892780272493,0.0688870680783358
-263.004042045543,-282.017664040312,4.17095976281062,-5.28047150400485,18.3932486896515,4.21868085873965,0.130523294858821,2.17892780272493,0.0688870680783358
-262.998569852095,-281.965219874703,4.16548756936252,-4.81582166270293,18.3932486896515,4.21868085873965,0.130523294858821,2.17892780272493,0.0688870680783358
-262.99026516051,-281.910381108376,4.15718287777844,-4.66474164542587,18.3932486896515,4.21868085873965,0.130523294858821,2.17892780272493,0.0688870680783358
-262.973538082649,-281.853410171101,4.14045579991662,-5.04021824689268,18.3195754413605,4.21868085873965,0.130523294858821,2.17892780272493,0.0688870680783358
-262.969019183097,-281.794289302575,4.13593690036468,-4.63910579467884,18.3195754413605,4.21868085873965,0.130523294858821,2.17892780272493,0.0688870680783358
-262.956745909984,-281.733298016263,4.12366362725181,-4.38385634817899,18.3195754413605,4.21868085873965,0.130523294858821,2.17892780272493,0.0688870680783358
-262.949465135041,-281.670316416718,4.11638285230898,-3.68450421350758,18.2896453266144,4.21868085873965,0.130523294858821,2.17892780272493,0.0688870680783358
-262.956819878859,-281.605461958487,4.12373759612683,-3.40885279162921,18.2896453266144,4.21868085873965,0.130523294858821,2.17892780272493,0.0688870680783358
-262.946472587443,-281.539810770563,4.11339030471103,-3.42114141573617,18.2896453266144,4.21868085873965,0.130523294858821,2.17892780272493,0.0688870680783358
-262.933757760439,-281.471637621331,4.10067547770737,-2.50530553452241,18.3090506916046,4.21868085873965,0.130523294858821,2.17892780272493,0.0688870680783358
-262.936827370946,-281.402739607588,4.10374508821371,-2.21801426656678,18.3090506916046,4.21868085873965,0.130523294858821,2.17892780272493,0.0688870680783358
-262.931197715067,-281.333200578454,4.09811543233463,-2.20628464036409,18.3090506916046,4.21868085873965,0.130523294858821,2.17892780272493,0.0688870680783358
-262.925703476582,-281.261853793065,4.09262119384968,-2.3190899357153,18.3090506916046,4.21868085873965,0.130523294858821,2.17892780272493,0.0688870680783358
-262.921641604536,-281.189777236296,4.08855932180435,-1.6859678715857,18.1902648334503,4.21868085873965,0.130523294858821,2.17892780272493,0.0688870680783358
-262.92272633878,-281.116837899652,4.08964405604756,-1.26232126602922,18.1902648334503,4.21868085873965,0.130523294858821,2.17892780272493,0.0688870680783358
-262.916350468979,-281.042748264328,4.0832681862471,-1.15619701780317,18.1902648334503,4.21868085873965,0.130523294858821,2.17892780272493,0.0688870680783358
-262.920972430571,-280.968750497384,4.08789014783906,-1.08311691740067,18.0739966754913,4.21868085873965,0.130523294858821,2.17892780272493,0.0688870680783358
-262.913847009494,-280.894480743572,4.08076472676172,-1.01573890823603,18.0739966754913,4.21868085873965,0.130523294858821,2.17892780272493,0.0688870680783358
-262.914465886756,-280.819629782114,4.08138360402405,-1.00605122452106,18.0739966754913,4.21868085873965,0.130523294858821,2.17892780272493,0.0688870680783358
-262.928525576828,-280.744354813525,4.09544329409639,-0.691232868969158,17.9090072040558,4.21868085873965,0.130523294858821,2.17892780272493,0.0688870680783358
-262.917695717937,-280.668928408546,4.08461343520533,-0.796958313219648,17.9090072040558,4.21868085873965,0.130523294858821,2.17892780272493,0.0688870680783358
-262.910945010158,-280.593710499061,4.07786272742577,-0.935519488744955,17.9090072040558,4.21868085873965,0.130523294858821,2.17892780272493,0.0688870680783358
-262.911000996039,-280.518238948419,4.07791871330732,-1.71114239601872,17.9090072040558,4.21868085873965,0.130523294858821,2.17892780272493,0.0688870680783358
-262.912036801726,-280.44367151477,4.07895451899398,-2.14887226087522,17.6738692646027,4.21868085873965,0.130523294858821,2.17892780272493,0.0688870680783358
-262.911648944538,-280.368159962298,4.07856666180612,-2.03196846969386,17.6738692646027,4.21868085873965,0.130523294858821,2.17892780272493,0.0688870680783358
-262.901490240851,-280.293798166174,4.06840795811908,-2.61110241099978,17.6738692646027,4.21868085873965,0.130523294858821,2.17892780272493,0.0688870680783358
-262.905979901687,-280.219344040052,4.07289761895535,-2.69983838718241,17.3682166461945,4.21868085873965,0.130523294858821,2.17892780272493,0.0688870680783358
-262.893265442387,-280.145913321707,4.06018315965528,-2.80300368374885,17.3682166461945,4.21868085873965,0.130523294858821,2.17892780272493,0.0688870680783358
-262.882175093458,-280.072438407059,4.04909281072618,-3.1149874956324,17.3682166461945,4.21868085873965,0.130523294858821,2.17892780272493,0.0688870680783358
-262.870381559786,-279.999305716073,4.03729927705354,-3.73019738925197,17.1562339191437,4.21868085873965,0.130523294858821,2.17892780272493,0.0688870680783358
-262.881685144774,-279.92703294733,4.04860286204228,-3.82747534594795,17.1562339191437,4.21868085873965,0.130523294858821,2.17892780272493,0.0688870680783358
-262.860134657141,-279.856343764735,4.02705237440915,-4.09675617363462,17.1562339191437,4.21868085873965,0.130523294858821,2.17892780272493,0.0688870680783358
-262.850536003596,-279.785390224514,4.01745372086437,-4.24096718197401,17.1562339191437,4.21868085873965,0.130523294858821,2.17892780272493,0.0688870680783358
-262.839303226905,-279.715951617157,4.00622094417258,-4.38067125444024,16.9659911518097,4.21868085873965,0.130523294858821,2.17892780272493,0.0688870680783358
-262.830840799784,-279.646493636651,3.99775851705181,-4.47046162466671,16.9659911518097,4.21868085873965,0.130523294858821,2.17892780272493,0.0688870680783358
-262.825886298809,-279.578805650286,3.99280401607671,-4.31954842835238,16.9659911518097,4.21868085873965,0.130523294858821,2.17892780272493,0.0688870680783358
-262.812100450406,-279.510998527821,3.97901816767443,-4.07274869209715,16.7322112445831,4.21868085873965,0.130523294858821,2.17892780272493,0.0688870680783358
-262.802653953693,-279.44510460547,3.96957167096063,-4.17414163883953,16.7322112445831,4.21868085873965,0.130523294858821,2.17892780272493,0.0688870680783358
-262.803458696557,-279.379711067839,3.97037641382486,-4.32779843546496,16.7322112445831,4.21868085873965,0.130523294858821,2.17892780272493,0.0688870680783358
-262.784991190826,-279.315249850373,3.9519089080941,-4.26906525755459,16.5200873737335,4.21868085873965,0.130523294858821,2.17892780272493,0.0688870680783358
-262.785707452907,-279.250905578708,3.95262517017503,-4.28589991536026,16.5200873737335,4.21868085873965,0.130523294858821,2.17892780272493,0.0688870680783358
-262.772839186712,-279.188597272819,3.93975690397991,-4.62481067799809,16.5200873737335,4.21868085873965,0.130523294858821,2.17892780272493,0.0688870680783358
-262.769981596044,-279.12576690351,3.9368993133117,-4.6785062323725,16.5200873737335,4.21868085873965,0.130523294858821,2.17892780272493,0.0688870680783358
-262.769745987048,-279.06605896309,3.93666370431589,-4.35847880944113,16.3567077045441,4.21868085873965,0.130523294858821,2.17892780272493,0.0688870680783358
-262.753479071672,-279.00557015732,3.92039678894046,-4.42319711283807,16.3567077045441,4.21868085873965,0.130523294858821,2.17892780272493,0.0688870680783358
-262.741739363972,-278.947330547585,3.90865708124011,-4.68011792063773,16.3567077045441,4.21868085873965,0.130523294858821,2.17892780272493,0.0688870680783358
-262.738818748438,-278.889337653028,3.90573646570608,-4.0139247350344,16.1458007221222,4.21868085873965,0.130523294858821,2.17892780272493,0.0688870680783358
-262.725869901938,-278.831733018928,3.89278761920592,-3.79820255485444,16.1458007221222,4.21868085873965,0.130523294858821,2.17892780272493,0.0688870680783358
-262.734799154978,-278.775474379625,3.90171687224572,-4.10612265276118,16.1458007221222,4.21868085873965,0.130523294858821,2.17892780272493,0.0688870680783358
-262.70518923003,-278.719375788723,3.87210694729784,-4.02352544638585,15.9793015842438,4.21868085873965,0.130523294858821,2.17892780272493,0.0688870680783358
-262.701499620637,-278.664400018711,3.86841733790472,-3.91773113220405,15.9793015842438,4.21868085873965,0.130523294858821,2.17892780272493,0.0688870680783358
-262.689439746826,-278.610355079922,3.85635746409413,-4.22298422975537,15.9793015842438,4.21868085873965,0.130523294858821,2.17892780272493,0.0688870680783358
-262.684050471642,-278.556321930264,3.85096818890984,-4.51067841134748,15.9793015842438,4.21868085873965,0.130523294858821,2.17892780272493,0.0688870680783358
-262.670117458639,-278.503652305736,3.83703517590717,-4.50495966780743,15.8150483493805,4.21868085873965,0.130523294858821,2.17892780272493,0.0688870680783358
-262.670460561158,-278.45053242067,3.83737827842567,-4.70682854115669,15.8150483493805,4.21868085873965,0.130523294858821,2.17892780272493,0.0688870680783358
-262.656811415468,-278.398932710752,3.82372913273576,-4.58038254162858,15.8150483493805,4.21868085873965,0.130523294858821,2.17892780272493,0.0688870680783358
-262.659674984845,-278.347202256862,3.82659270211283,-4.00278518325868,15.6252881412506,4.21868085873965,0.130523294858821,2.17892780272493,0.0688870680783358
-262.64015260496,-278.296057840143,3.80707032222805,-4.05439336176073,15.6252881412506,4.21868085873965,0.130523294858821,2.17892780272493,0.0688870680783358
-262.632014404922,-278.245151928104,3.79893212219012,-3.73448065320611,15.6252881412506,4.21868085873965,0.130523294858821,2.17892780272493,0.0688870680783358
-262.632923420088,-278.193744259541,3.79984113735582,-3.40753361440235,15.4828645114899,4.21868085873965,0.130523294858821,2.17892780272493,0.0688870680783358
-262.615728112597,-278.143661563003,3.78264582986454,-3.38351443639915,15.4828645114899,4.21868085873965,0.130523294858821,2.17892780272493,0.0688870680783358
-262.616370578315,-278.093452544839,3.78328829558278,-3.92590982569399,15.4828645114899,4.21868085873965,0.130523294858821,2.17892780272493,0.0688870680783358
-262.603069242355,-278.042906395172,3.76998695962283,-4.37255647371864,15.4828645114899,4.21868085873965,0.130523294858821,2.17892780272493,0.0688870680783358
-262.593885151442,-277.993038755189,3.76080286870961,-3.83569597568942,15.3168202762604,4.21868085873965,0.130523294858821,2.17892780272493,0.0688870680783358
-262.592798402156,-277.942119146457,3.75971611942366,-3.5512996185078,15.3168202762604,4.21868085873965,0.130523294858821,2.17892780272493,0.0688870680783358
-262.582910823486,-277.892426126492,3.74982854075429,-3.7702800671744,15.3168202762604,4.21868085873965,0.130523294858821,2.17892780272493,0.0688870680783358
-262.576778292047,-277.841195931183,3.74369600931496,-3.64387302638626,15.1759358768463,4.21868085873965,0.130523294858821,2.17892780272493,0.0688870680783358
-262.56776123523,-277.790494201363,3.73467895249818,-3.4528440823543,15.1759358768463,4.21868085873965,0.130523294858821,2.17892780272493,0.0688870680783358
-262.558933407498,-277.739006155168,3.72585112476581,-3.63888589970715,15.1759358768463,4.21868085873965,0.130523294858821,2.17892780272493,0.0688870680783358
-262.557680298236,-277.687815396638,3.72459801550401,-3.27846808700593,15.0364323978424,4.21868085873965,0.130523294858821,2.17892780272493,0.0688870680783358
-262.547659013325,-277.635984479044,3.71457673059311,-3.57247124541586,15.0364323978424,4.21868085873965,0.130523294858821,2.17892780272493,0.0688870680783358
-262.554348534794,-277.583483561991,3.72126625206204,-3.44116104650521,15.0364323978424,4.21868085873965,0.130523294858821,2.17892780272493,0.0688870680783358
-262.538492906501,-277.530468969654,3.70541062376872,-3.84436110944785,15.0364323978424,4.21868085873965,0.130523294858821,2.17892780272493,0.0688870680783358
-262.532389371343,-277.477153090623,3.69930708861055,-3.73160382431942,14.9199391727448,4.21868085873965,0.130523294858821,2.17892780272493,0.0688870680783358
-262.532801629004,-277.423009976133,3.69971934627211,-3.71835248053586,14.9199391727448,4.21868085873965,0.130523294858821,2.17892780272493,0.0688870680783358
-262.526098529057,-277.36818412891,3.69301624632529,-3.60119742911265,14.9199391727448,4.21868085873965,0.130523294858821,2.17892780272493,0.0688870680783358
-262.513533198141,-277.312345833537,3.6804509154087,-3.25072231290279,14.8033963565826,4.21868085873965,0.130523294858821,2.17892780272493,0.0688870680783358
-262.504367483026,-277.256038727608,3.67128520029425,-3.17894291268017,14.8033963565826,4.21868085873965,0.130523294858821,2.17892780272493,0.0688870680783358
-262.501207426207,-277.199033492673,3.66812514347459,-3.04030611248736,14.8033963565826,4.21868085873965,0.130523294858821,2.17892780272493,0.0688870680783358
-262.496409254217,-277.140668934648,3.66332697148475,-2.90401221449541,14.6619035129547,4.21868085873965,0.130523294858821,2.17892780272493,0.0688870680783358
-262.504055971234,-277.08206590169,3.67097368850156,-2.85232041523092,14.6619035129547,4.21868085873965,0.130523294858821,2.17892780272493,0.0688870680783358
-262.480328635086,-277.022281795256,3.64724635235408,-3.13586195266349,14.6619035129547,4.21868085873965,0.130523294858821,2.17892780272493,0.0688870680783358
-262.474799119681,-276.961305029833,3.64171683694886,-3.26262449439804,14.6619035129547,4.21868085873965,0.130523294858821,2.17892780272493,0.0688870680783358
-262.471599670602,-276.900200709928,3.6385173878698,-2.86940031447491,14.5211945896149,4.21868085873965,0.130523294858821,2.17892780272493,0.0688870680783358
-262.474839623079,-276.837381593387,3.64175734034672,-2.39778955278938,14.5211945896149,4.21868085873965,0.130523294858821,2.17892780272493,0.0688870680783358
-262.475710689671,-276.774678395407,3.64262840693902,-2.5488670419211,14.5211945896149,4.21868085873965,0.130523294858821,2.17892780272493,0.0688870680783358
-262.471461194282,-276.709951318438,3.63837891154967,-3.22070823865435,14.4031392459869,4.21868085873965,0.130523294858821,2.17892780272493,0.0688870680783358
-262.446505888692,-276.644526982264,3.61342360595979,-2.80019780078459,14.4031392459869,4.21868085873965,0.130523294858821,2.17892780272493,0.0688870680783358
-262.459568040113,-276.578750279232,3.62648575738111,-2.59201776207826,14.4031392459869,4.21868085873965,0.130523294858821,2.17892780272493,0.0688870680783358
-262.451678234065,-276.511475640906,3.6185959513329,-2.48602687098258,14.2623807315826,4.21868085873965,0.130523294858821,2.17892780272493,0.0688870680783358
-262.452784016612,-276.443481084786,3.61970173387999,-2.44921983706395,14.2623807315826,4.21868085873965,0.130523294858821,2.17892780272493,0.0688870680783358
-262.436016903494,-276.374748255428,3.60293462076172,-3.10371130761563,14.2623807315826,4.21868085873965,0.130523294858821,2.17892780272493,0.0688870680783358
-262.429887906699,-276.303440950027,3.59680562396703,-3.52627815371767,14.2623807315826,4.21868085873965,0.130523294858821,2.17892780272493,0.0688870680783358
-262.422604096227,-276.232592369148,3.58952181349509,-3.23523337325814,14.0033437137604,4.21868085873965,0.130523294858821,2.17892780272493,0.0688870680783358
-262.42708565892,-276.162149804838,3.59400337618798,-3.49112533560932,14.0033437137604,4.21868085873965,0.130523294858821,2.17892780272493,0.0688870680783358
-262.41075061607,-276.091900238089,3.57766833333817,-3.61782652511176,14.0033437137604,4.21868085873965,0.130523294858821,2.17892780272493,0.0688870680783358
-262.412185173977,-276.019266892348,3.57910289124513,-3.62874914720607,13.8622075443268,4.21868085873965,0.130523294858821,2.17892780272493,0.0688870680783358
-262.398882094269,-275.945661300377,3.5657998115371,-3.63753380136249,13.8622075443268,4.21868085873965,0.130523294858821,2.17892780272493,0.0688870680783358
-262.393055611681,-275.872124486534,3.55997332894908,-3.71406686465458,13.8622075443268,4.21868085873965,0.130523294858821,2.17892780272493,0.0688870680783358
-262.387249976411,-275.797608709362,3.55416769367911,-3.76868406978594,13.6502019290924,4.21868085873965,0.130523294858821,2.17892780272493,0.0688870680783358
-262.37957919665,-275.723718914098,3.5464969139179,-3.84885105374533,13.6502019290924,4.21868085873965,0.130523294858821,2.17892780272493,0.0688870680783358
-262.371275421649,-275.648459721777,3.53819313891707,-4.3797990257768,13.6502019290924,4.21868085873965,0.130523294858821,2.17892780272493,0.0688870680783358
-262.360408136993,-275.573354233092,3.52732585426085,-4.71978227664058,13.6502019290924,4.21868085873965,0.130523294858821,2.17892780272493,0.0688870680783358
-262.350483282644,-275.49787095972,3.51740099991221,-4.43397415218358,13.3913651828766,4.21868085873965,0.130523294858821,2.17892780272493,0.0688870680783358
-262.340909471114,-275.422279037578,3.50782718838227,-4.55440564006939,13.3913651828766,4.21868085873965,0.130523294858821,2.17892780272493,0.0688870680783358
-262.338352445999,-275.347328770428,3.50527016326663,-4.58484081981372,13.3913651828766,4.21868085873965,0.130523294858821,2.17892780272493,0.0688870680783358
-262.323741029727,-275.27222797399,3.49065874699506,-4.5736085507595,13.202190530777,4.21868085873965,0.130523294858821,2.17892780272493,0.0688870680783358
-262.318346859014,-275.196981761652,3.48526457628245,-4.93276346432913,13.202190530777,4.21868085873965,0.130523294858821,2.17892780272493,0.0688870680783358
-262.294575063273,-275.122775510297,3.46149278054081,-5.11362434503394,13.202190530777,4.21868085873965,0.130523294858821,2.17892780272493,0.0688870680783358
-262.315722019048,-275.048214366207,3.48263973631585,-5.00350919447369,13.0113831882477,4.21868085873965,0.130523294858821,2.17892780272493,0.0688870680783358
-262.284961568706,-274.974652976172,3.45187928597407,-5.5308206505457,13.0113831882477,4.21868085873965,0.130523294858821,2.17892780272493,0.0688870680783358
-262.27886885766,-274.901683941871,3.44578657492833,-5.33550274918708,13.0113831882477,4.21868085873965,0.130523294858821,2.17892780272493,0.0688870680783358
-262.266821126439,-274.828844984598,3.43373884370679,-5.27521742252806,13.0113831882477,4.21868085873965,0.130523294858821,2.17892780272493,0.0688870680783358
-262.267081895296,-274.758175274555,3.43399961256441,-4.86117215900366,12.7754269962311,4.21868085873965,0.130523294858821,2.17892780272493,0.0688870680783358
-262.260537077283,-274.687031417203,3.42745479455059,-5.37998526776059,12.7754269962311,4.21868085873965,0.130523294858821,2.17892780272493,0.0688870680783358
-262.244988555411,-274.618562951321,3.41190627267945,-5.88843051669724,12.7754269962311,4.21868085873965,0.130523294858821,2.17892780272493,0.0688870680783358
-262.240141416885,-274.550224886409,3.40705913415318,-5.53622242057326,12.5399819736481,4.21868085873965,0.130523294858821,2.17892780272493,0.0688870680783358
-262.231971188571,-274.483822028296,3.3988889058385,-5.17931862027911,12.5399819736481,4.21868085873965,0.130523294858821,2.17892780272493,0.0688870680783358
-262.218543168733,-274.418898428422,3.38546088600078,-5.22052043465239,12.5399819736481,4.21868085873965,0.130523294858821,2.17892780272493,0.0688870680783358
-262.214799302519,-274.355684831794,3.3817170197869,-5.2282309560155,12.2799912815094,4.21868085873965,0.130523294858821,2.17892780272493,0.0688870680783358
-262.1960954721,-274.29443770996,3.36301318936827,-5.79543349059796,12.2799912815094,4.21868085873965,0.130523294858821,2.17892780272493,0.0688870680783358
-262.177174916594,-274.234432626984,3.34409263386154,-5.90992921894649,12.2799912815094,4.21868085873965,0.130523294858821,2.17892780272493,0.0688870680783358
-262.175772427382,-274.176618594057,3.34269014464994,-5.98199285949905,12.2799912815094,4.21868085873965,0.130523294858821,2.17892780272493,0.0688870680783358
-262.178088622519,-274.121943253684,3.34500633978746,-5.83833797983157,12.0203076725006,4.21868085873965,0.130523294858821,2.17892780272493,0.0688870680783358
-262.158122176802,-274.068965629552,3.32503989406974,-5.81347268058777,12.0203076725006,4.21868085873965,0.130523294858821,2.17892780272493,0.0688870680783358
-262.143259581258,-274.018286022038,3.31017729852623,-6.38413568459915,12.0203076725006,4.21868085873965,0.130523294858821,2.17892780272493,0.0688870680783358
-262.13795953952,-273.970355271044,3.30487725678758,-6.17303950957625,11.8075620059967,4.21868085873965,0.130523294858821,2.17892780272493,0.0688870680783358
-262.118278570671,-273.924894384821,3.28519628793944,-5.53093201302909,11.8075620059967,4.21868085873965,0.130523294858821,2.17892780272493,0.0688870680783358
-262.107137570132,-273.882510607122,3.27405528739977,-5.50214338258439,11.8075620059967,4.21868085873965,0.130523294858821,2.17892780272493,0.0688870680783358
-262.095042712166,-273.842782328387,3.26196042943389,-5.5000988354386,11.595070016861,4.21868085873965,0.130523294858821,2.17892780272493,0.0688870680783358
-262.086962300474,-273.806565692747,3.25388001774179,-5.6398770054581,11.595070016861,4.21868085873965,0.130523294858821,2.17892780272493,0.0688870680783358
-262.07599933933,-273.773343269385,3.2429170565984,-5.91720233787532,11.595070016861,4.21868085873965,0.130523294858821,2.17892780272493,0.0688870680783358
-262.061863212959,-273.743099896887,3.22878093022688,-6.50169445499575,11.595070016861,4.21868085873965,0.130523294858821,2.17892780272493,0.0688870680783358
-262.057993214702,-273.71681243623,3.22491093197042,-6.08319406633077,11.4070187931061,4.21868085873965,0.130523294858821,2.17892780272493,0.0688870680783358
-262.04497583553,-273.693667326687,3.21189355279849,-5.14586809665862,11.4070187931061,4.21868085873965,0.130523294858821,2.17892780272493,0.0688870680783358
-262.036132520804,-273.674278563919,3.20305023807232,-4.96601480172393,11.4070187931061,4.21868085873965,0.130523294858821,2.17892780272493,0.0688870680783358
-262.028660694862,-273.658520651364,3.19557841213014,-4.76727730796583,11.3130246524811,4.21868085873965,0.130523294858821,2.17892780272493,0.0688870680783358
-262.010472750877,-273.646466377188,3.17739046814541,-4.51539519279215,11.3130246524811,4.21868085873965,0.130523294858821,2.17892780272493,0.0688870680783358
-262.0110990205,-273.638389255359,3.17801673776785,-4.49087232628286,11.3130246524811,4.21868085873965,0.130523294858821,2.17892780272493,0.0688870680783358
-261.997112955393,-273.634273340679,3.16403067266091,-4.46795992050197,11.2202798252106,4.21868085873965,0.130523294858821,2.17892780272493,0.0688870680783358
-261.987705305561,-273.634164658434,3.1546230228286,-4.47554945846043,11.2202798252106,4.21868085873965,0.130523294858821,2.17892780272493,0.0688870680783358
-261.982320966765,-273.638199991918,3.14923868403316,-4.23193149430829,11.2202798252106,4.21868085873965,0.130523294858821,2.17892780272493,0.0688870680783358
-261.977700049407,-273.64654987001,3.14461776667541,-3.61147015707983,11.2202798252106,4.21868085873965,0.130523294858821,2.17892780272493,0.0688870680783358
-261.979060645379,-273.659221372945,3.14597836264729,-3.00839563337485,11.2668343906403,4.21868085873965,0.130523294858821,2.17892780272493,0.0688870680783358
-261.957741645849,-273.675748693654,3.12465936311701,-2.9034700042915,11.2668343906403,4.21868085873965,0.130523294858821,2.17892780272493,0.0688870680783358
-261.961826331729,-273.696478777438,3.12874404899666,-2.73859694778916,11.2668343906403,4.21868085873965,0.130523294858821,2.17892780272493,0.0688870680783358
-261.957691137971,-273.721884199673,3.12460885523941,-2.3096231474502,11.3613664035797,4.21868085873965,0.130523294858821,2.17892780272493,0.0688870680783358
-261.939856014302,-273.751646982685,3.10677373156959,-1.60847269217351,11.3613664035797,4.21868085873965,0.130523294858821,2.17892780272493,0.0688870680783358
-261.939652483063,-273.785876722854,3.10657020033095,-0.808827575286565,11.3613664035797,4.21868085873965,0.130523294858821,2.17892780272493,0.0688870680783358
-261.943129603813,-273.824303032031,3.11004732108128,-0.210637069583066,11.5485974674225,4.21868085873965,0.130523294858821,2.17892780272493,0.0688870680783358
-261.941501742219,-273.867454036271,3.10841945948742,0.590078473575616,11.5485974674225,4.21868085873965,0.130523294858821,2.17892780272493,0.0688870680783358
-261.935160841367,-273.914775859815,3.10207855863515,0.185786274963822,11.5485974674225,4.21868085873965,0.130523294858821,2.17892780272493,0.0688870680783358
-261.939017214634,-273.967101253188,3.10593493190248,-0.362094531825227,11.5485974674225,4.21868085873965,0.130523294858821,2.17892780272493,0.0688870680783358
-261.940698227991,-274.023229863822,3.10761594525899,0.0766572132584252,11.8292485599518,4.21868085873965,0.130523294858821,2.17892780272493,0.0688870680783358
-261.964608482349,-274.083977027344,3.13152619961748,3.43368611048288,11.8292485599518,4.21868085873965,0.130523294858821,2.17892780272493,0.0688870680783358
-261.960018594198,-274.148861782102,3.1269363114661,3.77747589097766,11.8292485599518,4.21868085873965,0.130523294858821,2.17892780272493,0.0688870680783358
-261.967854716926,-274.218366934059,3.13477243419363,3.86255763174825,12.1341019992828,4.21868085873965,0.130523294858821,2.17892780272493,0.0688870680783358
-261.974950346249,-274.292478875137,3.14186806351652,4.66497080527436,12.1341019992828,4.21868085873965,0.130523294858821,2.17892780272493,0.0688870680783358
-261.974004888231,-274.370806036197,3.14092260549853,6.17891625560383,12.1341019992828,4.21868085873965,0.130523294858821,2.17892780272493,0.0688870680783358
-261.989751418962,-274.453057328884,3.15666913623042,6.99793208551131,12.418010843277,4.21868085873965,0.130523294858821,2.17892780272493,0.0688870680783358
-262.003822659649,-274.539387206558,3.17074037691706,6.80712937826327,12.418010843277,4.21868085873965,0.130523294858821,2.17892780272493,0.0688870680783358
-262.012773073111,-274.629617453825,3.17969079037933,6.43894628375469,12.418010843277,4.21868085873965,0.130523294858821,2.17892780272493,0.0688870680783358
-262.018498496549,-274.724844927915,3.18541621381663,5.70438729902073,12.418010843277,4.21868085873965,0.130523294858821,2.17892780272493,0.0688870680783358
-262.036882101346,-274.823075740132,3.20379981861441,6.01170273209582,12.6340352420807,4.21868085873965,0.130523294858821,2.17892780272493,0.0688870680783358
-262.060312158751,-274.926141086931,3.22722987601876,5.68312111172666,12.6340352420807,4.21868085873965,0.130523294858821,2.17892780272493,0.0688870680783358
-262.059834273364,-275.030956327944,3.22675199063166,5.30012059017151,12.6340352420807,4.21868085873965,0.130523294858821,2.17892780272493,0.0688870680783358
-262.062665333386,-275.140767210858,3.22958305065357,4.99944285871321,12.8252049808502,4.21868085873965,0.130523294858821,2.17892780272493,0.0688870680783358
-262.071416877644,-275.253535502177,3.23833459491157,5.40874192977458,12.8252049808502,4.21868085873965,0.130523294858821,2.17892780272493,0.0688870680783358
-262.085079107353,-275.368994643325,3.25199682462068,5.74430013685348,12.8252049808502,4.21868085873965,0.130523294858821,2.17892780272493,0.0688870680783358
-262.093417757844,-275.489420575324,3.26033547511234,5.27248283531412,13.0416833286285,4.21868085873965,0.130523294858821,2.17892780272493,0.0688870680783358
-262.104323249524,-275.61138389891,3.27124096679227,5.09043265914484,13.0416833286285,4.21868085873965,0.130523294858821,2.17892780272493,0.0688870680783358
-262.120241014099,-275.736297123036,3.28715873136731,5.00942951733989,13.0416833286285,4.21868085873965,0.130523294858821,2.17892780272493,0.0688870680783358
-262.115740706109,-275.865165366938,3.28265842337722,5.13611140695032,13.0416833286285,4.21868085873965,0.130523294858821,2.17892780272493,0.0688870680783358
-262.124525348606,-275.996334097083,3.29144306587426,4.73096574087235,13.3016911869049,4.21868085873965,0.130523294858821,2.17892780272493,0.0688870680783358
-262.140468850154,-276.130623092403,3.30738656742241,5.13342797748143,13.3016911869049,4.21868085873965,0.130523294858821,2.17892780272493,0.0688870680783358
-262.146128032121,-276.26595876222,3.31304574938929,5.69150163815696,13.3016911869049,4.21868085873965,0.130523294858821,2.17892780272493,0.0688870680783358
-262.156436249916,-276.403906873559,3.32335396718414,5.40939110957531,13.6786290531158,4.21868085873965,0.130523294858821,2.17892780272493,0.0688870680783358
-262.166753053583,-276.544388617167,3.33367077085128,5.54558420531779,13.6786290531158,4.21868085873965,0.130523294858821,2.17892780272493,0.0688870680783358
-262.172315288944,-276.68778195256,3.33923300621225,5.68422810730252,13.6786290531158,4.21868085873965,0.130523294858821,2.17892780272493,0.0688870680783358
-262.185107879128,-276.830999337293,3.35202559639564,5.67057545899189,14.1234856967926,4.21868085873965,0.130523294858821,2.17892780272493,0.0688870680783358
-262.190855875075,-276.977458149929,3.35777359234324,6.75439004470924,14.1234856967926,4.21868085873965,0.130523294858821,2.17892780272493,0.0688870680783358
-262.203710550221,-277.124637427713,3.37062826748946,7.60255168358507,14.1234856967926,4.21868085873965,0.130523294858821,2.17892780272493,0.0688870680783358
-262.211629691575,-277.271275666091,3.37854740884269,8.07582358822237,14.1234856967926,4.21868085873965,0.130523294858821,2.17892780272493,0.0688870680783358
-262.234924020311,-277.420090803379,3.4018417375789,7.33175529945929,14.6620961551666,4.21868085873965,0.130523294858821,2.17892780272493,0.0688870680783358
-262.246658813971,-277.569452428636,3.41357653123869,7.540931069114,14.6620961551666,4.21868085873965,0.130523294858821,2.17892780272493,0.0688870680783358
-262.263982306035,-277.719080335111,3.43090002330326,8.82299127434623,14.6620961551666,4.21868085873965,0.130523294858821,2.17892780272493,0.0688870680783358
-262.274541232541,-277.869286980893,3.44145894980918,8.79203753521013,15.2026444797516,4.21868085873965,0.130523294858821,2.17892780272493,0.0688870680783358
-262.308856098589,-278.020711639396,3.4757738158574,9.79802687589721,15.2026444797516,4.21868085873965,0.130523294858821,2.17892780272493,0.0688870680783358
-262.317216907444,-278.170630308223,3.48413462471198,10.5160186020014,15.2026444797516,4.21868085873965,0.130523294858821,2.17892780272493,0.0688870680783358
-262.336343454055,-278.321763660749,3.50326117132277,9.9293679131197,15.7446843509674,4.21868085873965,0.130523294858821,2.17892780272493,0.0688870680783358
-262.364280953012,-278.471677089986,3.53119867028001,10.0864663682651,15.7446843509674,4.21868085873965,0.130523294858821,2.17892780272493,0.0688870680783358
-262.382922599202,-278.622130977251,3.54984031647015,11.5487103816317,15.7446843509674,4.21868085873965,0.130523294858821,2.17892780272493,0.0688870680783358
-262.404062088852,-278.771910781906,3.57097980611987,12.0187989227699,15.7446843509674,4.21868085873965,0.130523294858821,2.17892780272493,0.0688870680783358
-262.43166195236,-278.921774660993,3.59857966962784,11.6367575896522,16.3101645832062,4.21868085873965,0.130523294858821,2.17892780272493,0.0688870680783358
-262.446931516508,-279.068614429667,3.61384923377633,11.5622685825398,16.3101645832062,4.21868085873965,0.130523294858821,2.17892780272493,0.0688870680783358
-262.460079058393,-279.210997929251,3.62699677566053,12.0593214140289,16.3101645832062,4.21868085873965,0.130523294858821,2.17892780272493,0.0688870680783358
-262.495879753895,-279.355289586998,3.66279747116305,11.7241808137867,16.8093558673859,4.21868085873965,0.130523294858821,2.17892780272493,0.0688870680783358
-262.50251626551,-279.498163923633,3.66943398277819,11.8682667056066,16.8093558673859,4.21868085873965,0.130523294858821,2.17892780272493,0.0688870680783358
-262.541241359487,-279.638703247542,3.70815907675454,12.3204041956113,16.8093558673859,4.21868085873965,0.130523294858821,2.17892780272493,0.0688870680783358
-262.551286965928,-279.777446298788,3.718204683196,10.7595606590489,17.3293105487823,4.21868085873965,0.130523294858821,2.17892780272493,0.0688870680783358
-262.578412905807,-279.914910233183,3.74533062307464,11.1660441641118,17.3293105487823,4.21868085873965,0.130523294858821,2.17892780272493,0.0688870680783358
-262.601418997261,-280.048569677549,3.76833671452864,11.8860628436034,17.3293105487823,4.21868085873965,0.130523294858821,2.17892780272493,0.0688870680783358
-262.619087722223,-280.180957147272,3.78600543949115,12.6302108380308,17.3293105487823,4.21868085873965,0.130523294858821,2.17892780272493,0.0688870680783358
-262.651163214104,-280.309151032705,3.81808093137243,11.3536609147984,17.8252517108917,4.21868085873965,0.130523294858821,2.17892780272493,0.0688870680783358
-262.654595983395,-280.436747071351,3.82151370066264,10.1993545827454,17.8252517108917,4.21868085873965,0.130523294858821,2.17892780272493,0.0688870680783358
-262.682496759326,-280.559178989259,3.84941447659365,11.1382398109192,17.8252517108917,4.21868085873965,0.130523294858821,2.17892780272493,0.0688870680783358
-262.704741125164,-280.679370544345,3.87165884243196,10.7105323403067,18.2968284015656,4.21868085873965,0.130523294858821,2.17892780272493,0.0688870680783358
-262.715858268205,-280.796300470839,3.88277598547276,10.4257298250118,18.2968284015656,4.21868085873965,0.130523294858821,2.17892780272493,0.0688870680783358
-262.73763791686,-280.910286976173,3.90455563412778,10.1383538527775,18.2968284015656,4.21868085873965,0.130523294858821,2.17892780272493,0.0688870680783358
-262.760940032883,-281.020965733441,3.92785775015059,9.91682586366204,18.7220336322784,4.21868085873965,0.130523294858821,2.17892780272493,0.0688870680783358
-262.78530780248,-281.126916946519,3.95222551974778,10.0199372251512,18.7220336322784,4.21868085873965,0.130523294858821,2.17892780272493,0.0688870680783358
-262.795108544246,-281.229030670009,3.96202626151393,10.0689316046163,18.7220336322784,4.21868085873965,0.130523294858821,2.17892780272493,0.0688870680783358
-262.831596180167,-281.328958959881,3.99851389743477,10.3963087689872,18.7220336322784,4.21868085873965,0.130523294858821,2.17892780272493,0.0688870680783358
-262.842105580538,-281.423975250927,4.0090232978055,9.42191214613889,19.0522948627472,4.21868085873965,0.130523294858821,2.17892780272493,0.0688870680783358
-262.849560519042,-281.515330465002,4.01647823630957,9.41829429115688,19.0522948627472,4.21868085873965,0.130523294858821,2.17892780272493,0.0688870680783358
-262.876445653325,-281.602500003475,4.04336337059291,9.00124050459036,19.0522948627472,4.21868085873965,0.130523294858821,2.17892780272493,0.0688870680783358
-262.895980972557,-281.685634313854,4.06289868982523,9.17063149753229,19.382514131546,4.21868085873965,0.130523294858821,2.17892780272493,0.0688870680783358
-262.921931814646,-281.765234682495,4.08884953191396,8.34332725265255,19.382514131546,4.21868085873965,0.130523294858821,2.17892780272493,0.0688870680783358
-262.937401328245,-281.839472756762,4.10431904551289,8.28473300812404,19.382514131546,4.21868085873965,0.130523294858821,2.17892780272493,0.0688870680783358
-262.934489917106,-281.910366157001,4.10140763437367,7.6827329699336,19.6649428730011,4.21868085873965,0.130523294858821,2.17892780272493,0.0688870680783358
-262.946126467499,-281.976123409392,4.11304418476655,7.7118976556142,19.6649428730011,4.21868085873965,0.130523294858821,2.17892780272493,0.0688870680783358
-262.980064647877,-282.0378842906,4.14698236514455,7.93482697964327,19.6649428730011,4.21868085873965,0.130523294858821,2.17892780272493,0.0688870680783358
-262.968535902206,-282.095488659026,4.13545361947382,7.93856783266833,19.6649428730011,4.21868085873965,0.130523294858821,2.17892780272493,0.0688870680783358
-263.010492924921,-282.148179105787,4.17741064218952,7.02326304202714,19.8064948444366,4.21868085873965,0.130523294858821,2.17892780272493,0.0688870680783358
-263.000248510098,-282.196982558332,4.16716622736568,6.38413599588088,19.8064948444366,4.21868085873965,0.130523294858821,2.17892780272493,0.0688870680783358
-263.019914741163,-282.240843468034,4.18683245843116,6.74184804121319,19.8064948444366,4.21868085873965,0.130523294858821,2.17892780272493,0.0688870680783358
-263.031175984566,-282.280550905539,4.19809370183383,5.71347305032443,19.9478980426788,4.21868085873965,0.130523294858821,2.17892780272493,0.0688870680783358
-263.056178449131,-282.315776728367,4.22309616639921,5.61813647167388,19.9478980426788,4.21868085873965,0.130523294858821,2.17892780272493,0.0688870680783358
-263.056573620898,-282.346401274693,4.22349133816591,5.65097350303913,19.9478980426788,4.21868085873965,0.130523294858821,2.17892780272493,0.0688870680783358
-263.061315181055,-282.372984148615,4.2282328983233,4.3715075438475,19.9737693195343,4.21868085873965,0.130523294858821,2.17892780272493,0.0688870680783358
-263.072357954354,-282.394850868894,4.23927567162247,3.94689975646909,19.9737693195343,4.21868085873965,0.130523294858821,2.17892780272493,0.0688870680783358
-263.088304213469,-282.412531963557,4.25522193073663,3.79762673937814,19.9737693195343,4.21868085873965,0.130523294858821,2.17892780272493,0.0688870680783358
-263.089476269021,-282.42598667825,4.2563939862888,4.12675533706453,19.9737693195343,4.21868085873965,0.130523294858821,2.17892780272493,0.0688870680783358
-263.088203291665,-282.435051206553,4.25512100893272,3.25929466554079,19.8814536457062,4.21868085873965,0.130523294858821,2.17892780272493,0.0688870680783358
-263.103073878402,-282.440034846547,4.26999159567043,2.92501702127971,19.8814536457062,4.21868085873965,0.130523294858821,2.17892780272493,0.0688870680783358
-263.108569346856,-282.440871604839,4.27548706412362,2.20005175047541,19.8814536457062,4.21868085873965,0.130523294858821,2.17892780272493,0.0688870680783358
-263.108466069574,-282.437654524542,4.27538378684222,0.76063210164881,19.5997878437042,4.21868085873965,0.130523294858821,2.17892780272493,0.0688870680783358
-263.112724131183,-282.43044963466,4.27964184845081,-0.680776862312682,19.5997878437042,4.21868085873965,0.130523294858821,2.17892780272493,0.0688870680783358
-263.103215525967,-282.419431412787,4.27013324323539,-0.656447335059314,19.5997878437042,4.21868085873965,0.130523294858821,2.17892780272493,0.0688870680783358
-263.105316066671,-282.404495031516,4.27223378393859,-0.886487795756062,19.2705146198273,4.21868085873965,0.130523294858821,2.17892780272493,0.0688870680783358
-263.114289147951,-282.385918033926,4.28120686521849,-1.51050330526948,19.2705146198273,4.21868085873965,0.130523294858821,2.17892780272493,0.0688870680783358
-263.103633324649,-282.363710959483,4.27055104191698,-2.83301288039967,19.2705146198273,4.21868085873965,0.130523294858821,2.17892780272493,0.0688870680783358
-263.080533219814,-282.33747639871,4.24745093708173,-3.95546356011815,19.2705146198273,4.21868085873965,0.130523294858821,2.17892780272493,0.0688870680783358
-263.087266409002,-282.307877751447,4.25418412626982,-4.55750349513651,18.9640036945343,4.21868085873965,0.130523294858821,2.17892780272493,0.0688870680783358
-263.08825022887,-282.275623244961,4.25516794613762,-4.56601021430502,18.9640036945343,4.21868085873965,0.130523294858821,2.17892780272493,0.0688870680783358
-263.062060352547,-282.240411270917,4.22897806981515,-5.30660659371649,18.9640036945343,4.21868085873965,0.130523294858821,2.17892780272493,0.0688870680783358
-263.05901825217,-282.201575667387,4.2259359694376,-6.5195021305154,18.6581031208038,4.21868085873965,0.130523294858821,2.17892780272493,0.0688870680783358
-263.047654591019,-282.159552388087,4.21457230828676,-6.86175042319584,18.6581031208038,4.21868085873965,0.130523294858821,2.17892780272493,0.0688870680783358
-263.039402465597,-282.115035761056,4.20632018286465,-5.65969246749198,18.6581031208038,4.21868085873965,0.130523294858821,2.17892780272493,0.0688870680783358
-263.021838641846,-282.06770756553,4.18875635911403,-5.48930598110804,18.4436980609894,4.21868085873965,0.130523294858821,2.17892780272493,0.0688870680783358
-263.007233092433,-282.017407475424,4.17415080970113,-5.44538546340679,18.4436980609894,4.21868085873965,0.130523294858821,2.17892780272493,0.0688870680783358
-263.005024572542,-281.965546005066,4.17194228981027,-5.03753373153753,18.4436980609894,4.21868085873965,0.130523294858821,2.17892780272493,0.0688870680783358
-262.994601119149,-281.910627804372,4.16151883641674,-5.02493259083423,18.4436980609894,4.21868085873965,0.130523294858821,2.17892780272493,0.0688870680783358
-262.978731438681,-281.853465567222,4.14564915594945,-4.50429511168739,18.343638551712,4.21868085873965,0.130523294858821,2.17892780272493,0.0688870680783358
-262.969582763428,-281.794088645289,4.13650048069603,-4.68628674316496,18.343638551712,4.21868085873965,0.130523294858821,2.17892780272493,0.0688870680783358
-262.974267256355,-281.733113224887,4.14118497362287,-4.21243906995126,18.343638551712,4.21868085873965,0.130523294858821,2.17892780272493,0.0688870680783358
-262.951950101624,-281.669989522104,4.11886781889209,-3.44309838344831,18.3386985187531,4.21868085873965,0.130523294858821,2.17892780272493,0.0688870680783358
-262.944292941196,-281.605719244328,4.11121065846415,-3.48723427449154,18.3386985187531,4.21868085873965,0.130523294858821,2.17892780272493,0.0688870680783358
-262.93825386872,-281.539746973847,4.10517158598755,-3.36444159009266,18.3386985187531,4.21868085873965,0.130523294858821,2.17892780272493,0.0688870680783358
-262.943017370422,-281.471865519412,4.10993508768953,-2.40801343909442,18.2882148151398,4.21868085873965,0.130523294858821,2.17892780272493,0.0688870680783358
-262.94445492801,-281.402938507833,4.11137264527833,-2.20944876558669,18.2882148151398,4.21868085873965,0.130523294858821,2.17892780272493,0.0688870680783358
-262.931628266206,-281.333141638651,4.09854598347392,-2.53853190841109,18.2882148151398,4.21868085873965,0.130523294858821,2.17892780272493,0.0688870680783358
-262.931010540037,-281.261734250114,4.09792825730482,-2.83569991177862,18.2882148151398,4.21868085873965,0.130523294858821,2.17892780272493,0.0688870680783358
-262.92294082247,-281.189785878774,4.08985853973765,-1.68841715728975,18.2174788837433,4.21868085873965,0.130523294858821,2.17892780272493,0.0688870680783358
-262.921328134166,-281.116864095608,4.08824585143397,-1.18957458575766,18.2174788837433,4.21868085873965,0.130523294858821,2.17892780272493,0.0688870680783358
-262.925605681517,-281.04330314546,4.09252339878541,-1.590385602193,18.2174788837433,4.21868085873965,0.130523294858821,2.17892780272493,0.0688870680783358
-262.906930426772,-280.969220567301,4.07384814403955,-1.12616146730203,18.0770903949738,4.21868085873965,0.130523294858821,2.17892780272493,0.0688870680783358
-262.916058765168,-280.894561001578,4.08297648243577,-0.965868635915486,18.0770903949738,4.21868085873965,0.130523294858821,2.17892780272493,0.0688870680783358
-262.912247570016,-280.819710359259,4.07916528728369,-0.963749805909121,18.0770903949738,4.21868085873965,0.130523294858821,2.17892780272493,0.0688870680783358
-262.917247076278,-280.744166315626,4.08416479354623,-0.848401182560587,17.8667060260773,4.21868085873965,0.130523294858821,2.17892780272493,0.0688870680783358
-262.926591960095,-280.668820563996,4.09350967736322,-1.17558302287299,17.8667060260773,4.21868085873965,0.130523294858821,2.17892780272493,0.0688870680783358
-262.917925465679,-280.593719485503,4.08484318294722,-1.53320019506425,17.8667060260773,4.21868085873965,0.130523294858821,2.17892780272493,0.0688870680783358
-262.904136413854,-280.518256897921,4.07105413112241,-1.78484264486889,17.8667060260773,4.21868085873965,0.130523294858821,2.17892780272493,0.0688870680783358
-262.904112869442,-280.44333131311,4.07103058671032,-2.21612685441011,17.631049287796,4.21868085873965,0.130523294858821,2.17892780272493,0.0688870680783358
-262.90400895877,-280.36840081163,4.07092667603848,-1.96975532296121,17.631049287796,4.21868085873965,0.130523294858821,2.17892780272493,0.0688870680783358
-262.904590062064,-280.293469656426,4.07150777933218,-2.53831211663719,17.631049287796,4.21868085873965,0.130523294858821,2.17892780272493,0.0688870680783358
-262.890225253865,-280.219335212043,4.05714297113263,-3.08224664714911,17.3713942890167,4.21868085873965,0.130523294858821,2.17892780272493,0.0688870680783358
-262.892536627925,-280.145457323199,4.05945434519339,-3.25462562901565,17.3713942890167,4.21868085873965,0.130523294858821,2.17892780272493,0.0688870680783358
-262.880507731562,-280.072325274176,4.04742544883019,-3.34846745557993,17.3713942890167,4.21868085873965,0.130523294858821,2.17892780272493,0.0688870680783358
-262.875777365226,-279.999245317912,4.04269508249416,-3.60672731566478,17.1361228351593,4.21868085873965,0.130523294858821,2.17892780272493,0.0688870680783358
-262.871467653577,-279.926947470347,4.03838537084472,-3.59148103253781,17.1361228351593,4.21868085873965,0.130523294858821,2.17892780272493,0.0688870680783358
-262.857666044201,-279.85607297552,4.02458376146858,-3.89740037186847,17.1361228351593,4.21868085873965,0.130523294858821,2.17892780272493,0.0688870680783358
-262.857505854704,-279.785147487224,4.02442357197197,-3.82961016188259,17.1361228351593,4.21868085873965,0.130523294858821,2.17892780272493,0.0688870680783358
-262.834738382461,-279.715595810302,4.0016560997293,-3.97023059844149,16.9212828998566,4.21868085873965,0.130523294858821,2.17892780272493,0.0688870680783358
-262.834118260491,-279.646616248592,4.00103597775886,-4.12732340262178,16.9212828998566,4.21868085873965,0.130523294858821,2.17892780272493,0.0688870680783358
-262.824864360828,-279.578474740624,3.99178207809553,-4.31471212360761,16.9212828998566,4.21868085873965,0.130523294858821,2.17892780272493,0.0688870680783358
-262.816232539504,-279.510918887447,3.98315025677182,-4.15423389144807,16.7107116107941,4.21868085873965,0.130523294858821,2.17892780272493,0.0688870680783358
-262.803169920175,-279.444743221684,3.97008763744316,-4.05856981297803,16.7107116107941,4.21868085873965,0.130523294858821,2.17892780272493,0.0688870680783358
-262.796638956886,-279.379602615957,3.96355667415405,-4.43253637629685,16.7107116107941,4.21868085873965,0.130523294858821,2.17892780272493,0.0688870680783358
-262.792819170314,-279.315158219965,3.95973688758228,-4.17196324595525,16.5221549396515,4.21868085873965,0.130523294858821,2.17892780272493,0.0688870680783358
-262.770834873947,-279.251236625439,3.93775259121532,-4.12273080129143,16.5221549396515,4.21868085873965,0.130523294858821,2.17892780272493,0.0688870680783358
-262.782778786533,-279.188626925977,3.94969650380123,-4.50720389787718,16.5221549396515,4.21868085873965,0.130523294858821,2.17892780272493,0.0688870680783358
-262.77214129147,-279.126394864078,3.93905900873831,-4.78442516407615,16.5221549396515,4.21868085873965,0.130523294858821,2.17892780272493,0.0688870680783358
-262.77029368446,-279.064548358449,3.93721140172831,-4.16812418052163,16.3356925373077,4.21868085873965,0.130523294858821,2.17892780272493,0.0688870680783358
-262.749152999567,-279.00481899947,3.91607071683492,-4.45829306224977,16.3356925373077,4.21868085873965,0.130523294858821,2.17892780272493,0.0688870680783358
-262.740160132529,-278.946890559585,3.90707784979677,-4.48650240106408,16.3356925373077,4.21868085873965,0.130523294858821,2.17892780272493,0.0688870680783358
-262.736007503066,-278.888848956002,3.90292522033425,-3.91841488307991,16.1721030597687,4.21868085873965,0.130523294858821,2.17892780272493,0.0688870680783358
-262.723168537973,-278.831685521766,3.89008625524095,-3.80635584356929,16.1721030597687,4.21868085873965,0.130523294858821,2.17892780272493,0.0688870680783358
-262.71537632664,-278.774818608537,3.882294043908,-4.12821275092458,16.1721030597687,4.21868085873965,0.130523294858821,2.17892780272493,0.0688870680783358
-262.715737904434,-278.71923714472,3.88265562170226,-4.40816069243932,15.9589997653961,4.21868085873965,0.130523294858821,2.17892780272493,0.0688870680783358
-262.705673481202,-278.664386983187,3.87259119846978,-4.22093549844802,15.9589997653961,4.21868085873965,0.130523294858821,2.17892780272493,0.0688870680783358
-262.691938550321,-278.609711238364,3.85885626758881,-4.49820389292022,15.9589997653961,4.21868085873965,0.130523294858821,2.17892780272493,0.0688870680783358
-262.678313883153,-278.556175545727,3.84523160042055,-4.72139846829269,15.9589997653961,4.21868085873965,0.130523294858821,2.17892780272493,0.0688870680783358
-262.67951972273,-278.503129654971,3.84643743999813,-4.25322523867697,15.7725354557037,4.21868085873965,0.130523294858821,2.17892780272493,0.0688870680783358
-262.677070279649,-278.450557360698,3.84398799691743,-4.13006692603218,15.7725354557037,4.21868085873965,0.130523294858821,2.17892780272493,0.0688870680783358
-262.657985483509,-278.39869786343,3.824903200777,-4.29557455326071,15.7725354557037,4.21868085873965,0.130523294858821,2.17892780272493,0.0688870680783358
-262.641252443439,-278.346981517447,3.80817016070728,-4.47766794831093,15.6046582584381,4.21868085873965,0.130523294858821,2.17892780272493,0.0688870680783358
-262.647219130133,-278.295789870885,3.81413684740101,-4.0933498393398,15.6046582584381,4.21868085873965,0.130523294858821,2.17892780272493,0.0688870680783358
-262.636734738816,-278.244788579197,3.80365245608405,-4.11656866866002,15.6046582584381,4.21868085873965,0.130523294858821,2.17892780272493,0.0688870680783358
-262.630868407289,-278.194093915112,3.79778612455739,-3.65930339536345,15.5090962772369,4.21868085873965,0.130523294858821,2.17892780272493,0.0688870680783358
-262.619063955953,-278.143829815068,3.78598167322119,-4.24501380385162,15.5090962772369,4.21868085873965,0.130523294858821,2.17892780272493,0.0688870680783358
-262.611447336462,-278.093320615074,3.77836505373008,-3.99764234015265,15.5090962772369,4.21868085873965,0.130523294858821,2.17892780272493,0.0688870680783358
-262.609300746689,-278.042912387331,3.77621846395687,-4.18067342420834,15.3668233280182,4.21868085873965,0.130523294858821,2.17892780272493,0.0688870680783358
-262.596403882973,-277.992733006326,3.76332160024079,-3.64103833198939,15.3668233280182,4.21868085873965,0.130523294858821,2.17892780272493,0.0688870680783358
-262.598430463252,-277.942281298841,3.76534818052049,-3.56188587405737,15.3668233280182,4.21868085873965,0.130523294858821,2.17892780272493,0.0688870680783358
-262.580519112346,-277.892317705206,3.74743682961393,-3.57783023083295,15.3668233280182,4.21868085873965,0.130523294858821,2.17892780272493,0.0688870680783358
-262.582902178368,-277.84158911423,3.74981989563572,-3.4072206185644,15.2024155979156,4.21868085873965,0.130523294858821,2.17892780272493,0.0688870680783358
-262.56749198575,-277.790488119643,3.73440970301753,-3.3401555779756,15.2024155979156,4.21868085873965,0.130523294858821,2.17892780272493,0.0688870680783358
-262.567133673381,-277.739453038776,3.73405139064942,-3.43803512892889,15.2024155979156,4.21868085873965,0.130523294858821,2.17892780272493,0.0688870680783358
-262.565643096966,-277.687550146722,3.73256081423401,-3.23928924170718,15.0613862400055,4.21868085873965,0.130523294858821,2.17892780272493,0.0688870680783358
-262.548426621973,-277.636003145011,3.71534433924064,-3.0919118487407,15.0613862400055,4.21868085873965,0.130523294858821,2.17892780272493,0.0688870680783358
-262.547202738951,-277.583496126511,3.71412045621927,-3.6155711560956,15.0613862400055,4.21868085873965,0.130523294858821,2.17892780272493,0.0688870680783358
-262.543697950895,-277.530329294157,3.71061566816322,-3.52668468250915,14.9452020053864,4.21868085873965,0.130523294858821,2.17892780272493,0.0688870680783358
-262.54202950262,-277.477153090623,3.70894721988785,-3.07600168818324,14.9452020053864,4.21868085873965,0.130523294858821,2.17892780272493,0.0688870680783358
-262.537228507732,-277.422691518234,3.70414622500043,-3.36665822152792,14.9452020053864,4.21868085873965,0.130523294858821,2.17892780272493,0.0688870680783358
-262.522916353169,-277.367947163503,3.68983407043683,-3.31197699310566,14.9452020053864,4.21868085873965,0.130523294858821,2.17892780272493,0.0688870680783358
-262.511716305775,-277.312092333922,3.67863402304308,-3.17444479896002,14.8050786380768,4.21868085873965,0.130523294858821,2.17892780272493,0.0688870680783358
-262.507473147839,-277.255741122028,3.6743908651069,-2.93683849834318,14.8050786380768,4.21868085873965,0.130523294858821,2.17892780272493,0.0688870680783358
-262.505613360767,-277.198903149221,3.67253107803528,-2.7476202782338,14.8050786380768,4.21868085873965,0.130523294858821,2.17892780272493,0.0688870680783358
-262.503469131303,-277.140550593593,3.67038684857074,-2.89700019531083,14.662941110611,4.21868085873965,0.130523294858821,2.17892780272493,0.0688870680783358
-262.491175507881,-277.081415939175,3.65809322514898,-2.98248549334739,14.662941110611,4.21868085873965,0.130523294858821,2.17892780272493,0.0688870680783358
-262.490655829061,-277.021772659793,3.65757354632906,-3.19360771254497,14.662941110611,4.21868085873965,0.130523294858821,2.17892780272493,0.0688870680783358
-262.48200653437,-276.961283191851,3.64892425163849,-2.77131418815372,14.662941110611,4.21868085873965,0.130523294858821,2.17892780272493,0.0688870680783358
-262.495610237088,-276.90023765118,3.66252795435634,-2.67583242306546,14.5228520755768,4.21868085873965,0.130523294858821,2.17892780272493,0.0688870680783358
-262.471705009344,-276.837606576785,3.63862272661197,-3.18858116919508,14.5228520755768,4.21868085873965,0.130523294858821,2.17892780272493,0.0688870680783358
-262.469467898258,-276.774571860002,3.63638561552593,-3.35239091516374,14.5228520755768,4.21868085873965,0.130523294858821,2.17892780272493,0.0688870680783358
-262.463976795214,-276.709982203316,3.6308945124825,-2.19197244334186,14.3815614109039,4.21868085873965,0.130523294858821,2.17892780272493,0.0688870680783358
-262.461488124544,-276.643540081015,3.62840584181218,-2.82541388229496,14.3815614109039,4.21868085873965,0.130523294858821,2.17892780272493,0.0688870680783358
-262.459197124101,-276.577956225479,3.62611484136915,-3.46980464448139,14.3815614109039,4.21868085873965,0.130523294858821,2.17892780272493,0.0688870680783358
-262.453665043187,-276.510155757336,3.62058276045546,-3.52470477252915,14.2396832828522,4.21868085873965,0.130523294858821,2.17892780272493,0.0688870680783358
-262.435374134915,-276.443089808516,3.60229185218258,-3.41609049024683,14.2396832828522,4.21868085873965,0.130523294858821,2.17892780272493,0.0688870680783358
-262.442087038085,-276.374385150257,3.60900475535342,-3.00175343185084,14.2396832828522,4.21868085873965,0.130523294858821,2.17892780272493,0.0688870680783358
-262.436664277558,-276.304643444485,3.60358199482613,-3.331260204062,14.0752564792633,4.21868085873965,0.130523294858821,2.17892780272493,0.0688870680783358
-262.432975120818,-276.23345364622,3.59989283808632,-3.28566723336877,14.0752564792633,4.21868085873965,0.130523294858821,2.17892780272493,0.0688870680783358
-262.423705919415,-276.161919468818,3.59062363668344,-3.54459194824064,14.0752564792633,4.21868085873965,0.130523294858821,2.17892780272493,0.0688870680783358
-262.412890918182,-276.091314694942,3.57980863545027,-3.49531469026057,14.0752564792633,4.21868085873965,0.130523294858821,2.17892780272493,0.0688870680783358
-262.416555687009,-276.018997620778,3.58347340427673,-3.08384349751159,13.8386556034088,4.21868085873965,0.130523294858821,2.17892780272493,0.0688870680783358
-262.39307179805,-275.94562628109,3.55998951531794,-3.02910697745818,13.8386556034088,4.21868085873965,0.130523294858821,2.17892780272493,0.0688870680783358
-262.397533597213,-275.872230270898,3.56445131448074,-3.41079079689986,13.8386556034088,4.21868085873965,0.130523294858821,2.17892780272493,0.0688870680783358
-262.386675860275,-275.797316056444,3.55359357754348,-3.82802144988315,13.6251260166168,4.21868085873965,0.130523294858821,2.17892780272493,0.0688870680783358
-262.374041127809,-275.723611975206,3.54095884507727,-3.5240966841487,13.6251260166168,4.21868085873965,0.130523294858821,2.17892780272493,0.0688870680783358
-262.382715334861,-275.648907025292,3.54963305212902,-4.01797613451758,13.6251260166168,4.21868085873965,0.130523294858821,2.17892780272493,0.0688870680783358
-262.362930525233,-275.573049228948,3.52984824250141,-4.24168366318522,13.4345227603912,4.21868085873965,0.130523294858821,2.17892780272493,0.0688870680783358
-262.356124744537,-275.498257304331,3.52304246180479,-4.02768509257767,13.4345227603912,4.21868085873965,0.130523294858821,2.17892780272493,0.0688870680783358
-262.353040943639,-275.422764383456,3.5199586609066,-4.55333292549625,13.4345227603912,4.21868085873965,0.130523294858821,2.17892780272493,0.0688870680783358
-262.342289549527,-275.347562239773,3.50920726679455,-4.49018418604457,13.4345227603912,4.21868085873965,0.130523294858821,2.17892780272493,0.0688870680783358
-262.339613193609,-275.27222797399,3.50653091087677,-4.16557799096155,13.2920247440338,4.21868085873965,0.130523294858821,2.17892780272493,0.0688870680783358
-262.325631058767,-275.196919275497,3.49254877603522,-4.3287680285609,13.2920247440338,4.21868085873965,0.130523294858821,2.17892780272493,0.0688870680783358
-262.323373840705,-275.122331445049,3.49029155797309,-4.53582967953079,13.2920247440338,4.21868085873965,0.130523294858821,2.17892780272493,0.0688870680783358
-262.307673464013,-275.047984982143,3.47459118128068,-4.57220848867921,13.0796357517242,4.21868085873965,0.130523294858821,2.17892780272493,0.0688870680783358
-262.30007620026,-274.973961720845,3.46699391752808,-5.18761922354518,13.0796357517242,4.21868085873965,0.130523294858821,2.17892780272493,0.0688870680783358
-262.291782484982,-274.901276730414,3.4587002022497,-5.10424313648248,13.0796357517242,4.21868085873965,0.130523294858821,2.17892780272493,0.0688870680783358
-262.296706444624,-274.82873366644,3.46362416189228,-4.48154887110709,12.8192731266022,4.21868085873965,0.130523294858821,2.17892780272493,0.0688870680783358
-262.267310589917,-274.757727493964,3.43422830718459,-4.89878492097752,12.8192731266022,4.21868085873965,0.130523294858821,2.17892780272493,0.0688870680783358
-262.265249732374,-274.687297592061,3.43216744964187,-5.52648491714216,12.8192731266022,4.21868085873965,0.130523294858821,2.17892780272493,0.0688870680783358
-262.260379436331,-274.61825234183,3.42729715359935,-5.85751535076309,12.8192731266022,4.21868085873965,0.130523294858821,2.17892780272493,0.0688870680783358
-262.244545872869,-274.550345086008,3.411463590137,-5.11824240892162,12.6056825046539,4.21868085873965,0.130523294858821,2.17892780272493,0.0688870680783358
-262.240012555599,-274.483775001338,3.40693027286704,-5.32909994574763,12.6056825046539,4.21868085873965,0.130523294858821,2.17892780272493,0.0688870680783358
-262.230006166715,-274.418584920393,3.39692388398272,-5.40663168906376,12.6056825046539,4.21868085873965,0.130523294858821,2.17892780272493,0.0688870680783358
-262.224147203047,-274.355513700973,3.39106492031532,-5.3305519579892,12.347942483902,4.21868085873965,0.130523294858821,2.17892780272493,0.0688870680783358
-262.215106671041,-274.294278885384,3.38202438830854,-5.69963395696317,12.347942483902,4.21868085873965,0.130523294858821,2.17892780272493,0.0688870680783358
-262.190290661478,-274.234474508401,3.35720837874626,-5.79069578494725,12.347942483902,4.21868085873965,0.130523294858821,2.17892780272493,0.0688870680783358
-262.194275333325,-274.176934720398,3.36119305059313,-5.78259229025966,12.0185147647858,4.21868085873965,0.130523294858821,2.17892780272493,0.0688870680783358
-262.180554818016,-274.121885118493,3.34747253528433,-5.93765244088241,12.0185147647858,4.21868085873965,0.130523294858821,2.17892780272493,0.0688870680783358
-262.169662361008,-274.068354413054,3.33658007827636,-6.04783452208058,12.0185147647858,4.21868085873965,0.130523294858821,2.17892780272493,0.0688870680783358
-262.134860344508,-274.018121522573,3.30177806177573,-6.63866072639448,12.0185147647858,4.21868085873965,0.130523294858821,2.17892780272493,0.0688870680783358
-262.129077754835,-273.970027218831,3.2959954721033,-6.28171626411871,11.8063565616608,4.21868085873965,0.130523294858821,2.17892780272493,0.0688870680783358
-262.135684583578,-273.924596302823,3.30260230084561,-6.01761133243998,11.8063565616608,4.21868085873965,0.130523294858821,2.17892780272493,0.0688870680783358
-262.117555003181,-273.882202794073,3.28447272044874,-6.02831733174089,11.8063565616608,4.21868085873965,0.130523294858821,2.17892780272493,0.0688870680783358
-262.105511644228,-273.84287287501,3.27242936149569,-6.55505888700227,11.5480615024567,4.21868085873965,0.130523294858821,2.17892780272493,0.0688870680783358
-262.081001173257,-273.806561535845,3.24791889052484,-6.70462953287367,11.5480615024567,4.21868085873965,0.130523294858821,2.17892780272493,0.0688870680783358
-262.080435742788,-273.773222598116,3.24735346005567,-6.07195839365943,11.5480615024567,4.21868085873965,0.130523294858821,2.17892780272493,0.0688870680783358
-262.070537130848,-273.743096527855,3.23745484811627,-5.59423617347715,11.406744134903,4.21868085873965,0.130523294858821,2.17892780272493,0.0688870680783358
-262.055773084347,-273.716738409058,3.22269080161491,-5.69977548620465,11.406744134903,4.21868085873965,0.130523294858821,2.17892780272493,0.0688870680783358
-262.052928324263,-273.69361407054,3.21984604153114,-5.60840972105366,11.406744134903,4.21868085873965,0.130523294858821,2.17892780272493,0.0688870680783358
-262.031745475251,-273.674207099174,3.19866319251938,-5.27896605378,11.406744134903,4.21868085873965,0.130523294858821,2.17892780272493,0.0688870680783358
-262.034776088457,-273.658423001109,3.20169380572494,-5.35188971754169,11.2898923282623,4.21868085873965,0.130523294858821,2.17892780272493,0.0688870680783358
-262.018324561026,-273.646490315313,3.1852422782942,-5.34364148835576,11.2898923282623,4.21868085873965,0.130523294858821,2.17892780272493,0.0688870680783358
-262.008485642533,-273.63840020451,3.17540335980149,-5.34877336749989,11.2898923282623,4.21868085873965,0.130523294858821,2.17892780272493,0.0688870680783358
-261.992353606927,-273.634247085987,3.15927132419458,-5.19477299465756,11.2444116001129,4.21868085873965,0.130523294858821,2.17892780272493,0.0688870680783358
-261.98725665001,-273.634167202711,3.15417436727822,-4.26808438542498,11.2444116001129,4.21868085873965,0.130523294858821,2.17892780272493,0.0688870680783358
-261.990787300123,-273.638162267967,3.15770501739104,-3.71300448820492,11.2444116001129,4.21868085873965,0.130523294858821,2.17892780272493,0.0688870680783358
-261.981526204643,-273.64642788292,3.14844392191094,-3.17443614426321,11.2905370121002,4.21868085873965,0.130523294858821,2.17892780272493,0.0688870680783358
-261.960435803416,-273.658951037578,3.12735352068438,-3.08757203013671,11.2905370121002,4.21868085873965,0.130523294858821,2.17892780272493,0.0688870680783358
-261.952954423262,-273.676463969773,3.11987214053017,-2.81333654777925,11.2905370121002,4.21868085873965,0.130523294858821,2.17892780272493,0.0688870680783358
-261.960785529965,-273.696713930685,3.1277032472326,-2.84739167826391,11.2905370121002,4.21868085873965,0.130523294858821,2.17892780272493,0.0688870680783358
-261.962967774968,-273.722127562747,3.1298854922357,-2.13093280465084,11.408281457901,4.21868085873965,0.130523294858821,2.17892780272493,0.0688870680783358
-261.964732370047,-273.751692724781,3.13165008731553,-1.6633310376958,11.408281457901,4.21868085873965,0.130523294858821,2.17892780272493,0.0688870680783358
-261.948665254257,-273.785694507353,3.11558297152481,-1.09873689923762,11.408281457901,4.21868085873965,0.130523294858821,2.17892780272493,0.0688870680783358
-261.940459611375,-273.824848478603,3.10737732864308,-0.180541983906101,11.5723782901764,4.21868085873965,0.130523294858821,2.17892780272493,0.0688870680783358
-261.941867612879,-273.867340696271,3.10878533014719,0.30643017032817,11.5723782901764,4.21868085873965,0.130523294858821,2.17892780272493,0.0688870680783358
-261.950111891773,-273.914769934025,3.11702960904142,1.10785551052095,11.5723782901764,4.21868085873965,0.130523294858821,2.17892780272493,0.0688870680783358
-261.947561267883,-273.966959178279,3.11447898515055,1.28642003371389,11.8063203220367,4.21868085873965,0.130523294858821,2.17892780272493,0.0688870680783358
-261.949440133618,-274.023139085701,3.11635785088599,0.89560938248037,11.8063203220367,4.21868085873965,0.130523294858821,2.17892780272493,0.0688870680783358
-261.945707244266,-274.084720558786,3.11262496153408,3.03098375008573,11.8063203220367,4.21868085873965,0.130523294858821,2.17892780272493,0.0688870680783358
-261.9577986989,-274.148966122727,3.1247164161684,4.00145351080523,11.8063203220367,4.21868085873965,0.130523294858821,2.17892780272493,0.0688870680783358
-261.958689003059,-274.218836832929,3.12560672032669,4.56550659013838,12.1572781925201,4.21868085873965,0.130523294858821,2.17892780272493,0.0688870680783358
-261.988855547144,-274.292533203761,3.15577326441241,5.23259501246026,12.1572781925201,4.21868085873965,0.130523294858821,2.17892780272493,0.0688870680783358
-261.983929683575,-274.370653078251,3.15084740084254,6.03989419018453,12.1572781925201,4.21868085873965,0.130523294858821,2.17892780272493,0.0688870680783358
-261.994745162951,-274.45365079673,3.16166288021874,6.70997370523397,12.3703576450348,4.21868085873965,0.130523294858821,2.17892780272493,0.0688870680783358
-262.001088609763,-274.539830160938,3.16800632703146,6.47205668353555,12.3703576450348,4.21868085873965,0.130523294858821,2.17892780272493,0.0688870680783358
-262.012824907371,-274.629617453825,3.17974262463894,6.34038996298639,12.3703576450348,4.21868085873965,0.130523294858821,2.17892780272493,0.0688870680783358
-262.027478457593,-274.724649478521,3.19439617486145,5.79266492591529,12.5849973087311,4.21868085873965,0.130523294858821,2.17892780272493,0.0688870680783358
-262.035432084853,-274.822466056458,3.20234980212064,5.93560272830794,12.5849973087311,4.21868085873965,0.130523294858821,2.17892780272493,0.0688870680783358
-262.040909529201,-274.924627782735,3.20782724646945,5.56040092667912,12.5849973087311,4.21868085873965,0.130523294858821,2.17892780272493,0.0688870680783358
-262.058373721967,-275.030571206962,3.22529143923495,5.22874815836509,12.5849973087311,4.21868085873965,0.130523294858821,2.17892780272493,0.0688870680783358
-262.058271586492,-275.140130713833,3.22518930375965,4.95099592914647,12.8003808383942,4.21868085873965,0.130523294858821,2.17892780272493,0.0688870680783358
-262.068063074895,-275.253002445971,3.23498079216294,5.01240325471288,12.8003808383942,4.21868085873965,0.130523294858821,2.17892780272493,0.0688870680783358
-262.08696478471,-275.370907196455,3.25388250197756,4.79259196587234,12.8003808383942,4.21868085873965,0.130523294858821,2.17892780272493,0.0688870680783358
-262.090656497209,-275.48879966363,3.25757421447692,4.79958129555363,12.9708634738922,4.21868085873965,0.130523294858821,2.17892780272493,0.0688870680783358
-262.107889151241,-275.611235892713,3.27480686850856,4.98304613724256,12.9708634738922,4.21868085873965,0.130523294858821,2.17892780272493,0.0688870680783358
-262.118244600954,-275.736660599785,3.28516231822196,5.09586687874934,12.9708634738922,4.21868085873965,0.130523294858821,2.17892780272493,0.0688870680783358
-262.127182857606,-275.866155754689,3.29410057487445,4.64677104179732,13.2790700321198,4.21868085873965,0.130523294858821,2.17892780272493,0.0688870680783358
-262.13320984397,-275.996239395058,3.3001275612381,4.70888065282805,13.2790700321198,4.21868085873965,0.130523294858821,2.17892780272493,0.0688870680783358
-262.1310487646,-276.130896399676,3.29796648186848,5.06165743510248,13.2790700321198,4.21868085873965,0.130523294858821,2.17892780272493,0.0688870680783358
-262.135510018022,-276.265648164088,3.30242773529005,5.89359934700638,13.2790700321198,4.21868085873965,0.130523294858821,2.17892780272493,0.0688870680783358
-262.161879764023,-276.403923473407,3.32879748129128,5.21260142528704,13.6784020786285,4.21868085873965,0.130523294858821,2.17892780272493,0.0688870680783358
-262.160110440983,-276.544708446272,3.32702815825103,5.0503233668102,13.6784020786285,4.21868085873965,0.130523294858821,2.17892780272493,0.0688870680783358
-262.161668169344,-276.687048965268,3.32858588661156,5.45935095924647,13.6784020786285,4.21868085873965,0.130523294858821,2.17892780272493,0.0688870680783358
-262.171467547376,-276.831809495999,3.33838526464436,5.85441353471507,14.0980798130035,4.21868085873965,0.130523294858821,2.17892780272493,0.0688870680783358
-262.197617821627,-276.975525994515,3.36453553889537,6.86252342854205,14.0980798130035,4.21868085873965,0.130523294858821,2.17892780272493,0.0688870680783358
-262.202406886447,-277.122320146028,3.3693246037147,7.59071314494545,14.0980798130035,4.21868085873965,0.130523294858821,2.17892780272493,0.0688870680783358
-262.209729649599,-277.271487842054,3.37664736686655,7.42234085493048,14.613115442276,4.21868085873965,0.130523294858821,2.17892780272493,0.0688870680783358
-262.231028489566,-277.419663961279,3.39794620683442,7.33339669190668,14.613115442276,4.21868085873965,0.130523294858821,2.17892780272493,0.0688870680783358
-262.239863418444,-277.56927376179,3.40678113571236,8.03039742852748,14.613115442276,4.21868085873965,0.130523294858821,2.17892780272493,0.0688870680783358
-262.265521134527,-277.718488790502,3.43243885179517,9.21036833350833,14.613115442276,4.21868085873965,0.130523294858821,2.17892780272493,0.0688870680783358
-262.278197426051,-277.869448641035,3.44511514331891,8.6578575502184,15.2016736392975,4.21868085873965,0.130523294858821,2.17892780272493,0.0688870680783358
-262.30466406754,-278.020226282141,3.47158178480833,9.46598470130028,15.2016736392975,4.21868085873965,0.130523294858821,2.17892780272493,0.0688870680783358
-262.307874591764,-278.170432665921,3.47479230903236,10.8178034872174,15.2016736392975,4.21868085873965,0.130523294858821,2.17892780272493,0.0688870680783358
-262.344985211986,-278.323090904417,3.51190292925418,10.377609566057,15.6966229801178,4.21868085873965,0.130523294858821,2.17892780272493,0.0688870680783358
-262.357279699969,-278.471945318298,3.52419741723686,10.3356579873459,15.6966229801178,4.21868085873965,0.130523294858821,2.17892780272493,0.0688870680783358
-262.368260604318,-278.6209736359,3.53517832158595,11.4904408859562,15.6966229801178,4.21868085873965,0.130523294858821,2.17892780272493,0.0688870680783358
-262.40449481787,-278.770759915122,3.5714125351381,11.4218433853881,16.1935645465851,4.21868085873965,0.130523294858821,2.17892780272493,0.0688870680783358
-262.428481387955,-278.919981198026,3.59539910522294,11.8230556099659,16.1935645465851,4.21868085873965,0.130523294858821,2.17892780272493,0.0688870680783358
-262.456345186948,-279.067411122873,3.62326290421572,11.7445892041944,16.1935645465851,4.21868085873965,0.130523294858821,2.17892780272493,0.0688870680783358
-262.469478863029,-279.211274361586,3.63639658029657,11.7649136250347,16.1935645465851,4.21868085873965,0.130523294858821,2.17892780272493,0.0688870680783358
-262.499190885889,-279.355511765329,3.66610860315747,11.4861036537226,16.7381583576202,4.21868085873965,0.130523294858821,2.17892780272493,0.0688870680783358
-262.517474422515,-279.4986704009,3.68439213978272,11.8883426593377,16.7381583576202,4.21868085873965,0.130523294858821,2.17892780272493,0.0688870680783358
-262.534233074955,-279.63941939666,3.70115079222261,13.0556205442464,16.7381583576202,4.21868085873965,0.130523294858821,2.17892780272493,0.0688870680783358
-262.559429812916,-279.778529092161,3.72634753018414,11.0345256641455,17.2570334796906,4.21868085873965,0.130523294858821,2.17892780272493,0.0688870680783358
-262.582324296289,-279.91368371598,3.74924201355703,11.094388284643,17.2570334796906,4.21868085873965,0.130523294858821,2.17892780272493,0.0688870680783358
-262.59326867415,-280.048474571,3.76018639141829,11.4396119297306,17.2570334796906,4.21868085873965,0.130523294858821,2.17892780272493,0.0688870680783358
-262.620021427838,-280.179682462991,3.78693914510647,11.3497937959843,17.7295562152863,4.21868085873965,0.130523294858821,2.17892780272493,0.0688870680783358
-262.651767852261,-280.308800929105,3.81868556952941,11.2392953180884,17.7295562152863,4.21868085873965,0.130523294858821,2.17892780272493,0.0688870680783358
-262.664841006832,-280.43597345593,3.83175872410024,10.8505944999233,17.7295562152863,4.21868085873965,0.130523294858821,2.17892780272493,0.0688870680783358
-262.681434536893,-280.55854006291,3.84835225416091,10.9313748105399,17.7295562152863,4.21868085873965,0.130523294858821,2.17892780272493,0.0688870680783358
-262.702494816988,-280.679469561673,3.86941253425555,10.7076451374919,18.1786910419464,4.21868085873965,0.130523294858821,2.17892780272493,0.0688870680783358
-262.712819443876,-280.79625920396,3.8797371611437,10.5368714106642,18.1786910419464,4.21868085873965,0.130523294858821,2.17892780272493,0.0688870680783358
-262.741445525168,-280.910233578192,3.90836324243626,11.1439967487665,18.1786910419464,4.21868085873965,0.130523294858821,2.17892780272493,0.0688870680783358
-262.759214078337,-281.020125278258,3.92613179560475,9.90003049787261,18.6485892658234,4.21868085873965,0.130523294858821,2.17892780272493,0.0688870680783358
-262.776667939684,-281.127004436517,3.94358565695163,9.43630036045209,18.6485892658234,4.21868085873965,0.130523294858821,2.17892780272493,0.0688870680783358
-262.790076168238,-281.22964553945,3.95699388550574,9.73603300116543,18.6485892658234,4.21868085873965,0.130523294858821,2.17892780272493,0.0688870680783358
-262.810007665642,-281.32960834574,3.97692538291011,9.39084968045959,19.0270186786652,4.21868085873965,0.130523294858821,2.17892780272493,0.0688870680783358
-262.840557395204,-281.423752605322,4.00747511247207,9.67212857081269,19.0270186786652,4.21868085873965,0.130523294858821,2.17892780272493,0.0688870680783358
-262.855254490483,-281.517385660935,4.0221722077512,10.073759615474,19.0270186786652,4.21868085873965,0.130523294858821,2.17892780272493,0.0688870680783358
-262.870777483066,-281.602988018098,4.03769520033376,9.7136882309606,19.0270186786652,4.21868085873965,0.130523294858821,2.17892780272493,0.0688870680783358
-262.880927684021,-281.68636935104,4.04784540128861,8.88747541686733,19.3802939777374,4.21868085873965,0.130523294858821,2.17892780272493,0.0688870680783358
-262.887763511476,-281.764950458972,4.05468122874414,8.93636737133816,19.3802939777374,4.21868085873965,0.130523294858821,2.17892780272493,0.0688870680783358
-262.922429319493,-281.840927130903,4.08934703676112,9.26565447567116,19.3802939777374,4.21868085873965,0.130523294858821,2.17892780272493,0.0688870680783358
-262.93966875882,-281.910626744623,4.10658647608797,8.15858857029248,19.6416541461945,4.21868085873965,0.130523294858821,2.17892780272493,0.0688870680783358
-262.959687732197,-281.976611464039,4.12660544946536,7.22770159235106,19.6416541461945,4.21868085873965,0.130523294858821,2.17892780272493,0.0688870680783358
-262.957886707526,-282.038402760915,4.12480442479368,7.10654401083597,19.6416541461945,4.21868085873965,0.130523294858821,2.17892780272493,0.0688870680783358
-262.985375896457,-282.095745078241,4.15229361372499,6.77329187375398,19.8303519611359,4.21868085873965,0.130523294858821,2.17892780272493,0.0688870680783358
-262.990440235663,-282.148699186631,4.15735795293121,6.85723318471228,19.8303519611359,4.21868085873965,0.130523294858821,2.17892780272493,0.0688870680783358
-263.018675406442,-282.197346559052,4.18559312370997,7.17918993175836,19.8303519611359,4.21868085873965,0.130523294858821,2.17892780272493,0.0688870680783358
-263.020408186131,-282.241272343331,4.18732590339937,7.24383980863215,19.8303519611359,4.21868085873965,0.130523294858821,2.17892780272493,0.0688870680783358
-263.036172561075,-282.280827245836,4.20309027834342,6.02286859958168,19.9482299213409,4.21868085873965,0.130523294858821,2.17892780272493,0.0688870680783358
-263.039192554275,-282.316165525418,4.20611027154333,5.72960375849776,19.9482299213409,4.21868085873965,0.130523294858821,2.17892780272493,0.0688870680783358
-263.050385356719,-282.346677042514,4.21730307398721,6.0430033023436,19.9482299213409,4.21868085873965,0.130523294858821,2.17892780272493,0.0688870680783358
-263.057248528246,-282.373047496352,4.22416624551414,4.99369100331294,19.9960128192902,4.21868085873965,0.130523294858821,2.17892780272493,0.0688870680783358
-263.060628994343,-282.395108224138,4.22754671161091,4.12304292659064,19.9960128192902,4.21868085873965,0.130523294858821,2.17892780272493,0.0688870680783358
-263.086162507804,-282.412631788069,4.25308022507181,3.61733737568386,19.9960128192902,4.21868085873965,0.130523294858821,2.17892780272493,0.0688870680783358
-263.082624591666,-282.426074901318,4.24954230893376,3.48254432834357,19.9261733417511,4.21868085873965,0.130523294858821,2.17892780272493,0.0688870680783358
-263.09508842773,-282.435123277399,4.26200614499766,3.15219197516273,19.9261733417511,4.21868085873965,0.130523294858821,2.17892780272493,0.0688870680783358
-263.104611768218,-282.440079988169,4.27152948548648,3.0594782122107,19.9261733417511,4.21868085873965,0.130523294858821,2.17892780272493,0.0688870680783358
-263.092128634178,-282.440859370481,4.25904635144586,3.13918101387477,19.9261733417511,4.21868085873965,0.130523294858821,2.17892780272493,0.0688870680783358
-263.11809064519,-282.437608368848,4.28500836245849,0.920547115943052,19.6661559467316,4.21868085873965,0.130523294858821,2.17892780272493,0.0688870680783358
-263.118653338323,-282.430403729539,4.28557105559096,-0.28512177734862,19.6661559467316,4.21868085873965,0.130523294858821,2.17892780272493,0.0688870680783358
-263.114224228233,-282.419386475622,4.28114194550128,-0.556246052148165,19.6661559467316,4.21868085873965,0.130523294858821,2.17892780272493,0.0688870680783358
-263.111800935963,-282.404342926816,4.27871865323132,-1.04888999740342,19.2904845600128,4.21868085873965,0.130523294858821,2.17892780272493,0.0688870680783358
-263.107907783698,-282.385779061652,4.27482550096558,-1.57271859047305,19.2904845600128,4.21868085873965,0.130523294858821,2.17892780272493,0.0688870680783358
-263.109292026988,-282.363605006339,4.27620974425613,-2.46667624681891,19.2904845600128,4.21868085873965,0.130523294858821,2.17892780272493,0.0688870680783358
-263.104153662892,-282.337722574038,4.27107138015986,-3.92813822612319,18.9378463153839,4.21868085873965,0.130523294858821,2.17892780272493,0.0688870680783358
-263.098596878914,-282.308511794478,4.26551459618241,-4.80951701510536,18.9378463153839,4.21868085873965,0.130523294858821,2.17892780272493,0.0688870680783358
-263.088618771126,-282.275166562354,4.25553648839394,-5.00561086446988,18.9378463153839,4.21868085873965,0.130523294858821,2.17892780272493,0.0688870680783358
-263.066500781195,-282.240011080063,4.23341849846287,-5.28788411576113,18.9378463153839,4.21868085873965,0.130523294858821,2.17892780272493,0.0688870680783358
-263.063893213165,-282.201412230449,4.23081093043309,-6.25651011250062,18.6563063983917,4.21868085873965,0.130523294858821,2.17892780272493,0.0688870680783358
-263.053809770056,-282.159459585132,4.22072748732361,-6.47053421592471,18.6563063983917,4.21868085873965,0.130523294858821,2.17892780272493,0.0688870680783358
-263.030753085014,-282.115030274002,4.19767080228167,-5.71411865516015,18.6563063983917,4.21868085873965,0.130523294858821,2.17892780272493,0.0688870680783358
-263.021842448164,-282.067190805133,4.18876016543152,-5.75858784602726,18.4191237812042,4.21868085873965,0.130523294858821,2.17892780272493,0.0688870680783358
-263.0038323629,-282.017810620939,4.17075008016754,-5.55337752148579,18.4191237812042,4.21868085873965,0.130523294858821,2.17892780272493,0.0688870680783358
-263.014001938638,-281.964836080768,4.18091965590556,-5.08379288511181,18.4191237812042,4.21868085873965,0.130523294858821,2.17892780272493,0.0688870680783358
-263.000780941118,-281.910254409869,4.16769865838551,-4.95265879936091,18.3440925006866,4.21868085873965,0.130523294858821,2.17892780272493,0.0688870680783358
-262.986830842873,-281.853361697938,4.15374856014111,-4.80328445301078,18.3440925006866,4.21868085873965,0.130523294858821,2.17892780272493,0.0688870680783358
-262.971798912668,-281.794016976685,4.13871662993626,-4.74918644014573,18.3440925006866,4.21868085873965,0.130523294858821,2.17892780272493,0.0688870680783358
-262.965357293207,-281.733312798872,4.13227501047514,-4.50285960385301,18.3440925006866,4.21868085873965,0.130523294858821,2.17892780272493,0.0688870680783358
-262.961270927188,-281.670286009797,4.12818864445613,-3.63634054506183,18.2690345172882,4.21868085873965,0.130523294858821,2.17892780272493,0.0688870680783358
-262.962319936871,-281.605516536297,4.1292376541387,-3.71681775003818,18.2690345172882,4.21868085873965,0.130523294858821,2.17892780272493,0.0688870680783358
-262.950386156642,-281.539252504996,4.11730387391029,-3.73520522357538,18.2690345172882,4.21868085873965,0.130523294858821,2.17892780272493,0.0688870680783358
-262.936204755227,-281.471442268524,4.10312247249545,-2.99258657769972,18.2888289813995,4.21868085873965,0.130523294858821,2.17892780272493,0.0688870680783358
-262.920766296981,-281.402955082418,4.08768401424886,-2.0420886016323,18.2888289813995,4.21868085873965,0.130523294858821,2.17892780272493,0.0688870680783358
-262.927091014004,-281.332661672903,4.09400873127158,-2.08314044865746,18.2888289813995,4.21868085873965,0.130523294858821,2.17892780272493,0.0688870680783358
-262.941653619091,-281.261665938692,4.10857133635911,-1.50497490321904,18.2627097492218,4.21868085873965,0.130523294858821,2.17892780272493,0.0688870680783358
-262.934867576826,-281.189768593806,4.10178529409427,-1.53247298109747,18.2627097492218,4.21868085873965,0.130523294858821,2.17892780272493,0.0688870680783358
-262.930609456361,-281.116698186393,4.09752717362888,-2.01624563965504,18.2627097492218,4.21868085873965,0.130523294858821,2.17892780272493,0.0688870680783358
-262.920829142898,-281.043162226337,4.08774686016644,-1.96722853943903,18.2627097492218,4.21868085873965,0.130523294858821,2.17892780272493,0.0688870680783358
-262.91771774389,-280.969096399678,4.08463546115756,-1.29799957227829,18.1228209857941,4.21868085873965,0.130523294858821,2.17892780272493,0.0688870680783358
-262.928268768871,-280.894632341687,4.09518648613877,-0.566619614201867,18.1228209857941,4.21868085873965,0.130523294858821,2.17892780272493,0.0688870680783358
-262.926843105061,-280.819307470714,4.09376082232887,-1.12932394261895,18.1228209857941,4.21868085873965,0.130523294858821,2.17892780272493,0.0688870680783358
-262.933001952308,-280.743789317168,4.09991966957596,-1.26030704027194,17.8635589008331,4.21868085873965,0.130523294858821,2.17892780272493,0.0688870680783358
-262.933405081211,-280.668892460373,4.10032279847938,-0.878178669671594,17.8635589008331,4.21868085873965,0.130523294858821,2.17892780272493,0.0688870680783358
-262.925712399147,-280.593611648238,4.09263011641514,-1.17070893366845,17.8635589008331,4.21868085873965,0.130523294858821,2.17892780272493,0.0688870680783358
-262.924484016361,-280.517897909417,4.09140173362887,-1.71746771724437,17.6756049518585,4.21868085873965,0.130523294858821,2.17892780272493,0.0688870680783358
-262.905101979336,-280.443152261492,4.07201969660365,-2.22346476395545,17.6756049518585,4.21868085873965,0.130523294858821,2.17892780272493,0.0688870680783358
-262.914336202855,-280.367928036358,4.08125392012265,-2.0726555880831,17.6756049518585,4.21868085873965,0.130523294858821,2.17892780272493,0.0688870680783358
-262.903585799378,-280.293664985637,4.0705035166464,-2.51982784625867,17.6756049518585,4.21868085873965,0.130523294858821,2.17892780272493,0.0688870680783358
-262.898434405382,-280.219397008246,4.0653521226498,-2.56236947135438,17.4416610126495,4.21868085873965,0.130523294858821,2.17892780272493,0.0688870680783358
-262.89084415629,-280.145334557834,4.05776187355822,-3.21524187294381,17.4416610126495,4.21868085873965,0.130523294858821,2.17892780272493,0.0688870680783358
-262.885656257515,-280.072255654645,4.05257397478309,-3.46560544611152,17.4416610126495,4.21868085873965,0.130523294858821,2.17892780272493,0.0688870680783358
-262.876864304794,-279.999012357802,4.04378202206179,-3.58737253889165,17.2047606830597,4.21868085873965,0.130523294858821,2.17892780272493,0.0688870680783358
-262.871439046672,-279.927537281757,4.03835676393999,-3.80586615213508,17.2047606830597,4.21868085873965,0.130523294858821,2.17892780272493,0.0688870680783358
-262.855930803546,-279.856199906613,4.02284852081392,-4.16008812453899,17.2047606830597,4.21868085873965,0.130523294858821,2.17892780272493,0.0688870680783358
-262.846661218199,-279.785021937148,4.01357893546739,-3.9764832587541,16.945185792923,4.21868085873965,0.130523294858821,2.17892780272493,0.0688870680783358
-262.847588806998,-279.715852320043,4.01450652426566,-4.23236152433261,16.945185792923,4.21868085873965,0.130523294858821,2.17892780272493,0.0688870680783358
-262.842840150725,-279.645954176596,4.0097578679929,-4.37984493936021,16.945185792923,4.21868085873965,0.130523294858821,2.17892780272493,0.0688870680783358
-262.818041519098,-279.578724938673,3.98495923636605,-4.50965395355103,16.945185792923,4.21868085873965,0.130523294858821,2.17892780272493,0.0688870680783358
-262.821615960811,-279.510934815419,3.98853367807883,-4.43350399299405,16.7341834430695,4.21868085873965,0.130523294858821,2.17892780272493,0.0688870680783358
-262.81011924738,-279.44490819782,3.97703696464846,-4.17854358123012,16.7341834430695,4.21868085873965,0.130523294858821,2.17892780272493,0.0688870680783358
-262.806545865941,-279.379532898253,3.97346358320932,-4.20996082369465,16.7341834430695,4.21868085873965,0.130523294858821,2.17892780272493,0.0688870680783358
-262.790890202406,-279.315013142385,3.95780791967437,-4.14006317019415,16.5228453998566,4.21868085873965,0.130523294858821,2.17892780272493,0.0688870680783358
-262.785247529581,-279.251078622665,3.95216524684888,-4.0655408751549,16.5228453998566,4.21868085873965,0.130523294858821,2.17892780272493,0.0688870680783358
-262.782632113117,-279.188649165984,3.94954983038548,-4.39786027080078,16.5228453998566,4.21868085873965,0.130523294858821,2.17892780272493,0.0688870680783358
-262.773791004428,-279.126803820466,3.94070872169583,-4.19551145257463,16.3354636554718,4.21868085873965,0.130523294858821,2.17892780272493,0.0688870680783358
-262.760381321072,-279.06603018438,3.92729903834049,-4.41750185038157,16.3354636554718,4.21868085873965,0.130523294858821,2.17892780272493,0.0688870680783358
-262.756772468118,-279.00468437289,3.92369018538552,-4.8302972711751,16.3354636554718,4.21868085873965,0.130523294858821,2.17892780272493,0.0688870680783358
-262.744069246027,-278.945354474575,3.91098696329512,-4.6921342360925,16.3354636554718,4.21868085873965,0.130523294858821,2.17892780272493,0.0688870680783358
-262.746643270604,-278.888360318742,3.91356098787221,-4.27444596174366,16.1475631122589,4.21868085873965,0.130523294858821,2.17892780272493,0.0688870680783358
-262.725295191749,-278.831800872987,3.89221290901748,-4.33018793707156,16.1475631122589,4.21868085873965,0.130523294858821,2.17892780272493,0.0688870680783358
-262.726184362346,-278.775133097914,3.89310207961446,-4.46345340080708,16.1475631122589,4.21868085873965,0.130523294858821,2.17892780272493,0.0688870680783358
-262.713324691794,-278.719587064567,3.88024240906243,-4.21123362016544,15.958236825943,4.21868085873965,0.130523294858821,2.17892780272493,0.0688870680783358
-262.706714658922,-278.664373947702,3.87363237618971,-3.86333558375891,15.958236825943,4.21868085873965,0.130523294858821,2.17892780272493,0.0688870680783358
-262.699391050617,-278.610213426945,3.86630876788541,-4.31468041613416,15.958236825943,4.21868085873965,0.130523294858821,2.17892780272493,0.0688870680783358
-262.700932065062,-278.556162816847,3.86784978233001,-4.21378218174719,15.7926579837799,4.21868085873965,0.130523294858821,2.17892780272493,0.0688870680783358
-262.678788305557,-278.503520063764,3.84570602282519,-4.02451301851451,15.7926579837799,4.21868085873965,0.130523294858821,2.17892780272493,0.0688870680783358
-262.663280866782,-278.450607241089,3.83019858404987,-4.54829167599545,15.7926579837799,4.21868085873965,0.130523294858821,2.17892780272493,0.0688870680783358
-262.66690871566,-278.398821466171,3.83382643292768,-4.39944328106932,15.7926579837799,4.21868085873965,0.130523294858821,2.17892780272493,0.0688870680783358
-262.636957685758,-278.347055096479,3.80387540302568,-3.96317754398106,15.6505185489655,4.21868085873965,0.130523294858821,2.17892780272493,0.0688870680783358
-262.649918771558,-278.295290497004,3.81683648882553,-4.08258064199023,15.6505185489655,4.21868085873965,0.130523294858821,2.17892780272493,0.0688870680783358
-262.644551901051,-278.244897582483,3.81146961831863,-4.63362637171385,15.6505185489655,4.21868085873965,0.130523294858821,2.17892780272493,0.0688870680783358
-262.630349075206,-278.193846743824,3.79726679247361,-3.94747273440187,15.5305177097321,4.21868085873965,0.130523294858821,2.17892780272493,0.0688870680783358
-262.612486810523,-278.143721652855,3.77940452779058,-4.1459511318535,15.5305177097321,4.21868085873965,0.130523294858821,2.17892780272493,0.0688870680783358
-262.609309834066,-278.093368589477,3.7762275513345,-3.74609612500087,15.5305177097321,4.21868085873965,0.130523294858821,2.17892780272493,0.0688870680783358
-262.605060510419,-278.042498928633,3.77197822768749,-3.54867881977714,15.3893948917389,4.21868085873965,0.130523294858821,2.17892780272493,0.0688870680783358
-262.607017442173,-277.992864898247,3.77393515944147,-3.20160945898172,15.3893948917389,4.21868085873965,0.130523294858821,2.17892780272493,0.0688870680783358
-262.587101900006,-277.941975009961,3.75401961727367,-3.84108390230609,15.3893948917389,4.21868085873965,0.130523294858821,2.17892780272493,0.0688870680783358
-262.592327335271,-277.891823775412,3.75924505253905,-3.81148803085515,15.3893948917389,4.21868085873965,0.130523294858821,2.17892780272493,0.0688870680783358
-262.581662581685,-277.84118383301,3.7485802989527,-3.53893256659298,15.2235070590973,4.21868085873965,0.130523294858821,2.17892780272493,0.0688870680783358
-262.573457577958,-277.790342157071,3.74037529522636,-2.97353053772049,15.2235070590973,4.21868085873965,0.130523294858821,2.17892780272493,0.0688870680783358
-262.562684706501,-277.738993911393,3.72960242376913,-3.51424236666349,15.2235070590973,4.21868085873965,0.130523294858821,2.17892780272493,0.0688870680783358
-262.558585123903,-277.687451446246,3.72550284117051,-3.58725453595095,15.0836945896149,4.21868085873965,0.130523294858821,2.17892780272493,0.0688870680783358
-262.555373747091,-277.63542447161,3.72229146435882,-3.12519105521529,15.0836945896149,4.21868085873965,0.130523294858821,2.17892780272493,0.0688870680783358
-262.542021681998,-277.583276243057,3.70893939926592,-3.36077744512764,15.0836945896149,4.21868085873965,0.130523294858821,2.17892780272493,0.0688870680783358
-262.535089045505,-277.529827699073,3.70200676277321,-3.30138761009794,14.967664850235,4.21868085873965,0.130523294858821,2.17892780272493,0.0688870680783358
-262.546270923493,-277.476639389425,3.71318864076126,-3.41006761633874,14.967664850235,4.21868085873965,0.130523294858821,2.17892780272493,0.0688870680783358
-262.531999975697,-277.422295038333,3.69891769296543,-3.55639160521803,14.967664850235,4.21868085873965,0.130523294858821,2.17892780272493,0.0688870680783358
-262.52339466539,-277.367499525979,3.69031238265777,-3.39588679376578,14.967664850235,4.21868085873965,0.130523294858821,2.17892780272493,0.0688870680783358
-262.513712762242,-277.312145703558,3.68063047950967,-3.65030943625281,14.8041020755768,4.21868085873965,0.130523294858821,2.17892780272493,0.0688870680783358
-262.508596065307,-277.255504374684,3.67551378257513,-3.02287847382058,14.8041020755768,4.21868085873965,0.130523294858821,2.17892780272493,0.0688870680783358
-262.508726451794,-277.198656171036,3.67564416906224,-3.27679970296123,14.8041020755768,4.21868085873965,0.130523294858821,2.17892780272493,0.0688870680783358
-262.491906222403,-277.140655012353,3.65882393967076,-3.22248765256655,14.6409322147369,4.21868085873965,0.130523294858821,2.17892780272493,0.0688870680783358
-262.495238952263,-277.081642025097,3.6621566695309,-3.10676771111655,14.6409322147369,4.21868085873965,0.130523294858821,2.17892780272493,0.0688870680783358
-262.495224070732,-277.022303306604,3.66214178799973,-3.74451209208168,14.6409322147369,4.21868085873965,0.130523294858821,2.17892780272493,0.0688870680783358
-262.478669032587,-276.961254074359,3.64558674985455,-2.99003025450267,14.4766885166168,4.21868085873965,0.130523294858821,2.17892780272493,0.0688870680783358
-262.481664924344,-276.899786945445,3.64858264161233,-3.08390688200474,14.4766885166168,4.21868085873965,0.130523294858821,2.17892780272493,0.0688870680783358
-262.475060634823,-276.83729909649,3.6419783520914,-3.54501107504815,14.4766885166168,4.21868085873965,0.130523294858821,2.17892780272493,0.0688870680783358
-262.472429499377,-276.774168523878,3.63934721664511,-2.84941248885788,14.4766885166168,4.21868085873965,0.130523294858821,2.17892780272493,0.0688870680783358
-262.454190345364,-276.709989924503,3.62110806263155,-3.29188322620489,14.3343945865631,4.21868085873965,0.130523294858821,2.17892780272493,0.0688870680783358
-262.459496091056,-276.644284192459,3.62641380832357,-3.2452020641903,14.3343945865631,4.21868085873965,0.130523294858821,2.17892780272493,0.0688870680783358
-262.461326287783,-276.578075341741,3.62824400505057,-3.22892016558968,14.3343945865631,4.21868085873965,0.130523294858821,2.17892780272493,0.0688870680783358
-262.444310333489,-276.511475640906,3.61122805075687,-3.21277639427346,14.1684590702057,4.21868085873965,0.130523294858821,2.17892780272493,0.0688870680783358
-262.445097473826,-276.443619655037,3.61201519109444,-3.11895347350825,14.1684590702057,4.21868085873965,0.130523294858821,2.17892780272493,0.0688870680783358
-262.433609470528,-276.374665733534,3.60052718779619,-3.51408887347798,14.1684590702057,4.21868085873965,0.130523294858821,2.17892780272493,0.0688870680783358
-262.428927241607,-276.304660144145,3.59584495887527,-3.08771459861984,13.9795476322174,4.21868085873965,0.130523294858821,2.17892780272493,0.0688870680783358
-262.424028365332,-276.234382349294,3.59094608259952,-3.13931917032521,13.9795476322174,4.21868085873965,0.130523294858821,2.17892780272493,0.0688870680783358
-262.418540889545,-276.162567803286,3.58545860681281,-3.49350937625092,13.9795476322174,4.21868085873965,0.130523294858821,2.17892780272493,0.0688870680783358
-262.402466759091,-276.08948890013,3.56938447635885,-3.63692225261826,13.9795476322174,4.21868085873965,0.130523294858821,2.17892780272493,0.0688870680783358
-262.390633871231,-276.018155008131,3.55755158849946,-3.60685043986733,13.792184961319,4.21868085873965,0.130523294858821,2.17892780272493,0.0688870680783358
-262.394084452141,-275.9456087714,3.56100216940852,-3.49674119174942,13.792184961319,4.21868085873965,0.130523294858821,2.17892780272493,0.0688870680783358
-262.38742693567,-275.871692523611,3.55434465293825,-3.69822435253961,13.792184961319,4.21868085873965,0.130523294858821,2.17892780272493,0.0688870680783358
-262.379414797273,-275.797440212992,3.54633251454112,-3.41976922596698,13.6269399051666,4.21868085873965,0.130523294858821,2.17892780272493,0.0688870680783358
-262.374274918566,-275.722836648116,3.54119263583441,-3.94468357215222,13.6269399051666,4.21868085873965,0.130523294858821,2.17892780272493,0.0688870680783358
-262.365496611562,-275.648119765212,3.53241432882972,-3.96463181404209,13.6269399051666,4.21868085873965,0.130523294858821,2.17892780272493,0.0688870680783358
-262.359698248646,-275.57297746288,3.52661596591414,-3.77429585812319,13.5074864749908,4.21868085873965,0.130523294858821,2.17892780272493,0.0688870680783358
-262.354731399165,-275.497511567668,3.5216491164331,-3.99254627166339,13.5074864749908,4.21868085873965,0.130523294858821,2.17892780272493,0.0688870680783358
-262.351372481834,-275.421667862564,3.51829019910221,-4.25109438349081,13.5074864749908,4.21868085873965,0.130523294858821,2.17892780272493,0.0688870680783358
-262.335889163506,-275.346843876221,3.50280688077403,-4.35926630011019,13.5074864749908,4.21868085873965,0.130523294858821,2.17892780272493,0.0688870680783358
-262.349277052615,-275.271412685582,3.51619476988252,-4.08121870064915,13.3181840305328,4.21868085873965,0.130523294858821,2.17892780272493,0.0688870680783358
-262.323871904559,-275.196446173439,3.49078962182675,-4.11701535927544,13.3181840305328,4.21868085873965,0.130523294858821,2.17892780272493,0.0688870680783358
-262.319975162214,-275.121816348791,3.48689287948184,-4.3809961290314,13.3181840305328,4.21868085873965,0.130523294858821,2.17892780272493,0.0688870680783358
-262.310362935956,-275.047049855601,3.47728065322417,-4.46109675376989,13.1068116550446,4.21868085873965,0.130523294858821,2.17892780272493,0.0688870680783358
-262.304422339121,-274.973830476496,3.47134005638861,-4.57620390338938,13.1068116550446,4.21868085873965,0.130523294858821,2.17892780272493,0.0688870680783358
-262.294704529151,-274.90077424804,3.46162224641872,-4.60624223345374,13.1068116550446,4.21868085873965,0.130523294858821,2.17892780272493,0.0688870680783358
-262.284855605774,-274.828100050625,3.4517733230422,-4.41415315156054,12.8691712741852,4.21868085873965,0.130523294858821,2.17892780272493,0.0688870680783358
-262.277453290314,-274.75722906946,3.44437100758166,-4.86068256921276,12.8691712741852,4.21868085873965,0.130523294858821,2.17892780272493,0.0688870680783358
-262.269862900579,-274.685742370325,3.43678061784708,-5.0688228993311,12.8691712741852,4.21868085873965,0.130523294858821,2.17892780272493,0.0688870680783358
-262.251667250113,-274.617500448632,3.41858496738096,-5.49916879255903,12.8691712741852,4.21868085873965,0.130523294858821,2.17892780272493,0.0688870680783358
-262.240231306253,-274.549880339175,3.40714902352124,-5.34690041353872,12.6109219913483,4.21868085873965,0.130523294858821,2.17892780272493,0.0688870680783358
-262.237418389623,-274.482826792243,3.40433610689134,-5.19481281504579,12.6109219913483,4.21868085873965,0.130523294858821,2.17892780272493,0.0688870680783358
-262.22618239074,-274.418302032714,3.39310010800753,-5.18195809302067,12.6109219913483,4.21868085873965,0.130523294858821,2.17892780272493,0.0688870680783358
-262.216243878071,-274.355037582009,3.38316159533908,-5.24584537841888,12.3500119571686,4.21868085873965,0.130523294858821,2.17892780272493,0.0688870680783358
-262.219436721043,-274.293369509324,3.38635443831103,-5.73321899314024,12.3500119571686,4.21868085873965,0.130523294858821,2.17892780272493,0.0688870680783358
-262.19834145284,-274.233762667665,3.3652591701076,-5.99888485959121,12.3500119571686,4.21868085873965,0.130523294858821,2.17892780272493,0.0688870680783358
-262.190339941073,-274.176416847247,3.357257658341,-5.78823261862412,12.0910416965485,4.21868085873965,0.130523294858821,2.17892780272493,0.0688870680783358
-262.182250782361,-274.121136059489,3.34916849962874,-6.0163589145193,12.0910416965485,4.21868085873965,0.130523294858821,2.17892780272493,0.0688870680783358
-262.152182264059,-274.067922445635,3.31909998132751,-6.1418633947213,12.0910416965485,4.21868085873965,0.130523294858821,2.17892780272493,0.0688870680783358
-262.15169706025,-274.017810227155,3.31861477751799,-6.47206106767462,12.0910416965485,4.21868085873965,0.130523294858821,2.17892780272493,0.0688870680783358
-262.148441575591,-273.969843790273,3.31535929285914,-6.35889832580586,11.831205499649,4.21868085873965,0.130523294858821,2.17892780272493,0.0688870680783358
-262.121736551773,-273.92411546322,3.28865426904107,-6.37636256290935,11.831205499649,4.21868085873965,0.130523294858821,2.17892780272493,0.0688870680783358
-262.120710444995,-273.882031858625,3.28762816226291,-6.55084983614581,11.831205499649,4.21868085873965,0.130523294858821,2.17892780272493,0.0688870680783358
-262.09335871454,-273.842506268778,3.26027643180754,-5.94175542907255,11.5961686496735,4.21868085873965,0.130523294858821,2.17892780272493,0.0688870680783358
-262.086774782744,-273.805909462695,3.25369250001228,-5.82923554506321,11.5961686496735,4.21868085873965,0.130523294858821,2.17892780272493,0.0688870680783358
-262.082201610269,-273.773045449029,3.24911932753685,-6.16559668842279,11.5961686496735,4.21868085873965,0.130523294858821,2.17892780272493,0.0688870680783358
-262.070852188468,-273.742867547051,3.23776990573615,-5.82237324456063,11.3852158908844,4.21868085873965,0.130523294858821,2.17892780272493,0.0688870680783358
-262.057528513786,-273.716424879652,3.22444623105445,-5.93765164324081,11.3852158908844,4.21868085873965,0.130523294858821,2.17892780272493,0.0688870680783358
-262.04396348859,-273.693252022377,3.21088120585783,-5.85026008170892,11.3852158908844,4.21868085873965,0.130523294858821,2.17892780272493,0.0688870680783358
-262.042553775693,-273.674093721311,3.2094714929608,-5.77525441790435,11.3852158908844,4.21868085873965,0.130523294858821,2.17892780272493,0.0688870680783358
-262.025466342816,-273.658229910609,3.19238406008393,-4.43289566307889,11.2673856143951,4.21868085873965,0.130523294858821,2.17892780272493,0.0688870680783358
-262.015761527776,-273.646389923355,3.18267924504417,-4.81430418661261,11.2673856143951,4.21868085873965,0.130523294858821,2.17892780272493,0.0688870680783358
-262.010771037532,-273.63833397425,3.17768875479973,-5.23479136148682,11.2673856143951,4.21868085873965,0.130523294858821,2.17892780272493,0.0688870680783358
-262.007961370816,-273.634244594185,3.17487908808423,-4.63297683104882,11.1981870059967,4.21868085873965,0.130523294858821,2.17892780272493,0.0688870680783358
-261.98826500298,-273.634181439988,3.1551827202484,-4.71584599103801,11.1981870059967,4.21868085873965,0.130523294858821,2.17892780272493,0.0688870680783358
-261.980361731881,-273.638197811182,3.14727944914878,-4.49702361772734,11.1981870059967,4.21868085873965,0.130523294858821,2.17892780272493,0.0688870680783358
-261.976583024825,-273.646445097875,3.1435007420933,-3.57939149529917,11.2209454898834,4.21868085873965,0.130523294858821,2.17892780272493,0.0688870680783358
-261.963314884342,-273.658907571921,3.13023260161038,-2.84894976776729,11.2209454898834,4.21868085873965,0.130523294858821,2.17892780272493,0.0688870680783358
-261.979949198804,-273.675750947507,3.14686691607186,-3.13190646299459,11.2209454898834,4.21868085873965,0.130523294858821,2.17892780272493,0.0688870680783358
-261.959439631001,-273.697196699944,3.1263573482691,-3.40656432131271,11.2209454898834,4.21868085873965,0.130523294858821,2.17892780272493,0.0688870680783358
-261.955235496712,-273.722387746561,3.12215321397985,-2.70577474082202,11.3156110172272,4.21868085873965,0.130523294858821,2.17892780272493,0.0688870680783358
-261.944768076007,-273.751955917251,3.11168579327459,-1.97437275641487,11.3156110172272,4.21868085873965,0.130523294858821,2.17892780272493,0.0688870680783358
-261.962625670745,-273.786293632858,3.12954338801313,-1.36866977683908,11.3156110172272,4.21868085873965,0.130523294858821,2.17892780272493,0.0688870680783358
-261.941118617764,-273.825023968975,3.10803633503187,-0.332262217659125,11.5262643222809,4.21868085873965,0.130523294858821,2.17892780272493,0.0688870680783358
-261.933647450652,-273.868242789585,3.10056516791951,0.278651162495057,11.5262643222809,4.21868085873965,0.130523294858821,2.17892780272493,0.0688870680783358
-261.931217990261,-273.915315370994,3.09813570752943,0.445653929298663,11.5262643222809,4.21868085873965,0.130523294858821,2.17892780272493,0.0688870680783358
-261.94481846236,-273.967333805134,3.1117361796279,1.81885585307822,11.8295079593658,4.21868085873965,0.130523294858821,2.17892780272493,0.0688870680783358
-261.940332321323,-274.023530205385,3.10725003859075,1.4988881970657,11.8295079593658,4.21868085873965,0.130523294858821,2.17892780272493,0.0688870680783358
-261.939418284174,-274.084337451188,3.106336001442,1.91570009003757,11.8295079593658,4.21868085873965,0.130523294858821,2.17892780272493,0.0688870680783358
-261.973609085838,-274.149496013182,3.14052680310634,2.94355660724879,11.8295079593658,4.21868085873965,0.130523294858821,2.17892780272493,0.0688870680783358
-261.959983613931,-274.218768472496,3.12690133119892,4.94110731667387,12.1114484195709,4.21868085873965,0.130523294858821,2.17892780272493,0.0688870680783358
-261.973493994296,-274.292777709524,3.14041171156376,5.84753541471859,12.1114484195709,4.21868085873965,0.130523294858821,2.17892780272493,0.0688870680783358
-261.972602714752,-274.371016378322,3.13952043202009,6.36878169670767,12.1114484195709,4.21868085873965,0.130523294858821,2.17892780272493,0.0688870680783358
-261.986077937294,-274.453640736249,3.15299565456234,7.22543221152323,12.3935243015289,4.21868085873965,0.130523294858821,2.17892780272493,0.0688870680783358
-261.998755995544,-274.539650857608,3.16567371281179,6.91287643922055,12.3935243015289,4.21868085873965,0.130523294858821,2.17892780272493,0.0688870680783358
-262.006089163014,-274.629848966488,3.17300688028171,6.38303739147568,12.3935243015289,4.21868085873965,0.130523294858821,2.17892780272493,0.0688870680783358
-262.017911758946,-274.724821933037,3.18482947621357,6.061938994268,12.6087952976227,4.21868085873965,0.130523294858821,2.17892780272493,0.0688870680783358
-262.025498429442,-274.823207258969,3.19241614670995,5.84894373629057,12.6087952976227,4.21868085873965,0.130523294858821,2.17892780272493,0.0688870680783358
-262.053511002494,-274.92621553194,3.22042871976241,5.92595664841334,12.6087952976227,4.21868085873965,0.130523294858821,2.17892780272493,0.0688870680783358
-262.05893412019,-275.030892137918,3.22585183745816,5.06744072159648,12.6087952976227,4.21868085873965,0.130523294858821,2.17892780272493,0.0688870680783358
-262.060940196039,-275.140435687756,3.22785791330721,4.85418882161647,12.7557946567535,4.21868085873965,0.130523294858821,2.17892780272493,0.0688870680783358
-262.070552532125,-275.253890913376,3.23747024939264,5.28620432588684,12.7557946567535,4.21868085873965,0.130523294858821,2.17892780272493,0.0688870680783358
-262.082882480403,-275.369922687823,3.24980019767074,5.62897166340149,12.7557946567535,4.21868085873965,0.130523294858821,2.17892780272493,0.0688870680783358
-262.092333924098,-275.489998240864,3.25925164136615,5.17684000091301,12.9948769931793,4.21868085873965,0.130523294858821,2.17892780272493,0.0688870680783358
-262.116068545458,-275.612760558574,3.28298626272638,5.0567961453688,12.9948769931793,4.21868085873965,0.130523294858821,2.17892780272493,0.0688870680783358
-262.111521983366,-275.737948099286,3.27843970063368,5.04639984199664,12.9948769931793,4.21868085873965,0.130523294858821,2.17892780272493,0.0688870680783358
-262.115799138845,-275.86652719026,3.28271685611309,4.58091587460793,13.2801000003815,4.21868085873965,0.130523294858821,2.17892780272493,0.0688870680783358
-262.135442590363,-275.997107545278,3.30236030763131,4.42616659953085,13.2801000003815,4.21868085873965,0.130523294858821,2.17892780272493,0.0688870680783358
-262.145157174686,-276.132632931462,3.31207489195373,5.29368669861266,13.2801000003815,4.21868085873965,0.130523294858821,2.17892780272493,0.0688870680783358
-262.145418304622,-276.266678085492,3.31233602189046,5.98882907681218,13.2801000003815,4.21868085873965,0.130523294858821,2.17892780272493,0.0688870680783358
-262.15095195429,-276.405417578148,3.31786967155812,5.7617895773073,13.609432352066,4.21868085873965,0.130523294858821,2.17892780272493,0.0688870680783358
-262.164473269365,-276.546189884789,3.33139098663343,5.89166720777213,13.609432352066,4.21868085873965,0.130523294858821,2.17892780272493,0.0688870680783358
-262.178983097041,-276.689111670733,3.34590081430924,6.06187110881548,13.609432352066,4.21868085873965,0.130523294858821,2.17892780272493,0.0688870680783358
-262.184854966343,-276.832343881983,3.3517726836112,5.82307156179186,14.0994054203033,4.21868085873965,0.130523294858821,2.17892780272493,0.0688870680783358
-262.197289661089,-276.978450428494,3.36420737835696,6.41306926975988,14.0994054203033,4.21868085873965,0.130523294858821,2.17892780272493,0.0688870680783358
-262.216900706505,-277.12467254023,3.38381842377333,7.34328577488753,14.0994054203033,4.21868085873965,0.130523294858821,2.17892780272493,0.0688870680783358
-262.222613150837,-277.272831668984,3.38953086810473,7.50697964779964,14.6378079776764,4.21868085873965,0.130523294858821,2.17892780272493,0.0688870680783358
-262.238794068146,-277.422207322832,3.40571178541366,7.38036441056579,14.6378079776764,4.21868085873965,0.130523294858821,2.17892780272493,0.0688870680783358
-262.246036010499,-277.571542893002,3.41295372776712,7.87499876386593,14.6378079776764,4.21868085873965,0.130523294858821,2.17892780272493,0.0688870680783358
-262.26610772886,-277.721410722764,3.43302544612784,9.59731377264984,14.6378079776764,4.21868085873965,0.130523294858821,2.17892780272493,0.0688870680783358
-262.278443577376,-277.871280806317,3.4453612946444,9.33451302601988,15.1788693790436,4.21868085873965,0.130523294858821,2.17892780272493,0.0688870680783358
-262.300208947393,-278.022994618933,3.46712666466098,10.18969264539,15.1788693790436,4.21868085873965,0.130523294858821,2.17892780272493,0.0688870680783358
-262.32161209752,-278.173828479472,3.48852981478803,10.7427314586344,15.1788693790436,4.21868085873965,0.130523294858821,2.17892780272493,0.0688870680783358
-262.347309286828,-278.324830627221,3.51422700409626,9.76045862130813,15.7211610202789,4.21868085873965,0.130523294858821,2.17892780272493,0.0688870680783358
-262.369313306683,-278.475217562156,3.53623102395106,9.89222488034509,15.7211610202789,4.21868085873965,0.130523294858821,2.17892780272493,0.0688870680783358
-262.392183005982,-278.623644356802,3.55910072324989,11.3236451323745,15.7211610202789,4.21868085873965,0.130523294858821,2.17892780272493,0.0688870680783358
-262.405967297687,-278.772601275307,3.57288501495451,11.4657847497214,16.263919008255,4.21868085873965,0.130523294858821,2.17892780272493,0.0688870680783358
-262.42553392194,-278.920473537563,3.59245163920768,11.5967532990794,16.263919008255,4.21868085873965,0.130523294858821,2.17892780272493,0.0688870680783358
-262.439858947947,-279.068876006499,3.60677666521536,11.9656100760586,16.263919008255,4.21868085873965,0.130523294858821,2.17892780272493,0.0688870680783358
-262.477161434455,-279.218062545139,3.64407915172249,12.3848207208732,16.263919008255,4.21868085873965,0.130523294858821,2.17892780272493,0.0688870680783358
-262.495885965059,-279.361082015834,3.66280368232685,11.8882462892528,16.7373114948273,4.21868085873965,0.130523294858821,2.17892780272493,0.0688870680783358
-262.518454376744,-279.500594801346,3.68537209401237,12.2025846864789,16.7373114948273,4.21868085873965,0.130523294858821,2.17892780272493,0.0688870680783358
-262.537378953575,-279.640818234131,3.70429667084282,12.4105731971785,16.7373114948273,4.21868085873965,0.130523294858821,2.17892780272493,0.0688870680783358
-262.557386901053,-279.780071020865,3.72430461832146,10.8201030865116,17.2593032245636,4.21868085873965,0.130523294858821,2.17892780272493,0.0688870680783358
-262.582135147603,-279.917330429465,3.74905286487115,11.0656685841364,17.2593032245636,4.21868085873965,0.130523294858821,2.17892780272493,0.0688870680783358
-262.599153312776,-280.049774250274,3.76607103004373,11.4126782260304,17.2593032245636,4.21868085873965,0.130523294858821,2.17892780272493,0.0688870680783358
-262.620229309981,-280.182153876898,3.78714702724919,11.1604328856822,17.7537375812531,4.21868085873965,0.130523294858821,2.17892780272493,0.0688870680783358
-262.640295692444,-280.310505583598,3.80721340971207,11.1979558425276,17.7537375812531,4.21868085873965,0.130523294858821,2.17892780272493,0.0688870680783358
-262.672669920315,-280.438680615805,3.83958763758263,10.7313199231116,17.7537375812531,4.21868085873965,0.130523294858821,2.17892780272493,0.0688870680783358
-262.672526417363,-280.560456588004,3.83944413463144,11.4950434666751,17.7537375812531,4.21868085873965,0.130523294858821,2.17892780272493,0.0688870680783358
-262.70032326497,-280.68071416024,3.86724098223812,10.7154214375156,18.2018805866241,4.21868085873965,0.130523294858821,2.17892780272493,0.0688870680783358
-262.721463905232,-280.797483273189,3.88838162249971,10.3761592770689,18.2018805866241,4.21868085873965,0.130523294858821,2.17892780272493,0.0688870680783358
-262.734282715883,-280.91080756527,3.90120043315073,10.9037848778576,18.2018805866241,4.21868085873965,0.130523294858821,2.17892780272493,0.0688870680783358
-262.765577449983,-281.021263073878,3.93249516725086,9.99996463750879,18.6753798847198,4.21868085873965,0.130523294858821,2.17892780272493,0.0688870680783358
-262.779460648244,-281.127016934879,3.94637836551198,9.35607943150139,18.6753798847198,4.21868085873965,0.130523294858821,2.17892780272493,0.0688870680783358
-262.796268554696,-281.230790511631,3.96318627196413,9.54666046907793,18.6753798847198,4.21868085873965,0.130523294858821,2.17892780272493,0.0688870680783358
-262.820562019045,-281.33040824418,3.98747973631314,9.24862674665098,19.0290099506378,4.21868085873965,0.130523294858821,2.17892780272493,0.0688870680783358
-262.835204265648,-281.425088140797,4.00212198291566,9.42025054750419,19.0290099506378,4.21868085873965,0.130523294858821,2.17892780272493,0.0688870680783358
-262.853977552277,-281.51707698589,4.02089526954497,9.64710509847643,19.0290099506378,4.21868085873965,0.130523294858821,2.17892780272493,0.0688870680783358
-262.868533850581,-281.603963642619,4.03545156784879,9.34222709525705,19.336241853714,4.21868085873965,0.130523294858821,2.17892780272493,0.0688870680783358
-262.891323028114,-281.687335981668,4.05824074538153,9.24343256488866,19.336241853714,4.21868085873965,0.130523294858821,2.17892780272493,0.0688870680783358
-262.903001322728,-281.766096167122,4.06991903999587,8.64179277163644,19.336241853714,4.21868085873965,0.130523294858821,2.17892780272493,0.0688870680783358
-262.919517098007,-281.840728121978,4.08643481527532,8.89030645964395,19.336241853714,4.21868085873965,0.130523294858821,2.17892780272493,0.0688870680783358
-262.941132855704,-281.911229111577,4.10805057297237,7.90909647669011,19.6181632404327,4.21868085873965,0.130523294858821,2.17892780272493,0.0688870680783358
-262.954147866763,-281.977228792945,4.12106558403064,7.42772083125463,19.6181632404327,4.21868085873965,0.130523294858821,2.17892780272493,0.0688870680783358
-262.960405784767,-282.03891380209,4.12732350203465,7.51704294308867,19.6181632404327,4.21868085873965,0.130523294858821,2.17892780272493,0.0688870680783358
-262.986788454215,-282.096067110341,4.1537061714832,6.63515591665829,19.8305808429718,4.21868085873965,0.130523294858821,2.17892780272493,0.0688870680783358
-262.995538841536,-282.148729409533,4.16245655880426,6.59246551087427,19.8305808429718,4.21868085873965,0.130523294858821,2.17892780272493,0.0688870680783358
-263.00339328108,-282.197307965965,4.17031099834758,6.6359145775096,19.8305808429718,4.21868085873965,0.130523294858821,2.17892780272493,0.0688870680783358
-263.028535333049,-282.241466679296,4.1954530503171,6.78939473067162,19.8305808429718,4.21868085873965,0.130523294858821,2.17892780272493,0.0688870680783358
-263.03093582589,-282.280858430318,4.19785354315777,5.86447465333208,19.95019830513,4.21868085873965,0.130523294858821,2.17892780272493,0.0688870680783358
-263.046254192424,-282.316118431302,4.21317190969178,5.85411053667159,19.95019830513,4.21868085873965,0.130523294858821,2.17892780272493,0.0688870680783358
-263.05092097768,-282.346700855048,4.21783869494824,6.13890043703178,19.95019830513,4.21868085873965,0.130523294858821,2.17892780272493,0.0688870680783358
-263.061652811097,-282.373191356728,4.22857052836473,4.5664291674528,20.0002280597687,4.21868085873965,0.130523294858821,2.17892780272493,0.0688870680783358
-263.070469793885,-282.395270759034,4.23738751115294,3.82866283095799,20.0002280597687,4.21868085873965,0.130523294858821,2.17892780272493,0.0688870680783358
-263.074008772986,-282.412698239007,4.24092649025382,3.59627708832401,20.0002280597687,4.21868085873965,0.130523294858821,2.17892780272493,0.0688870680783358
-263.084565910351,-282.426052202282,4.25148362761874,3.38447729354696,19.8811828022003,4.21868085873965,0.130523294858821,2.17892780272493,0.0688870680783358
-263.083055005431,-282.435162479189,4.24997272269861,3.0570955977414,19.8811828022003,4.21868085873965,0.130523294858821,2.17892780272493,0.0688870680783358
-263.100842349827,-282.440075285184,4.26776006709489,3.14631261852612,19.8811828022003,4.21868085873965,0.130523294858821,2.17892780272493,0.0688870680783358
-263.105686435474,-282.440849734133,4.2726041527415,2.45323878205428,19.8811828022003,4.21868085873965,0.130523294858821,2.17892780272493,0.0688870680783358
-263.109196292992,-282.437608994637,4.27611401026046,0.701321903236694,19.6685096149445,4.21868085873965,0.130523294858821,2.17892780272493,0.0688870680783358
-263.114181640828,-282.430350050096,4.28109935809634,0.166756029604353,19.6685096149445,4.21868085873965,0.130523294858821,2.17892780272493,0.0688870680783358
-263.112786359316,-282.419245170096,4.27970407658451,-0.376778088864019,19.6685096149445,4.21868085873965,0.130523294858821,2.17892780272493,0.0688870680783358
-263.11527110546,-282.404266759911,4.28218882272768,-0.932612423471006,19.3166915302277,4.21868085873965,0.130523294858821,2.17892780272493,0.0688870680783358
-263.098795128864,-282.385600835055,4.26571284613214,-1.26577856031227,19.3166915302277,4.21868085873965,0.130523294858821,2.17892780272493,0.0688870680783358
-263.101563428327,-282.363453116051,4.26848114559519,-1.69783674298184,19.3166915302277,4.21868085873965,0.130523294858821,2.17892780272493,0.0688870680783358
-263.081775853163,-282.337433700495,4.24869357043062,-4.05255252849229,18.9167815570831,4.21868085873965,0.130523294858821,2.17892780272493,0.0688870680783358
-263.093475375308,-282.308368151089,4.26039309257564,-4.59270551586186,18.9167815570831,4.21868085873965,0.130523294858821,2.17892780272493,0.0688870680783358
-263.083796087936,-282.275635469679,4.25071380520409,-4.67326806222675,18.9167815570831,4.21868085873965,0.130523294858821,2.17892780272493,0.0688870680783358
-263.073936171575,-282.239062545286,4.24085388884282,-5.66601760979212,18.6095305805206,4.21868085873965,0.130523294858821,2.17892780272493,0.0688870680783358
-263.065671576414,-282.20060394315,4.23258929368209,-6.92397226247823,18.6095305805206,4.21868085873965,0.130523294858821,2.17892780272493,0.0688870680783358
-263.043538590365,-282.158897331271,4.21045630763278,-6.5585860231635,18.6095305805206,4.21868085873965,0.130523294858821,2.17892780272493,0.0688870680783358
-263.034465506062,-282.114657063343,4.20138322333041,-5.50195298121072,18.6095305805206,4.21868085873965,0.130523294858821,2.17892780272493,0.0688870680783358
-263.026498331163,-282.067330185108,4.19341604843088,-5.21710174618059,18.3971396808624,4.21868085873965,0.130523294858821,2.17892780272493,0.0688870680783358
-263.011448017946,-282.01750522175,4.17836573521391,-5.27049042697794,18.3971396808624,4.21868085873965,0.130523294858821,2.17892780272493,0.0688870680783358
-262.997352208988,-281.964996009509,4.1642699262559,-4.96476870940019,18.3971396808624,4.21868085873965,0.130523294858821,2.17892780272493,0.0688870680783358
-262.991154376044,-281.910121030721,4.1580720933122,-4.91888305298519,18.322154176712,4.21868085873965,0.130523294858821,2.17892780272493,0.0688870680783358
-262.978231536043,-281.853278597701,4.1451492533115,-4.31824653963246,18.322154176712,4.21868085873965,0.130523294858821,2.17892780272493,0.0688870680783358
-262.966326273908,-281.794045644461,4.13324399117565,-4.63438181207701,18.322154176712,4.21868085873965,0.130523294858821,2.17892780272493,0.0688870680783358
-262.954390718045,-281.733054088219,4.12130843531289,-4.48357942025461,18.2930709247589,4.21868085873965,0.130523294858821,2.17892780272493,0.0688870680783358
-262.953254116545,-281.669753826248,4.1201718338133,-3.88707490723805,18.2930709247589,4.21868085873965,0.130523294858821,2.17892780272493,0.0688870680783358
-262.948815519416,-281.605150064376,4.1157332366844,-3.78752079716952,18.2930709247589,4.21868085873965,0.130523294858821,2.17892780272493,0.0688870680783358
-262.951641945729,-281.539388092973,4.11855966299685,-3.49505748028451,18.2930709247589,4.21868085873965,0.130523294858821,2.17892780272493,0.0688870680783358
-262.939261634586,-281.471702736555,4.10617935185359,-3.15864897967939,18.2889014606476,4.21868085873965,0.130523294858821,2.17892780272493,0.0688870680783358
-262.934883998928,-281.402805908743,4.10180171619584,-2.36273864245216,18.2889014606476,4.21868085873965,0.130523294858821,2.17892780272493,0.0688870680783358
-262.925010046425,-281.332686935472,4.09192776369294,-2.14718278948747,18.2889014606476,4.21868085873965,0.130523294858821,2.17892780272493,0.0688870680783358
-262.924625696643,-281.261153576031,4.09154341391121,-1.1926979601572,18.3094054584503,4.21868085873965,0.130523294858821,2.17892780272493,0.0688870680783358
-262.933809428811,-281.189500670916,4.10072714607856,-1.1325034784995,18.3094054584503,4.21868085873965,0.130523294858821,2.17892780272493,0.0688870680783358
-262.924932792401,-281.116226635593,4.09185050966926,-1.38267954263765,18.3094054584503,4.21868085873965,0.130523294858821,2.17892780272493,0.0688870680783358
-262.916727800223,-281.042827535044,4.08364551749091,-1.67778439480988,18.1686622028351,4.21868085873965,0.130523294858821,2.17892780272493,0.0688870680783358
-262.925747468086,-280.968865799256,4.09266518535428,-0.938121067008282,18.1686622028351,4.21868085873965,0.130523294858821,2.17892780272493,0.0688870680783358
-262.920973772913,-280.893785157266,4.08789149018141,-0.551762118363517,18.1686622028351,4.21868085873965,0.130523294858821,2.17892780272493,0.0688870680783358
-262.921484303334,-280.819083640704,4.08840202060196,-0.97032277667437,18.1686622028351,4.21868085873965,0.130523294858821,2.17892780272493,0.0688870680783358
-262.921347753521,-280.744040649867,4.08826547078889,-0.943387572092382,17.9342681293488,4.21868085873965,0.130523294858821,2.17892780272493,0.0688870680783358
-262.928970763438,-280.668820563996,4.09588848070586,-0.60888847247167,17.9342681293488,4.21868085873965,0.130523294858821,2.17892780272493,0.0688870680783358
-262.918712645429,-280.592065992646,4.0856303626971,-0.772927892274768,17.9342681293488,4.21868085873965,0.130523294858821,2.17892780272493,0.0688870680783358
-262.905907515875,-280.517529949585,4.0728252331429,-1.94577695217814,17.699767244339,4.21868085873965,0.130523294858821,2.17892780272493,0.0688870680783358
-262.911033941088,-280.442812067009,4.07795165835573,-2.34542031540754,17.699767244339,4.21868085873965,0.130523294858821,2.17892780272493,0.0688870680783358
-262.911648662319,-280.367517713178,4.07856637958681,-2.18319039465693,17.699767244339,4.21868085873965,0.130523294858821,2.17892780272493,0.0688870680783358
-262.901210960187,-280.293265451471,4.06812867745482,-2.12456904050276,17.699767244339,4.21868085873965,0.130523294858821,2.17892780272493,0.0688870680783358
-262.90188854935,-280.218099355352,4.06880626661815,-2.96665089467869,17.417052400589,4.21868085873965,0.130523294858821,2.17892780272493,0.0688870680783358
-262.898673176003,-280.144887353585,4.0655908932708,-3.18541972939771,17.417052400589,4.21868085873965,0.130523294858821,2.17892780272493,0.0688870680783358
-262.880159792358,-280.071550787122,4.0470775096258,-3.21434839704596,17.417052400589,4.21868085873965,0.130523294858821,2.17892780272493,0.0688870680783358
-262.871312030294,-279.998736265619,4.03822974756241,-3.32319894376327,17.1807853107452,4.21868085873965,0.130523294858821,2.17892780272493,0.0688870680783358
-262.870991612654,-279.926930375071,4.03790932992237,-3.53482310293683,17.1807853107452,4.21868085873965,0.130523294858821,2.17892780272493,0.0688870680783358
-262.864543323095,-279.85549758449,4.03146104036328,-3.79682493257384,17.1807853107452,4.21868085873965,0.130523294858821,2.17892780272493,0.0688870680783358
-262.862947396732,-279.785030307075,4.02986511399955,-4.29865948949121,16.945616853714,4.21868085873965,0.130523294858821,2.17892780272493,0.0688870680783358
-262.847598455643,-279.715058003832,4.01451617291149,-4.91130407405497,16.945616853714,4.21868085873965,0.130523294858821,2.17892780272493,0.0688870680783358
-262.83138077075,-279.64583157942,3.99829848801764,-4.85562057966277,16.945616853714,4.21868085873965,0.130523294858821,2.17892780272493,0.0688870680783358
-262.824926545032,-279.578063150651,3.99184426229998,-4.69326118291262,16.7102538471222,4.21868085873965,0.130523294858821,2.17892780272493,0.0688870680783358
-262.831012318166,-279.510847212205,3.99793003543364,-4.21695701347654,16.7102538471222,4.21868085873965,0.130523294858821,2.17892780272493,0.0688870680783358
-262.805266272919,-279.44384773717,3.97218399018695,-4.10354821226461,16.7102538471222,4.21868085873965,0.130523294858821,2.17892780272493,0.0688870680783358
-262.80621785802,-279.378944213506,3.9731355752885,-4.42372079875646,16.7102538471222,4.21868085873965,0.130523294858821,2.17892780272493,0.0688870680783358
-262.788900077898,-279.314616112395,3.95581779516579,-4.05902205356512,16.5222617511749,4.21868085873965,0.130523294858821,2.17892780272493,0.0688870680783358
-262.785931662598,-279.25028117398,3.95284937986601,-3.92913317027681,16.5222617511749,4.21868085873965,0.130523294858821,2.17892780272493,0.0688870680783358
-262.773487719364,-279.188508314609,3.94040543663171,-4.38791869640537,16.5222617511749,4.21868085873965,0.130523294858821,2.17892780272493,0.0688870680783358
-262.777913749602,-279.126190401215,3.94483146686953,-4.49581487717728,16.3355933551788,4.21868085873965,0.130523294858821,2.17892780272493,0.0688870680783358
-262.763172911522,-279.065620110087,3.93009062878991,-4.56864928852433,16.3355933551788,4.21868085873965,0.130523294858821,2.17892780272493,0.0688870680783358
-262.749528981996,-279.005598505664,3.91644669926405,-4.68217019711436,16.3355933551788,4.21868085873965,0.130523294858821,2.17892780272493,0.0688870680783358
-262.7406459579,-278.945577868316,3.90756367516787,-4.89073411906044,16.1243506793976,4.21868085873965,0.130523294858821,2.17892780272493,0.0688870680783358
-262.718873823258,-278.888002481472,3.8857915405261,-4.19272264315154,16.1243506793976,4.21868085873965,0.130523294858821,2.17892780272493,0.0688870680783358
-262.714354317143,-278.830762830727,3.88127203441052,-4.27841720511306,16.1243506793976,4.21868085873965,0.130523294858821,2.17892780272493,0.0688870680783358
-262.722159642378,-278.774765080832,3.88907735964583,-4.48670917232555,16.1243506793976,4.21868085873965,0.130523294858821,2.17892780272493,0.0688870680783358
-262.719602072219,-278.71845158171,3.88651978948718,-4.48971713779179,15.9813691501617,4.21868085873965,0.130523294858821,2.17892780272493,0.0688870680783358
-262.697235835237,-278.664106728879,3.8641535525053,-4.45715433091857,15.9813691501617,4.21868085873965,0.130523294858821,2.17892780272493,0.0688870680783358
-262.68778147716,-278.609550292237,3.85469919442838,-4.60444009415022,15.9813691501617,4.21868085873965,0.130523294858821,2.17892780272493,0.0688870680783358
-262.681940143847,-278.555806421944,3.84885786111477,-4.36597064326151,15.7933961277008,4.21868085873965,0.130523294858821,2.17892780272493,0.0688870680783358
-262.677855191092,-278.502947054599,3.84477290836022,-3.94635636613793,15.7933961277008,4.21868085873965,0.130523294858821,2.17892780272493,0.0688870680783358
-262.667381907289,-278.45034537401,3.83429962455673,-4.49477451426204,15.7933961277008,4.21868085873965,0.130523294858821,2.17892780272493,0.0688870680783358
-262.66152058155,-278.398197297606,3.82843829881796,-4.74098238251112,15.5799638156891,4.21868085873965,0.130523294858821,2.17892780272493,0.0688870680783358
-262.649372649817,-278.346687209039,3.81629036708486,-4.03866704797818,15.5799638156891,4.21868085873965,0.130523294858821,2.17892780272493,0.0688870680783358
-262.63582175861,-278.295119986053,3.80273947587811,-4.08228087897159,15.5799638156891,4.21868085873965,0.130523294858821,2.17892780272493,0.0688870680783358
-262.6369928128,-278.244443409955,3.8039105300679,-4.05553916565441,15.5799638156891,4.21868085873965,0.130523294858821,2.17892780272493,0.0688870680783358
-262.622618479297,-278.193472981493,3.78953619656469,-4.14010473783504,15.438181055069,4.21868085873965,0.130523294858821,2.17892780272493,0.0688870680783358
-262.621531462263,-278.143144798105,3.7884491795307,-3.94151573653802,15.438181055069,4.21868085873965,0.130523294858821,2.17892780272493,0.0688870680783358
-262.604229226644,-278.093014779757,3.77114694391179,-4.09893687446298,15.438181055069,4.21868085873965,0.130523294858821,2.17892780272493,0.0688870680783358
-262.596453544122,-278.042211305452,3.76337126138959,-3.5072740925856,15.3187638645172,4.21868085873965,0.130523294858821,2.17892780272493,0.0688870680783358
-262.593983585221,-277.992577133556,3.76090130248852,-3.44742080465047,15.3187638645172,4.21868085873965,0.130523294858821,2.17892780272493,0.0688870680783358
-262.594639295921,-277.941987021374,3.76155701318887,-3.57468047756195,15.3187638645172,4.21868085873965,0.130523294858821,2.17892780272493,0.0688870680783358
-262.572339965908,-277.891010560311,3.73925768317568,-3.90787330178554,15.2005788211823,4.21868085873965,0.130523294858821,2.17892780272493,0.0688870680783358
-262.574492381495,-277.841038653858,3.74141009876311,-3.61609006437887,15.2005788211823,4.21868085873965,0.130523294858821,2.17892780272493,0.0688870680783358
-262.563009792674,-277.79001373215,3.72992750994228,-3.31665957373624,15.2005788211823,4.21868085873965,0.130523294858821,2.17892780272493,0.0688870680783358
-262.562118897015,-277.739373458783,3.72903661428337,-3.52011205486997,15.2005788211823,4.21868085873965,0.130523294858821,2.17892780272493,0.0688870680783358
-262.558716244396,-277.687309561619,3.72563396166375,-3.76057840140632,15.0827027683258,4.21868085873965,0.130523294858821,2.17892780272493,0.0688870680783358
-262.55035031921,-277.635536477501,3.71726803647776,-3.5876181872794,15.0827027683258,4.21868085873965,0.130523294858821,2.17892780272493,0.0688870680783358
-262.551165023773,-277.583081481409,3.71808274104063,-3.34339440511909,15.0827027683258,4.21868085873965,0.130523294858821,2.17892780272493,0.0688870680783358
-262.541885310738,-277.529802300476,3.70880302800553,-3.21667176469616,14.919605386734,4.21868085873965,0.130523294858821,2.17892780272493,0.0688870680783358
-262.543779755196,-277.476549485805,3.71069747246405,-3.44903855071297,14.919605386734,4.21868085873965,0.130523294858821,2.17892780272493,0.0688870680783358
-262.532776410445,-277.422347037739,3.69969412771326,-3.44431686286206,14.919605386734,4.21868085873965,0.130523294858821,2.17892780272493,0.0688870680783358
-262.519721512041,-277.3676575211,3.68663922930895,-3.79739591852077,14.919605386734,4.21868085873965,0.130523294858821,2.17892780272493,0.0688870680783358
-262.511411978354,-277.312032292256,3.67832969562248,-2.65065616188982,14.8513261203766,4.21868085873965,0.130523294858821,2.17892780272493,0.0688870680783358
-262.50687956353,-277.255118785068,3.67379728079792,-2.18721716265433,14.8513261203766,4.21868085873965,0.130523294858821,2.17892780272493,0.0688870680783358
-262.496530894469,-277.197901421003,3.66344861173734,-2.55257049011079,14.8513261203766,4.21868085873965,0.130523294858821,2.17892780272493,0.0688870680783358
-262.507467154429,-277.140077194221,3.67438487169724,-2.53514304702031,14.7323037509918,4.21868085873965,0.130523294858821,2.17892780272493,0.0688870680783358
-262.49234933036,-277.081239300639,3.65926704762798,-2.51954274796599,14.7323037509918,4.21868085873965,0.130523294858821,2.17892780272493,0.0688870680783358
-262.492720741234,-277.021951940194,3.65963845850187,-2.43616200646382,14.7323037509918,4.21868085873965,0.130523294858821,2.17892780272493,0.0688870680783358
-262.477054238404,-276.960715363245,3.6439719556724,-2.40149028108744,14.6150933628082,4.21868085873965,0.130523294858821,2.17892780272493,0.0688870680783358
-262.477555341394,-276.899550490083,3.64447305866245,-2.12580717114622,14.6150933628082,4.21868085873965,0.130523294858821,2.17892780272493,0.0688870680783358
-262.481438135355,-276.836496543143,3.64835585262274,-2.65344423678104,14.6150933628082,4.21868085873965,0.130523294858821,2.17892780272493,0.0688870680783358
-262.4724560687,-276.774039144033,3.6393737859679,-2.70678565830875,14.498541009903,4.21868085873965,0.130523294858821,2.17892780272493,0.0688870680783358
-262.469534373426,-276.709318131932,3.63645209069424,-2.6571326388482,14.498541009903,4.21868085873965,0.130523294858821,2.17892780272493,0.0688870680783358
-262.468507774715,-276.644166709015,3.63542549198292,-2.5533045575564,14.498541009903,4.21868085873965,0.130523294858821,2.17892780272493,0.0688870680783358
-262.459286250898,-276.577908578164,3.62620396816649,-3.32216466549548,14.498541009903,4.21868085873965,0.130523294858821,2.17892780272493,0.0688870680783358
-262.454828756071,-276.511362981133,3.62174647333896,-3.06599243415266,14.3103677158356,4.21868085873965,0.130523294858821,2.17892780272493,0.0688870680783358
-262.463905492852,-276.443260995353,3.63082321012048,-3.12582189418399,14.3103677158356,4.21868085873965,0.130523294858821,2.17892780272493,0.0688870680783358
-262.449902789632,-276.374327381416,3.61682050690043,-3.40452051631686,14.3103677158356,4.21868085873965,0.130523294858821,2.17892780272493,0.0688870680783358
-262.464003945903,-276.3040923303,3.63092166317108,-3.1874598680588,14.0987931613922,4.21868085873965,0.130523294858821,2.17892780272493,0.0688870680783358
-262.439800643438,-276.234112194527,3.60671836070581,-3.34401884469201,14.0987931613922,4.21868085873965,0.130523294858821,2.17892780272493,0.0688870680783358
-262.435377499501,-276.161936530998,3.60229521676886,-3.43843260189774,14.0987931613922,4.21868085873965,0.130523294858821,2.17892780272493,0.0688870680783358
-262.427523972449,-276.089170204168,3.59444168971679,-3.69568713683258,13.8382989292145,4.21868085873965,0.130523294858821,2.17892780272493,0.0688870680783358
-262.426153410682,-276.016052468732,3.59307112794965,-3.38591938658704,13.8382989292145,4.21868085873965,0.130523294858821,2.17892780272493,0.0688870680783358
-262.405407128002,-275.943113325978,3.57232484527004,-3.86724013057929,13.8382989292145,4.21868085873965,0.130523294858821,2.17892780272493,0.0688870680783358
-262.409812562488,-275.870317186704,3.57673027975647,-4.14021393966134,13.8382989292145,4.21868085873965,0.130523294858821,2.17892780272493,0.0688870680783358
-262.399409470348,-275.796721863101,3.56632718761635,-4.14356268182019,13.6024247531891,4.21868085873965,0.130523294858821,2.17892780272493,0.0688870680783358
-262.390575362015,-275.721446318083,3.55749307928321,-3.84560632583282,13.6024247531891,4.21868085873965,0.130523294858821,2.17892780272493,0.0688870680783358
-262.373212653734,-275.647896106805,3.54013037100159,-4.39192912723202,13.6024247531891,4.21868085873965,0.130523294858821,2.17892780272493,0.0688870680783358
-262.356910241833,-275.572143171519,3.52382795910139,-4.4839401967337,13.4115353946686,4.21868085873965,0.130523294858821,2.17892780272493,0.0688870680783358
-262.362409833656,-275.497331871025,3.52932755092406,-4.47434519552659,13.4115353946686,4.21868085873965,0.130523294858821,2.17892780272493,0.0688870680783358
-262.358011145575,-275.421173530906,3.52492886284317,-5.09248495690869,13.4115353946686,4.21868085873965,0.130523294858821,2.17892780272493,0.0688870680783358
-262.342077639976,-275.346888773625,3.5089953572443,-5.32856226757741,13.1998139743805,4.21868085873965,0.130523294858821,2.17892780272493,0.0688870680783358
-262.336637012004,-275.271332054082,3.5035547292715,-5.17711082354059,13.1998139743805,4.21868085873965,0.130523294858821,2.17892780272493,0.0688870680783358
-262.321526631272,-275.196615774559,3.48844434853973,-4.74412394530754,13.1998139743805,4.21868085873965,0.130523294858821,2.17892780272493,0.0688870680783358
-262.311553050755,-275.121922918717,3.47847076802332,-4.89115916671908,13.1998139743805,4.21868085873965,0.130523294858821,2.17892780272493,0.0688870680783358
-262.307418454655,-275.047041034071,3.47433617192344,-4.78288366470846,13.0086003665924,4.21868085873965,0.130523294858821,2.17892780272493,0.0688870680783358
-262.295804509117,-274.973952971156,3.46272222638494,-5.17136678298326,13.0086003665924,4.21868085873965,0.130523294858821,2.17892780272493,0.0688870680783358
-262.294885760627,-274.900878206837,3.46180347789515,-5.24207915089042,13.0086003665924,4.21868085873965,0.130523294858821,2.17892780272493,0.0688870680783358
-262.269056214433,-274.828511036641,3.43597393170125,-5.09340809256166,12.7953435306549,4.21868085873965,0.130523294858821,2.17892780272493,0.0688870680783358
-262.264537321006,-274.757127701206,3.43145503827397,-5.44192240834362,12.7953435306549,4.21868085873965,0.130523294858821,2.17892780272493,0.0688870680783358
-262.262923447642,-274.686989828897,3.42984116490969,-5.84982505320269,12.7953435306549,4.21868085873965,0.130523294858821,2.17892780272493,0.0688870680783358
-262.238188118912,-274.6180643541,3.40510583618042,-5.72836702155235,12.5598164920807,4.21868085873965,0.130523294858821,2.17892780272493,0.0688870680783358
-262.232289098473,-274.549936425738,3.39920681574052,-5.47090603181622,12.5598164920807,4.21868085873965,0.130523294858821,2.17892780272493,0.0688870680783358
-262.235586704665,-274.483273429388,3.40250442193318,-5.18341202323371,12.5598164920807,4.21868085873965,0.130523294858821,2.17892780272493,0.0688870680783358
-262.223412951419,-274.417912159658,3.39033066868705,-5.36792170139241,12.5598164920807,4.21868085873965,0.130523294858821,2.17892780272493,0.0688870680783358
-262.216179132611,-274.355149162998,3.38309684987886,-5.49034967801026,12.3241921787262,4.21868085873965,0.130523294858821,2.17892780272493,0.0688870680783358
-262.197417673178,-274.293896317015,3.36433539044578,-5.74686708270545,12.3241921787262,4.21868085873965,0.130523294858821,2.17892780272493,0.0688870680783358
-262.183521426193,-274.234202298028,3.35043914346095,-5.66241512348576,12.3241921787262,4.21868085873965,0.130523294858821,2.17892780272493,0.0688870680783358
-262.181570506348,-274.176349604539,3.34848822361589,-5.57759990008308,12.0861379032135,4.21868085873965,0.130523294858821,2.17892780272493,0.0688870680783358
-262.161836433375,-274.121568651514,3.32875415064343,-5.49703085850328,12.0861379032135,4.21868085873965,0.130523294858821,2.17892780272493,0.0688870680783358
-262.152785085105,-274.068305036716,3.31970280237265,-5.94567802287045,12.0861379032135,4.21868085873965,0.130523294858821,2.17892780272493,0.0688870680783358
-262.142741441426,-274.017804354645,3.30965915869402,-6.65857388063181,12.0861379032135,4.21868085873965,0.130523294858821,2.17892780272493,0.0688870680783358
-262.129551319546,-273.969882695867,3.29646903681441,-5.93752271547463,11.802345407486,4.21868085873965,0.130523294858821,2.17892780272493,0.0688870680783358
-262.125352287136,-273.924617216602,3.29227000440396,-5.84545918666142,11.802345407486,4.21868085873965,0.130523294858821,2.17892780272493,0.0688870680783358
-262.115185263856,-273.882403097972,3.28210298112358,-5.87972123232356,11.802345407486,4.21868085873965,0.130523294858821,2.17892780272493,0.0688870680783358
-262.093617291376,-273.842225849696,3.26053500864387,-5.81316967107361,11.5677396183014,4.21868085873965,0.130523294858821,2.17892780272493,0.0688870680783358
-262.090535207666,-273.806424383425,3.25745292493357,-5.75659382853788,11.5677396183014,4.21868085873965,0.130523294858821,2.17892780272493,0.0688870680783358
-262.075677080103,-273.773041681023,3.24259479737105,-6.16717981380558,11.5677396183014,4.21868085873965,0.130523294858821,2.17892780272493,0.0688870680783358
-262.061904709487,-273.743056103239,3.22882242675465,-5.76030301329629,11.4053803806305,4.21868085873965,0.130523294858821,2.17892780272493,0.0688870680783358
-262.053862617045,-273.716696967437,3.22078033431311,-5.47774179929796,11.4053803806305,4.21868085873965,0.130523294858821,2.17892780272493,0.0688870680783358
-262.044060280607,-273.693439245144,3.21097799787534,-5.37686020449574,11.4053803806305,4.21868085873965,0.130523294858821,2.17892780272493,0.0688870680783358
-262.031463929323,-273.674162989558,3.19838164659059,-5.51649692339831,11.2876836185455,4.21868085873965,0.130523294858821,2.17892780272493,0.0688870680783358
-262.023443099088,-273.658380028344,3.19036081635621,-5.02425301920245,11.2876836185455,4.21868085873965,0.130523294858821,2.17892780272493,0.0688870680783358
-262.003391769655,-273.646422149781,3.17030948692298,-5.09699682087384,11.2876836185455,4.21868085873965,0.130523294858821,2.17892780272493,0.0688870680783358
-262.01319238326,-273.638367395039,3.18011010052793,-5.48751353268795,11.2876836185455,4.21868085873965,0.130523294858821,2.17892780272493,0.0688870680783358
-261.998325620722,-273.634257362332,3.16524333799029,-4.96039903300799,11.2184888248444,4.21868085873965,0.130523294858821,2.17892780272493,0.0688870680783358
-261.981176559796,-273.634176982149,3.14809427706353,-4.26944444744758,11.2184888248444,4.21868085873965,0.130523294858821,2.17892780272493,0.0688870680783358
-261.982686255137,-273.638200718948,3.14960397240538,-3.7411377934333,11.2184888248444,4.21868085873965,0.130523294858821,2.17892780272493,0.0688870680783358
-261.964678545612,-273.646443867845,3.13159626288029,-3.2087870448158,11.2205621128082,4.21868085873965,0.130523294858821,2.17892780272493,0.0688870680783358
-261.969399307799,-273.658865880643,3.13631702506723,-2.97411205847536,11.2205621128082,4.21868085873965,0.130523294858821,2.17892780272493,0.0688870680783358
-261.958344059267,-273.675854691182,3.12526177653477,-3.18368328771643,11.2205621128082,4.21868085873965,0.130523294858821,2.17892780272493,0.0688870680783358
-261.954027747833,-273.696860782325,3.120945465101,-3.21837984682565,11.3606034641266,4.21868085873965,0.130523294858821,2.17892780272493,0.0688870680783358
-261.948284622704,-273.722869618071,3.11520233997215,-2.49917634363167,11.3606034641266,4.21868085873965,0.130523294858821,2.17892780272493,0.0688870680783358
-261.934986485577,-273.752036078629,3.10190420284517,-1.50793938200858,11.3606034641266,4.21868085873965,0.130523294858821,2.17892780272493,0.0688870680783358
-261.931265678838,-273.786332747947,3.09818339610562,-0.923474945494488,11.3606034641266,4.21868085873965,0.130523294858821,2.17892780272493,0.0688870680783358
-261.940462435159,-273.824765636603,3.10738015242723,-0.0759857632812277,11.5477620487213,4.21868085873965,0.130523294858821,2.17892780272493,0.0688870680783358
-261.941033492855,-273.867659198545,3.10795121012292,-0.070871885424942,11.5477620487213,4.21868085873965,0.130523294858821,2.17892780272493,0.0688870680783358
-261.937026535432,-273.915273851573,3.10394425270027,0.227881731376537,11.5477620487213,4.21868085873965,0.130523294858821,2.17892780272493,0.0688870680783358
-261.936438903817,-273.967372571725,3.10335662108491,0.665379598091577,11.7829991703033,4.21868085873965,0.130523294858821,2.17892780272493,0.0688870680783358
-261.954232474602,-274.023320652537,3.12115019187015,1.45389208751221,11.7829991703033,4.21868085873965,0.130523294858821,2.17892780272493,0.0688870680783358
-261.948095416143,-274.084720558786,3.11501313341089,3.68438496481818,11.7829991703033,4.21868085873965,0.130523294858821,2.17892780272493,0.0688870680783358
-261.952252500793,-274.149022310467,3.11917021806091,3.8305753150006,12.1115800266266,4.21868085873965,0.130523294858821,2.17892780272493,0.0688870680783358
-261.964641646112,-274.219127408471,3.13155936338039,4.06458505756069,12.1115800266266,4.21868085873965,0.130523294858821,2.17892780272493,0.0688870680783358
-261.962330786447,-274.293212495331,3.12924850371449,5.36823695461726,12.1115800266266,4.21868085873965,0.130523294858821,2.17892780272493,0.0688870680783358
-261.985217860831,-274.371035501766,3.15213557809935,5.91525078990131,12.1115800266266,4.21868085873965,0.130523294858821,2.17892780272493,0.0688870680783358
-261.993723483088,-274.453338949137,3.1606412003557,6.86539680443019,12.3707715396881,4.21868085873965,0.130523294858821,2.17892780272493,0.0688870680783358
-262.002891951048,-274.539408297314,3.16980966831565,6.96150093199041,12.3707715396881,4.21868085873965,0.130523294858821,2.17892780272493,0.0688870680783358
-262.010842810081,-274.630025373849,3.17776052734869,6.21118507090447,12.3707715396881,4.21868085873965,0.130523294858821,2.17892780272493,0.0688870680783358
-262.015828806915,-274.724902416077,3.18274652418254,6.16815604868345,12.6080323581696,4.21868085873965,0.130523294858821,2.17892780272493,0.0688870680783358
-262.037842266574,-274.823159433181,3.20475998384195,5.734005265977,12.6080323581696,4.21868085873965,0.130523294858821,2.17892780272493,0.0688870680783358
-262.033784406791,-274.925905356904,3.2007021240591,6.01495320576752,12.6080323581696,4.21868085873965,0.130523294858821,2.17892780272493,0.0688870680783358
-262.056353078132,-275.031187422618,3.22327079540025,5.72515928195667,12.8014546756744,4.21868085873965,0.130523294858821,2.17892780272493,0.0688870680783358
-262.065419059361,-275.141112027705,3.23233677662932,4.86704446590366,12.8014546756744,4.21868085873965,0.130523294858821,2.17892780272493,0.0688870680783358
-262.08017912346,-275.253603847975,3.24709684072833,4.54488832574558,12.8014546756744,4.21868085873965,0.130523294858821,2.17892780272493,0.0688870680783358
-262.087456873163,-275.370119571515,3.25437459043121,4.97328198384984,12.8014546756744,4.21868085873965,0.130523294858821,2.17892780272493,0.0688870680783358
-262.102872278821,-275.489622750231,3.26978999608935,4.98145170661233,13.0172673587799,4.21868085873965,0.130523294858821,2.17892780272493,0.0688870680783358
-262.113514386151,-275.612775363349,3.28043210341927,5.14923956262182,13.0172673587799,4.21868085873965,0.130523294858821,2.17892780272493,0.0688870680783358
-262.123299457308,-275.737599688443,3.290217174576,5.44304114347639,13.0172673587799,4.21868085873965,0.130523294858821,2.17892780272493,0.0688870680783358
-262.118842987293,-275.867161776694,3.28576070456144,4.9791783127638,13.2307511692047,4.21868085873965,0.130523294858821,2.17892780272493,0.0688870680783358
-262.141319228419,-275.997896866865,3.30823694568655,5.07507448611914,13.2307511692047,4.21868085873965,0.130523294858821,2.17892780272493,0.0688870680783358
-262.150822616769,-276.131877170409,3.31774033403714,5.24533478333852,13.2307511692047,4.21868085873965,0.130523294858821,2.17892780272493,0.0688870680783358
-262.153990069572,-276.266792528872,3.32090778683986,5.85693644276746,13.2307511692047,4.21868085873965,0.130523294858821,2.17892780272493,0.0688870680783358
-262.149913874256,-276.405218350645,3.31683159152352,5.13928439697582,13.629415643692,4.21868085873965,0.130523294858821,2.17892780272493,0.0688870680783358
-262.167888891925,-276.545684825882,3.33480660919272,5.37874311881558,13.629415643692,4.21868085873965,0.130523294858821,2.17892780272493,0.0688870680783358
-262.178692732802,-276.687014873917,3.34561045007004,6.05421477382342,13.629415643692,4.21868085873965,0.130523294858821,2.17892780272493,0.0688870680783358
-262.189835735672,-276.831878447868,3.35675345293979,5.89037177732526,14.1220570926666,4.21868085873965,0.130523294858821,2.17892780272493,0.0688870680783358
-262.188039758502,-276.976396305901,3.35495747576992,6.48095931687561,14.1220570926666,4.21868085873965,0.130523294858821,2.17892780272493,0.0688870680783358
-262.204050776784,-277.123004767793,3.37096849405244,7.54598969623146,14.1220570926666,4.21868085873965,0.130523294858821,2.17892780272493,0.0688870680783358
-262.207616255914,-277.271806109701,3.37453397318194,7.88664074059891,14.5894719486237,4.21868085873965,0.130523294858821,2.17892780272493,0.0688870680783358
-262.23638766301,-277.419681746239,3.40330538027783,7.50780004307159,14.5894719486237,4.21868085873965,0.130523294858821,2.17892780272493,0.0688870680783358
-262.24484617048,-277.570756722018,3.41176388774772,7.63657917425199,14.5894719486237,4.21868085873965,0.130523294858821,2.17892780272493,0.0688870680783358
-262.265258938868,-277.720048330611,3.43217665613615,8.8990382404627,15.1770306949615,4.21868085873965,0.130523294858821,2.17892780272493,0.0688870680783358
-262.283485721087,-277.870400644593,3.45040343835534,8.85003926135617,15.1770306949615,4.21868085873965,0.130523294858821,2.17892780272493,0.0688870680783358
-262.303652183386,-278.02137675895,3.47056990065414,9.95672718799531,15.1770306949615,4.21868085873965,0.130523294858821,2.17892780272493,0.0688870680783358
-262.3129395788,-278.172786387164,3.47985729606837,10.8565095225842,15.1770306949615,4.21868085873965,0.130523294858821,2.17892780272493,0.0688870680783358
-262.340159167974,-278.322732192676,3.50707688524154,10.2462831052181,15.72106183815,4.21868085873965,0.130523294858821,2.17892780272493,0.0688870680783358
-262.356482875746,-278.473518889032,3.52340059301398,10.20175460549,15.72106183815,4.21868085873965,0.130523294858821,2.17892780272493,0.0688870680783358
-262.377219326186,-278.621400967089,3.54413704345408,11.4740894840571,15.72106183815,4.21868085873965,0.130523294858821,2.17892780272493,0.0688870680783358
-262.396552584605,-278.771131739693,3.5634703018726,11.7155885116921,16.2630225543976,4.21868085873965,0.130523294858821,2.17892780272493,0.0688870680783358
-262.423412563626,-278.918416179478,3.59033028089373,11.8056058965318,16.2630225543976,4.21868085873965,0.130523294858821,2.17892780272493,0.0688870680783358
-262.450503477151,-279.066260051797,3.61742119441877,11.9591833706813,16.2630225543976,4.21868085873965,0.130523294858821,2.17892780272493,0.0688870680783358
-262.482848448207,-279.21156806507,3.64976616547508,12.3109247011718,16.7364989643097,4.21868085873965,0.130523294858821,2.17892780272493,0.0688870680783358
-262.492222141319,-279.359629890839,3.65913985858735,11.6917511328419,16.7364989643097,4.21868085873965,0.130523294858821,2.17892780272493,0.0688870680783358
-262.511828913177,-279.499480715922,3.67874663044482,11.9809785230709,16.7364989643097,4.21868085873965,0.130523294858821,2.17892780272493,0.0688870680783358
-262.539325420262,-279.640418586739,3.7062431375296,12.8886607520824,16.7364989643097,4.21868085873965,0.130523294858821,2.17892780272493,0.0688870680783358
-262.556887289285,-279.778200987117,3.72380500655295,11.1067523926522,17.2083083515167,4.21868085873965,0.130523294858821,2.17892780272493,0.0688870680783358
-262.580102838483,-279.914200167579,3.74702055575066,10.9864536846415,17.2083083515167,4.21868085873965,0.130523294858821,2.17892780272493,0.0688870680783358
-262.601532920886,-280.048284354085,3.76845063815395,11.1540378368778,17.2083083515167,4.21868085873965,0.130523294858821,2.17892780272493,0.0688870680783358
-262.626556601825,-280.181889683032,3.79347431909249,11.2493646779562,17.7044860248566,4.21868085873965,0.130523294858821,2.17892780272493,0.0688870680783358
-262.646219780663,-280.308770484321,3.81313749793105,11.2529108443114,17.7044860248566,4.21868085873965,0.130523294858821,2.17892780272493,0.0688870680783358
-262.667422094777,-280.435616364583,3.83433981204467,10.5997332580923,17.7044860248566,4.21868085873965,0.130523294858821,2.17892780272493,0.0688870680783358
-262.685877522202,-280.559483901542,3.85279523946969,11.2941617941835,18.1787253742218,4.21868085873965,0.130523294858821,2.17892780272493,0.0688870680783358
-262.709379536806,-280.678875424178,3.87629725407379,10.7557520829812,18.1787253742218,4.21868085873965,0.130523294858821,2.17892780272493,0.0688870680783358
-262.723740912459,-280.796919422802,3.89065862972698,10.5446586925902,18.1787253742218,4.21868085873965,0.130523294858821,2.17892780272493,0.0688870680783358
-262.746413768218,-280.910046679066,3.91333148548628,10.6720566879748,18.1787253742218,4.21868085873965,0.130523294858821,2.17892780272493,0.0688870680783358
-262.774058698213,-281.020487346797,3.94097641548113,9.86777861804606,18.6051589374542,4.21868085873965,0.130523294858821,2.17892780272493,0.0688870680783358
-262.788959926017,-281.126866951083,3.95587764328503,9.64650107228727,18.6051589374542,4.21868085873965,0.130523294858821,2.17892780272493,0.0688870680783358
-262.803339072832,-281.229729922382,3.97025679009994,9.62648392218661,18.6051589374542,4.21868085873965,0.130523294858821,2.17892780272493,0.0688870680783358
-262.815010191364,-281.329005350317,3.98192790863156,9.25515868236958,18.9827414875031,4.21868085873965,0.130523294858821,2.17892780272493,0.0688870680783358
-262.830913681177,-281.424186743373,3.99783139844484,9.62755460649221,18.9827414875031,4.21868085873965,0.130523294858821,2.17892780272493,0.0688870680783358
-262.860939817885,-281.51589505861,4.02785753515272,9.59071716872567,18.9827414875031,4.21868085873965,0.130523294858821,2.17892780272493,0.0688870680783358
-262.872300523063,-281.602713526471,4.03921824033132,9.255080522466,19.3594313983917,4.21868085873965,0.130523294858821,2.17892780272493,0.0688870680783358
-262.898768953831,-281.685731048905,4.06568667109858,9.00203494476979,19.3594313983917,4.21868085873965,0.130523294858821,2.17892780272493,0.0688870680783358
-262.905657045575,-281.76526218492,4.0725747628429,8.37310996714406,19.3594313983917,4.21868085873965,0.130523294858821,2.17892780272493,0.0688870680783358
-262.931202317953,-281.839931763254,4.09812003522075,8.65781646030245,19.3594313983917,4.21868085873965,0.130523294858821,2.17892780272493,0.0688870680783358
-262.942977864853,-281.91085470698,4.10989558212066,8.18690583229493,19.6201621417999,4.21868085873965,0.130523294858821,2.17892780272493,0.0688870680783358
-262.948364954666,-281.976611464039,4.11528267193395,7.78206694361783,19.6201621417999,4.21868085873965,0.130523294858821,2.17892780272493,0.0688870680783358
-262.977143832333,-282.038246544709,4.14406154960095,7.7900247429552,19.6201621417999,4.21868085873965,0.130523294858821,2.17892780272493,0.0688870680783358
-262.979506332101,-282.095843675538,4.14642404936882,7.11456113085939,19.8318358783722,4.21868085873965,0.130523294858821,2.17892780272493,0.0688870680783358
-262.994856218065,-282.148481535164,4.16177393533335,7.06662712081309,19.8318358783722,4.21868085873965,0.130523294858821,2.17892780272493,0.0688870680783358
-263.006466793227,-282.197489877696,4.17338451049509,6.91422780375116,19.8318358783722,4.21868085873965,0.130523294858821,2.17892780272493,0.0688870680783358
-263.02035549521,-282.24110284383,4.18727321247758,6.91678151168596,19.8318358783722,4.21868085873965,0.130523294858821,2.17892780272493,0.0688870680783358
-263.042024940606,-282.280782691215,4.20894265787441,5.65218825779493,20.0207320575714,4.21868085873965,0.130523294858821,2.17892780272493,0.0688870680783358
-263.043827097572,-282.316004583167,4.21074481483952,5.7120435768056,20.0207320575714,4.21868085873965,0.130523294858821,2.17892780272493,0.0688870680783358
-263.059774308684,-282.346714460835,4.22669202595227,5.91677317278955,20.0207320575714,4.21868085873965,0.130523294858821,2.17892780272493,0.0688870680783358
-263.070605080246,-282.373033101778,4.23752279751377,4.91201345054303,20.0681792621613,4.21868085873965,0.130523294858821,2.17892780272493,0.0688870680783358
-263.08061023724,-282.395013866806,4.24752795450789,4.37094929536613,20.0681792621613,4.21868085873965,0.130523294858821,2.17892780272493,0.0688870680783358
-263.08703872079,-282.412665023412,4.25395643805809,4.35574422412058,20.0681792621613,4.21868085873965,0.130523294858821,2.17892780272493,0.0688870680783358
-263.094032888834,-282.426038841776,4.26095060610182,3.66888940526566,19.9976226215363,4.21868085873965,0.130523294858821,2.17892780272493,0.0688870680783358
-263.107010475419,-282.43509399929,4.27392819268729,3.68274593782369,19.9976226215363,4.21868085873965,0.130523294858821,2.17892780272493,0.0688870680783358
-263.103734138334,-282.440091361939,4.27065185560177,3.40723493530403,19.9976226215363,4.21868085873965,0.130523294858821,2.17892780272493,0.0688870680783358
-263.109005569231,-282.440863735989,4.27592328649884,2.80733412430647,19.7853347187042,4.21868085873965,0.130523294858821,2.17892780272493,0.0688870680783358
-263.109342283594,-282.437623996605,4.27626000086156,1.27091525599225,19.7853347187042,4.21868085873965,0.130523294858821,2.17892780272493,0.0688870680783358
-263.120006941885,-282.430411387177,4.28692465915348,-0.162622630409493,19.7853347187042,4.21868085873965,0.130523294858821,2.17892780272493,0.0688870680783358
-263.118368701213,-282.419335284802,4.28528641848058,-0.600891522534481,19.7853347187042,4.21868085873965,0.130523294858821,2.17892780272493,0.0688870680783358
-263.118837807216,-282.404354946189,4.2857555244839,-0.552654425247642,19.3846351032257,4.21868085873965,0.130523294858821,2.17892780272493,0.0688870680783358
-263.112472673384,-282.38572049691,4.279390390652,-1.48870562881486,19.3846351032257,4.21868085873965,0.130523294858821,2.17892780272493,0.0688870680783358
-263.114619767881,-282.363470318246,4.28153748514892,-2.41886630583676,19.3846351032257,4.21868085873965,0.130523294858821,2.17892780272493,0.0688870680783358
-263.110436622755,-282.337597879404,4.2773543400233,-4.26906996300983,19.0101195697784,4.21868085873965,0.130523294858821,2.17892780272493,0.0688870680783358
-263.101648070915,-282.308570704364,4.26856578818313,-4.53570646222466,19.0101195697784,4.21868085873965,0.130523294858821,2.17892780272493,0.0688870680783358
-263.098565818643,-282.275957239779,4.26548353591133,-4.70549141311608,19.0101195697784,4.21868085873965,0.130523294858821,2.17892780272493,0.0688870680783358
-263.072213407594,-282.240277913486,4.23913112486218,-5.19603164513992,18.6800376300812,4.21868085873965,0.130523294858821,2.17892780272493,0.0688870680783358
-263.071552891267,-282.200550978016,4.23847060853494,-6.71357486308692,18.6800376300812,4.21868085873965,0.130523294858821,2.17892780272493,0.0688870680783358
-263.063627410431,-282.158034963242,4.23054512769905,-7.49745353881951,18.6800376300812,4.21868085873965,0.130523294858821,2.17892780272493,0.0688870680783358
-263.045396521905,-282.113965052178,4.21231423917329,-6.3433042474974,18.6800376300812,4.21868085873965,0.130523294858821,2.17892780272493,0.0688870680783358
-263.037680941471,-282.066743483896,4.20459865873946,-5.64790972723999,18.4428511981964,4.21868085873965,0.130523294858821,2.17892780272493,0.0688870680783358
-263.015722481099,-282.017370818229,4.18264019836717,-5.62510437742585,18.4428511981964,4.21868085873965,0.130523294858821,2.17892780272493,0.0688870680783358
-263.008981205088,-281.964816887918,4.17589892235631,-5.37436289978003,18.4428511981964,4.21868085873965,0.130523294858821,2.17892780272493,0.0688870680783358
-262.997470505566,-281.909894257224,4.16438822283427,-4.89872739756538,18.2976409320831,4.21868085873965,0.130523294858821,2.17892780272493,0.0688870680783358
-262.992890560222,-281.853209344238,4.1598082774898,-4.94517539074394,18.2976409320831,4.21868085873965,0.130523294858821,2.17892780272493,0.0688870680783358
-262.984701950634,-281.793952472563,4.15161966790201,-5.41634305096304,18.2976409320831,4.21868085873965,0.130523294858821,2.17892780272493,0.0688870680783358
-262.974074228913,-281.732832310913,4.14099194618062,-4.99884587602473,18.221869600296,4.21868085873965,0.130523294858821,2.17892780272493,0.0688870680783358
-262.951622677968,-281.669510503013,4.11854039523624,-4.64594501962716,18.221869600296,4.21868085873965,0.130523294858821,2.17892780272493,0.0688870680783358
-262.959785136701,-281.605337205114,4.12670285396915,-4.15076021393393,18.221869600296,4.21868085873965,0.130523294858821,2.17892780272493,0.0688870680783358
-262.945394803445,-281.539364166112,4.11231252071276,-3.77402608796508,18.221869600296,4.21868085873965,0.130523294858821,2.17892780272493,0.0688870680783358
-262.935650716171,-281.47141784867,4.10256843343865,-2.92949683017296,18.2409163837433,4.21868085873965,0.130523294858821,2.17892780272493,0.0688870680783358
-262.940734067213,-281.402656729634,4.10765178448153,-2.64719836443614,18.2409163837433,4.21868085873965,0.130523294858821,2.17892780272493,0.0688870680783358
-262.935295000708,-281.331996376711,4.10221271797595,-2.63987605989895,18.2409163837433,4.21868085873965,0.130523294858821,2.17892780272493,0.0688870680783358
-262.924618265673,-281.261119416828,4.09153598294071,-1.93505356048517,18.1695968036652,4.21868085873965,0.130523294858821,2.17892780272493,0.0688870680783358
-262.937025015211,-281.18942288478,4.10394273247888,-1.5436839909887,18.1695968036652,4.21868085873965,0.130523294858821,2.17892780272493,0.0688870680783358
-262.927483974759,-281.116130575442,4.09440169202691,-2.10591690183934,18.1695968036652,4.21868085873965,0.130523294858821,2.17892780272493,0.0688870680783358
-262.925236354486,-281.042933228304,4.09215407175367,-1.96061756920907,18.0294906024933,4.21868085873965,0.130523294858821,2.17892780272493,0.0688870680783358
-262.929026643076,-280.968919015132,4.09594436034411,-1.16075491761567,18.0294906024933,4.21868085873965,0.130523294858821,2.17892780272493,0.0688870680783358
-262.917922560818,-280.893767321321,4.08484027808648,-1.07714529014635,18.0294906024933,4.21868085873965,0.130523294858821,2.17892780272493,0.0688870680783358
-262.926065222659,-280.819226892161,4.09298293992666,-1.1515111436146,18.0294906024933,4.21868085873965,0.130523294858821,2.17892780272493,0.0688870680783358
-262.918475642323,-280.74422017226,4.08539335959074,-1.07556558076876,17.8886290912628,4.21868085873965,0.130523294858821,2.17892780272493,0.0688870680783358
-262.917786227617,-280.668631835824,4.08470394488492,-0.847929428667729,17.8886290912628,4.21868085873965,0.130523294858821,2.17892780272493,0.0688870680783358
-262.912641463116,-280.592946654141,4.07955918038366,-1.05468772656133,17.8886290912628,4.21868085873965,0.130523294858821,2.17892780272493,0.0688870680783358
-262.919524836352,-280.517538924174,4.08644255361995,-1.98547681325249,17.6307135944366,4.21868085873965,0.130523294858821,2.17892780272493,0.0688870680783358
-262.905219108996,-280.442069027037,4.07213682626406,-2.21236590921688,17.6307135944366,4.21868085873965,0.130523294858821,2.17892780272493,0.0688870680783358
-262.901046748222,-280.36813320146,4.06796446549013,-2.11687437811929,17.6307135944366,4.21868085873965,0.130523294858821,2.17892780272493,0.0688870680783358
-262.898980514626,-280.293514049194,4.06589823189413,-2.42653728184485,17.6307135944366,4.21868085873965,0.130523294858821,2.17892780272493,0.0688870680783358
-262.881127234037,-280.218902647599,4.04804495130534,-2.73039088265607,17.3488417987823,4.21868085873965,0.130523294858821,2.17892780272493,0.0688870680783358
-262.879789382623,-280.14501888222,4.04670709989119,-2.60287251362136,17.3488417987823,4.21868085873965,0.130523294858821,2.17892780272493,0.0688870680783358
-262.868003298657,-280.072072905929,4.0349210159249,-3.20259705285235,17.3488417987823,4.21868085873965,0.130523294858821,2.17892780272493,0.0688870680783358
-262.86812103977,-279.999271202783,4.03503875703787,-3.66453095617394,17.1350737934113,4.21868085873965,0.130523294858821,2.17892780272493,0.0688870680783358
-262.862316407554,-279.926819256739,4.02923412482226,-4.05752732775739,17.1350737934113,4.21868085873965,0.130523294858821,2.17892780272493,0.0688870680783358
-262.852259992184,-279.85591219956,4.01917770945231,-3.96231473515492,17.1350737934113,4.21868085873965,0.130523294858821,2.17892780272493,0.0688870680783358
-262.847104726366,-279.784754105407,4.01402244363391,-3.88461109415122,16.9454947834015,4.21868085873965,0.130523294858821,2.17892780272493,0.0688870680783358
-262.84647169403,-279.715504793421,4.01338941129847,-4.05181330923614,16.9454947834015,4.21868085873965,0.130523294858821,2.17892780272493,0.0688870680783358
-262.840089968042,-279.645537357358,4.00700768531031,-4.25334442245637,16.9454947834015,4.21868085873965,0.130523294858821,2.17892780272493,0.0688870680783358
-262.820666235824,-279.57816806265,3.98758395309162,-4.22335327127257,16.8043815021515,4.21868085873965,0.130523294858821,2.17892780272493,0.0688870680783358
-262.825744851177,-279.511014456049,3.9926625684451,-4.14467381140761,16.8043815021515,4.21868085873965,0.130523294858821,2.17892780272493,0.0688870680783358
-262.811036366322,-279.444531117949,3.97795408359003,-3.86349572793584,16.8043815021515,4.21868085873965,0.130523294858821,2.17892780272493,0.0688870680783358
-262.808347102202,-279.379246292231,3.97526481946953,-3.94257127019076,16.8043815021515,4.21868085873965,0.130523294858821,2.17892780272493,0.0688870680783358
-262.786245000214,-279.314768812,3.95316271748175,-4.06550401732593,16.592948091507,4.21868085873965,0.130523294858821,2.17892780272493,0.0688870680783358
-262.781656735978,-279.250642264387,3.94857445324553,-3.87877529486682,16.592948091507,4.21868085873965,0.130523294858821,2.17892780272493,0.0688870680783358
-262.779356327123,-279.188656579346,3.94627404439057,-3.89448879044069,16.592948091507,4.21868085873965,0.130523294858821,2.17892780272493,0.0688870680783358
-262.768475923987,-279.126402166513,3.93539364125534,-3.69398164979852,16.4049407367706,4.21868085873965,0.130523294858821,2.17892780272493,0.0688870680783358
-262.757723764204,-279.066044573709,3.92464148147242,-3.97510446715681,16.4049407367706,4.21868085873965,0.130523294858821,2.17892780272493,0.0688870680783358
-262.75980987732,-279.005988315784,3.92672759458779,-4.50244278485116,16.4049407367706,4.21868085873965,0.130523294858821,2.17892780272493,0.0688870680783358
-262.747916761862,-278.947107055544,3.91483447912983,-4.55391383807714,16.2402602558136,4.21868085873965,0.130523294858821,2.17892780272493,0.0688870680783358
-262.733409720263,-278.888484192957,3.90032743753088,-4.01287339127949,16.2402602558136,4.21868085873965,0.130523294858821,2.17892780272493,0.0688870680783358
-262.724046759606,-278.830437225445,3.89096447687387,-3.90562114700627,16.2402602558136,4.21868085873965,0.130523294858821,2.17892780272493,0.0688870680783358
-262.719417795604,-278.774698172183,3.88633551287154,-3.69965017948644,16.2402602558136,4.21868085873965,0.130523294858821,2.17892780272493,0.0688870680783358
-262.71402777718,-278.718841044188,3.88094549444767,-3.59833461370327,16.027590883255,4.21868085873965,0.130523294858821,2.17892780272493,0.0688870680783358
-262.701814450673,-278.663989418485,3.86873216794126,-3.64840849534301,16.027590883255,4.21868085873965,0.130523294858821,2.17892780272493,0.0688870680783358
-262.703038956716,-278.60978849453,3.86995667398415,-4.35247950946137,16.027590883255,4.21868085873965,0.130523294858821,2.17892780272493,0.0688870680783358
-262.696700354923,-278.555500961665,3.86361807219054,-4.33699088547211,15.7930146579742,4.21868085873965,0.130523294858821,2.17892780272493,0.0688870680783358
-262.678322143266,-278.502625945556,3.84523986053414,-4.38929037368369,15.7930146579742,4.21868085873965,0.130523294858821,2.17892780272493,0.0688870680783358
-262.672284171421,-278.450314200176,3.83920188868886,-4.40028109163098,15.7930146579742,4.21868085873965,0.130523294858821,2.17892780272493,0.0688870680783358
-262.666697666735,-278.398438305721,3.83361538400295,-4.56791751892182,15.674825799942,4.21868085873965,0.130523294858821,2.17892780272493,0.0688870680783358
-262.665686450991,-278.346760784983,3.83260416825892,-4.05429980611418,15.674825799942,4.21868085873965,0.130523294858821,2.17892780272493,0.0688870680783358
-262.654854850392,-278.295290497004,3.82177256765964,-4.09022512727659,15.674825799942,4.21868085873965,0.130523294858821,2.17892780272493,0.0688870680783358
-262.634670019704,-278.244534242813,3.80158773697248,-4.80443559706257,15.674825799942,4.21868085873965,0.130523294858821,2.17892780272493,0.0688870680783358
-262.634639386397,-278.193677946609,3.8015571036652,-4.05981918545358,15.4850331668854,4.21868085873965,0.130523294858821,2.17892780272493,0.0688870680783358
-262.625191325285,-278.143210895159,3.79210904255317,-3.88291627967224,15.4850331668854,4.21868085873965,0.130523294858821,2.17892780272493,0.0688870680783358
-262.614837866376,-278.092786904149,3.78175558364363,-3.76628173581946,15.4850331668854,4.21868085873965,0.130523294858821,2.17892780272493,0.0688870680783358
-262.600178837546,-278.042678693228,3.76709655481355,-4.06309233598882,15.3199578647614,4.21868085873965,0.130523294858821,2.17892780272493,0.0688870680783358
-262.596192506812,-277.992451235922,3.76311022407982,-3.74168987327948,15.3199578647614,4.21868085873965,0.130523294858821,2.17892780272493,0.0688870680783358
-262.593310367973,-277.941854895464,3.76022808524107,-3.92030088339785,15.3199578647614,4.21868085873965,0.130523294858821,2.17892780272493,0.0688870680783358
-262.590631719445,-277.891546685216,3.75754943671341,-3.94939690641937,15.1769009952545,4.21868085873965,0.130523294858821,2.17892780272493,0.0688870680783358
-262.581174508019,-277.840863226379,3.7480922252866,-4.07068658255559,15.1769009952545,4.21868085873965,0.130523294858821,2.17892780272493,0.0688870680783358
-262.576176626474,-277.790074552534,3.74309434374226,-3.72705008504702,15.1769009952545,4.21868085873965,0.130523294858821,2.17892780272493,0.0688870680783358
-262.567243480379,-277.738798008173,3.73416119764741,-3.90006960387328,15.1769009952545,4.21868085873965,0.130523294858821,2.17892780272493,0.0688870680783358
-262.557150953778,-277.687365082069,3.72406867104574,-3.27076264885483,15.0575429325104,4.21868085873965,0.130523294858821,2.17892780272493,0.0688870680783358
-262.547438163714,-277.635623591671,3.71435588098223,-3.34432842742444,15.0575429325104,4.21868085873965,0.130523294858821,2.17892780272493,0.0688870680783358
-262.5558770739,-277.58301865352,3.72279479116755,-3.34982741828245,15.0575429325104,4.21868085873965,0.130523294858821,2.17892780272493,0.0688870680783358
-262.543547136381,-277.529897544528,3.71046485364901,-3.11946694263559,14.8713857059479,4.21868085873965,0.130523294858821,2.17892780272493,0.0688870680783358
-262.542321596336,-277.476350407238,3.70923931360417,-3.36054093036245,14.8713857059479,4.21868085873965,0.130523294858821,2.17892780272493,0.0688870680783358
-262.534088435861,-277.421963527618,3.70100615312902,-3.4154893970993,14.8713857059479,4.21868085873965,0.130523294858821,2.17892780272493,0.0688870680783358
-262.530092197521,-277.367058425041,3.69700991478922,-3.66880958489825,14.8713857059479,4.21868085873965,0.130523294858821,2.17892780272493,0.0688870680783358
-262.517676582467,-277.311558599546,3.68459429973539,-3.32298983601318,14.755277765274,4.21868085873965,0.130523294858821,2.17892780272493,0.0688870680783358
-262.514761503838,-277.255186435028,3.6816792211059,-3.21169511939348,14.755277765274,4.21868085873965,0.130523294858821,2.17892780272493,0.0688870680783358
-262.493001840156,-277.198038658871,3.65991955742423,-3.24274063675904,14.755277765274,4.21868085873965,0.130523294858821,2.17892780272493,0.0688870680783358
-262.492820154369,-277.140132891185,3.65973787163748,-2.93700688353966,14.5921784763336,4.21868085873965,0.130523294858821,2.17892780272493,0.0688870680783358
-262.496324101183,-277.081444200616,3.66324181845079,-3.35188143254488,14.5921784763336,4.21868085873965,0.130523294858821,2.17892780272493,0.0688870680783358
-262.48540785343,-277.021779831162,3.65232557069772,-3.30358174140588,14.5921784763336,4.21868085873965,0.130523294858821,2.17892780272493,0.0688870680783358
-262.489832791215,-276.961006567281,3.65675050848274,-3.31411673234417,14.49818242836,4.21868085873965,0.130523294858821,2.17892780272493,0.0688870680783358
-262.477685118548,-276.899639162422,3.6446028358158,-3.04964481744706,14.49818242836,4.21868085873965,0.130523294858821,2.17892780272493,0.0688870680783358
-262.478312076197,-276.837006594593,3.64522979346488,-3.08520429165866,14.49818242836,4.21868085873965,0.130523294858821,2.17892780272493,0.0688870680783358
-262.469732751691,-276.77375753937,3.63665046895872,-3.61381009269349,14.3563043003082,4.21868085873965,0.130523294858821,2.17892780272493,0.0688870680783358
-262.469924531497,-276.709441687482,3.63684224876532,-2.80375508928617,14.3563043003082,4.21868085873965,0.130523294858821,2.17892780272493,0.0688870680783358
-262.4645126941,-276.644127547213,3.63143041136765,-2.38464117846693,14.3563043003082,4.21868085873965,0.130523294858821,2.17892780272493,0.0688870680783358
-262.449398834168,-276.578146810109,3.61631655143574,-2.87481921395386,14.3563043003082,4.21868085873965,0.130523294858821,2.17892780272493,0.0688870680783358
-262.448508783659,-276.510622584111,3.61542650092711,-3.11174348679629,14.2371999149323,4.21868085873965,0.130523294858821,2.17892780272493,0.0688870680783358
-262.436993723117,-276.44189134959,3.6039114403853,-3.22790362448655,14.2371999149323,4.21868085873965,0.130523294858821,2.17892780272493,0.0688870680783358
-262.433552399277,-276.374327381416,3.6004701165453,-3.53099081207263,14.2371999149323,4.21868085873965,0.130523294858821,2.17892780272493,0.0688870680783358
-262.431989823653,-276.30420088699,3.59890754092113,-2.82281587920686,14.0711900119781,4.21868085873965,0.130523294858821,2.17892780272493,0.0688870680783358
-262.435981966509,-276.233554965595,3.60289968377675,-3.13268345324003,14.0711900119781,4.21868085873965,0.130523294858821,2.17892780272493,0.0688870680783358
-262.41593973404,-276.163071075405,3.58285745130782,-3.22200838886024,14.0711900119781,4.21868085873965,0.130523294858821,2.17892780272493,0.0688870680783358
-262.411370456747,-276.091288861158,3.57828817401501,-3.34530082343636,13.8836289768219,4.21868085873965,0.130523294858821,2.17892780272493,0.0688870680783358
-262.406657213907,-276.017946514211,3.57357493117533,-3.39283909334619,13.8836289768219,4.21868085873965,0.130523294858821,2.17892780272493,0.0688870680783358
-262.394312332457,-275.942999483764,3.56123004972536,-3.00141960113087,13.8836289768219,4.21868085873965,0.130523294858821,2.17892780272493,0.0688870680783358
-262.391404166439,-275.869999777953,3.55832188370697,-3.51969209550697,13.8836289768219,4.21868085873965,0.130523294858821,2.17892780272493,0.0688870680783358
-262.391206317983,-275.796686388056,3.5581240352513,-3.24939849866997,13.7406751041412,4.21868085873965,0.130523294858821,2.17892780272493,0.0688870680783358
-262.393592847206,-275.722729703675,3.5605105644736,-3.53364534443885,13.7406751041412,4.21868085873965,0.130523294858821,2.17892780272493,0.0688870680783358
-262.375017305817,-275.647913999559,3.5419350230847,-3.90376907768513,13.7406751041412,4.21868085873965,0.130523294858821,2.17892780272493,0.0688870680783358
-262.371403024745,-275.572914667449,3.53832074201316,-4.07785706322942,13.5299016361237,4.21868085873965,0.130523294858821,2.17892780272493,0.0688870680783358
-262.356411947635,-275.497421719398,3.52332966490276,-4.0164632229708,13.5299016361237,4.21868085873965,0.130523294858821,2.17892780272493,0.0688870680783358
-262.366444768815,-275.422108267944,3.53336248608327,-4.0676480668466,13.5299016361237,4.21868085873965,0.130523294858821,2.17892780272493,0.0688870680783358
-262.353519976568,-275.346969589058,3.52043769383587,-4.18070985822206,13.2936917667389,4.21868085873965,0.130523294858821,2.17892780272493,0.0688870680783358
-262.338317827298,-275.271547071984,3.50523554456628,-4.05510372236179,13.2936917667389,4.21868085873965,0.130523294858821,2.17892780272493,0.0688870680783358
-262.327809661763,-275.196446173439,3.4947273790305,-4.48204225644451,13.2936917667389,4.21868085873965,0.130523294858821,2.17892780272493,0.0688870680783358
-262.319364238612,-275.12178970645,3.4862819558798,-4.52797661301584,13.2936917667389,4.21868085873965,0.130523294858821,2.17892780272493,0.0688870680783358
-262.310500427858,-275.047199822812,3.47741814512575,-4.41703008350869,13.0586301212311,4.21868085873965,0.130523294858821,2.17892780272493,0.0688870680783358
-262.302537960837,-274.973786728853,3.46945567810469,-5.14067758757977,13.0586301212311,4.21868085873965,0.130523294858821,2.17892780272493,0.0688870680783358
-262.293285841554,-274.900713606149,3.46020355882182,-5.14216237998673,13.0586301212311,4.21868085873965,0.130523294858821,2.17892780272493,0.0688870680783358
-262.282682704868,-274.828185670267,3.4496004221361,-4.83918251872385,12.8450394992828,4.21868085873965,0.130523294858821,2.17892780272493,0.0688870680783358
-262.275856851452,-274.757288201912,3.4427745687195,-5.30879254572545,12.8450394992828,4.21868085873965,0.130523294858821,2.17892780272493,0.0688870680783358
-262.263647139326,-274.686241309465,3.4305648565936,-5.5965958552036,12.8450394992828,4.21868085873965,0.130523294858821,2.17892780272493,0.0688870680783358
-262.254468481371,-274.61788454875,3.4213861986388,-5.87452520566039,12.6089517002106,4.21868085873965,0.130523294858821,2.17892780272493,0.0688870680783358
-262.246371575949,-274.549808229321,3.41328929321671,-5.27869938419914,12.6089517002106,4.21868085873965,0.130523294858821,2.17892780272493,0.0688870680783358
-262.227924769293,-274.483054019809,3.39484248656124,-5.46474771579911,12.6089517002106,4.21868085873965,0.130523294858821,2.17892780272493,0.0688870680783358
-262.222955717429,-274.418447295307,3.38987343469699,-5.71597489513274,12.6089517002106,4.21868085873965,0.130523294858821,2.17892780272493,0.0688870680783358
-262.203106807197,-274.355111968696,3.37002452446511,-5.75841701593769,12.2777215366364,4.21868085873965,0.130523294858821,2.17892780272493,0.0688870680783358
-262.206049042493,-274.293564338973,3.37296675976079,-6.03631358399031,12.2777215366364,4.21868085873965,0.130523294858821,2.17892780272493,0.0688870680783358
-262.195294606091,-274.233860353255,3.36221232335904,-6.25085647429987,12.2777215366364,4.21868085873965,0.130523294858821,2.17892780272493,0.0688870680783358
-262.170007656229,-274.176410122836,3.3369253734975,-6.02129926469161,12.0420380954742,4.21868085873965,0.130523294858821,2.17892780272493,0.0688870680783358
-262.164953595439,-274.12160739832,3.33187131270707,-6.26863012652045,12.0420380954742,4.21868085873965,0.130523294858821,2.17892780272493,0.0688870680783358
-262.153079631396,-274.067768212903,3.31999734866412,-6.45974165584807,12.0420380954742,4.21868085873965,0.130523294858821,2.17892780272493,0.0688870680783358
-262.143784928834,-274.018150895373,3.31070264610173,-6.67624494967648,12.0420380954742,4.21868085873965,0.130523294858821,2.17892780272493,0.0688870680783358
-262.130019404904,-273.970221809956,3.29693712217199,-6.49313325236617,11.8295232181549,4.21868085873965,0.130523294858821,2.17892780272493,0.0688870680783358
-262.12195719392,-273.924638131024,3.28887491118818,-6.1037972748905,11.8295232181549,4.21868085873965,0.130523294858821,2.17892780272493,0.0688870680783358
-262.108401581941,-273.882305379962,3.2753192992091,-5.99268640591236,11.8295232181549,4.21868085873965,0.130523294858821,2.17892780272493,0.0688870680783358
-262.091338085265,-273.842746114615,3.25825580253264,-5.97872786534927,11.5713693027496,4.21868085873965,0.130523294858821,2.17892780272493,0.0688870680783358
-262.08490609847,-273.806403607047,3.25182381573752,-6.32736317517323,11.5713693027496,4.21868085873965,0.130523294858821,2.17892780272493,0.0688870680783358
-262.077974285206,-273.773158510986,3.24489200247413,-6.5781382745229,11.5713693027496,4.21868085873965,0.130523294858821,2.17892780272493,0.0688870680783358
-262.058636807429,-273.743160547729,3.22555452469686,-6.41170886981394,11.3599263553619,4.21868085873965,0.130523294858821,2.17892780272493,0.0688870680783358
-262.051196953231,-273.716634823309,3.21811467049932,-6.02010660160856,11.3599263553619,4.21868085873965,0.130523294858821,2.17892780272493,0.0688870680783358
-262.046284563052,-273.693398740766,3.2132022803199,-5.86519758217161,11.3599263553619,4.21868085873965,0.130523294858821,2.17892780272493,0.0688870680783358
-262.046281337216,-273.674125199777,3.21319905448392,-5.6895194733827,11.1957322483063,4.21868085873965,0.130523294858821,2.17892780272493,0.0688870680783358
-262.017247854796,-273.658343695232,3.18416557206364,-5.36850595333142,11.1957322483063,4.21868085873965,0.130523294858821,2.17892780272493,0.0688870680783358
-262.001376001708,-273.646434095693,3.1682937189757,-5.38807685792702,11.1957322483063,4.21868085873965,0.130523294858821,2.17892780272493,0.0688870680783358
-261.996299212964,-273.638389984908,3.16321693023219,-5.46101134019297,11.1957322483063,4.21868085873965,0.130523294858821,2.17892780272493,0.0688870680783358
-261.995317872346,-273.634245590218,3.16223558961359,-4.57691247859197,11.1491605167389,4.21868085873965,0.130523294858821,2.17892780272493,0.0688870680783358
-261.978190587443,-273.634174644377,3.14510830471132,-4.25969388717692,11.1491605167389,4.21868085873965,0.130523294858821,2.17892780272493,0.0688870680783358
-261.976716552663,-273.638155755085,3.14363426993114,-3.8610606128405,11.1491605167389,4.21868085873965,0.130523294858821,2.17892780272493,0.0688870680783358
-261.951156858909,-273.646446327965,3.11807457617702,-3.27813372615953,11.2194653873444,4.21868085873965,0.130523294858821,2.17892780272493,0.0688870680783358
-261.964096172888,-273.658808612319,3.13101389015635,-2.81818589219092,11.2194653873444,4.21868085873965,0.130523294858821,2.17892780272493,0.0688870680783358
-261.952486641019,-273.675604574845,3.11940435828723,-2.96924154339794,11.2194653873444,4.21868085873965,0.130523294858821,2.17892780272493,0.0688870680783358
-261.944732933778,-273.696608748001,3.11165065104607,-3.2096195118686,11.3147145633698,4.21868085873965,0.130523294858821,2.17892780272493,0.0688870680783358
-261.936970232252,-273.722209857256,3.10388794952043,-2.4358985947106,11.3147145633698,4.21868085873965,0.130523294858821,2.17892780272493,0.0688870680783358
-261.942486065411,-273.75262477465,3.10940378267882,-1.60057590562558,11.3147145633698,4.21868085873965,0.130523294858821,2.17892780272493,0.0688870680783358
-261.938684639449,-273.78638490934,3.10560235671664,-0.850082948194024,11.3147145633698,4.21868085873965,0.130523294858821,2.17892780272493,0.0688870680783358
-261.939314550843,-273.824712042683,3.10623226811052,-0.359514056152506,11.5253697757721,4.21868085873965,0.130523294858821,2.17892780272493,0.0688870680783358
-261.936633136009,-273.867621398638,3.10355085327668,0.259388600330361,11.5253697757721,4.21868085873965,0.130523294858821,2.17892780272493,0.0688870680783358
-261.939007606643,-273.914823268409,3.10592532391057,0.142701798058594,11.5253697757721,4.21868085873965,0.130523294858821,2.17892780272493,0.0688870680783358
-261.942518377624,-273.967307962,3.10943609489178,1.64405069280357,11.7823659305573,4.21868085873965,0.130523294858821,2.17892780272493,0.0688870680783358
-261.954458014554,-274.023201930964,3.12137573182231,2.12360067662807,11.7823659305573,4.21868085873965,0.130523294858821,2.17892780272493,0.0688870680783358
-261.952666421981,-274.084773154828,3.11958413924868,3.1410567645403,11.7823659305573,4.21868085873965,0.130523294858821,2.17892780272493,0.0688870680783358
-261.967719468164,-274.149552229476,3.13463718543155,3.95746594780741,12.1099931125641,4.21868085873965,0.130523294858821,2.17892780272493,0.0688870680783358
-261.961573788524,-274.219392406657,3.12849150579236,4.85839576453885,12.1099931125641,4.21868085873965,0.130523294858821,2.17892780272493,0.0688870680783358
-261.962108419402,-274.293348394479,3.12902613667021,6.24412957379548,12.1099931125641,4.21868085873965,0.130523294858821,2.17892780272493,0.0688870680783358
-261.980949962553,-274.370863399366,3.14786767982128,7.27343075710498,12.1099931125641,4.21868085873965,0.130523294858821,2.17892780272493,0.0688870680783358
-261.989526018274,-274.454043201331,3.15644373554175,7.43476254615776,12.3935452823639,4.21868085873965,0.130523294858821,2.17892780272493,0.0688870680783358
-262.010143925784,-274.540769138961,3.17706164305182,6.27266103255606,12.3935452823639,4.21868085873965,0.130523294858821,2.17892780272493,0.0688870680783358
-262.015741485159,-274.630212822553,3.18265920242666,5.70217620765196,12.3935452823639,4.21868085873965,0.130523294858821,2.17892780272493,0.0688870680783358
-262.029185291782,-274.725155380441,3.19610300905038,5.58296021909636,12.5854874973297,4.21868085873965,0.130523294858821,2.17892780272493,0.0688870680783358
-262.041953630462,-274.823410528221,3.20887134773046,5.95749044493961,12.5854874973297,4.21868085873965,0.130523294858821,2.17892780272493,0.0688870680783358
-262.041724607204,-274.925719267672,3.20864232447204,6.01490803262018,12.5854874973297,4.21868085873965,0.130523294858821,2.17892780272493,0.0688870680783358
-262.067410937284,-275.031675343543,3.23432865455214,5.36616633840136,12.7553159122467,4.21868085873965,0.130523294858821,2.17892780272493,0.0688870680783358
-262.075718105576,-275.141350766663,3.24263582284434,5.02815162892266,12.7553159122467,4.21868085873965,0.130523294858821,2.17892780272493,0.0688870680783358
-262.100025499072,-275.254451435149,3.26694321633964,5.39266883520464,12.7553159122467,4.21868085873965,0.130523294858821,2.17892780272493,0.0688870680783358
-262.093243211165,-275.370133634981,3.2601609284329,5.26710112987477,12.7553159122467,4.21868085873965,0.130523294858821,2.17892780272493,0.0688870680783358
-262.108110465651,-275.489940471133,3.27502818291903,4.69590065816439,13.0417100315094,4.21868085873965,0.130523294858821,2.17892780272493,0.0688870680783358
-262.10203104138,-275.61259770884,3.26894875864825,5.0940588797824,13.0417100315094,4.21868085873965,0.130523294858821,2.17892780272493,0.0688870680783358
-262.120801065264,-275.737629984195,3.28771878253165,5.54005242374662,13.0417100315094,4.21868085873965,0.130523294858821,2.17892780272493,0.0688870680783358
-262.126326669375,-275.86604742344,3.29324438664252,4.92041615456003,13.2814961795807,4.21868085873965,0.130523294858821,2.17892780272493,0.0688870680783358
-262.137675685041,-275.997407476924,3.30459340230943,4.7281355372721,13.2814961795807,4.21868085873965,0.130523294858821,2.17892780272493,0.0688870680783358
-262.135093116513,-276.132054044007,3.30201083378134,5.08848760534507,13.2814961795807,4.21868085873965,0.130523294858821,2.17892780272493,0.0688870680783358
-262.152646372673,-276.26736476877,3.31956408994105,5.81052322274717,13.2814961795807,4.21868085873965,0.130523294858821,2.17892780272493,0.0688870680783358
-262.166275321381,-276.40516854442,3.33319303864915,5.54248779765339,13.6321812992096,4.21868085873965,0.130523294858821,2.17892780272493,0.0688870680783358
-262.165018284801,-276.5460888711,3.33193600206905,5.51860929359789,13.6321812992096,4.21868085873965,0.130523294858821,2.17892780272493,0.0688870680783358
-262.181695851811,-276.688105844813,3.34861356907895,5.87825037749911,13.6321812992096,4.21868085873965,0.130523294858821,2.17892780272493,0.0688870680783358
-262.185167697903,-276.832240450826,3.35208541517068,6.35772089765277,14.122522485733,4.21868085873965,0.130523294858821,2.17892780272493,0.0688870680783358
-262.203982846512,-276.977997802577,3.37090056377976,7.44609222232098,14.122522485733,4.21868085873965,0.130523294858821,2.17892780272493,0.0688870680783358
-262.208376918254,-277.124022969227,3.37529463552216,7.69599511020695,14.122522485733,4.21868085873965,0.130523294858821,2.17892780272493,0.0688870680783358
-262.22489554095,-277.272053654274,3.3918132582178,7.42889871683622,14.6392156009674,4.21868085873965,0.130523294858821,2.17892780272493,0.0688870680783358
-262.239089559061,-277.420499866371,3.40600727632939,7.32106245309252,14.6392156009674,4.21868085873965,0.130523294858821,2.17892780272493,0.0688870680783358
-262.246493700743,-277.570756722018,3.41341141801116,8.37730675334666,14.6392156009674,4.21868085873965,0.130523294858821,2.17892780272493,0.0688870680783358
-262.272473236461,-277.720783301248,3.43939095372853,9.50302763507232,15.1793576602936,4.21868085873965,0.130523294858821,2.17892780272493,0.0688870680783358
-262.281313254502,-277.871280806317,3.44823097177027,9.09735081382733,15.1793576602936,4.21868085873965,0.130523294858821,2.17892780272493,0.0688870680783358
-262.298280028624,-278.022239617333,3.4651977458916,10.3051146189061,15.1793576602936,4.21868085873965,0.130523294858821,2.17892780272493,0.0688870680783358
-262.32618151266,-278.172301272434,3.49309922992813,10.7368960427642,15.1793576602936,4.21868085873965,0.130523294858821,2.17892780272493,0.0688870680783358
-262.346638996539,-278.324418120007,3.51355671380699,9.81502100822508,15.6735879306793,4.21868085873965,0.130523294858821,2.17892780272493,0.0688870680783358
-262.366114233317,-278.474770549774,3.53303195058507,10.1185503388066,15.6735879306793,4.21868085873965,0.130523294858821,2.17892780272493,0.0688870680783358
-262.38298329307,-278.6230212097,3.54990101033831,11.382031138808,15.6735879306793,4.21868085873965,0.130523294858821,2.17892780272493,0.0688870680783358
-262.416130565949,-278.77205242321,3.58304828321709,11.4448093860962,16.21679986763,4.21868085873965,0.130523294858821,2.17892780272493,0.0688870680783358
-262.423560773956,-278.919875695086,3.59047849122396,11.6397836315049,16.21679986763,4.21868085873965,0.130523294858821,2.17892780272493,0.0688870680783358
-262.461206848059,-279.067184403087,3.6281245653273,11.4898733179047,16.21679986763,4.21868085873965,0.130523294858821,2.17892780272493,0.0688870680783358
-262.464374209859,-279.212535516086,3.63129192712675,12.1474955622862,16.7368270282745,4.21868085873965,0.130523294858821,2.17892780272493,0.0688870680783358
-262.500466899225,-279.357015637405,3.66738461649285,11.6159886419026,16.7368270282745,4.21868085873965,0.130523294858821,2.17892780272493,0.0688870680783358
-262.512405746827,-279.503160142997,3.67932346409516,12.275038244445,16.7368270282745,4.21868085873965,0.130523294858821,2.17892780272493,0.0688870680783358
-262.548070236665,-279.642383362072,3.71498795393327,12.4397577207735,16.7368270282745,4.21868085873965,0.130523294858821,2.17892780272493,0.0688870680783358
-262.570959993296,-279.779283687022,3.73787771056355,10.5738977057181,17.2332297687531,4.21868085873965,0.130523294858821,2.17892780272493,0.0688870680783358
-262.582338082227,-279.915604098998,3.7492557994947,10.8893569094922,17.2332297687531,4.21868085873965,0.130523294858821,2.17892780272493,0.0688870680783358
-262.602121275362,-280.04944142824,3.76903899262954,11.0806252021978,17.2332297687531,4.21868085873965,0.130523294858821,2.17892780272493,0.0688870680783358
-262.630922102504,-280.18182751819,3.79783981977194,11.2106525762935,17.7512351398468,4.21868085873965,0.130523294858821,2.17892780272493,0.0688870680783358
-262.647595397726,-280.309820737615,3.8145131149937,10.8880052591871,17.7512351398468,4.21868085873965,0.130523294858821,2.17892780272493,0.0688870680783358
-262.673464643161,-280.436925581952,3.84038236042922,10.4172632715983,17.7512351398468,4.21868085873965,0.130523294858821,2.17892780272493,0.0688870680783358
-262.684191520579,-280.559295148593,3.85110923784715,11.2609618598506,18.2006026630402,4.21868085873965,0.130523294858821,2.17892780272493,0.0688870680783358
-262.71024041156,-280.679469561673,3.87715812882805,10.8080251063606,18.2006026630402,4.21868085873965,0.130523294858821,2.17892780272493,0.0688870680783358
-262.72261998021,-280.796850655105,3.88953769747752,10.4637806461233,18.2006026630402,4.21868085873965,0.130523294858821,2.17892780272493,0.0688870680783358
-262.745176941378,-280.91019352919,3.91209465864567,10.7520207176962,18.2006026630402,4.21868085873965,0.130523294858821,2.17892780272493,0.0688870680783358
-262.763160443975,-281.021288928298,3.93007816124302,10.0274884918893,18.6264487628937,4.21868085873965,0.130523294858821,2.17892780272493,0.0688870680783358
-262.785886956745,-281.127754245616,3.95280467401332,9.71053705489374,18.6264487628937,4.21868085873965,0.130523294858821,2.17892780272493,0.0688870680783358
-262.79515654391,-281.230670011097,3.96207426117806,9.65726119268402,18.6264487628937,4.21868085873965,0.130523294858821,2.17892780272493,0.0688870680783358
-262.820202602394,-281.329677912544,3.98712031966164,9.37239238870606,19.0039245014191,4.21868085873965,0.130523294858821,2.17892780272493,0.0688870680783358
-262.836766024059,-281.424164481968,4.00368374132692,9.3469788729607,19.0039245014191,4.21868085873965,0.130523294858821,2.17892780272493,0.0688870680783358
-262.854588490983,-281.51600156759,4.02150620825104,9.76273308001473,19.0039245014191,4.21868085873965,0.130523294858821,2.17892780272493,0.0688870680783358
-262.881339991307,-281.602764361474,4.04825770857525,9.27463028101799,19.3341895465851,4.21868085873965,0.130523294858821,2.17892780272493,0.0688870680783358
-262.906013232192,-281.686088916868,4.07293094946048,8.93798004137694,19.3341895465851,4.21868085873965,0.130523294858821,2.17892780272493,0.0688870680783358
-262.90597675945,-281.764849591528,4.07289447671771,8.3040073888863,19.3341895465851,4.21868085873965,0.130523294858821,2.17892780272493,0.0688870680783358
-262.919836638429,-281.839386132531,4.08675435569683,8.89192532002174,19.3341895465851,4.21868085873965,0.130523294858821,2.17892780272493,0.0688870680783358
-262.944853415396,-281.910186966372,4.11177113266409,8.37992754693111,19.6170379047394,4.21868085873965,0.130523294858821,2.17892780272493,0.0688870680783358
-262.957497286967,-281.976184430155,4.12441500423455,7.91797427624714,19.6170379047394,4.21868085873965,0.130523294858821,2.17892780272493,0.0688870680783358
-262.972959181154,-282.037962437612,4.1398768984216,7.61014781260532,19.6170379047394,4.21868085873965,0.130523294858821,2.17892780272493,0.0688870680783358
-262.979165042198,-282.0956267428,4.14608275946576,6.901733483401,19.7838927631378,4.21868085873965,0.130523294858821,2.17892780272493,0.0688870680783358
-262.997698253907,-282.148384774927,4.16461597117479,6.89608019995667,19.7838927631378,4.21868085873965,0.130523294858821,2.17892780272493,0.0688870680783358
-263.01840736916,-282.196943936049,4.18532508642805,7.04859646551921,19.7838927631378,4.21868085873965,0.130523294858821,2.17892780272493,0.0688870680783358
-263.023118548488,-282.240853447185,4.1900362657557,7.20247115622553,19.7838927631378,4.21868085873965,0.130523294858821,2.17892780272493,0.0688870680783358
-263.037181809204,-282.280724760781,4.20409952647227,6.00462119548327,19.9721824054718,4.21868085873965,0.130523294858821,2.17892780272493,0.0688870680783358
-263.053668341512,-282.315757075815,4.22058605877956,5.81343673202968,19.9721824054718,4.21868085873965,0.130523294858821,2.17892780272493,0.0688870680783358
-263.057594071078,-282.346469403646,4.22451178834621,6.11108622819825,19.9721824054718,4.21868085873965,0.130523294858821,2.17892780272493,0.0688870680783358
-263.058760542195,-282.372845831064,4.22567825946252,4.94596990941087,20.0676452045441,4.21868085873965,0.130523294858821,2.17892780272493,0.0688870680783358
-263.07161507366,-282.394820126327,4.2385327909284,4.10013881937805,20.0676452045441,4.21868085873965,0.130523294858821,2.17892780272493,0.0688870680783358
-263.086940102684,-282.412563408961,4.2538578199523,4.29763940594589,20.0676452045441,4.21868085873965,0.130523294858821,2.17892780272493,0.0688870680783358
-263.084342251272,-282.42594917101,4.25125996854042,3.59926323985054,19.9982673053741,4.21868085873965,0.130523294858821,2.17892780272493,0.0688870680783358
-263.097764013386,-282.435052887612,4.26468173065397,3.29949623007902,19.9982673053741,4.21868085873965,0.130523294858821,2.17892780272493,0.0688870680783358
-263.103922486804,-282.44002865759,4.27084020407187,3.06413250512018,19.9982673053741,4.21868085873965,0.130523294858821,2.17892780272493,0.0688870680783358
-263.109799455179,-282.440863012003,4.27671717244732,2.65791388256545,19.7634841327667,4.21868085873965,0.130523294858821,2.17892780272493,0.0688870680783358
-263.115397298369,-282.437646438519,4.28231501563697,1.03264053035026,19.7634841327667,4.21868085873965,0.130523294858821,2.17892780272493,0.0688870680783358
-263.116907770254,-282.430403729539,4.28382548752154,0.568462384325924,19.7634841327667,4.21868085873965,0.130523294858821,2.17892780272493,0.0688870680783358
-263.10632718116,-282.419377172589,4.27324489842812,-0.1424027298182,19.7634841327667,4.21868085873965,0.130523294858821,2.17892780272493,0.0688870680783358
-263.112446690504,-282.404469035267,4.27936440777238,-0.0750530102383692,19.4106627826691,4.21868085873965,0.130523294858821,2.17892780272493,0.0688870680783358
-263.105872054715,-282.385632594136,4.27278977198348,-1.48571725476316,19.4106627826691,4.21868085873965,0.130523294858821,2.17892780272493,0.0688870680783358
-263.112696523537,-282.363705234041,4.27961424080464,-2.62000207741227,19.4106627826691,4.21868085873965,0.130523294858821,2.17892780272493,0.0688870680783358
-263.095925631807,-282.337676642083,4.26284334907479,-4.26344355207638,19.011347902298,4.21868085873965,0.130523294858821,2.17892780272493,0.0688870680783358
-263.101643422536,-282.308644324757,4.26856113980373,-3.96627782055679,19.011347902298,4.21868085873965,0.130523294858821,2.17892780272493,0.0688870680783358
-263.080433825126,-282.276103774928,4.24735154239436,-4.43461752229854,19.011347902298,4.21868085873965,0.130523294858821,2.17892780272493,0.0688870680783358
-263.074160176478,-282.240482378719,4.24107789374595,-5.16756930673967,18.6584121112823,4.21868085873965,0.130523294858821,2.17892780272493,0.0688870680783358
-263.064813353605,-282.201743860282,4.23173107087338,-6.73530129725381,18.6584121112823,4.21868085873965,0.130523294858821,2.17892780272493,0.0688870680783358
-263.055390456233,-282.159335827438,4.22230817350144,-7.53859850180255,18.6584121112823,4.21868085873965,0.130523294858821,2.17892780272493,0.0688870680783358
-263.040764890929,-282.11442646132,4.20768260819687,-6.46478014706045,18.6584121112823,4.21868085873965,0.130523294858821,2.17892780272493,0.0688870680783358
-263.039896654107,-282.067469543776,4.20681437137521,-5.76252814436425,18.3976050739288,4.21868085873965,0.130523294858821,2.17892780272493,0.0688870680783358
-263.022089122972,-282.017566308628,4.18900684024032,-5.64549798002195,18.3976050739288,4.21868085873965,0.130523294858821,2.17892780272493,0.0688870680783358
-262.99665398946,-281.96527743343,4.16357170672793,-5.59978659224581,18.3976050739288,4.21868085873965,0.130523294858821,2.17892780272493,0.0688870680783358
-262.994566254207,-281.910521130322,4.16148397147514,-4.88437806756946,18.2518378620148,4.21868085873965,0.130523294858821,2.17892780272493,0.0688870680783358
-263.003008774948,-281.853514037268,4.16992649221565,-4.5819351197183,18.2518378620148,4.21868085873965,0.130523294858821,2.17892780272493,0.0688870680783358
-262.977290700694,-281.794547258451,4.14420841796154,-5.07992042570906,18.2518378620148,4.21868085873965,0.130523294858821,2.17892780272493,0.0688870680783358
-262.972293562978,-281.733423665127,4.13921128024641,-4.94970233891737,18.2707511310577,4.21868085873965,0.130523294858821,2.17892780272493,0.0688870680783358
-262.953791039141,-281.670506451233,4.1207087564093,-4.51406897728104,18.2707511310577,4.21868085873965,0.130523294858821,2.17892780272493,0.0688870680783358
-262.951923843172,-281.605500942748,4.1188415604404,-3.66411482739156,18.2707511310577,4.21868085873965,0.130523294858821,2.17892780272493,0.0688870680783358
-262.94286495332,-281.539619376495,4.10978267058798,-3.56065981400239,18.2707511310577,4.21868085873965,0.130523294858821,2.17892780272493,0.0688870680783358
-262.943487929001,-281.471930630474,4.11040564626891,-3.09408799646582,18.2433959369659,4.21868085873965,0.130523294858821,2.17892780272493,0.0688870680783358
-262.934605029227,-281.403137398416,4.10152274649461,-2.70549037826716,18.2433959369659,4.21868085873965,0.130523294858821,2.17892780272493,0.0688870680783358
-262.93662299504,-281.333065857824,4.10354071230834,-2.70081892295051,18.2433959369659,4.21868085873965,0.130523294858821,2.17892780272493,0.0688870680783358
-262.928732614245,-281.261418302685,4.09565033151305,-1.86097220416133,18.1932746295929,4.21868085873965,0.130523294858821,2.17892780272493,0.0688870680783358
-262.930808950849,-281.189915514566,4.09772666811659,-1.6417427524839,18.1932746295929,4.21868085873965,0.130523294858821,2.17892780272493,0.0688870680783358
-262.93286914212,-281.116759311253,4.0997868593875,-2.1486381809467,18.1932746295929,4.21868085873965,0.130523294858821,2.17892780272493,0.0688870680783358
-262.917840492639,-281.043540941737,4.08475820990684,-2.01791366719987,18.0993567829132,4.21868085873965,0.130523294858821,2.17892780272493,0.0688870680783358
-262.917960573163,-280.969114137989,4.08487829043097,-0.932566003847886,18.0993567829132,4.21868085873965,0.130523294858821,2.17892780272493,0.0688870680783358
-262.913578433663,-280.894453990814,4.08049615093126,-0.949966859505928,18.0993567829132,4.21868085873965,0.130523294858821,2.17892780272493,0.0688870680783358
-262.926240886012,-280.819773030177,4.09315860327986,-1.23858711180207,18.0993567829132,4.21868085873965,0.130523294858821,2.17892780272493,0.0688870680783358
-262.916773741078,-280.744067578278,4.08369145834558,-1.04175929524065,17.8898803119659,4.21868085873965,0.130523294858821,2.17892780272493,0.0688870680783358
-262.904809965414,-280.669153084411,4.07172768268227,-0.996333377293633,17.8898803119659,4.21868085873965,0.130523294858821,2.17892780272493,0.0688870680783358
-262.908238281745,-280.593647593981,4.07515599901259,-0.963024304603216,17.8898803119659,4.21868085873965,0.130523294858821,2.17892780272493,0.0688870680783358
-262.91614270164,-280.517736365654,4.0830604189081,-1.37487226191955,17.653998506546,4.21868085873965,0.130523294858821,2.17892780272493,0.0688870680783358
-262.903560556545,-280.443197024274,4.07047827381268,-1.92442075094959,17.653998506546,4.21868085873965,0.130523294858821,2.17892780272493,0.0688870680783358
-262.899018478155,-280.368151042015,4.06593619542306,-2.33595193026765,17.653998506546,4.21868085873965,0.130523294858821,2.17892780272493,0.0688870680783358
-262.896314432944,-280.293238816257,4.06323215021226,-2.73960154499971,17.653998506546,4.21868085873965,0.130523294858821,2.17892780272493,0.0688870680783358
-262.895202526861,-280.219193964782,4.06212024412894,-2.57418784305137,17.4182692890167,4.21868085873965,0.130523294858821,2.17892780272493,0.0688870680783358
-262.883096173609,-280.144931196276,4.0500138908775,-2.64536341678874,17.4182692890167,4.21868085873965,0.130523294858821,2.17892780272493,0.0688870680783358
-262.877472659113,-280.072064203701,4.04439037638099,-3.3465456364541,17.4182692890167,4.21868085873965,0.130523294858821,2.17892780272493,0.0688870680783358
-262.874785012538,-279.9989605898,4.04170272980625,-3.59422264018601,17.1807853107452,4.21868085873965,0.130523294858821,2.17892780272493,0.0688870680783358
-262.863741612741,-279.927545830097,4.03065933000857,-3.57106272511776,17.1807853107452,4.21868085873965,0.130523294858821,2.17892780272493,0.0688870680783358
-262.857421558488,-279.855979894234,4.02433927575557,-3.91121072342369,17.1807853107452,4.21868085873965,0.130523294858821,2.17892780272493,0.0688870680783358
-262.849505112591,-279.785063786894,4.01642282985903,-4.04887316713854,16.9459258441925,4.21868085873965,0.130523294858821,2.17892780272493,0.0688870680783358
-262.833187766015,-279.715612358978,4.00010548328311,-3.98785219591316,16.9459258441925,4.21868085873965,0.130523294858821,2.17892780272493,0.0688870680783358
-262.829800182303,-279.646150337764,3.99671789957062,-4.20273526848957,16.9459258441925,4.21868085873965,0.130523294858821,2.17892780272493,0.0688870680783358
-262.816399350387,-279.578644228311,3.98331706765531,-4.2181535464081,16.7111464862823,4.21868085873965,0.130523294858821,2.17892780272493,0.0688870680783358
-262.819715510089,-279.510759610541,3.98663322735743,-4.18606438602641,16.7111464862823,4.21868085873965,0.130523294858821,2.17892780272493,0.0688870680783358
-262.811503209751,-279.444656807905,3.97842092701939,-4.19464308648181,16.7111464862823,4.21868085873965,0.130523294858821,2.17892780272493,0.0688870680783358
-262.786855813598,-279.379230800527,3.95377353086618,-4.2687302289487,16.7111464862823,4.21868085873965,0.130523294858821,2.17892780272493,0.0688870680783358
-262.786510277922,-279.3146542868,3.95342799519022,-4.2805025794014,16.5469313983917,4.21868085873965,0.130523294858821,2.17892780272493,0.0688870680783358
-262.781026252006,-279.251492451834,3.94794396927384,-3.91026196197085,16.5469313983917,4.21868085873965,0.130523294858821,2.17892780272493,0.0688870680783358
-262.771706052466,-279.188678819511,3.93862376973408,-3.98471074447068,16.5469313983917,4.21868085873965,0.130523294858821,2.17892780272493,0.0688870680783358
-262.756184098069,-279.127044831768,3.92310181533734,-4.15786086938006,16.3593932514191,4.21868085873965,0.130523294858821,2.17892780272493,0.0688870680783358
-262.757843673169,-279.066116521125,3.92476139043652,-4.17704009085728,16.3593932514191,4.21868085873965,0.130523294858821,2.17892780272493,0.0688870680783358
-262.751308769159,-279.00625766135,3.91822648642726,-4.31548973697015,16.3593932514191,4.21868085873965,0.130523294858821,2.17892780272493,0.0688870680783358
-262.748572497298,-278.947428329296,3.91549021456566,-4.52169338091312,16.1714965229034,4.21868085873965,0.130523294858821,2.17892780272493,0.0688870680783358
-262.736785339304,-278.889138037162,3.90370305657239,-4.27690116651678,16.1714965229034,4.21868085873965,0.130523294858821,2.17892780272493,0.0688870680783358
-262.717354789632,-278.831020620213,3.8842725068996,-4.4767442588946,16.1714965229034,4.21868085873965,0.130523294858821,2.17892780272493,0.0688870680783358
-262.714843644802,-278.773607715015,3.88176136207052,-4.30382283192134,16.1714965229034,4.21868085873965,0.130523294858821,2.17892780272493,0.0688870680783358
-262.710226345258,-278.718709018968,3.87714406252565,-4.0142334498164,15.9598237400055,4.21868085873965,0.130523294858821,2.17892780272493,0.0688870680783358
-262.704574594495,-278.663780874488,3.87149231176254,-3.83788097972127,15.9598237400055,4.21868085873965,0.130523294858821,2.17892780272493,0.0688870680783358
-262.702633521975,-278.610232743,3.86955123924321,-4.46074906386298,15.9598237400055,4.21868085873965,0.130523294858821,2.17892780272493,0.0688870680783358
-262.692622619349,-278.556207368072,3.85954033661701,-4.41624309940553,15.7956506137848,4.21868085873965,0.130523294858821,2.17892780272493,0.0688870680783358
-262.67696249332,-278.503381528212,3.84388021058835,-4.18192943012369,15.7956506137848,4.21868085873965,0.130523294858821,2.17892780272493,0.0688870680783358
-262.668726026393,-278.450432661671,3.83564374366102,-4.50798555033155,15.7956506137848,4.21868085873965,0.130523294858821,2.17892780272493,0.0688870680783358
-262.661298832955,-278.398790565254,3.82821655022325,-4.25632418898521,15.6288682346344,4.21868085873965,0.130523294858821,2.17892780272493,0.0688870680783358
-262.650276017283,-278.347159334765,3.81719373455142,-3.96231147840629,15.6288682346344,4.21868085873965,0.130523294858821,2.17892780272493,0.0688870680783358
-262.637502906201,-278.295814231365,3.80442062346925,-3.90320329720958,15.6288682346344,4.21868085873965,0.130523294858821,2.17892780272493,0.0688870680783358
-262.638921334941,-278.244939972971,3.80583905220849,-4.26822359850886,15.6288682346344,4.21868085873965,0.130523294858821,2.17892780272493,0.0688870680783358
-262.619618377286,-278.194124058273,3.78653609455426,-4.01348668519785,15.4624425296783,4.21868085873965,0.130523294858821,2.17892780272493,0.0688870680783358
-262.633849128745,-278.143649545055,3.80076684601327,-4.3191049916203,15.4624425296783,4.21868085873965,0.130523294858821,2.17892780272493,0.0688870680783358
-262.616555118195,-278.093596468774,3.7834728354631,-4.08688086456482,15.4624425296783,4.21868085873965,0.130523294858821,2.17892780272493,0.0688870680783358
-262.604181457761,-278.042636748149,3.77109917502894,-3.92132483775228,15.2965299015045,4.21868085873965,0.130523294858821,2.17892780272493,0.0688870680783358
-262.588675049384,-277.992595118903,3.75559276665172,-3.47452358698079,15.2965299015045,4.21868085873965,0.130523294858821,2.17892780272493,0.0688870680783358
-262.597429365293,-277.942425433252,3.76434708256063,-3.54848582054633,15.2965299015045,4.21868085873965,0.130523294858821,2.17892780272493,0.0688870680783358
-262.58528982361,-277.891998459889,3.75220754087779,-3.51352198727695,15.2019635562897,4.21868085873965,0.130523294858821,2.17892780272493,0.0688870680783358
-262.588346039984,-277.841480234238,3.75526375725216,-3.71242548197284,15.2019635562897,4.21868085873965,0.130523294858821,2.17892780272493,0.0688870680783358
-262.563619574852,-277.790299584183,3.73053729212025,-3.64537565759628,15.2019635562897,4.21868085873965,0.130523294858821,2.17892780272493,0.0688870680783358
-262.577205984721,-277.739404066576,3.74412370198896,-3.77272703980253,15.2019635562897,4.21868085873965,0.130523294858821,2.17892780272493,0.0688870680783358
-262.557266142012,-277.687735205973,3.72418385927964,-3.43759850515699,15.1301041965485,4.21868085873965,0.130523294858821,2.17892780272493,0.0688870680783358
-262.551990039823,-277.635934702834,3.71890775709099,-2.99381476806539,15.1301041965485,4.21868085873965,0.130523294858821,2.17892780272493,0.0688870680783358
-262.552560673359,-277.583552666474,3.71947839062653,-3.54297684262094,15.1301041965485,4.21868085873965,0.130523294858821,2.17892780272493,0.0688870680783358
-262.544348938696,-277.530297549167,3.71126665596377,-3.13409028101834,14.9202958469391,4.21868085873965,0.130523294858821,2.17892780272493,0.0688870680783358
-262.541104399905,-277.476780662984,3.70802211717308,-3.42249633569724,14.9202958469391,4.21868085873965,0.130523294858821,2.17892780272493,0.0688870680783358
-262.527858308477,-277.422451034703,3.69477602574519,-3.48740239858597,14.9202958469391,4.21868085873965,0.130523294858821,2.17892780272493,0.0688870680783358
-262.519664501811,-277.36777601357,3.68658221907903,-3.6689791383442,14.9202958469391,4.21868085873965,0.130523294858821,2.17892780272493,0.0688870680783358
-262.522837088741,-277.311812131995,3.68975480600925,-3.39191159227186,14.8271943454742,4.21868085873965,0.130523294858821,2.17892780272493,0.0688870680783358
-262.495674142589,-277.255808761582,3.66259185985685,-2.82554576000023,14.8271943454742,4.21868085873965,0.130523294858821,2.17892780272493,0.0688870680783358
-262.506153802787,-277.198196476601,3.67307152005497,-2.99878359844906,14.8271943454742,4.21868085873965,0.130523294858821,2.17892780272493,0.0688870680783358
-262.495279236647,-277.140592361426,3.66219695391529,-2.80133120823917,14.6853429203033,4.21868085873965,0.130523294858821,2.17892780272493,0.0688870680783358
-262.496060152521,-277.081832775134,3.66297786978925,-2.50419022802631,14.6853429203033,4.21868085873965,0.130523294858821,2.17892780272493,0.0688870680783358
-262.500519293878,-277.022410861614,3.66743701114597,-3.06131679693905,14.6853429203033,4.21868085873965,0.130523294858821,2.17892780272493,0.0688870680783358
-262.481168044395,-276.96134142621,3.6480857616632,-2.78882553660751,14.544325006485,4.21868085873965,0.130523294858821,2.17892780272493,0.0688870680783358
-262.487162355603,-276.899868223866,3.65408007287099,-2.35283023014639,14.544325006485,4.21868085873965,0.130523294858821,2.17892780272493,0.0688870680783358
-262.473469548721,-276.837336595278,3.64038726598898,-2.3545503200117,14.544325006485,4.21868085873965,0.130523294858821,2.17892780272493,0.0688870680783358
-262.476044735123,-276.774297899896,3.64296245239099,-2.67940610404552,14.4493352298737,4.21868085873965,0.130523294858821,2.17892780272493,0.0688870680783358
-262.475332623459,-276.709225463053,3.64225034072735,-2.27029287802095,14.4493352298737,4.21868085873965,0.130523294858821,2.17892780272493,0.0688870680783358
-262.465481671213,-276.644683614186,3.63239938848076,-2.83544061374383,14.4493352298737,4.21868085873965,0.130523294858821,2.17892780272493,0.0688870680783358
-262.453152152008,-276.578670879644,3.62006986927582,-3.34870729078682,14.4493352298737,4.21868085873965,0.130523294858821,2.17892780272493,0.0688870680783358
-262.461307684625,-276.511137654185,3.62822540189339,-3.06335630752393,14.2606984500885,4.21868085873965,0.130523294858821,2.17892780272493,0.0688870680783358
-262.44131397825,-276.443138719592,3.60823169551794,-3.61321968835513,14.2606984500885,4.21868085873965,0.130523294858821,2.17892780272493,0.0688870680783358
-262.433022741964,-276.374938051301,3.59994045923245,-3.45038336441632,14.2606984500885,4.21868085873965,0.130523294858821,2.17892780272493,0.0688870680783358
-262.435540959581,-276.305035874546,3.60245867684911,-3.21079722484891,14.0732900028229,4.21868085873965,0.130523294858821,2.17892780272493,0.0688870680783358
-262.436207351812,-276.234365464943,3.60312506908039,-3.16255100862259,14.0732900028229,4.21868085873965,0.130523294858821,2.17892780272493,0.0688870680783358
-262.435053528229,-276.163506078933,3.60197124549727,-3.30812033310769,14.0732900028229,4.21868085873965,0.130523294858821,2.17892780272493,0.0688870680783358
-262.4276957306,-276.091796910095,3.59461344786804,-3.76704993370647,13.8625851993561,4.21868085873965,0.130523294858821,2.17892780272493,0.0688870680783358
-262.405195002868,-276.018876011562,3.57211272013569,-3.52646078340796,13.8625851993561,4.21868085873965,0.130523294858821,2.17892780272493,0.0688870680783358
-262.406904406449,-275.945109732288,3.57382212371737,-3.65850367736312,13.8625851993561,4.21868085873965,0.130523294858821,2.17892780272493,0.0688870680783358
-262.406047725461,-275.869823435985,3.57296544272928,-3.54896624939426,13.8625851993561,4.21868085873965,0.130523294858821,2.17892780272493,0.0688870680783358
-262.39304978942,-275.797608709362,3.55996750668752,-3.65683598007527,13.6735936527252,4.21868085873965,0.130523294858821,2.17892780272493,0.0688870680783358
-262.386390435807,-275.723540682237,3.55330815307509,-3.81098357514184,13.6735936527252,4.21868085873965,0.130523294858821,2.17892780272493,0.0688870680783358
-262.378355749201,-275.647520355736,3.54527346646927,-4.12417255634022,13.6735936527252,4.21868085873965,0.130523294858821,2.17892780272493,0.0688870680783358
-262.372926914528,-275.572026548564,3.53984463179607,-4.32712579126232,13.4367181186676,4.21868085873965,0.130523294858821,2.17892780272493,0.0688870680783358
-262.371770363038,-275.496927552083,3.53868808030561,-4.4606896791945,13.4367181186676,4.21868085873965,0.130523294858821,2.17892780272493,0.0688870680783358
-262.35778013333,-275.420751102818,3.52469785059822,-5.12416163993662,13.4367181186676,4.21868085873965,0.130523294858821,2.17892780272493,0.0688870680783358
-262.342405348783,-275.346870814658,3.50932306605128,-5.03397155949231,13.2479268436432,4.21868085873965,0.130523294858821,2.17892780272493,0.0688870680783358
-262.333965468059,-275.271520194647,3.50088318532688,-4.51326090436217,13.2479268436432,4.21868085873965,0.130523294858821,2.17892780272493,0.0688870680783358
-262.326011941993,-275.196428320787,3.49292965926129,-4.5548895215109,13.2479268436432,4.21868085873965,0.130523294858821,2.17892780272493,0.0688870680783358
-262.319591650518,-275.122233752775,3.48650936778599,-4.88422130475626,13.2479268436432,4.21868085873965,0.130523294858821,2.17892780272493,0.0688870680783358
-262.316156971067,-275.047879114355,3.48307468833459,-4.95338448468723,13.0599042301178,4.21868085873965,0.130523294858821,2.17892780272493,0.0688870680783358
-262.298018914486,-274.97457422259,3.46493663175351,-5.44417367467378,13.0599042301178,4.21868085873965,0.130523294858821,2.17892780272493,0.0688870680783358
-262.291343496636,-274.901406688847,3.4582612139043,-5.14435292870029,13.0599042301178,4.21868085873965,0.130523294858821,2.17892780272493,0.0688870680783358
-262.274320736914,-274.828716540762,3.44123845418198,-4.64311634527968,12.7996617679596,4.21868085873965,0.130523294858821,2.17892780272493,0.0688870680783358
-262.271575569296,-274.757659908002,3.43849328656437,-4.91270361276946,12.7996617679596,4.21868085873965,0.130523294858821,2.17892780272493,0.0688870680783358
-262.263671132369,-274.687139548716,3.43058884963726,-5.63980735899678,12.7996617679596,4.21868085873965,0.130523294858821,2.17892780272493,0.0688870680783358
-262.255986672827,-274.618530254349,3.42290439009535,-5.96099081189692,12.5635739688873,4.21868085873965,0.130523294858821,2.17892780272493,0.0688870680783358
-262.249325975601,-274.550353099474,3.41624369286853,-5.51718682036356,12.5635739688873,4.21868085873965,0.130523294858821,2.17892780272493,0.0688870680783358
-262.226062172666,-274.483680949781,3.39297988993359,-5.2594507923592,12.5635739688873,4.21868085873965,0.130523294858821,2.17892780272493,0.0688870680783358
-262.216844813627,-274.4187454927,3.38376253089534,-5.54833248265549,12.5635739688873,4.21868085873965,0.130523294858821,2.17892780272493,0.0688870680783358
-262.220149120807,-274.35573691777,3.38706683807533,-5.34821704093228,12.3024121646881,4.21868085873965,0.130523294858821,2.17892780272493,0.0688870680783358
-262.198638711651,-274.294278885384,3.365556428919,-5.48782992517719,12.3024121646881,4.21868085873965,0.130523294858821,2.17892780272493,0.0688870680783358
-262.203040867938,-274.234767707825,3.36995858520578,-6.03549164423608,12.3024121646881,4.21868085873965,0.130523294858821,2.17892780272493,0.0688870680783358
-262.179410999684,-274.177055808271,3.34632871695217,-5.84628227943996,12.0884877567291,4.21868085873965,0.130523294858821,2.17892780272493,0.0688870680783358
-262.181856521694,-274.121846363182,3.34877423896207,-5.6973378157451,12.0884877567291,4.21868085873965,0.130523294858821,2.17892780272493,0.0688870680783358
-262.153199641042,-274.068434654354,3.32011735831006,-6.0091978650803,12.0884877567291,4.21868085873965,0.130523294858821,2.17892780272493,0.0688870680783358
-262.141023727288,-274.018427044415,3.30794144455643,-6.24181178800195,12.0884877567291,4.21868085873965,0.130523294858821,2.17892780272493,0.0688870680783358
-262.133401722597,-273.970138408002,3.30031943986464,-6.03319023015491,11.876615655899,4.21868085873965,0.130523294858821,2.17892780272493,0.0688870680783358
-262.122920538729,-273.924946693356,3.28983825599705,-5.63879527498728,11.876615655899,4.21868085873965,0.130523294858821,2.17892780272493,0.0688870680783358
-262.110923721072,-273.882574144778,3.27784143834009,-6.07033331705086,11.876615655899,4.21868085873965,0.130523294858821,2.17892780272493,0.0688870680783358
-262.10845897187,-273.842546988693,3.27537668913813,-6.41485342673343,11.6183854465485,4.21868085873965,0.130523294858821,2.17892780272493,0.0688870680783358
-262.097300920232,-273.806436849793,3.26421863750009,-6.21086729367204,11.6183854465485,4.21868085873965,0.130523294858821,2.17892780272493,0.0688870680783358
-262.081793253084,-273.773320639874,3.24871097035245,-5.80151291621665,11.6183854465485,4.21868085873965,0.130523294858821,2.17892780272493,0.0688870680783358
-262.073252589349,-273.743349339358,3.24017030661705,-5.61313913773713,11.4075528507233,4.21868085873965,0.130523294858821,2.17892780272493,0.0688870680783358
-262.052548002842,-273.716803551326,3.21946572010989,-5.68241404820158,11.4075528507233,4.21868085873965,0.130523294858821,2.17892780272493,0.0688870680783358
-262.05175818846,-273.693340538707,3.2186759057285,-5.26193655644809,11.4075528507233,4.21868085873965,0.130523294858821,2.17892780272493,0.0688870680783358
-262.032870144239,-273.674179790486,3.19978786150737,-4.50474988980054,11.2890702610016,4.21868085873965,0.130523294858821,2.17892780272493,0.0688870680783358
-262.023486505567,-273.658398204683,3.19040422283517,-4.96291530564908,11.2890702610016,4.21868085873965,0.130523294858821,2.17892780272493,0.0688870680783358
-262.010647062289,-273.646456808111,3.17756477955738,-5.06801273018092,11.2890702610016,4.21868085873965,0.130523294858821,2.17892780272493,0.0688870680783358
-262.013090689898,-273.63840239586,3.18000840716637,-5.12027547530575,11.2890702610016,4.21868085873965,0.130523294858821,2.17892780272493,0.0688870680783358
-261.997093754867,-273.63424883366,3.16401147213485,-5.17228095998128,11.2414990787506,4.21868085873965,0.130523294858821,2.17892780272493,0.0688870680783358
-261.981860478377,-273.634174410921,3.14877819564485,-4.51150922186377,11.2414990787506,4.21868085873965,0.130523294858821,2.17892780272493,0.0688870680783358
-261.981063611267,-273.638163715926,3.14798132853483,-3.82993425930875,11.2414990787506,4.21868085873965,0.130523294858821,2.17892780272493,0.0688870680783358
-261.982110935327,-273.646381215963,3.14902865259531,-3.12276469289312,11.1954308872223,4.21868085873965,0.130523294858821,2.17892780272493,0.0688870680783358
-261.970957576733,-273.658756607662,3.13787529400122,-3.10671984805018,11.1954308872223,4.21868085873965,0.130523294858821,2.17892780272493,0.0688870680783358
-261.96257739042,-273.675566335589,3.12949510768806,-3.32398664659479,11.1954308872223,4.21868085873965,0.130523294858821,2.17892780272493,0.0688870680783358
-261.956476385769,-273.696495361801,3.12339410303741,-3.57373680870539,11.2898408298492,4.21868085873965,0.130523294858821,2.17892780272493,0.0688870680783358
-261.956608797346,-273.72202228271,3.12352651461428,-2.28469305901756,11.2898408298492,4.21868085873965,0.130523294858821,2.17892780272493,0.0688870680783358
-261.945075050091,-273.751761354874,3.11199276735857,-1.91443286054136,11.2898408298492,4.21868085873965,0.130523294858821,2.17892780272493,0.0688870680783358
-261.938671863052,-273.786828647583,3.10558958032009,-1.68194626913306,11.2898408298492,4.21868085873965,0.130523294858821,2.17892780272493,0.0688870680783358
-261.93952311793,-273.825458171507,3.10644083519829,-0.696349207644737,11.4311601047516,4.21868085873965,0.130523294858821,2.17892780272493,0.0688870680783358
-261.94025171756,-273.868058986976,3.10716943482853,0.463099376177947,11.4311601047516,4.21868085873965,0.130523294858821,2.17892780272493,0.0688870680783358
-261.932045231676,-273.915072229818,3.09896294894368,0.79399640537364,11.4311601047516,4.21868085873965,0.130523294858821,2.17892780272493,0.0688870680783358
-261.936046394433,-273.966849413993,3.10296411170091,0.00921423157201129,11.7132302646637,4.21868085873965,0.130523294858821,2.17892780272493,0.0688870680783358
-261.94591264381,-274.023194947906,3.11283036107818,0.648213894434557,11.7132302646637,4.21868085873965,0.130523294858821,2.17892780272493,0.0688870680783358
-261.944042238845,-274.084149712525,3.11095995611338,1.91879872771207,11.7132302646637,4.21868085873965,0.130523294858821,2.17892780272493,0.0688870680783358
-261.947790406724,-274.14948798253,3.114708123992,3.49926661358003,12.0168801670074,4.21868085873965,0.130523294858821,2.17892780272493,0.0688870680783358
-261.96067351228,-274.21859758855,3.12759122954814,4.25611853580635,12.0168801670074,4.21868085873965,0.130523294858821,2.17892780272493,0.0688870680783358
-261.948904273313,-274.29278676614,3.11582199058136,5.00419368143021,12.0168801670074,4.21868085873965,0.130523294858821,2.17892780272493,0.0688870680783358
-261.96945318928,-274.370758235198,3.13637090654756,5.90521750185597,12.0168801670074,4.21868085873965,0.130523294858821,2.17892780272493,0.0688870680783358
-261.979004360078,-274.452886367637,3.14592207734565,6.86075886069298,12.2992898349762,4.21868085873965,0.130523294858821,2.17892780272493,0.0688870680783358
-261.99446772543,-274.540252116951,3.16138544269751,7.04066746797128,12.2992898349762,4.21868085873965,0.130523294858821,2.17892780272493,0.0688870680783358
-262.000952590877,-274.630003322136,3.16787030814547,6.00470630823659,12.2992898349762,4.21868085873965,0.130523294858821,2.17892780272493,0.0688870680783358
-262.030270440244,-274.724316101797,3.19718815751163,5.62685364411249,12.5843316440582,4.21868085873965,0.130523294858821,2.17892780272493,0.0688870680783358
-262.025377266892,-274.822513869703,3.1922949841604,5.61548348547595,12.5843316440582,4.21868085873965,0.130523294858821,2.17892780272493,0.0688870680783358
-262.041247947936,-274.92490061575,3.20816566520443,6.45248118132631,12.5843316440582,4.21868085873965,0.130523294858821,2.17892780272493,0.0688870680783358
-262.056623863956,-275.031033357661,3.22354158122357,6.25126268451775,12.7770120029449,4.21868085873965,0.130523294858821,2.17892780272493,0.0688870680783358
-262.062932785588,-275.140501989901,3.22985050285585,5.8030687534487,12.7770120029449,4.21868085873965,0.130523294858821,2.17892780272493,0.0688870680783358
-262.057275779899,-275.254068631093,3.22419349716724,5.18083611525794,12.7770120029449,4.21868085873965,0.130523294858821,2.17892780272493,0.0688870680783358
-262.078438019655,-275.369275847762,3.24535573692319,5.45494517534821,12.7770120029449,4.21868085873965,0.130523294858821,2.17892780272493,0.0688870680783358
-262.093640331753,-275.489001811965,3.26055804902065,5.44432585874062,12.9923974399567,4.21868085873965,0.130523294858821,2.17892780272493,0.0688870680783358
-262.097726421263,-275.612198008399,3.26464413853106,5.57064878544524,12.9923974399567,4.21868085873965,0.130523294858821,2.17892780272493,0.0688870680783358
-262.115340809012,-275.737554245116,3.28225852627984,5.12895169234384,12.9923974399567,4.21868085873965,0.130523294858821,2.17892780272493,0.0688870680783358
-262.130830676405,-275.866233135293,3.29774839367342,4.60825389578969,13.2551194553375,4.21868085873965,0.130523294858821,2.17892780272493,0.0688870680783358
-262.123089461922,-275.996428800399,3.2900071791902,5.14370933140552,13.2551194553375,4.21868085873965,0.130523294858821,2.17892780272493,0.0688870680783358
-262.141691396231,-276.131201872238,3.30860911349917,5.80544563240049,13.2551194553375,4.21868085873965,0.130523294858821,2.17892780272493,0.0688870680783358
-262.151784835236,-276.266727132467,3.31870255250355,6.34711486032736,13.2551194553375,4.21868085873965,0.130523294858821,2.17892780272493,0.0688870680783358
-262.159851878167,-276.406015285635,3.3267695954346,6.20986878736525,13.6315938358307,4.21868085873965,0.130523294858821,2.17892780272493,0.0688870680783358
-262.172512574111,-276.545802670828,3.33943029137945,6.1328010725941,13.6315938358307,4.21868085873965,0.130523294858821,2.17892780272493,0.0688870680783358
-262.179721048721,-276.687441022713,3.34663876598917,6.19905573685244,13.6315938358307,4.21868085873965,0.130523294858821,2.17892780272493,0.0688870680783358
-262.183858000437,-276.83115447039,3.3507757177052,6.00107726466185,14.101453912735,4.21868085873965,0.130523294858821,2.17892780272493,0.0688870680783358
-262.205010316768,-276.976344085882,3.37192803403596,6.94303433667131,14.101453912735,4.21868085873965,0.130523294858821,2.17892780272493,0.0688870680783358
-262.216003786983,-277.122741448785,3.38292150425107,7.7450817455434,14.101453912735,4.21868085873965,0.130523294858821,2.17892780272493,0.0688870680783358
-262.220882596009,-277.271028129964,3.38780031327734,7.6021048324664,14.6148587589264,4.21868085873965,0.130523294858821,2.17892780272493,0.0688870680783358
-262.252481068915,-277.419521681995,3.41939878618336,7.42551262447323,14.6148587589264,4.21868085873965,0.130523294858821,2.17892780272493,0.0688870680783358
-262.252126072978,-277.570095636229,3.41904379024605,8.35066197392057,14.6148587589264,4.21868085873965,0.130523294858821,2.17892780272493,0.0688870680783358
-262.271443993294,-277.718650120233,3.43836171056228,9.51864327578646,15.1542588596344,4.21868085873965,0.130523294858821,2.17892780272493,0.0688870680783358
-262.28807588724,-277.870203058255,3.45499360450796,9.04048608381872,15.1542588596344,4.21868085873965,0.130523294858821,2.17892780272493,0.0688870680783358
-262.299948987954,-278.020747591794,3.46686670522178,10.3185810243977,15.1542588596344,4.21868085873965,0.130523294858821,2.17892780272493,0.0688870680783358
-262.32121703934,-278.171331037684,3.48813475660759,10.791365456885,15.1542588596344,4.21868085873965,0.130523294858821,2.17892780272493,0.0688870680783358
-262.346017578174,-278.321943019638,3.51293529544155,9.90322981580994,15.7194787387848,4.21868085873965,0.130523294858821,2.17892780272493,0.0688870680783358
-262.365689131034,-278.472177781416,3.53260684830242,10.4695468199918,15.7194787387848,4.21868085873965,0.130523294858821,2.17892780272493,0.0688870680783358
-262.394192369856,-278.621917317563,3.56111008712418,11.5139594121005,15.7194787387848,4.21868085873965,0.130523294858821,2.17892780272493,0.0688870680783358
-262.409876397849,-278.770795327236,3.57679411511724,11.3513665429468,16.2401992206573,4.21868085873965,0.130523294858821,2.17892780272493,0.0688870680783358
-262.448389885808,-278.918046887228,3.61530760307643,11.6537774365075,16.2401992206573,4.21868085873965,0.130523294858821,2.17892780272493,0.0688870680783358
-262.448468838223,-279.066207728481,3.6153865554911,11.3140255500308,16.2401992206573,4.21868085873965,0.130523294858821,2.17892780272493,0.0688870680783358
-262.473824065829,-279.210462326355,3.6407417830972,12.8838546846591,16.7359877948761,4.21868085873965,0.130523294858821,2.17892780272493,0.0688870680783358
-262.495100449585,-279.356246634628,3.66201816685352,12.0447475484746,16.7359877948761,4.21868085873965,0.130523294858821,2.17892780272493,0.0688870680783358
-262.516915161487,-279.498045742243,3.68383287875501,12.8620926344837,16.7359877948761,4.21868085873965,0.130523294858821,2.17892780272493,0.0688870680783358
-262.545839068007,-279.641301119551,3.71275678527488,12.2553470460114,16.7359877948761,4.21868085873965,0.130523294858821,2.17892780272493,0.0688870680783358
-262.577323673837,-279.781317487568,3.74424139110552,10.4550726015832,17.2568198566437,4.21868085873965,0.130523294858821,2.17892780272493,0.0688870680783358
-262.59761629085,-279.914442242599,3.76453400811838,10.7080710407365,17.2568198566437,4.21868085873965,0.130523294858821,2.17892780272493,0.0688870680783358
-262.619415349737,-280.048601379448,3.78633306700527,11.1727919419767,17.2568198566437,4.21868085873965,0.130523294858821,2.17892780272493,0.0688870680783358
-262.62639377051,-280.180490828664,3.79331148777773,11.2390045270773,17.7761298542023,4.21868085873965,0.130523294858821,2.17892780272493,0.0688870680783358
-262.649992278258,-280.308542143387,3.81690999552581,11.1018983673544,17.7761298542023,4.21868085873965,0.130523294858821,2.17892780272493,0.0688870680783358
-262.670696677322,-280.435080682481,3.83761439459018,10.8707644175809,17.7761298542023,4.21868085873965,0.130523294858821,2.17892780272493,0.0688870680783358
-262.705222967872,-280.557959147339,3.87214068514041,11.6517618820655,18.2255202655792,4.21868085873965,0.130523294858821,2.17892780272493,0.0688870680783358
-262.717404794485,-280.678719803444,3.88432251175325,10.5951447053765,18.2255202655792,4.21868085873965,0.130523294858821,2.17892780272493,0.0688870680783358
-262.740855312175,-280.795117317745,3.9077730294429,9.77450546833229,18.2255202655792,4.21868085873965,0.130523294858821,2.17892780272493,0.0688870680783358
-262.755272236324,-280.909485923894,3.92218995359178,10.3504158403357,18.2255202655792,4.21868085873965,0.130523294858821,2.17892780272493,0.0688870680783358
-262.771720573296,-281.019905431509,3.93863829056357,9.96795927410457,18.6283904438019,4.21868085873965,0.130523294858821,2.17892780272493,0.0688870680783358
-262.78585650566,-281.126054407932,3.95277422292811,9.57705606318617,18.6283904438019,4.21868085873965,0.130523294858821,2.17892780272493,0.0688870680783358
-262.791548497274,-281.228560381392,3.95846621454238,9.74046863906959,18.6283904438019,4.21868085873965,0.130523294858821,2.17892780272493,0.0688870680783358
-262.833422761442,-281.328645801373,4.00034047870973,9.31368495007264,19.0047255878448,4.21868085873965,0.130523294858821,2.17892780272493,0.0688870680783358
-262.841541757688,-281.423863930943,4.00845947495609,9.19369228350982,19.0047255878448,4.21868085873965,0.130523294858821,2.17892780272493,0.0688870680783358
-262.859517792255,-281.514872279803,4.02643550952281,9.25445087117395,19.0047255878448,4.21868085873965,0.130523294858821,2.17892780272493,0.0688870680783358
-262.886649143605,-281.602245775767,4.05356686087305,8.84750937136269,19.2887412433624,4.21868085873965,0.130523294858821,2.17892780272493,0.0688870680783358
-262.893107356974,-281.685547247223,4.06002507424169,9.02126951031029,19.2887412433624,4.21868085873965,0.130523294858821,2.17892780272493,0.0688870680783358
-262.916870370532,-281.764730375138,4.08378808779958,8.83853021506423,19.2887412433624,4.21868085873965,0.130523294858821,2.17892780272493,0.0688870680783358
-262.928967362812,-281.839230193531,4.09588508008046,9.03999603760258,19.2887412433624,4.21868085873965,0.130523294858821,2.17892780272493,0.0688870680783358
-262.945015317202,-281.910349868178,4.11193303447027,8.11816679876246,19.6177550678253,4.21868085873965,0.130523294858821,2.17892780272493,0.0688870680783358
-262.952867836651,-281.976176802777,4.11978555391851,7.71455003687357,19.6177550678253,4.21868085873965,0.130523294858821,2.17892780272493,0.0688870680783358
-262.972981086606,-282.038083195368,4.13989880387389,7.49982625745311,19.6177550678253,4.21868085873965,0.130523294858821,2.17892780272493,0.0688870680783358
-262.989464863161,-282.095646466789,4.15638258042944,6.57068287567655,19.8068534259796,4.21868085873965,0.130523294858821,2.17892780272493,0.0688870680783358
-262.995310478669,-282.148221455397,4.16222819593709,6.73649610032502,19.8068534259796,4.21868085873965,0.130523294858821,2.17892780272493,0.0688870680783358
-263.02056692304,-282.196761817865,4.18748464030827,6.94277968765113,19.8068534259796,4.21868085873965,0.130523294858821,2.17892780272493,0.0688870680783358
-263.034525910426,-282.240853447185,4.20144362769365,6.93783599125782,19.8068534259796,4.21868085873965,0.130523294858821,2.17892780272493,0.0688870680783358
-263.0365388905,-282.280550905539,4.20345660776772,6.16809683679521,20.018859041214,4.21868085873965,0.130523294858821,2.17892780272493,0.0688870680783358
-263.048282592113,-282.315886753627,4.21520030938061,5.93268634204771,20.018859041214,4.21868085873965,0.130523294858821,2.17892780272493,0.0688870680783358
-263.069050760654,-282.346540912134,4.23596847792174,6.02463228355851,20.018859041214,4.21868085873965,0.130523294858821,2.17892780272493,0.0688870680783358
-263.066913285336,-282.372984148615,4.23383100260377,4.86735205148253,20.0419722919464,4.21868085873965,0.130523294858821,2.17892780272493,0.0688870680783358
-263.063675563515,-282.394796471118,4.23059328078312,4.09275381805427,20.0419722919464,4.21868085873965,0.130523294858821,2.17892780272493,0.0688870680783358
-263.087820057276,-282.412489391737,4.25473777454421,4.21103790937173,20.0419722919464,4.21868085873965,0.130523294858821,2.17892780272493,0.0688870680783358
-263.091369252403,-282.425994709371,4.25828696967129,3.83877450169158,19.9952994709015,4.21868085873965,0.130523294858821,2.17892780272493,0.0688870680783358
-263.097291729254,-282.435021749528,4.26420944652234,3.32357918224398,19.9952994709015,4.21868085873965,0.130523294858821,2.17892780272493,0.0688870680783358
-263.106842446663,-282.440037591105,4.27376016393116,3.04234147300273,19.9952994709015,4.21868085873965,0.130523294858821,2.17892780272493,0.0688870680783358
-263.111242457243,-282.440868335418,4.27816017451138,2.36469761094792,19.7606688861847,4.21868085873965,0.130523294858821,2.17892780272493,0.0688870680783358
-263.107215955173,-282.437655146149,4.27413367244128,1.04440464770119,19.7606688861847,4.21868085873965,0.130523294858821,2.17892780272493,0.0688870680783358
-263.112441544153,-282.430452909859,4.27935926142081,0.678718063956566,19.7606688861847,4.21868085873965,0.130523294858821,2.17892780272493,0.0688870680783358
-263.110562584708,-282.419363214381,4.27748030197633,-0.253449317711547,19.7606688861847,4.21868085873965,0.130523294858821,2.17892780272493,0.0688870680783358
-263.116569382471,-282.404439028487,4.2834870997388,-0.293795474282229,19.4110938434601,4.21868085873965,0.130523294858821,2.17892780272493,0.0688870680783358
-263.1006538179,-282.385803454866,4.26757153516844,-2.00851735886175,19.4110938434601,4.21868085873965,0.130523294858821,2.17892780272493,0.0688870680783358
-263.109081224514,-282.363713822129,4.27599894178154,-3.03102230475815,19.4110938434601,4.21868085873965,0.130523294858821,2.17892780272493,0.0688870680783358
-263.100524444988,-282.337604444031,4.26744216225577,-4.1941994079515,18.9888259296417,4.21868085873965,0.130523294858821,2.17892780272493,0.0688870680783358
-263.099938225639,-282.30881725847,4.26685594290721,-3.94204445365663,18.9888259296417,4.21868085873965,0.130523294858821,2.17892780272493,0.0688870680783358
-263.095087443804,-282.275704735342,4.26200516107161,-4.90179356228897,18.9888259296417,4.21868085873965,0.130523294858821,2.17892780272493,0.0688870680783358
-263.081112920311,-282.24047793481,4.24803063757945,-5.40308733846314,18.7055007343292,4.21868085873965,0.130523294858821,2.17892780272493,0.0688870680783358
-263.065040667396,-282.201258362845,4.23195838466434,-6.61173615081816,18.7055007343292,4.21868085873965,0.130523294858821,2.17892780272493,0.0688870680783358
-263.048097041525,-282.159846177483,4.21501475879338,-7.33933990196667,18.7055007343292,4.21868085873965,0.130523294858821,2.17892780272493,0.0688870680783358
-263.036683751311,-282.114717447811,4.20360146857918,-6.15731433185886,18.7055007343292,4.21868085873965,0.130523294858821,2.17892780272493,0.0688870680783358
-263.034196784962,-282.066551707686,4.20111450222976,-5.40664638835083,18.4667312030792,4.21868085873965,0.130523294858821,2.17892780272493,0.0688870680783358
-263.017295012124,-282.017639608235,4.18421272939223,-5.46512845910506,18.4667312030792,4.21868085873965,0.130523294858821,2.17892780272493,0.0688870680783358
-263.014365526692,-281.965577973957,4.18128324396,-5.62308104349532,18.4667312030792,4.21868085873965,0.130523294858821,2.17892780272493,0.0688870680783358
-262.999128331643,-281.910407780296,4.16604604891097,-5.17529575840528,18.367304933548,4.21868085873965,0.130523294858821,2.17892780272493,0.0688870680783358
-262.983770846403,-281.853687132698,4.1506885636709,-4.6963780420532,18.367304933548,4.21868085873965,0.130523294858821,2.17892780272493,0.0688870680783358
-262.981279729058,-281.794482772864,4.14819744632566,-4.84227860674253,18.367304933548,4.21868085873965,0.130523294858821,2.17892780272493,0.0688870680783358
-262.978126622816,-281.733549306484,4.145044340084,-4.41288647566618,18.2926780109406,4.21868085873965,0.130523294858821,2.17892780272493,0.0688870680783358
-262.967143617781,-281.670719271994,4.1340613350494,-3.93982138999809,18.2926780109406,4.21868085873965,0.130523294858821,2.17892780272493,0.0688870680783358
-262.951921682818,-281.605953119514,4.11883940008556,-3.99120712119934,18.2926780109406,4.21868085873965,0.130523294858821,2.17892780272493,0.0688870680783358
-262.945894195104,-281.540034048773,4.11281191237245,-3.76064052786056,18.2926780109406,4.21868085873965,0.130523294858821,2.17892780272493,0.0688870680783358
-262.944824363371,-281.471963185558,4.11174208063908,-3.02712552159111,18.2418357257843,4.21868085873965,0.130523294858821,2.17892780272493,0.0688870680783358
-262.937682190511,-281.403361138765,4.10459990777906,-2.47305661734035,18.2418357257843,4.21868085873965,0.130523294858821,2.17892780272493,0.0688870680783358
-262.932191881257,-281.333040597279,4.09910959852539,-2.74314780335256,18.2418357257843,4.21868085873965,0.130523294858821,2.17892780272493,0.0688870680783358
-262.915042230558,-281.26180256069,4.08195994782617,-1.96091448559016,18.1930915241241,4.21868085873965,0.130523294858821,2.17892780272493,0.0688870680783358
-262.929728575908,-281.189725381185,4.09664629317641,-1.46277850174082,18.1930915241241,4.21868085873965,0.130523294858821,2.17892780272493,0.0688870680783358
-262.915670826398,-281.116418752335,4.0825885436655,-1.6275113103258,18.1930915241241,4.21868085873965,0.130523294858821,2.17892780272493,0.0688870680783358
-262.92208279403,-281.043444062491,4.08900051129796,-1.87558802107502,18.0522376422882,4.21868085873965,0.130523294858821,2.17892780272493,0.0688870680783358
-262.914916524393,-280.969096399678,4.0818342416612,-1.69961850343903,18.0522376422882,4.21868085873965,0.130523294858821,2.17892780272493,0.0688870680783358
-262.915338341147,-280.894034858404,4.08225605841506,-1.59895460332206,18.0522376422882,4.21868085873965,0.130523294858821,2.17892780272493,0.0688870680783358
-262.906131688434,-280.81931642387,4.07304940570247,-1.33880029826161,18.0522376422882,4.21868085873965,0.130523294858821,2.17892780272493,0.0688870680783358
-262.924243852886,-280.743430267728,4.09116157015449,-1.44901200782902,17.8659316425323,4.21868085873965,0.130523294858821,2.17892780272493,0.0688870680783358
-262.908620394032,-280.66896435671,4.07553811130007,-1.0988881557727,17.8659316425323,4.21868085873965,0.130523294858821,2.17892780272493,0.0688870680783358
-262.910310503891,-280.593467865384,4.07722822115902,-1.31792430688651,17.8659316425323,4.21868085873965,0.130523294858821,2.17892780272493,0.0688870680783358
-262.89412789856,-280.518732562696,4.06104561582771,-2.47030862216735,17.6302825336456,4.21868085873965,0.130523294858821,2.17892780272493,0.0688870680783358
-262.895264543525,-280.443519318709,4.06218226079336,-2.59997947884169,17.6302825336456,4.21868085873965,0.130523294858821,2.17892780272493,0.0688870680783358
-262.899368005256,-280.368186723176,4.06628572252421,-2.77690517600409,17.6302825336456,4.21868085873965,0.130523294858821,2.17892780272493,0.0688870680783358
-262.908355579515,-280.29382480243,4.07527329678342,-2.87315454939343,17.6302825336456,4.21868085873965,0.130523294858821,2.17892780272493,0.0688870680783358
-262.889564441491,-280.219626539806,4.05648215875937,-3.00418974243172,17.3943969135284,4.21868085873965,0.130523294858821,2.17892780272493,0.0688870680783358
-262.871214832915,-280.14501888222,4.0381325501832,-3.12689695273758,17.3943969135284,4.21868085873965,0.130523294858821,2.17892780272493,0.0688870680783358
-262.867540041473,-280.072560244055,4.03445775874084,-3.26754432784749,17.3943969135284,4.21868085873965,0.130523294858821,2.17892780272493,0.0688870680783358
-262.864496929236,-279.999219433124,4.03141464650386,-3.38168666089603,17.1124450092316,4.21868085873965,0.130523294858821,2.17892780272493,0.0688870680783358
-262.858090872062,-279.92766550789,4.02500858933041,-3.68171019861408,17.1124450092316,4.21868085873965,0.130523294858821,2.17892780272493,0.0688870680783358
-262.839875258867,-279.856157595983,4.00679297613499,-4.01706136073506,17.1124450092316,4.21868085873965,0.130523294858821,2.17892780272493,0.0688870680783358
-262.855166555214,-279.785507411403,4.02208427248241,-4.25901529881559,16.898856294632,4.21868085873965,0.130523294858821,2.17892780272493,0.0688870680783358
-262.827698906292,-279.715570987376,3.99461662355971,-4.35781869543823,16.898856294632,4.21868085873965,0.130523294858821,2.17892780272493,0.0688870680783358
-262.831281947673,-279.646452766612,3.9981996649408,-4.42286102189564,16.898856294632,4.21868085873965,0.130523294858821,2.17892780272493,0.0688870680783358
-262.825598524641,-279.578870220478,3.99251624190905,-4.69314422262682,16.7333823566437,4.21868085873965,0.130523294858821,2.17892780272493,0.0688870680783358
-262.805677646271,-279.511213563228,3.9725953635385,-3.82144532279676,16.7333823566437,4.21868085873965,0.130523294858821,2.17892780272493,0.0688870680783358
-262.79774459487,-279.444861061195,3.96466231213849,-3.89186684257503,16.7333823566437,4.21868085873965,0.130523294858821,2.17892780272493,0.0688870680783358
-262.792907085036,-279.379246292231,3.95982480230389,-3.91075920223477,16.7333823566437,4.21868085873965,0.130523294858821,2.17892780272493,0.0688870680783358
-262.7796654873,-279.315074227099,3.94658320456809,-3.75479693574131,16.5465461139679,4.21868085873965,0.130523294858821,2.17892780272493,0.0688870680783358
-262.772169704141,-279.251364536723,3.93908742140897,-4.25845145513324,16.5465461139679,4.21868085873965,0.130523294858821,2.17892780272493,0.0688870680783358
-262.764942021934,-279.188916055316,3.93185973920174,-4.41106690943942,16.5465461139679,4.21868085873965,0.130523294858821,2.17892780272493,0.0688870680783358
-262.756975534582,-279.127008313991,3.92389325185033,-3.9862132555181,16.3353644733429,4.21868085873965,0.130523294858821,2.17892780272493,0.0688870680783358
-262.748437799623,-279.066174079981,3.91535551689076,-4.05295276775873,16.3353644733429,4.21868085873965,0.130523294858821,2.17892780272493,0.0688870680783358
-262.746463526763,-279.006385252428,3.91338124403101,-4.19622589555616,16.3353644733429,4.21868085873965,0.130523294858821,2.17892780272493,0.0688870680783358
-262.736820897917,-278.947575006362,3.90373861518506,-4.57215257441711,16.1471816425323,4.21868085873965,0.130523294858821,2.17892780272493,0.0688870680783358
-262.735415713153,-278.889434022878,3.90233343042062,-4.08041349522041,16.1471816425323,4.21868085873965,0.130523294858821,2.17892780272493,0.0688870680783358
-262.719113285972,-278.831984084649,3.88603100324003,-4.04671963745675,16.1471816425323,4.21868085873965,0.130523294858821,2.17892780272493,0.0688870680783358
-262.699348524013,-278.774771771757,3.86626624128067,-4.31683610902686,16.1471816425323,4.21868085873965,0.130523294858821,2.17892780272493,0.0688870680783358
-262.715569115571,-278.718035754805,3.88248683283859,-3.70027494008086,15.9593583469391,4.21868085873965,0.130523294858821,2.17892780272493,0.0688870680783358
-262.698769433472,-278.664158867847,3.86568715073976,-3.76182497629502,15.9593583469391,4.21868085873965,0.130523294858821,2.17892780272493,0.0688870680783358
-262.69206917461,-278.610342202196,3.85898689187847,-4.01440994206605,15.9593583469391,4.21868085873965,0.130523294858821,2.17892780272493,0.0688870680783358
-262.684252370429,-278.556423765622,3.85117008769731,-4.26784777294382,15.792730463028,4.21868085873965,0.130523294858821,2.17892780272493,0.0688870680783358
-262.675269921048,-278.503589332943,3.84218763831645,-3.97666432757261,15.792730463028,4.21868085873965,0.130523294858821,2.17892780272493,0.0688870680783358
-262.658248605118,-278.450744414463,3.82516632238644,-4.20113991016898,15.792730463028,4.21868085873965,0.130523294858821,2.17892780272493,0.0688870680783358
-262.652091032408,-278.399025416101,3.81900874967617,-4.17767054169035,15.6273080234528,4.21868085873965,0.130523294858821,2.17892780272493,0.0688870680783358
-262.642129369687,-278.347331024734,3.80904708695534,-4.03200910770551,15.6273080234528,4.21868085873965,0.130523294858821,2.17892780272493,0.0688870680783358
-262.646758333084,-278.295856862378,3.81367605035154,-4.03002696991034,15.6273080234528,4.21868085873965,0.130523294858821,2.17892780272493,0.0688870680783358
-262.63030924485,-278.245139816261,3.79722696211798,-4.13131554420772,15.6273080234528,4.21868085873965,0.130523294858821,2.17892780272493,0.0688870680783358
-262.61746889788,-278.193955257471,3.78438661514846,-4.04060226191684,15.5086881046295,4.21868085873965,0.130523294858821,2.17892780272493,0.0688870680783358
-262.618742258393,-278.14381178799,3.78565997566094,-4.05920640078893,15.5086881046295,4.21868085873965,0.130523294858821,2.17892780272493,0.0688870680783358
-262.621680552507,-278.093560487736,3.78859826977479,-3.83939913645459,15.5086881046295,4.21868085873965,0.130523294858821,2.17892780272493,0.0688870680783358
-262.609083705656,-278.043259932687,3.77600142292406,-3.36466293015928,15.3892728214264,4.21868085873965,0.130523294858821,2.17892780272493,0.0688870680783358
-262.601101022823,-277.992840917927,3.76801874009147,-3.43205723644413,15.3892728214264,4.21868085873965,0.130523294858821,2.17892780272493,0.0688870680783358
-262.596443297057,-277.942467472271,3.76336101432545,-3.76863380155211,15.3892728214264,4.21868085873965,0.130523294858821,2.17892780272493,0.0688870680783358
-262.58651751459,-277.892130977696,3.75343523185756,-3.48101448281846,15.2711087589264,4.21868085873965,0.130523294858821,2.17892780272493,0.0688870680783358
-262.578434099871,-277.841413695912,3.74535181713892,-3.6553229319598,15.2711087589264,4.21868085873965,0.130523294858821,2.17892780272493,0.0688870680783358
-262.567104106151,-277.790579344984,3.7340218234192,-3.27734822083361,15.2711087589264,4.21868085873965,0.130523294858821,2.17892780272493,0.0688870680783358
-262.573810059679,-277.739146957091,3.74072777694678,-3.56597360998209,15.2711087589264,4.21868085873965,0.130523294858821,2.17892780272493,0.0688870680783358
-262.565549998865,-277.687790722695,3.73246771613328,-3.14766527535204,15.1318093662262,4.21868085873965,0.130523294858821,2.17892780272493,0.0688870680783358
-262.543257564428,-277.635797816015,3.71017528169615,-3.21176111836147,15.1318093662262,4.21868085873965,0.130523294858821,2.17892780272493,0.0688870680783358
